atm_interaction_id,account_number,atm_id,location_id,timestamp,amount,status,rapid_cashout_flag,associated_transaction_id
ATM_0000001,SYN1000005956,ATM_SYN_6153,LOC_00003,2024-08-16T04:26:00+00:00,26533.7,SUCCESS,True,TXN_00038011
ATM_0000002,SYN1000001816,ATM_SYN_6678,LOC_00006,2024-08-17T07:47:00+00:00,26776.25,SUCCESS,True,TXN_00038042
ATM_0000003,SYN1000006227,ATM_SYN_4150,LOC_00005,2024-08-17T13:09:00+00:00,32626.53,SUCCESS,True,TXN_00038049
ATM_0000004,SYN1000001658,ATM_SYN_1711,LOC_00004,2024-08-17T22:23:00+00:00,25024.57,SUCCESS,True,TXN_00038057
ATM_0000005,SYN1000003273,ATM_SYN_7202,LOC_00006,2024-08-19T01:31:00+00:00,20721.02,SUCCESS,True,TXN_00038081
ATM_0000006,SYN1000007979,ATM_SYN_6934,LOC_00006,2024-08-19T16:52:00+00:00,30333.74,SUCCESS,True,TXN_00038095
ATM_0000007,SYN1000009995,ATM_SYN_2311,LOC_00006,2024-08-20T10:26:00+00:00,23093.61,SUCCESS,True,TXN_00038108
ATM_0000008,SYN1000006440,ATM_SYN_8466,LOC_00006,2024-08-20T13:13:00+00:00,35434.67,SUCCESS,True,TXN_00038110
ATM_0000009,SYN1000003257,ATM_SYN_6266,LOC_00006,2024-08-20T16:35:00+00:00,40000.0,SUCCESS,True,TXN_00038112
ATM_0000010,SYN1000001754,ATM_SYN_9464,LOC_00003,2024-08-21T19:24:00+00:00,34791.08,SUCCESS,True,TXN_00038145
ATM_0000011,SYN1000008344,ATM_SYN_1852,LOC_00005,2024-08-22T01:35:00+00:00,26640.13,SUCCESS,True,TXN_00038149
ATM_0000012,SYN1000007378,ATM_SYN_5237,LOC_00001,2024-08-23T10:13:00+00:00,37241.42,SUCCESS,True,TXN_00038176
ATM_0000013,SYN1000004501,ATM_SYN_9530,LOC_00004,2024-08-23T13:16:00+00:00,35536.31,SUCCESS,True,TXN_00038178
ATM_0000014,SYN1000004258,ATM_SYN_8464,LOC_00004,2024-08-23T19:13:00+00:00,24213.21,SUCCESS,True,TXN_00038182
ATM_0000015,SYN1000001210,ATM_SYN_5390,LOC_00001,2024-08-23T22:25:00+00:00,40000.0,SUCCESS,True,TXN_00038184
ATM_0000016,SYN1000000621,ATM_SYN_6606,LOC_00003,2024-08-24T19:33:00+00:00,40000.0,SUCCESS,True,TXN_00038206
ATM_0000017,SYN1000006145,ATM_SYN_5307,LOC_00001,2024-08-25T10:26:00+00:00,32230.91,SUCCESS,True,TXN_00038220
ATM_0000018,SYN1000001925,ATM_SYN_8819,LOC_00002,2024-08-26T07:25:00+00:00,29918.42,SUCCESS,True,TXN_00038233
ATM_0000019,SYN1000003693,ATM_SYN_5852,LOC_00001,2024-08-26T16:42:00+00:00,21478.68,SUCCESS,True,TXN_00038243
ATM_0000020,SYN1000000414,ATM_SYN_5557,LOC_00003,2024-08-26T19:16:00+00:00,24249.56,SUCCESS,True,TXN_00038245
ATM_0000021,SYN1000009254,ATM_SYN_1682,LOC_00003,2024-08-27T13:31:00+00:00,39345.14,SUCCESS,True,TXN_00038266
ATM_0000022,SYN1000001754,ATM_SYN_6751,LOC_00003,2024-08-28T19:34:00+00:00,28172.69,SUCCESS,True,TXN_00038288
ATM_0000023,SYN1000003872,ATM_SYN_1264,LOC_00002,2024-08-28T22:53:00+00:00,40000.0,SUCCESS,True,TXN_00038290
ATM_0000024,SYN1000005956,ATM_SYN_7901,LOC_00007,2024-08-29T07:21:00+00:00,37566.48,SUCCESS,True,TXN_00038297
ATM_0000025,SYN1000002600,ATM_SYN_7552,LOC_00007,2024-08-30T16:40:00+00:00,22940.25,SUCCESS,True,TXN_00038334
ATM_0000026,SYN1000007914,ATM_SYN_7168,LOC_00005,2024-08-31T13:16:00+00:00,29041.35,SUCCESS,True,TXN_00038350
ATM_0000027,SYN1000000434,ATM_SYN_5724,LOC_00004,2024-08-31T22:28:00+00:00,28647.88,SUCCESS,True,TXN_00038359
ATM_0000028,SYN1000005819,ATM_SYN_8956,LOC_00004,2024-09-02T04:36:00+00:00,35907.57,SUCCESS,True,TXN_00038390
ATM_0000029,SYN1000007490,ATM_SYN_8748,LOC_00005,2024-09-02T13:32:00+00:00,31264.35,SUCCESS,True,TXN_00038395
ATM_0000030,SYN1000001265,ATM_SYN_2506,LOC_00007,2024-09-03T13:34:00+00:00,40000.0,SUCCESS,True,TXN_00038414
ATM_0000031,SYN1000005345,ATM_SYN_5347,LOC_00002,2024-09-04T04:13:00+00:00,38198.7,SUCCESS,True,TXN_00038422
ATM_0000032,SYN1000002941,ATM_SYN_8547,LOC_00006,2024-09-05T19:21:00+00:00,28017.9,SUCCESS,True,TXN_00038465
ATM_0000033,SYN1000005362,ATM_SYN_7948,LOC_00005,2024-09-07T04:10:00+00:00,23645.58,SUCCESS,True,TXN_00038498
ATM_0000034,SYN1000006286,ATM_SYN_5021,LOC_00002,2024-09-09T04:19:00+00:00,26916.25,SUCCESS,True,TXN_00038554
ATM_0000035,SYN1000006413,ATM_SYN_8766,LOC_00004,2024-09-09T10:48:00+00:00,40000.0,SUCCESS,True,TXN_00038561
ATM_0000036,SYN1000001384,ATM_SYN_6825,LOC_00006,2024-09-09T16:40:00+00:00,40000.0,SUCCESS,True,TXN_00038565
ATM_0000037,SYN1000006016,ATM_SYN_1330,LOC_00004,2024-09-11T07:40:00+00:00,39091.72,SUCCESS,True,TXN_00038600
ATM_0000038,SYN1000004908,ATM_SYN_5100,LOC_00004,2024-09-11T16:36:00+00:00,40000.0,SUCCESS,True,TXN_00038605
ATM_0000039,SYN1000006879,ATM_SYN_3375,LOC_00004,2024-09-12T04:46:00+00:00,20803.72,SUCCESS,True,TXN_00038616
ATM_0000040,SYN1000001113,ATM_SYN_1614,LOC_00002,2024-09-13T13:24:00+00:00,28350.78,SUCCESS,True,TXN_00038646
ATM_0000041,SYN1000005266,ATM_SYN_5227,LOC_00006,2024-09-14T16:36:00+00:00,37893.87,SUCCESS,True,TXN_00038667
ATM_0000042,SYN1000009415,ATM_SYN_3516,LOC_00002,2024-09-17T04:10:00+00:00,40000.0,SUCCESS,True,TXN_00038719
ATM_0000043,SYN1000009687,ATM_SYN_5544,LOC_00002,2024-09-17T10:33:00+00:00,28669.03,SUCCESS,True,TXN_00038722
ATM_0000044,SYN1000005958,ATM_SYN_5928,LOC_00006,2024-09-17T13:06:00+00:00,35805.62,SUCCESS,True,TXN_00038724
ATM_0000045,SYN1000008971,ATM_SYN_6994,LOC_00002,2024-09-18T22:22:00+00:00,40000.0,SUCCESS,True,TXN_00038755
ATM_0000046,SYN1000006469,ATM_SYN_5088,LOC_00005,2024-09-19T04:28:00+00:00,25274.47,SUCCESS,True,TXN_00038762
ATM_0000047,SYN1000003991,ATM_SYN_8965,LOC_00003,2024-09-19T13:36:00+00:00,35403.39,SUCCESS,True,TXN_00038772
ATM_0000048,SYN1000001925,ATM_SYN_3869,LOC_00006,2024-09-19T22:50:00+00:00,32521.47,SUCCESS,True,TXN_00038779
ATM_0000049,SYN1000003280,ATM_SYN_7921,LOC_00006,2024-09-20T01:15:00+00:00,21326.54,SUCCESS,True,TXN_00038781
ATM_0000050,SYN1000003872,ATM_SYN_7096,LOC_00005,2024-09-21T16:41:00+00:00,27519.17,SUCCESS,True,TXN_00038820
ATM_0000051,SYN1000004811,ATM_SYN_2423,LOC_00003,2024-09-21T19:36:00+00:00,40000.0,SUCCESS,True,TXN_00038822
ATM_0000052,SYN1000007380,ATM_SYN_6348,LOC_00004,2024-09-22T04:42:00+00:00,38836.39,SUCCESS,True,TXN_00038828
ATM_0000053,SYN1000008613,ATM_SYN_4770,LOC_00004,2024-09-22T19:06:00+00:00,32590.57,SUCCESS,True,TXN_00038847
ATM_0000054,SYN1000004909,ATM_SYN_2777,LOC_00004,2024-09-23T01:53:00+00:00,33291.37,SUCCESS,True,TXN_00038851
ATM_0000055,SYN1000001754,ATM_SYN_4675,LOC_00007,2024-09-23T19:44:00+00:00,25831.55,SUCCESS,True,TXN_00038870
ATM_0000056,SYN1000004178,ATM_SYN_8980,LOC_00001,2024-09-23T22:40:00+00:00,40000.0,SUCCESS,True,TXN_00038872
ATM_0000057,SYN1000004196,ATM_SYN_5471,LOC_00007,2024-09-24T16:31:00+00:00,40000.0,SUCCESS,True,TXN_00038888
ATM_0000058,SYN1000002706,ATM_SYN_9647,LOC_00007,2024-09-25T19:32:00+00:00,40000.0,SUCCESS,True,TXN_00038910
ATM_0000059,SYN1000002475,ATM_SYN_1968,LOC_00005,2024-09-26T19:11:00+00:00,30780.48,SUCCESS,True,TXN_00038940
ATM_0000060,SYN1000009004,ATM_SYN_4037,LOC_00001,2024-09-27T01:08:00+00:00,40000.0,SUCCESS,True,TXN_00038947
ATM_0000061,SYN1000006879,ATM_SYN_3525,LOC_00006,2024-09-29T16:44:00+00:00,38158.53,SUCCESS,True,TXN_00039007
ATM_0000062,SYN1000007877,ATM_SYN_7016,LOC_00001,2024-09-29T22:20:00+00:00,33948.94,SUCCESS,True,TXN_00039010
ATM_0000063,SYN1000001471,ATM_SYN_6269,LOC_00001,2024-10-01T16:27:00+00:00,29860.82,SUCCESS,True,TXN_00039055
ATM_0000064,SYN1000006469,ATM_SYN_6013,LOC_00005,2024-10-02T22:23:00+00:00,32624.75,SUCCESS,True,TXN_00039075
ATM_0000065,SYN1000004940,ATM_SYN_4775,LOC_00005,2024-10-03T04:32:00+00:00,39992.36,SUCCESS,True,TXN_00039082
ATM_0000066,SYN1000007448,ATM_SYN_2193,LOC_00004,2024-10-03T07:33:00+00:00,39391.43,SUCCESS,True,TXN_00039084
ATM_0000067,SYN1000005714,ATM_SYN_5612,LOC_00003,2024-10-03T13:06:00+00:00,37070.65,SUCCESS,True,TXN_00039091
ATM_0000068,SYN1000006546,ATM_SYN_1759,LOC_00001,2024-10-04T22:20:00+00:00,28173.69,SUCCESS,True,TXN_00039120
ATM_0000069,SYN1000008886,ATM_SYN_2639,LOC_00004,2024-10-06T13:07:00+00:00,40000.0,SUCCESS,True,TXN_00039148
ATM_0000070,SYN1000003872,ATM_SYN_9447,LOC_00004,2024-10-07T07:24:00+00:00,28816.62,SUCCESS,True,TXN_00039165
ATM_0000071,SYN1000007124,ATM_SYN_9612,LOC_00006,2024-10-08T22:29:00+00:00,40000.0,SUCCESS,True,TXN_00039201
ATM_0000072,SYN1000004085,ATM_SYN_2724,LOC_00004,2024-10-09T04:11:00+00:00,37001.53,SUCCESS,True,TXN_00039204
ATM_0000073,SYN1000003430,ATM_SYN_2315,LOC_00004,2024-10-09T22:08:00+00:00,33515.1,SUCCESS,True,TXN_00039230
ATM_0000074,SYN1000000921,ATM_SYN_6402,LOC_00006,2024-10-11T07:30:00+00:00,28046.62,SUCCESS,True,TXN_00039260
ATM_0000075,SYN1000001754,ATM_SYN_2574,LOC_00003,2024-10-13T19:35:00+00:00,40000.0,SUCCESS,True,TXN_00039316
ATM_0000076,SYN1000004085,ATM_SYN_8109,LOC_00005,2024-10-15T16:20:00+00:00,40000.0,SUCCESS,True,TXN_00039355
ATM_0000077,SYN1000009288,ATM_SYN_7827,LOC_00007,2024-10-17T19:29:00+00:00,38867.56,SUCCESS,True,TXN_00039399
ATM_0000078,SYN1000004698,ATM_SYN_9840,LOC_00001,2024-10-18T10:04:00+00:00,39486.39,SUCCESS,True,TXN_00039413
ATM_0000079,SYN1000003280,ATM_SYN_6756,LOC_00001,2024-10-19T04:41:00+00:00,37987.8,SUCCESS,True,TXN_00039428
ATM_0000080,SYN1000007979,ATM_SYN_5623,LOC_00004,2024-10-19T07:26:00+00:00,40000.0,SUCCESS,True,TXN_00039430
ATM_0000081,SYN1000004835,ATM_SYN_6461,LOC_00001,2024-10-21T19:12:00+00:00,39965.64,SUCCESS,True,TXN_00039491
ATM_0000082,SYN1000004908,ATM_SYN_8937,LOC_00002,2024-10-21T22:12:00+00:00,36450.9,SUCCESS,True,TXN_00039493
ATM_0000083,SYN1000007998,ATM_SYN_1343,LOC_00006,2024-10-23T01:30:00+00:00,30220.32,SUCCESS,True,TXN_00039525
ATM_0000084,SYN1000002619,ATM_SYN_9046,LOC_00001,2024-10-23T10:50:00+00:00,40000.0,SUCCESS,True,TXN_00039532
ATM_0000085,SYN1000000603,ATM_SYN_7208,LOC_00003,2024-10-26T01:34:00+00:00,36718.08,SUCCESS,True,TXN_00039594
ATM_0000086,SYN1000001939,ATM_SYN_3727,LOC_00006,2024-10-27T07:37:00+00:00,28830.12,SUCCESS,True,TXN_00039627
ATM_0000087,SYN1000002619,ATM_SYN_7872,LOC_00003,2024-10-27T19:43:00+00:00,20416.87,SUCCESS,True,TXN_00039641
ATM_0000088,SYN1000007989,ATM_SYN_3399,LOC_00003,2024-10-28T16:33:00+00:00,38033.91,SUCCESS,True,TXN_00039660
ATM_0000089,SYN1000008711,ATM_SYN_1208,LOC_00007,2024-10-29T04:24:00+00:00,26201.93,SUCCESS,True,TXN_00039672
ATM_0000090,SYN1000000268,ATM_SYN_8502,LOC_00005,2024-10-30T01:10:00+00:00,27300.04,SUCCESS,True,TXN_00039697
ATM_0000091,SYN1000008971,ATM_SYN_3269,LOC_00007,2024-10-31T10:11:00+00:00,40000.0,SUCCESS,True,TXN_00039720
ATM_0000092,SYN1000005889,ATM_SYN_5662,LOC_00007,2024-11-02T01:24:00+00:00,31441.86,SUCCESS,True,TXN_00039763
ATM_0000093,SYN1000007998,ATM_SYN_6043,LOC_00001,2024-11-03T07:24:00+00:00,36075.53,SUCCESS,True,TXN_00039795
ATM_0000094,SYN1000008347,ATM_SYN_1936,LOC_00001,2024-11-03T19:21:00+00:00,40000.0,SUCCESS,True,TXN_00039803
ATM_0000095,SYN1000003273,ATM_SYN_3634,LOC_00004,2024-11-04T07:07:00+00:00,40000.0,SUCCESS,True,TXN_00039814
ATM_0000096,SYN1000005305,ATM_SYN_6384,LOC_00007,2024-11-04T13:35:00+00:00,40000.0,SUCCESS,True,TXN_00039818
ATM_0000097,SYN1000006938,ATM_SYN_9250,LOC_00004,2024-11-05T10:20:00+00:00,40000.0,SUCCESS,True,TXN_00039841
ATM_0000098,SYN1000001066,ATM_SYN_2618,LOC_00005,2024-11-05T16:24:00+00:00,40000.0,SUCCESS,True,TXN_00039846
ATM_0000099,SYN1000006440,ATM_SYN_5076,LOC_00005,2024-11-06T07:39:00+00:00,38339.83,SUCCESS,True,TXN_00039861
ATM_0000100,SYN1000005293,ATM_SYN_2621,LOC_00007,2024-11-07T07:26:00+00:00,28619.19,SUCCESS,True,TXN_00039886
ATM_0000101,SYN1000005819,ATM_SYN_8869,LOC_00004,2024-11-08T07:13:00+00:00,22185.93,SUCCESS,True,TXN_00039908
ATM_0000102,SYN1000001779,ATM_SYN_5181,LOC_00001,2024-11-08T22:44:00+00:00,37175.77,SUCCESS,True,TXN_00039922
ATM_0000103,SYN1000008710,ATM_SYN_9926,LOC_00005,2024-11-11T22:20:00+00:00,40000.0,SUCCESS,True,TXN_00040001
ATM_0000104,SYN1000009903,ATM_SYN_8467,LOC_00001,2024-11-12T22:40:00+00:00,29131.53,SUCCESS,True,TXN_00040022
ATM_0000105,SYN1000000199,ATM_SYN_6284,LOC_00004,2024-11-14T04:28:00+00:00,30684.48,SUCCESS,True,TXN_00040055
ATM_0000106,SYN1000009560,ATM_SYN_1467,LOC_00001,2024-11-15T16:39:00+00:00,36230.48,SUCCESS,True,TXN_00040089
ATM_0000107,SYN1000008792,ATM_SYN_2185,LOC_00004,2024-11-16T07:23:00+00:00,30013.17,SUCCESS,True,TXN_00040105
ATM_0000108,SYN1000006972,ATM_SYN_7565,LOC_00006,2024-11-17T07:17:00+00:00,40000.0,SUCCESS,True,TXN_00040136
ATM_0000109,SYN1000008227,ATM_SYN_2059,LOC_00005,2024-11-20T04:21:00+00:00,40000.0,SUCCESS,True,TXN_00040214
ATM_0000110,SYN1000009687,ATM_SYN_4322,LOC_00004,2024-11-22T16:45:00+00:00,32280.01,SUCCESS,True,TXN_00040272
ATM_0000111,SYN1000003536,ATM_SYN_1740,LOC_00006,2024-11-23T19:13:00+00:00,36158.25,SUCCESS,True,TXN_00040298
ATM_0000112,SYN1000009254,ATM_SYN_5045,LOC_00006,2024-11-24T19:25:00+00:00,30506.73,SUCCESS,True,TXN_00040324
ATM_0000113,SYN1000006346,ATM_SYN_9303,LOC_00007,2024-11-25T10:34:00+00:00,40000.0,SUCCESS,True,TXN_00040341
ATM_0000114,SYN1000004325,ATM_SYN_3706,LOC_00006,2024-11-25T13:18:00+00:00,40000.0,SUCCESS,True,TXN_00040343
ATM_0000115,SYN1000006945,ATM_SYN_8775,LOC_00001,2024-11-25T22:11:00+00:00,21805.0,SUCCESS,True,TXN_00040352
ATM_0000116,SYN1000003273,ATM_SYN_6186,LOC_00001,2024-11-26T07:29:00+00:00,40000.0,SUCCESS,True,TXN_00040359
ATM_0000117,SYN1000001210,ATM_SYN_1682,LOC_00003,2024-11-26T22:47:00+00:00,37680.28,SUCCESS,True,TXN_00040376
ATM_0000118,SYN1000008246,ATM_SYN_7582,LOC_00004,2024-11-29T01:37:00+00:00,39594.95,SUCCESS,True,TXN_00040432
ATM_0000119,SYN1000000633,ATM_SYN_9619,LOC_00006,2024-11-29T16:13:00+00:00,31992.97,SUCCESS,True,TXN_00040449
ATM_0000120,SYN1000002407,ATM_SYN_4642,LOC_00001,2024-11-30T07:22:00+00:00,22378.6,SUCCESS,True,TXN_00040466
ATM_0000121,SYN1000006176,ATM_SYN_6588,LOC_00003,2024-11-30T19:06:00+00:00,32799.82,SUCCESS,True,TXN_00040474
ATM_0000122,SYN1000004811,ATM_SYN_5198,LOC_00005,2024-12-01T01:25:00+00:00,40000.0,SUCCESS,True,TXN_00040479
ATM_0000123,SYN1000000349,ATM_SYN_3412,LOC_00005,2024-12-01T10:09:00+00:00,40000.0,SUCCESS,True,TXN_00040484
ATM_0000124,SYN1000000065,ATM_SYN_5425,LOC_00007,2024-12-02T07:25:00+00:00,37873.04,SUCCESS,True,TXN_00040503
ATM_0000125,SYN1000005318,ATM_SYN_1965,LOC_00003,2024-12-03T04:17:00+00:00,40000.0,SUCCESS,True,TXN_00040524
ATM_0000126,SYN1000007686,ATM_SYN_4521,LOC_00005,2024-12-03T13:41:00+00:00,31099.6,SUCCESS,True,TXN_00040529
ATM_0000127,SYN1000005175,ATM_SYN_8815,LOC_00007,2024-12-06T01:43:00+00:00,35881.73,SUCCESS,True,TXN_00040578
ATM_0000128,SYN1000001602,ATM_SYN_1678,LOC_00004,2024-12-06T07:52:00+00:00,26800.49,SUCCESS,True,TXN_00040582
ATM_0000129,SYN1000003693,ATM_SYN_8651,LOC_00006,2024-12-06T13:50:00+00:00,40000.0,SUCCESS,True,TXN_00040586
ATM_0000130,SYN1000009316,ATM_SYN_3716,LOC_00006,2024-12-06T16:46:00+00:00,25741.25,SUCCESS,True,TXN_00040588
ATM_0000131,SYN1000002029,ATM_SYN_9515,LOC_00002,2024-12-10T19:42:00+00:00,40000.0,SUCCESS,True,TXN_00040688
ATM_0000132,SYN1000002020,ATM_SYN_5094,LOC_00001,2024-12-11T16:39:00+00:00,29453.89,SUCCESS,True,TXN_00040708
ATM_0000133,SYN1000006286,ATM_SYN_6203,LOC_00007,2024-12-12T04:08:00+00:00,40000.0,SUCCESS,True,TXN_00040717
ATM_0000134,SYN1000009995,ATM_SYN_4645,LOC_00005,2024-12-12T22:43:00+00:00,26955.56,SUCCESS,True,TXN_00040734
ATM_0000135,SYN1000000939,ATM_SYN_8807,LOC_00004,2024-12-13T01:40:00+00:00,37305.85,SUCCESS,True,TXN_00040736
ATM_0000136,SYN1000004170,ATM_SYN_7888,LOC_00004,2024-12-14T07:16:00+00:00,40000.0,SUCCESS,True,TXN_00040773
ATM_0000137,SYN1000001392,ATM_SYN_1112,LOC_00004,2024-12-14T10:15:00+00:00,20425.87,SUCCESS,True,TXN_00040775
ATM_0000138,SYN1000001123,ATM_SYN_9007,LOC_00005,2024-12-14T13:32:00+00:00,23219.08,SUCCESS,True,TXN_00040777
ATM_0000139,SYN1000008912,ATM_SYN_4065,LOC_00004,2024-12-16T10:35:00+00:00,29628.32,SUCCESS,True,TXN_00040825
ATM_0000140,SYN1000005714,ATM_SYN_5929,LOC_00004,2024-12-16T22:33:00+00:00,40000.0,SUCCESS,True,TXN_00040834
ATM_0000141,SYN1000007243,ATM_SYN_8449,LOC_00001,2024-12-17T01:20:00+00:00,21329.35,SUCCESS,True,TXN_00040836
ATM_0000142,SYN1000008566,ATM_SYN_9942,LOC_00005,2024-12-17T16:22:00+00:00,22558.74,SUCCESS,True,TXN_00040850
ATM_0000143,SYN1000000065,ATM_SYN_3618,LOC_00001,2024-12-18T07:27:00+00:00,20762.73,SUCCESS,True,TXN_00040862
ATM_0000144,SYN1000008966,ATM_SYN_8151,LOC_00003,2024-12-18T10:50:00+00:00,40000.0,SUCCESS,True,TXN_00040864
ATM_0000145,SYN1000004811,ATM_SYN_4552,LOC_00006,2024-12-19T01:19:00+00:00,33381.2,SUCCESS,True,TXN_00040879
ATM_0000146,SYN1000009367,ATM_SYN_2462,LOC_00001,2024-12-19T13:08:00+00:00,29895.91,SUCCESS,True,TXN_00040888
ATM_0000147,SYN1000002799,ATM_SYN_2343,LOC_00005,2024-12-20T10:19:00+00:00,26828.06,SUCCESS,True,TXN_00040907
ATM_0000148,SYN1000000128,ATM_SYN_6471,LOC_00005,2024-12-21T10:20:00+00:00,40000.0,SUCCESS,True,TXN_00040925
ATM_0000149,SYN1000006879,ATM_SYN_9591,LOC_00004,2024-12-21T19:17:00+00:00,24582.03,SUCCESS,True,TXN_00040933
ATM_0000150,SYN1000005293,ATM_SYN_8142,LOC_00004,2024-12-22T04:47:00+00:00,33131.24,SUCCESS,True,TXN_00040942
ATM_0000151,SYN1000005345,ATM_SYN_4477,LOC_00007,2024-12-22T07:09:00+00:00,27708.89,SUCCESS,True,TXN_00040944
ATM_0000152,SYN1000003536,ATM_SYN_6358,LOC_00002,2024-12-23T22:24:00+00:00,40000.0,SUCCESS,True,TXN_00040988
ATM_0000153,SYN1000005617,ATM_SYN_9635,LOC_00002,2024-12-27T19:18:00+00:00,40000.0,SUCCESS,True,TXN_00041075
ATM_0000154,SYN1000002677,ATM_SYN_2592,LOC_00001,2024-12-28T16:43:00+00:00,30771.68,SUCCESS,True,TXN_00041093
ATM_0000155,SYN1000009316,ATM_SYN_9847,LOC_00002,2024-12-29T10:04:00+00:00,30442.32,SUCCESS,True,TXN_00041110
ATM_0000156,SYN1000000293,ATM_SYN_8129,LOC_00003,2024-12-31T19:07:00+00:00,26959.66,SUCCESS,True,TXN_00041162
ATM_0000157,SYN1000003708,ATM_SYN_2235,LOC_00007,2025-01-02T13:23:00+00:00,32548.63,SUCCESS,True,TXN_00041202
ATM_0000158,SYN1000003561,ATM_SYN_5935,LOC_00004,2025-01-03T13:20:00+00:00,20102.45,SUCCESS,True,TXN_00041230
ATM_0000159,SYN1000001193,ATM_SYN_6843,LOC_00004,2025-01-03T16:26:00+00:00,39128.04,SUCCESS,True,TXN_00041232
ATM_0000160,SYN1000001113,ATM_SYN_5571,LOC_00007,2025-01-04T07:45:00+00:00,40000.0,SUCCESS,True,TXN_00041249
ATM_0000161,SYN1000004174,ATM_SYN_7334,LOC_00004,2025-01-04T13:32:00+00:00,22469.1,SUCCESS,True,TXN_00041255
ATM_0000162,SYN1000005305,ATM_SYN_3075,LOC_00004,2025-01-07T13:21:00+00:00,40000.0,SUCCESS,True,TXN_00041333
ATM_0000163,SYN1000005889,ATM_SYN_5435,LOC_00006,2025-01-07T16:41:00+00:00,36292.77,SUCCESS,True,TXN_00041335
ATM_0000164,SYN1000004325,ATM_SYN_1336,LOC_00004,2025-01-09T16:04:00+00:00,22127.6,SUCCESS,True,TXN_00041386
ATM_0000165,SYN1000003536,ATM_SYN_6770,LOC_00003,2025-01-09T22:21:00+00:00,27567.2,SUCCESS,True,TXN_00041390
ATM_0000166,SYN1000003143,ATM_SYN_1881,LOC_00005,2025-01-10T13:34:00+00:00,32263.07,SUCCESS,True,TXN_00041407
ATM_0000167,SYN1000006176,ATM_SYN_4064,LOC_00004,2025-01-11T19:43:00+00:00,20110.49,SUCCESS,True,TXN_00041440
ATM_0000168,SYN1000000939,ATM_SYN_3216,LOC_00005,2025-01-12T22:28:00+00:00,31527.9,SUCCESS,True,TXN_00041471
ATM_0000169,SYN1000003627,ATM_SYN_6361,LOC_00002,2025-01-13T10:05:00+00:00,40000.0,SUCCESS,True,TXN_00041485
ATM_0000170,SYN1000008483,ATM_SYN_4339,LOC_00002,2025-01-13T16:35:00+00:00,28817.44,SUCCESS,True,TXN_00041489
ATM_0000171,SYN1000001978,ATM_SYN_2269,LOC_00005,2025-01-13T22:45:00+00:00,29567.93,SUCCESS,True,TXN_00041493
ATM_0000172,SYN1000003991,ATM_SYN_3870,LOC_00004,2025-01-14T13:47:00+00:00,40000.0,SUCCESS,True,TXN_00041512
ATM_0000173,SYN1000009995,ATM_SYN_8049,LOC_00006,2025-01-14T16:31:00+00:00,38617.39,SUCCESS,True,TXN_00041514
ATM_0000174,SYN1000004835,ATM_SYN_8578,LOC_00007,2025-01-15T07:16:00+00:00,40000.0,SUCCESS,True,TXN_00041528
ATM_0000175,SYN1000008015,ATM_SYN_9427,LOC_00001,2025-01-16T10:39:00+00:00,40000.0,SUCCESS,True,TXN_00041552
ATM_0000176,SYN1000004332,ATM_SYN_4958,LOC_00007,2025-01-17T22:43:00+00:00,34179.46,SUCCESS,True,TXN_00041582
ATM_0000177,SYN1000001381,ATM_SYN_6162,LOC_00007,2025-01-18T04:19:00+00:00,23560.05,SUCCESS,True,TXN_00041585
ATM_0000178,SYN1000001606,ATM_SYN_6996,LOC_00003,2025-01-18T10:19:00+00:00,40000.0,SUCCESS,True,TXN_00041590
ATM_0000179,SYN1000004178,ATM_SYN_3003,LOC_00007,2025-01-19T22:30:00+00:00,28520.99,SUCCESS,True,TXN_00041622
ATM_0000180,SYN1000007448,ATM_SYN_6414,LOC_00003,2025-01-21T19:12:00+00:00,40000.0,SUCCESS,True,TXN_00041651
ATM_0000181,SYN1000008792,ATM_SYN_6907,LOC_00004,2025-01-23T13:40:00+00:00,40000.0,SUCCESS,True,TXN_00041690
ATM_0000182,SYN1000003627,ATM_SYN_1347,LOC_00002,2025-01-24T04:12:00+00:00,40000.0,SUCCESS,True,TXN_00041699
ATM_0000183,SYN1000001251,ATM_SYN_8371,LOC_00007,2025-01-24T10:37:00+00:00,40000.0,SUCCESS,True,TXN_00041706
ATM_0000184,SYN1000004258,ATM_SYN_5601,LOC_00002,2025-01-25T13:38:00+00:00,40000.0,SUCCESS,True,TXN_00041727
ATM_0000185,SYN1000003301,ATM_SYN_1757,LOC_00007,2025-01-25T22:11:00+00:00,22866.38,SUCCESS,True,TXN_00041734
ATM_0000186,SYN1000004743,ATM_SYN_8913,LOC_00003,2025-01-26T01:24:00+00:00,38490.6,SUCCESS,True,TXN_00041736
ATM_0000187,SYN1000000515,ATM_SYN_3812,LOC_00003,2025-01-26T16:31:00+00:00,31139.68,SUCCESS,True,TXN_00041751
ATM_0000188,SYN1000006560,ATM_SYN_7076,LOC_00003,2025-01-26T19:35:00+00:00,31757.68,SUCCESS,True,TXN_00041753
ATM_0000189,SYN1000008263,ATM_SYN_9775,LOC_00004,2025-01-26T22:12:00+00:00,40000.0,SUCCESS,True,TXN_00041755
ATM_0000190,SYN1000005743,ATM_SYN_5247,LOC_00007,2025-01-27T07:40:00+00:00,35551.98,SUCCESS,True,TXN_00041761
ATM_0000191,SYN1000008227,ATM_SYN_3027,LOC_00005,2025-01-27T16:21:00+00:00,40000.0,SUCCESS,True,TXN_00041766
ATM_0000192,SYN1000008840,ATM_SYN_1360,LOC_00001,2025-01-27T19:19:00+00:00,40000.0,SUCCESS,True,TXN_00041768
ATM_0000193,SYN1000006117,ATM_SYN_7857,LOC_00006,2025-01-29T04:24:00+00:00,40000.0,SUCCESS,True,TXN_00041802
ATM_0000194,SYN1000002033,ATM_SYN_9926,LOC_00004,2025-01-29T19:27:00+00:00,35070.76,SUCCESS,True,TXN_00041813
ATM_0000195,SYN1000001939,ATM_SYN_1898,LOC_00001,2025-01-29T22:38:00+00:00,40000.0,SUCCESS,True,TXN_00041815
ATM_0000196,SYN1000007067,ATM_SYN_9449,LOC_00006,2025-01-31T01:04:00+00:00,23748.07,SUCCESS,True,TXN_00041844
ATM_0000197,SYN1000002818,ATM_SYN_9880,LOC_00006,2025-02-01T10:25:00+00:00,21977.01,SUCCESS,True,TXN_00041883
ATM_0000198,SYN1000000633,ATM_SYN_7723,LOC_00001,2025-02-02T01:34:00+00:00,20034.29,SUCCESS,True,TXN_00041895
ATM_0000199,SYN1000003991,ATM_SYN_9534,LOC_00002,2025-02-02T22:29:00+00:00,29781.55,SUCCESS,True,TXN_00041916
ATM_0000200,SYN1000000414,ATM_SYN_1360,LOC_00004,2025-02-05T01:45:00+00:00,28891.58,SUCCESS,True,TXN_00041970
ATM_0000201,SYN1000004698,ATM_SYN_2152,LOC_00005,2025-02-05T04:22:00+00:00,40000.0,SUCCESS,True,TXN_00041972
ATM_0000202,SYN1000004982,ATM_SYN_4435,LOC_00003,2025-02-06T10:10:00+00:00,37164.7,SUCCESS,True,TXN_00042003
ATM_0000203,SYN1000009926,ATM_SYN_5527,LOC_00002,2025-02-06T22:43:00+00:00,28137.41,SUCCESS,True,TXN_00042012
ATM_0000204,SYN1000005743,ATM_SYN_3667,LOC_00006,2025-02-07T01:35:00+00:00,40000.0,SUCCESS,True,TXN_00042014
ATM_0000205,SYN1000006982,ATM_SYN_1650,LOC_00006,2025-02-07T13:33:00+00:00,40000.0,SUCCESS,True,TXN_00042028
ATM_0000206,SYN1000003280,ATM_SYN_9355,LOC_00006,2025-02-07T22:15:00+00:00,37966.25,SUCCESS,True,TXN_00042034
ATM_0000207,SYN1000001254,ATM_SYN_5563,LOC_00003,2025-02-09T16:31:00+00:00,40000.0,SUCCESS,True,TXN_00042077
ATM_0000208,SYN1000000414,ATM_SYN_8074,LOC_00003,2025-02-11T01:49:00+00:00,23671.77,SUCCESS,True,TXN_00042098
ATM_0000209,SYN1000006140,ATM_SYN_1544,LOC_00004,2025-02-11T13:26:00+00:00,22740.56,SUCCESS,True,TXN_00042109
ATM_0000210,SYN1000002990,ATM_SYN_3195,LOC_00003,2025-02-11T16:09:00+00:00,37215.12,SUCCESS,True,TXN_00042111
ATM_0000211,SYN1000009248,ATM_SYN_3158,LOC_00005,2025-02-13T16:16:00+00:00,40000.0,SUCCESS,True,TXN_00042155
ATM_0000212,SYN1000004126,ATM_SYN_7934,LOC_00007,2025-02-14T04:17:00+00:00,27869.66,SUCCESS,True,TXN_00042165
ATM_0000213,SYN1000005032,ATM_SYN_4808,LOC_00005,2025-02-15T01:34:00+00:00,21203.3,SUCCESS,True,TXN_00042184
ATM_0000214,SYN1000003137,ATM_SYN_6527,LOC_00002,2025-02-15T19:45:00+00:00,25400.01,SUCCESS,True,TXN_00042198
ATM_0000215,SYN1000005850,ATM_SYN_9854,LOC_00004,2025-02-16T01:28:00+00:00,40000.0,SUCCESS,True,TXN_00042202
ATM_0000216,SYN1000007302,ATM_SYN_8951,LOC_00005,2025-02-18T04:48:00+00:00,40000.0,SUCCESS,True,TXN_00042260
ATM_0000217,SYN1000006227,ATM_SYN_3020,LOC_00001,2025-02-18T19:46:00+00:00,32826.89,SUCCESS,True,TXN_00042274
ATM_0000218,SYN1000003598,ATM_SYN_9862,LOC_00002,2025-02-19T07:15:00+00:00,24267.1,SUCCESS,True,TXN_00042284
ATM_0000219,SYN1000003561,ATM_SYN_4017,LOC_00007,2025-02-20T22:22:00+00:00,35032.0,SUCCESS,True,TXN_00042327
ATM_0000220,SYN1000008438,ATM_SYN_5194,LOC_00007,2025-02-22T10:52:00+00:00,29830.11,SUCCESS,True,TXN_00042355
ATM_0000221,SYN1000005789,ATM_SYN_2649,LOC_00003,2025-02-23T22:25:00+00:00,24318.12,SUCCESS,True,TXN_00042390
ATM_0000222,SYN1000000830,ATM_SYN_4184,LOC_00001,2025-02-25T04:16:00+00:00,27692.13,SUCCESS,True,TXN_00042421
ATM_0000223,SYN1000005362,ATM_SYN_2381,LOC_00003,2025-02-25T10:10:00+00:00,40000.0,SUCCESS,True,TXN_00042427
ATM_0000224,SYN1000003627,ATM_SYN_4794,LOC_00005,2025-02-25T13:43:00+00:00,40000.0,SUCCESS,True,TXN_00042429
ATM_0000225,SYN1000008792,ATM_SYN_6176,LOC_00007,2025-02-27T19:13:00+00:00,40000.0,SUCCESS,True,TXN_00042491
ATM_0000226,SYN1000004196,ATM_SYN_7622,LOC_00001,2025-02-28T16:32:00+00:00,37782.9,SUCCESS,True,TXN_00042508
ATM_0000227,SYN1000009563,ATM_SYN_9387,LOC_00007,2025-02-28T22:11:00+00:00,22121.11,SUCCESS,True,TXN_00042513
ATM_0000228,SYN1000008536,ATM_SYN_1065,LOC_00003,2025-03-01T01:11:00+00:00,28415.05,SUCCESS,True,TXN_00042515
ATM_0000229,SYN1000004835,ATM_SYN_3605,LOC_00005,2025-03-01T16:28:00+00:00,38678.23,SUCCESS,True,TXN_00042529
ATM_0000230,SYN1000007877,ATM_SYN_8145,LOC_00003,2025-03-02T04:38:00+00:00,40000.0,SUCCESS,True,TXN_00042540
ATM_0000231,SYN1000008197,ATM_SYN_8095,LOC_00003,2025-03-03T22:11:00+00:00,34329.08,SUCCESS,True,TXN_00042579
ATM_0000232,SYN1000003146,ATM_SYN_4404,LOC_00001,2025-03-04T01:26:00+00:00,40000.0,SUCCESS,True,TXN_00042581
ATM_0000233,SYN1000009619,ATM_SYN_2563,LOC_00002,2025-03-04T04:34:00+00:00,30035.07,SUCCESS,True,TXN_00042583
ATM_0000234,SYN1000005231,ATM_SYN_5488,LOC_00001,2025-03-04T10:09:00+00:00,33129.72,SUCCESS,True,TXN_00042587
ATM_0000235,SYN1000003708,ATM_SYN_7681,LOC_00007,2025-03-04T19:46:00+00:00,40000.0,SUCCESS,True,TXN_00042599
ATM_0000236,SYN1000004174,ATM_SYN_2559,LOC_00007,2025-03-05T13:11:00+00:00,38191.94,SUCCESS,True,TXN_00042619
ATM_0000237,SYN1000004170,ATM_SYN_4738,LOC_00001,2025-03-06T13:40:00+00:00,40000.0,SUCCESS,True,TXN_00042648
ATM_0000238,SYN1000006152,ATM_SYN_6278,LOC_00005,2025-03-07T07:14:00+00:00,40000.0,SUCCESS,True,TXN_00042670
ATM_0000239,SYN1000007838,ATM_SYN_2924,LOC_00001,2025-03-07T13:36:00+00:00,40000.0,SUCCESS,True,TXN_00042675
ATM_0000240,SYN1000005246,ATM_SYN_4892,LOC_00003,2025-03-07T16:04:00+00:00,23261.72,SUCCESS,True,TXN_00042677
ATM_0000241,SYN1000003430,ATM_SYN_8816,LOC_00003,2025-03-08T04:06:00+00:00,37134.24,SUCCESS,True,TXN_00042688
ATM_0000242,SYN1000008636,ATM_SYN_9452,LOC_00001,2025-03-08T22:21:00+00:00,40000.0,SUCCESS,True,TXN_00042700
ATM_0000243,SYN1000006286,ATM_SYN_5946,LOC_00002,2025-03-09T22:34:00+00:00,27578.38,SUCCESS,True,TXN_00042718
ATM_0000244,SYN1000001381,ATM_SYN_8612,LOC_00007,2025-03-10T07:45:00+00:00,30743.0,SUCCESS,True,TXN_00042727
ATM_0000245,SYN1000009560,ATM_SYN_3295,LOC_00003,2025-03-10T19:50:00+00:00,33870.27,SUCCESS,True,TXN_00042739
ATM_0000246,SYN1000003599,ATM_SYN_2633,LOC_00006,2025-03-15T16:47:00+00:00,21031.68,SUCCESS,True,TXN_00042843
ATM_0000247,SYN1000006968,ATM_SYN_2260,LOC_00003,2025-03-16T16:44:00+00:00,40000.0,SUCCESS,True,TXN_00042871
ATM_0000248,SYN1000000594,ATM_SYN_6932,LOC_00001,2025-03-17T07:10:00+00:00,24918.48,SUCCESS,True,TXN_00042885
ATM_0000249,SYN1000007989,ATM_SYN_1187,LOC_00005,2025-03-18T04:49:00+00:00,40000.0,SUCCESS,True,TXN_00042903
ATM_0000250,SYN1000008503,ATM_SYN_7133,LOC_00006,2025-03-19T07:31:00+00:00,30144.77,SUCCESS,True,TXN_00042929
ATM_0000251,SYN1000000021,ATM_SYN_3845,LOC_00003,2025-03-19T16:12:00+00:00,40000.0,SUCCESS,True,TXN_00042936
ATM_0000252,SYN1000006505,ATM_SYN_1272,LOC_00007,2025-03-21T01:47:00+00:00,23454.43,SUCCESS,True,TXN_00042973
ATM_0000253,SYN1000007455,ATM_SYN_4118,LOC_00004,2025-03-21T04:46:00+00:00,40000.0,SUCCESS,True,TXN_00042975
ATM_0000254,SYN1000001788,ATM_SYN_9957,LOC_00007,2025-03-22T04:14:00+00:00,37407.63,SUCCESS,True,TXN_00043004
ATM_0000255,SYN1000007360,ATM_SYN_3189,LOC_00007,2025-03-24T01:43:00+00:00,40000.0,SUCCESS,True,TXN_00043048
ATM_0000256,SYN1000006854,ATM_SYN_9386,LOC_00004,2025-03-24T16:35:00+00:00,40000.0,SUCCESS,True,TXN_00043062
ATM_0000257,SYN1000000268,ATM_SYN_1705,LOC_00003,2025-03-25T22:31:00+00:00,21566.44,SUCCESS,True,TXN_00043100
ATM_0000258,SYN1000005230,ATM_SYN_7748,LOC_00003,2025-03-26T10:37:00+00:00,25768.19,SUCCESS,True,TXN_00043107
ATM_0000259,SYN1000000193,ATM_SYN_2044,LOC_00003,2025-03-27T07:20:00+00:00,27056.93,SUCCESS,True,TXN_00043126
ATM_0000260,SYN1000005231,ATM_SYN_4036,LOC_00002,2025-03-27T13:43:00+00:00,34717.21,SUCCESS,True,TXN_00043133
ATM_0000261,SYN1000009248,ATM_SYN_8991,LOC_00003,2025-04-02T10:27:00+00:00,38390.09,SUCCESS,True,TXN_00043286
ATM_0000262,SYN1000004734,ATM_SYN_4791,LOC_00005,2025-04-02T13:47:00+00:00,33127.74,SUCCESS,True,TXN_00043288
ATM_0000263,SYN1000003991,ATM_SYN_5830,LOC_00006,2025-04-03T16:11:00+00:00,40000.0,SUCCESS,True,TXN_00043309
ATM_0000264,SYN1000002706,ATM_SYN_6431,LOC_00006,2025-04-04T10:06:00+00:00,38754.23,SUCCESS,True,TXN_00043330
ATM_0000265,SYN1000008483,ATM_SYN_6899,LOC_00004,2025-04-04T19:37:00+00:00,33657.53,SUCCESS,True,TXN_00043340
ATM_0000266,SYN1000004516,ATM_SYN_4530,LOC_00006,2025-04-05T10:26:00+00:00,27496.06,SUCCESS,True,TXN_00043352
ATM_0000267,SYN1000005266,ATM_SYN_9474,LOC_00004,2025-04-07T04:38:00+00:00,40000.0,SUCCESS,True,TXN_00043404
ATM_0000268,SYN1000003599,ATM_SYN_7713,LOC_00005,2025-04-07T13:41:00+00:00,21164.63,SUCCESS,True,TXN_00043412
ATM_0000269,SYN1000005361,ATM_SYN_4108,LOC_00005,2025-04-07T16:23:00+00:00,29353.57,SUCCESS,True,TXN_00043414
ATM_0000270,SYN1000000065,ATM_SYN_5907,LOC_00003,2025-04-09T19:34:00+00:00,40000.0,SUCCESS,True,TXN_00043465
ATM_0000271,SYN1000001652,ATM_SYN_8977,LOC_00007,2025-04-10T01:36:00+00:00,35766.48,SUCCESS,True,TXN_00043469
ATM_0000272,SYN1000004258,ATM_SYN_2071,LOC_00003,2025-04-10T07:49:00+00:00,40000.0,SUCCESS,True,TXN_00043476
ATM_0000273,SYN1000005334,ATM_SYN_3336,LOC_00007,2025-04-10T13:13:00+00:00,32086.87,SUCCESS,True,TXN_00043483
ATM_0000274,SYN1000007302,ATM_SYN_7701,LOC_00003,2025-04-11T10:19:00+00:00,33299.9,SUCCESS,True,TXN_00043505
ATM_0000275,SYN1000003146,ATM_SYN_8702,LOC_00001,2025-04-12T19:48:00+00:00,32321.97,SUCCESS,True,TXN_00043533
ATM_0000276,SYN1000002103,ATM_SYN_9965,LOC_00007,2025-04-13T01:33:00+00:00,40000.0,SUCCESS,True,TXN_00043538
ATM_0000277,SYN1000007276,ATM_SYN_7244,LOC_00004,2025-04-13T16:15:00+00:00,40000.0,SUCCESS,True,TXN_00043547
ATM_0000278,SYN1000007667,ATM_SYN_2643,LOC_00006,2025-04-14T07:15:00+00:00,29053.9,SUCCESS,True,TXN_00043562
ATM_0000279,SYN1000001886,ATM_SYN_2795,LOC_00003,2025-04-14T13:47:00+00:00,29287.1,SUCCESS,True,TXN_00043569
ATM_0000280,SYN1000006522,ATM_SYN_6313,LOC_00004,2025-04-16T07:29:00+00:00,37759.45,SUCCESS,True,TXN_00043603
ATM_0000281,SYN1000000830,ATM_SYN_2053,LOC_00002,2025-04-16T19:28:00+00:00,40000.0,SUCCESS,True,TXN_00043614
ATM_0000282,SYN1000006180,ATM_SYN_7296,LOC_00005,2025-04-18T07:30:00+00:00,40000.0,SUCCESS,True,TXN_00043654
ATM_0000283,SYN1000007914,ATM_SYN_2824,LOC_00005,2025-04-19T04:40:00+00:00,40000.0,SUCCESS,True,TXN_00043680
ATM_0000284,SYN1000006117,ATM_SYN_7354,LOC_00003,2025-04-19T19:15:00+00:00,38540.81,SUCCESS,True,TXN_00043699
ATM_0000285,SYN1000001646,ATM_SYN_4884,LOC_00007,2025-04-20T04:49:00+00:00,40000.0,SUCCESS,True,TXN_00043711
ATM_0000286,SYN1000004969,ATM_SYN_3741,LOC_00003,2025-04-22T01:51:00+00:00,38403.76,SUCCESS,True,TXN_00043755
ATM_0000287,SYN1000007877,ATM_SYN_9973,LOC_00005,2025-04-23T01:42:00+00:00,39907.31,SUCCESS,True,TXN_00043773
ATM_0000288,SYN1000000830,ATM_SYN_9317,LOC_00001,2025-04-24T13:08:00+00:00,27075.82,SUCCESS,True,TXN_00043808
ATM_0000289,SYN1000004523,ATM_SYN_2912,LOC_00006,2025-04-25T01:45:00+00:00,29977.35,SUCCESS,True,TXN_00043822
ATM_0000290,SYN1000000319,ATM_SYN_2008,LOC_00004,2025-04-26T07:20:00+00:00,37423.72,SUCCESS,True,TXN_00043854
ATM_0000291,SYN1000009926,ATM_SYN_6178,LOC_00005,2025-04-26T10:48:00+00:00,40000.0,SUCCESS,True,TXN_00043856
ATM_0000292,SYN1000008878,ATM_SYN_5196,LOC_00002,2025-04-26T13:48:00+00:00,31862.96,SUCCESS,True,TXN_00043858
ATM_0000293,SYN1000006488,ATM_SYN_6042,LOC_00006,2025-04-27T07:37:00+00:00,26942.08,SUCCESS,True,TXN_00043875
ATM_0000294,SYN1000006813,ATM_SYN_5410,LOC_00005,2025-04-27T22:08:00+00:00,30358.24,SUCCESS,True,TXN_00043885
ATM_0000295,SYN1000009560,ATM_SYN_7597,LOC_00001,2025-04-28T16:11:00+00:00,27530.04,SUCCESS,True,TXN_00043902
ATM_0000296,SYN1000001788,ATM_SYN_9805,LOC_00007,2025-04-29T19:18:00+00:00,38318.65,SUCCESS,True,TXN_00043921
ATM_0000297,SYN1000000817,ATM_SYN_2851,LOC_00001,2025-04-30T10:26:00+00:00,40000.0,SUCCESS,True,TXN_00043935
ATM_0000298,SYN1000004332,ATM_SYN_9318,LOC_00001,2025-04-30T22:17:00+00:00,40000.0,SUCCESS,True,TXN_00043946
ATM_0000299,SYN1000005293,ATM_SYN_1319,LOC_00002,2025-05-01T04:18:00+00:00,40000.0,SUCCESS,True,TXN_00043953
ATM_0000300,SYN1000001356,ATM_SYN_6966,LOC_00005,2025-05-06T16:42:00+00:00,39203.84,SUCCESS,True,TXN_00044074
ATM_0000301,SYN1000002600,ATM_SYN_2040,LOC_00004,2025-05-07T04:24:00+00:00,40000.0,SUCCESS,True,TXN_00044081
ATM_0000302,SYN1000005246,ATM_SYN_7540,LOC_00005,2025-05-09T16:46:00+00:00,20723.5,SUCCESS,True,TXN_00044144
ATM_0000303,SYN1000001471,ATM_SYN_1036,LOC_00004,2025-05-10T19:04:00+00:00,35466.56,SUCCESS,True,TXN_00044171
ATM_0000304,SYN1000005334,ATM_SYN_1007,LOC_00001,2025-05-15T04:21:00+00:00,20901.91,SUCCESS,True,TXN_00044289
ATM_0000305,SYN1000000645,ATM_SYN_2183,LOC_00002,2025-05-16T01:17:00+00:00,37760.49,SUCCESS,True,TXN_00044309
ATM_0000306,SYN1000009606,ATM_SYN_1409,LOC_00005,2025-05-17T07:48:00+00:00,40000.0,SUCCESS,True,TXN_00044337
ATM_0000307,SYN1000000193,ATM_SYN_5729,LOC_00001,2025-05-18T10:14:00+00:00,30806.86,SUCCESS,True,TXN_00044364
ATM_0000308,SYN1000000072,ATM_SYN_8896,LOC_00005,2025-05-20T16:35:00+00:00,34169.16,SUCCESS,True,TXN_00044409
ATM_0000309,SYN1000008878,ATM_SYN_4550,LOC_00006,2025-05-21T04:40:00+00:00,28207.79,SUCCESS,True,TXN_00044424
ATM_0000310,SYN1000007334,ATM_SYN_8635,LOC_00005,2025-05-22T04:13:00+00:00,37780.93,SUCCESS,True,TXN_00044448
ATM_0000311,SYN1000005140,ATM_SYN_5740,LOC_00007,2025-05-22T16:30:00+00:00,23965.06,SUCCESS,True,TXN_00044458
ATM_0000312,SYN1000008246,ATM_SYN_2472,LOC_00007,2025-05-26T19:33:00+00:00,38851.96,SUCCESS,True,TXN_00044559
ATM_0000313,SYN1000000021,ATM_SYN_7543,LOC_00003,2025-05-27T10:50:00+00:00,31002.33,SUCCESS,True,TXN_00044567
ATM_0000314,SYN1000005334,ATM_SYN_1747,LOC_00003,2025-05-28T07:14:00+00:00,40000.0,SUCCESS,True,TXN_00044592
ATM_0000315,SYN1000001658,ATM_SYN_7396,LOC_00007,2025-05-28T19:50:00+00:00,31839.42,SUCCESS,True,TXN_00044600
ATM_0000316,SYN1000002020,ATM_SYN_1908,LOC_00004,2025-05-28T22:13:00+00:00,40000.0,SUCCESS,True,TXN_00044602
ATM_0000317,SYN1000005435,ATM_SYN_3685,LOC_00006,2025-05-29T16:34:00+00:00,40000.0,SUCCESS,True,TXN_00044621
ATM_0000318,SYN1000001058,ATM_SYN_7890,LOC_00006,2025-06-01T16:36:00+00:00,40000.0,SUCCESS,True,TXN_00044690
ATM_0000319,SYN1000003060,ATM_SYN_8391,LOC_00001,2025-06-03T04:53:00+00:00,29377.6,SUCCESS,True,TXN_00044721
ATM_0000320,SYN1000009415,ATM_SYN_2742,LOC_00005,2025-06-03T13:26:00+00:00,40000.0,SUCCESS,True,TXN_00044727
ATM_0000321,SYN1000000349,ATM_SYN_1784,LOC_00005,2025-06-04T10:44:00+00:00,24400.91,SUCCESS,True,TXN_00044748
ATM_0000322,SYN1000009563,ATM_SYN_5236,LOC_00001,2025-06-04T13:31:00+00:00,39054.39,SUCCESS,True,TXN_00044750
ATM_0000323,SYN1000007667,ATM_SYN_5766,LOC_00001,2025-06-05T04:33:00+00:00,40000.0,SUCCESS,True,TXN_00044763
ATM_0000324,SYN1000004725,ATM_SYN_9839,LOC_00002,2025-06-05T13:43:00+00:00,26593.97,SUCCESS,True,TXN_00044768
ATM_0000325,SYN1000000317,ATM_SYN_9925,LOC_00002,2025-06-08T10:27:00+00:00,40000.0,SUCCESS,True,TXN_00044824
ATM_0000326,SYN1000007246,ATM_SYN_4572,LOC_00005,2025-06-09T13:38:00+00:00,40000.0,SUCCESS,True,TXN_00044850
ATM_0000327,SYN1000005266,ATM_SYN_7418,LOC_00005,2025-06-11T04:24:00+00:00,28968.62,SUCCESS,True,TXN_00044890
ATM_0000328,SYN1000000199,ATM_SYN_6148,LOC_00005,2025-06-11T07:39:00+00:00,40000.0,SUCCESS,True,TXN_00044892
ATM_0000329,SYN1000009577,ATM_SYN_9209,LOC_00002,2025-06-11T10:46:00+00:00,21329.48,SUCCESS,True,TXN_00044894
ATM_0000330,SYN1000002818,ATM_SYN_7335,LOC_00001,2025-06-13T01:35:00+00:00,25717.57,SUCCESS,True,TXN_00044927
ATM_0000331,SYN1000002818,ATM_SYN_2264,LOC_00004,2025-06-13T04:26:00+00:00,39451.35,SUCCESS,True,TXN_00044929
ATM_0000332,SYN1000009995,ATM_SYN_8266,LOC_00004,2025-06-14T16:26:00+00:00,40000.0,SUCCESS,True,TXN_00044973
ATM_0000333,SYN1000001316,ATM_SYN_4412,LOC_00004,2025-06-15T07:21:00+00:00,26446.97,SUCCESS,True,TXN_00044987
ATM_0000334,SYN1000008636,ATM_SYN_4744,LOC_00003,2025-06-15T16:07:00+00:00,25890.27,SUCCESS,True,TXN_00044996
ATM_0000335,SYN1000000621,ATM_SYN_6519,LOC_00002,2025-06-16T07:18:00+00:00,36349.81,SUCCESS,True,TXN_00045009
ATM_0000336,SYN1000008263,ATM_SYN_3010,LOC_00002,2025-06-16T22:46:00+00:00,38863.53,SUCCESS,True,TXN_00045028
ATM_0000337,SYN1000004307,ATM_SYN_8129,LOC_00001,2025-06-18T22:51:00+00:00,40000.0,SUCCESS,True,TXN_00045074
ATM_0000338,SYN1000008566,ATM_SYN_6510,LOC_00006,2025-06-20T13:28:00+00:00,40000.0,SUCCESS,True,TXN_00045120
ATM_0000339,SYN1000006227,ATM_SYN_5378,LOC_00002,2025-06-20T16:43:00+00:00,40000.0,SUCCESS,True,TXN_00045122
ATM_0000340,SYN1000004698,ATM_SYN_3764,LOC_00007,2025-06-22T13:44:00+00:00,33383.57,SUCCESS,True,TXN_00045173
ATM_0000341,SYN1000006413,ATM_SYN_4375,LOC_00006,2025-06-23T13:18:00+00:00,40000.0,SUCCESS,True,TXN_00045194
ATM_0000342,SYN1000002619,ATM_SYN_2409,LOC_00002,2025-06-24T22:15:00+00:00,32697.88,SUCCESS,True,TXN_00045231
ATM_0000343,SYN1000000595,ATM_SYN_9929,LOC_00003,2025-06-25T01:43:00+00:00,40000.0,SUCCESS,True,TXN_00045233
ATM_0000344,SYN1000007989,ATM_SYN_6457,LOC_00002,2025-06-25T10:13:00+00:00,31379.73,SUCCESS,True,TXN_00045241
ATM_0000345,SYN1000006117,ATM_SYN_8071,LOC_00007,2025-06-27T10:35:00+00:00,40000.0,SUCCESS,True,TXN_00045292
ATM_0000346,SYN1000005266,ATM_SYN_3488,LOC_00002,2025-06-28T01:30:00+00:00,40000.0,SUCCESS,True,TXN_00045305
ATM_0000347,SYN1000002171,ATM_SYN_6515,LOC_00007,2025-06-28T13:22:00+00:00,33300.52,SUCCESS,True,TXN_00045320
ATM_0000348,SYN1000000645,ATM_SYN_9665,LOC_00001,2025-06-29T16:41:00+00:00,40000.0,SUCCESS,True,TXN_00045343
ATM_0000349,SYN1000000817,ATM_SYN_3440,LOC_00003,2025-06-30T01:52:00+00:00,38760.53,SUCCESS,True,TXN_00045352
ATM_0000350,SYN1000003599,ATM_SYN_8229,LOC_00004,2025-07-01T01:14:00+00:00,27504.09,SUCCESS,True,TXN_00045376
ATM_0000351,SYN1000005140,ATM_SYN_7528,LOC_00007,2025-07-01T19:50:00+00:00,22139.27,SUCCESS,True,TXN_00045390
ATM_0000352,SYN1000005140,ATM_SYN_7874,LOC_00006,2025-07-02T16:30:00+00:00,40000.0,SUCCESS,True,TXN_00045408
ATM_0000353,SYN1000000881,ATM_SYN_1496,LOC_00002,2025-07-05T07:08:00+00:00,24728.67,SUCCESS,True,TXN_00045475
ATM_0000354,SYN1000004878,ATM_SYN_8320,LOC_00001,2025-07-07T19:23:00+00:00,40000.0,SUCCESS,True,TXN_00045538
ATM_0000355,SYN1000003257,ATM_SYN_9731,LOC_00003,2025-07-08T13:50:00+00:00,40000.0,SUCCESS,True,TXN_00045550
ATM_0000356,SYN1000007246,ATM_SYN_1423,LOC_00004,2025-07-12T04:05:00+00:00,40000.0,SUCCESS,True,TXN_00045625
ATM_0000357,SYN1000004196,ATM_SYN_9173,LOC_00001,2025-07-12T19:35:00+00:00,40000.0,SUCCESS,True,TXN_00045637
ATM_0000358,SYN1000000595,ATM_SYN_5830,LOC_00004,2025-07-13T19:39:00+00:00,21732.93,SUCCESS,True,TXN_00045664
ATM_0000359,SYN1000000881,ATM_SYN_7024,LOC_00004,2025-07-13T22:32:00+00:00,33756.59,SUCCESS,True,TXN_00045666
ATM_0000360,SYN1000002171,ATM_SYN_2816,LOC_00001,2025-07-14T01:08:00+00:00,39681.8,SUCCESS,True,TXN_00045668
ATM_0000361,SYN1000004698,ATM_SYN_9613,LOC_00006,2025-07-14T22:40:00+00:00,40000.0,SUCCESS,True,TXN_00045691
ATM_0000362,SYN1000000817,ATM_SYN_7260,LOC_00001,2025-07-15T04:20:00+00:00,26650.46,SUCCESS,True,TXN_00045694
ATM_0000363,SYN1000004248,ATM_SYN_9032,LOC_00007,2025-07-15T13:18:00+00:00,39165.72,SUCCESS,True,TXN_00045700
ATM_0000364,SYN1000008636,ATM_SYN_3195,LOC_00001,2025-07-17T04:09:00+00:00,40000.0,SUCCESS,True,TXN_00045741
ATM_0000365,SYN1000001412,ATM_SYN_3006,LOC_00006,2025-07-19T01:22:00+00:00,40000.0,SUCCESS,True,TXN_00045769
ATM_0000366,SYN1000004909,ATM_SYN_3178,LOC_00007,2025-07-19T07:31:00+00:00,40000.0,SUCCESS,True,TXN_00045776
ATM_0000367,SYN1000008077,ATM_SYN_6791,LOC_00004,2025-07-19T19:40:00+00:00,40000.0,SUCCESS,True,TXN_00045789
ATM_0000368,SYN1000004940,ATM_SYN_3584,LOC_00002,2025-07-21T19:36:00+00:00,40000.0,SUCCESS,True,TXN_00045837
ATM_0000369,SYN1000008528,ATM_SYN_6340,LOC_00002,2025-07-22T01:41:00+00:00,37127.35,SUCCESS,True,TXN_00045840
ATM_0000370,SYN1000008528,ATM_SYN_4495,LOC_00002,2025-07-24T07:44:00+00:00,40000.0,SUCCESS,True,TXN_00045898
ATM_0000371,SYN1000005266,ATM_SYN_8481,LOC_00007,2025-07-26T04:42:00+00:00,29529.77,SUCCESS,True,TXN_00045941
ATM_0000372,SYN1000002815,ATM_SYN_5568,LOC_00002,2025-07-26T13:10:00+00:00,31999.66,SUCCESS,True,TXN_00045949
ATM_0000373,SYN1000000515,ATM_SYN_5753,LOC_00004,2025-07-27T13:50:00+00:00,35285.56,SUCCESS,True,TXN_00045974
ATM_0000374,SYN1000005305,ATM_SYN_5230,LOC_00001,2025-07-28T10:51:00+00:00,40000.0,SUCCESS,True,TXN_00045997
ATM_0000375,SYN1000007360,ATM_SYN_2979,LOC_00007,2025-07-28T16:20:00+00:00,36788.78,SUCCESS,True,TXN_00046000
ATM_0000376,SYN1000001381,ATM_SYN_2181,LOC_00004,2025-07-28T22:10:00+00:00,26032.16,SUCCESS,True,TXN_00046004
ATM_0000377,SYN1000006152,ATM_SYN_5793,LOC_00004,2025-07-29T01:32:00+00:00,40000.0,SUCCESS,True,TXN_00046006
ATM_0000378,SYN1000008528,ATM_SYN_8418,LOC_00001,2025-07-29T04:31:00+00:00,37241.28,SUCCESS,True,TXN_00046008
ATM_0000379,SYN1000000817,ATM_SYN_6784,LOC_00002,2025-07-29T19:39:00+00:00,40000.0,SUCCESS,True,TXN_00046023
ATM_0000380,SYN1000001133,ATM_SYN_4384,LOC_00001,2025-07-31T22:12:00+00:00,30631.45,SUCCESS,True,TXN_00046075
ATM_0000381,SYN1000001036,ATM_SYN_4358,LOC_00004,2025-08-01T01:34:00+00:00,27751.46,SUCCESS,True,TXN_00046077
ATM_0000382,SYN1000005293,ATM_SYN_3795,LOC_00002,2025-08-02T22:36:00+00:00,38795.89,SUCCESS,True,TXN_00046117
ATM_0000383,SYN1000004982,ATM_SYN_9258,LOC_00007,2025-08-03T13:23:00+00:00,40000.0,SUCCESS,True,TXN_00046139
ATM_0000384,SYN1000009687,ATM_SYN_5223,LOC_00001,2025-08-04T22:37:00+00:00,36548.58,SUCCESS,True,TXN_00046172
ATM_0000385,SYN1000000199,ATM_SYN_6005,LOC_00005,2025-08-05T19:35:00+00:00,35201.75,SUCCESS,True,TXN_00046189
ATM_0000386,SYN1000000603,ATM_SYN_7065,LOC_00004,2025-08-06T07:41:00+00:00,33384.06,SUCCESS,True,TXN_00046199
ATM_0000387,SYN1000005580,ATM_SYN_7065,LOC_00007,2025-08-06T13:50:00+00:00,40000.0,SUCCESS,True,TXN_00046203
ATM_0000388,SYN1000007877,ATM_SYN_6436,LOC_00003,2025-08-07T07:26:00+00:00,35220.67,SUCCESS,True,TXN_00046218
ATM_0000389,SYN1000004085,ATM_SYN_9042,LOC_00004,2025-08-09T10:17:00+00:00,24875.9,SUCCESS,True,TXN_00046273
ATM_0000390,SYN1000005956,ATM_SYN_3048,LOC_00001,2025-08-10T13:33:00+00:00,25707.98,SUCCESS,True,TXN_00046297
ATM_0000391,SYN1000007699,ATM_SYN_3609,LOC_00006,2025-08-11T07:19:00+00:00,23613.77,SUCCESS,True,TXN_00046312
ATM_0000392,SYN1000008973,ATM_SYN_7668,LOC_00001,2025-08-12T07:27:00+00:00,40000.0,SUCCESS,True,TXN_00046338
ATM_0000393,SYN1000009004,ATM_SYN_9809,LOC_00001,2025-08-13T13:08:00+00:00,29156.3,SUCCESS,True,TXN_00046367
ATM_0000394,SYN1000007276,ATM_SYN_2726,LOC_00006,2025-08-14T10:46:00+00:00,21019.99,SUCCESS,True,TXN_00046386
ATM_0000395,SYN1000005334,ATM_SYN_6033,LOC_00007,2025-08-19T19:49:00+00:00,25744.0,SUCCESS,True,TXN_00046521
ATM_0000396,SYN1000005140,ATM_SYN_3865,LOC_00003,2025-08-20T10:46:00+00:00,30575.21,SUCCESS,True,TXN_00046531
ATM_0000397,SYN1000007914,ATM_SYN_7312,LOC_00003,2025-08-21T16:41:00+00:00,20509.02,SUCCESS,True,TXN_00046557
ATM_0000398,SYN1000005188,ATM_SYN_1607,LOC_00004,2025-08-23T01:26:00+00:00,40000.0,SUCCESS,True,TXN_00046593
ATM_0000399,SYN1000001356,ATM_SYN_7426,LOC_00006,2025-08-24T13:13:00+00:00,26234.28,SUCCESS,True,TXN_00046632
ATM_0000400,SYN1000004835,ATM_SYN_7963,LOC_00005,2025-08-25T10:45:00+00:00,38391.5,SUCCESS,True,TXN_00046657
ATM_0000401,SYN1000008528,ATM_SYN_1344,LOC_00003,2025-08-25T13:12:00+00:00,23738.89,SUCCESS,True,TXN_00046659
ATM_0000402,SYN1000006982,ATM_SYN_2303,LOC_00005,2025-08-26T16:11:00+00:00,40000.0,SUCCESS,True,TXN_00046680
ATM_0000403,SYN1000008438,ATM_SYN_6303,LOC_00001,2025-08-27T10:10:00+00:00,36978.19,SUCCESS,True,TXN_00046693
ATM_0000404,SYN1000004950,ATM_SYN_3570,LOC_00002,2025-08-27T16:23:00+00:00,22931.89,SUCCESS,True,TXN_00046696
ATM_0000405,SYN1000000065,ATM_SYN_7428,LOC_00003,2025-08-27T22:45:00+00:00,34779.2,SUCCESS,True,TXN_00046700
ATM_0000406,SYN1000005361,ATM_SYN_6667,LOC_00005,2025-08-29T10:35:00+00:00,26958.86,SUCCESS,True,TXN_00046738
ATM_0000407,SYN1000006180,ATM_SYN_8375,LOC_00006,2025-08-30T01:20:00+00:00,31957.03,SUCCESS,True,TXN_00046754
ATM_0000408,SYN1000009415,ATM_SYN_5697,LOC_00005,2025-08-31T19:35:00+00:00,40000.0,SUCCESS,True,TXN_00046795
ATM_0000409,SYN1000008015,ATM_SYN_2573,LOC_00004,2025-09-03T01:34:00+00:00,40000.0,SUCCESS,True,TXN_00046849
ATM_0000410,SYN1000009316,ATM_SYN_7898,LOC_00001,2025-09-05T16:41:00+00:00,40000.0,SUCCESS,True,TXN_00046913
ATM_0000411,SYN1000006346,ATM_SYN_4621,LOC_00003,2025-09-06T10:27:00+00:00,23042.78,SUCCESS,True,TXN_00046930
ATM_0000412,SYN1000000927,ATM_SYN_4071,LOC_00007,2025-09-09T01:30:00+00:00,40000.0,SUCCESS,True,TXN_00046997
ATM_0000413,SYN1000008330,ATM_SYN_3368,LOC_00002,2025-09-09T22:11:00+00:00,22731.33,SUCCESS,True,TXN_00047022
ATM_0000414,SYN1000004325,ATM_SYN_3874,LOC_00004,2025-09-10T01:25:00+00:00,28482.57,SUCCESS,True,TXN_00047024
ATM_0000415,SYN1000002103,ATM_SYN_4852,LOC_00006,2025-09-10T16:10:00+00:00,27883.72,SUCCESS,True,TXN_00047041
ATM_0000416,SYN1000003043,ATM_SYN_3030,LOC_00001,2025-09-11T16:21:00+00:00,32754.87,SUCCESS,True,TXN_00047054
ATM_0000417,SYN1000005266,ATM_SYN_7018,LOC_00004,2025-09-12T19:09:00+00:00,40000.0,SUCCESS,True,TXN_00047074
ATM_0000418,SYN1000007380,ATM_SYN_1567,LOC_00002,2025-09-14T22:43:00+00:00,25388.62,SUCCESS,True,TXN_00047125
ATM_0000419,SYN1000007455,ATM_SYN_2556,LOC_00006,2025-09-16T01:48:00+00:00,40000.0,SUCCESS,True,TXN_00047155
ATM_0000420,SYN1000007243,ATM_SYN_3359,LOC_00004,2025-09-17T01:53:00+00:00,30583.58,SUCCESS,True,TXN_00047175
ATM_0000421,SYN1000003394,ATM_SYN_9051,LOC_00001,2025-09-17T16:45:00+00:00,26986.86,SUCCESS,True,TXN_00047187
ATM_0000422,SYN1000009801,ATM_SYN_1310,LOC_00004,2025-09-18T19:13:00+00:00,35924.91,SUCCESS,True,TXN_00047214
ATM_0000423,SYN1000006101,ATM_SYN_8878,LOC_00002,2025-09-21T10:14:00+00:00,20396.02,SUCCESS,True,TXN_00047284
ATM_0000424,SYN1000001210,ATM_SYN_6077,LOC_00003,2025-09-23T07:33:00+00:00,33034.4,SUCCESS,True,TXN_00047327
ATM_0000425,SYN1000008536,ATM_SYN_8618,LOC_00002,2025-09-24T07:05:00+00:00,34606.56,SUCCESS,True,TXN_00047355
ATM_0000426,SYN1000000128,ATM_SYN_5700,LOC_00006,2025-09-25T07:29:00+00:00,26081.15,SUCCESS,True,TXN_00047374
ATM_0000427,SYN1000004908,ATM_SYN_2878,LOC_00007,2025-09-27T13:41:00+00:00,29240.53,SUCCESS,True,TXN_00047411
ATM_0000428,SYN1000001939,ATM_SYN_8032,LOC_00007,2025-09-27T22:32:00+00:00,25081.53,SUCCESS,True,TXN_00047418
ATM_0000429,SYN1000005129,ATM_SYN_1524,LOC_00006,2025-09-29T01:33:00+00:00,35797.36,SUCCESS,True,TXN_00047444
ATM_0000430,SYN1000008971,ATM_SYN_2685,LOC_00006,2025-09-29T07:11:00+00:00,28000.85,SUCCESS,True,TXN_00047449
ATM_0000431,SYN1000003137,ATM_SYN_2340,LOC_00002,2025-09-30T01:13:00+00:00,25643.23,SUCCESS,True,TXN_00047465
ATM_0000432,SYN1000001346,ATM_SYN_9862,LOC_00004,2025-09-30T04:39:00+00:00,33352.87,SUCCESS,True,TXN_00047467
ATM_0000433,SYN1000008197,ATM_SYN_1372,LOC_00002,2025-10-01T01:45:00+00:00,40000.0,SUCCESS,True,TXN_00047490
ATM_0000434,SYN1000001816,ATM_SYN_1640,LOC_00006,2025-10-02T10:12:00+00:00,25764.46,SUCCESS,True,TXN_00047528
ATM_0000435,SYN1000001606,ATM_SYN_3247,LOC_00003,2025-10-03T07:37:00+00:00,34855.33,SUCCESS,True,TXN_00047555
ATM_0000436,SYN1000000881,ATM_SYN_4746,LOC_00006,2025-10-04T04:16:00+00:00,22916.19,SUCCESS,True,TXN_00047577
ATM_0000437,SYN1000008263,ATM_SYN_3193,LOC_00003,2025-10-04T10:37:00+00:00,40000.0,SUCCESS,True,TXN_00047580
ATM_0000438,SYN1000007877,ATM_SYN_2794,LOC_00006,2025-10-06T13:43:00+00:00,23427.64,SUCCESS,True,TXN_00047630
ATM_0000439,SYN1000008396,ATM_SYN_9132,LOC_00001,2025-10-09T07:26:00+00:00,40000.0,SUCCESS,True,TXN_00047683
ATM_0000440,SYN1000006955,ATM_SYN_4662,LOC_00002,2025-10-11T04:29:00+00:00,29126.5,SUCCESS,True,TXN_00047724
ATM_0000441,SYN1000004085,ATM_SYN_9598,LOC_00001,2025-10-15T16:38:00+00:00,27018.01,SUCCESS,True,TXN_00047837
ATM_0000442,SYN1000006247,ATM_SYN_8245,LOC_00005,2025-10-16T16:45:00+00:00,26103.99,SUCCESS,True,TXN_00047860
ATM_0000443,SYN1000000921,ATM_SYN_6770,LOC_00001,2025-10-18T01:22:00+00:00,21928.43,SUCCESS,True,TXN_00047893
ATM_0000444,SYN1000000128,ATM_SYN_3409,LOC_00004,2025-10-18T22:41:00+00:00,40000.0,SUCCESS,True,TXN_00047914
ATM_0000445,SYN1000007699,ATM_SYN_2480,LOC_00004,2025-10-23T16:27:00+00:00,35229.69,SUCCESS,True,TXN_00048032
ATM_0000446,SYN1000000921,ATM_SYN_4931,LOC_00004,2025-10-24T13:31:00+00:00,23024.24,SUCCESS,True,TXN_00048048
ATM_0000447,SYN1000002029,ATM_SYN_4326,LOC_00004,2025-10-26T04:09:00+00:00,36045.92,SUCCESS,True,TXN_00048088
ATM_0000448,SYN1000003693,ATM_SYN_2081,LOC_00002,2025-10-27T07:25:00+00:00,40000.0,SUCCESS,True,TXN_00048111
ATM_0000449,SYN1000000864,ATM_SYN_4957,LOC_00002,2025-10-27T16:40:00+00:00,36282.53,SUCCESS,True,TXN_00048120
ATM_0000450,SYN1000008015,ATM_SYN_4610,LOC_00007,2025-10-27T19:37:00+00:00,36558.62,SUCCESS,True,TXN_00048122
ATM_0000451,SYN1000000276,ATM_SYN_9724,LOC_00002,2025-10-27T22:11:00+00:00,40000.0,SUCCESS,True,TXN_00048124
ATM_0000452,SYN1000009907,ATM_SYN_9673,LOC_00001,2025-10-28T04:23:00+00:00,39621.15,SUCCESS,True,TXN_00048128
ATM_0000453,SYN1000001788,ATM_SYN_7065,LOC_00001,2025-10-28T22:37:00+00:00,40000.0,SUCCESS,True,TXN_00048149
ATM_0000454,SYN1000003903,ATM_SYN_3419,LOC_00005,2025-10-29T07:34:00+00:00,40000.0,SUCCESS,True,TXN_00048156
ATM_0000455,SYN1000000830,ATM_SYN_8356,LOC_00005,2025-10-30T16:43:00+00:00,37133.11,SUCCESS,True,TXN_00048195
ATM_0000456,SYN1000002598,ATM_SYN_7191,LOC_00004,2025-11-02T04:08:00+00:00,31772.98,SUCCESS,True,TXN_00048264
ATM_0000457,SYN1000005351,ATM_SYN_9880,LOC_00003,2025-11-03T07:25:00+00:00,20570.53,SUCCESS,True,TXN_00048294
ATM_0000458,SYN1000006968,ATM_SYN_5246,LOC_00005,2025-11-03T13:46:00+00:00,36162.82,SUCCESS,True,TXN_00048301
ATM_0000459,SYN1000005345,ATM_SYN_6119,LOC_00006,2025-11-04T16:33:00+00:00,36556.73,SUCCESS,True,TXN_00048327
ATM_0000460,SYN1000000938,ATM_SYN_6931,LOC_00002,2025-11-05T22:38:00+00:00,40000.0,SUCCESS,True,TXN_00048347
ATM_0000461,SYN1000007490,ATM_SYN_8905,LOC_00005,2025-11-06T07:27:00+00:00,40000.0,SUCCESS,True,TXN_00048355
ATM_0000462,SYN1000001978,ATM_SYN_3886,LOC_00004,2025-11-06T19:11:00+00:00,32712.36,SUCCESS,True,TXN_00048363
ATM_0000463,SYN1000007378,ATM_SYN_6041,LOC_00006,2025-11-09T22:51:00+00:00,40000.0,SUCCESS,True,TXN_00048436
ATM_0000464,SYN1000001232,ATM_SYN_9368,LOC_00007,2025-11-10T07:10:00+00:00,25882.89,SUCCESS,True,TXN_00048444
ATM_0000465,SYN1000001265,ATM_SYN_7019,LOC_00005,2025-11-11T07:13:00+00:00,30477.96,SUCCESS,True,TXN_00048469
ATM_0000466,SYN1000006546,ATM_SYN_5540,LOC_00007,2025-11-11T10:10:00+00:00,35273.33,SUCCESS,True,TXN_00048471
ATM_0000467,SYN1000006088,ATM_SYN_7829,LOC_00001,2025-11-13T04:45:00+00:00,25918.33,SUCCESS,True,TXN_00048517
ATM_0000468,SYN1000005533,ATM_SYN_6559,LOC_00007,2025-11-14T04:51:00+00:00,27996.16,SUCCESS,True,TXN_00048540
ATM_0000469,SYN1000004332,ATM_SYN_2877,LOC_00004,2025-11-16T10:13:00+00:00,40000.0,SUCCESS,True,TXN_00048599
ATM_0000470,SYN1000001316,ATM_SYN_1562,LOC_00006,2025-11-16T16:48:00+00:00,35043.18,SUCCESS,True,TXN_00048603
ATM_0000471,SYN1000001058,ATM_SYN_7491,LOC_00004,2025-11-17T19:11:00+00:00,40000.0,SUCCESS,True,TXN_00048634
ATM_0000472,SYN1000005188,ATM_SYN_2250,LOC_00005,2025-11-19T10:38:00+00:00,22606.75,SUCCESS,True,TXN_00048670
ATM_0000473,SYN1000005345,ATM_SYN_9635,LOC_00003,2025-11-19T13:19:00+00:00,40000.0,SUCCESS,True,TXN_00048672
ATM_0000474,SYN1000005435,ATM_SYN_4130,LOC_00001,2025-11-19T16:49:00+00:00,40000.0,SUCCESS,True,TXN_00048674
ATM_0000475,SYN1000008711,ATM_SYN_2413,LOC_00004,2025-11-19T19:42:00+00:00,39812.11,SUCCESS,True,TXN_00048676
ATM_0000476,SYN1000004725,ATM_SYN_3965,LOC_00007,2025-11-20T01:49:00+00:00,40000.0,SUCCESS,True,TXN_00048680
ATM_0000477,SYN1000005850,ATM_SYN_8192,LOC_00004,2025-11-20T04:15:00+00:00,40000.0,SUCCESS,True,TXN_00048682
ATM_0000478,SYN1000003143,ATM_SYN_1311,LOC_00003,2025-11-20T19:35:00+00:00,20415.02,SUCCESS,True,TXN_00048695
ATM_0000479,SYN1000005816,ATM_SYN_3976,LOC_00003,2025-11-21T16:09:00+00:00,40000.0,SUCCESS,True,TXN_00048716
ATM_0000480,SYN1000001602,ATM_SYN_2746,LOC_00006,2025-11-23T01:36:00+00:00,40000.0,SUCCESS,True,TXN_00048751
ATM_0000481,SYN1000009228,ATM_SYN_5798,LOC_00004,2025-11-24T01:27:00+00:00,40000.0,SUCCESS,True,TXN_00048775
ATM_0000482,SYN1000005533,ATM_SYN_1004,LOC_00006,2025-11-24T16:26:00+00:00,38291.76,SUCCESS,True,TXN_00048790
ATM_0000483,SYN1000004523,ATM_SYN_2916,LOC_00005,2025-11-26T04:17:00+00:00,40000.0,SUCCESS,True,TXN_00048821
ATM_0000484,SYN1000008971,ATM_SYN_3860,LOC_00005,2025-11-26T10:10:00+00:00,40000.0,SUCCESS,True,TXN_00048828
ATM_0000485,SYN1000000595,ATM_SYN_8885,LOC_00004,2025-11-27T04:23:00+00:00,38132.55,SUCCESS,True,TXN_00048849
ATM_0000486,SYN1000006955,ATM_SYN_7179,LOC_00004,2025-11-27T22:12:00+00:00,21380.17,SUCCESS,True,TXN_00048865
ATM_0000487,SYN1000001658,ATM_SYN_7557,LOC_00004,2025-11-28T07:33:00+00:00,35128.94,SUCCESS,True,TXN_00048872
ATM_0000488,SYN1000003257,ATM_SYN_8067,LOC_00003,2025-11-28T19:24:00+00:00,40000.0,SUCCESS,True,TXN_00048882
ATM_0000489,SYN1000008077,ATM_SYN_6183,LOC_00007,2025-11-29T04:43:00+00:00,33305.4,SUCCESS,True,TXN_00048890
ATM_0000490,SYN1000009342,ATM_SYN_6495,LOC_00004,2025-11-30T04:47:00+00:00,38807.88,SUCCESS,True,TXN_00048910
ATM_0000491,SYN1000006964,ATM_SYN_4792,LOC_00005,2025-12-01T22:19:00+00:00,40000.0,SUCCESS,True,TXN_00048952
ATM_0000492,SYN1000007686,ATM_SYN_6186,LOC_00003,2025-12-02T10:48:00+00:00,40000.0,SUCCESS,True,TXN_00048961
ATM_0000493,SYN1000008165,ATM_SYN_5186,LOC_00003,2025-12-03T07:32:00+00:00,40000.0,SUCCESS,True,TXN_00048981
ATM_0000494,SYN1000006413,ATM_SYN_5252,LOC_00005,2025-12-03T10:27:00+00:00,38582.84,SUCCESS,True,TXN_00048983
ATM_0000495,SYN1000004804,ATM_SYN_4192,LOC_00162,2024-08-11T23:37:34+00:00,3000.0,SUCCESS,False,TXN_00048984
ATM_0000496,SYN1000000786,ATM_SYN_7865,LOC_00307,2024-09-05T09:27:12+00:00,5000.0,SUCCESS,False,TXN_00048985
ATM_0000497,SYN1000004378,ATM_SYN_6218,LOC_00422,2024-09-02T15:43:40+00:00,20000.0,SUCCESS,False,TXN_00048986
ATM_0000498,SYN1000001013,ATM_SYN_7762,LOC_00469,2024-08-11T14:08:01+00:00,3000.0,SUCCESS,False,TXN_00048987
ATM_0000499,SYN1000002780,ATM_SYN_5783,LOC_00119,2024-09-02T02:24:55+00:00,1000.0,SUCCESS,False,TXN_00048988
ATM_0000500,SYN1000002351,ATM_SYN_4342,LOC_00495,2024-08-04T15:37:08+00:00,3000.0,SUCCESS,False,TXN_00048989
ATM_0000501,SYN1000004344,ATM_SYN_7403,LOC_00307,2024-08-25T08:06:52+00:00,3000.0,SUCCESS,False,TXN_00048990
ATM_0000502,SYN1000009848,ATM_SYN_8278,LOC_00241,2024-08-11T14:44:59+00:00,10000.0,SUCCESS,False,TXN_00048991
ATM_0000503,SYN1000001494,ATM_SYN_9969,LOC_00453,2024-08-19T02:38:51+00:00,5000.0,SUCCESS,False,TXN_00048992
ATM_0000504,SYN1000003086,ATM_SYN_8229,LOC_00250,2024-08-29T05:36:50+00:00,3000.0,SUCCESS,False,TXN_00048993
ATM_0000505,SYN1000007927,ATM_SYN_6127,LOC_00402,2024-08-18T01:30:23+00:00,1000.0,SUCCESS,False,TXN_00048994
ATM_0000506,SYN1000008789,ATM_SYN_6346,LOC_00097,2024-08-28T19:38:41+00:00,15000.0,SUCCESS,False,TXN_00048995
ATM_0000507,SYN1000007381,ATM_SYN_3677,LOC_00199,2024-08-28T22:43:58+00:00,10000.0,SUCCESS,False,TXN_00048996
ATM_0000508,SYN1000001389,ATM_SYN_1069,LOC_00153,2024-08-18T05:19:37+00:00,3000.0,SUCCESS,False,TXN_00048997
ATM_0000509,SYN1000008122,ATM_SYN_7799,LOC_00260,2024-08-23T20:12:33+00:00,20000.0,SUCCESS,False,TXN_00048998
ATM_0000510,SYN1000005730,ATM_SYN_4169,LOC_00303,2024-08-17T10:16:27+00:00,15000.0,SUCCESS,False,TXN_00048999
ATM_0000511,SYN1000003406,ATM_SYN_8966,LOC_00048,2024-08-17T22:35:38+00:00,15000.0,SUCCESS,False,TXN_00049000
ATM_0000512,SYN1000008410,ATM_SYN_5105,LOC_00317,2024-08-16T10:38:26+00:00,3000.0,SUCCESS,False,TXN_00049001
ATM_0000513,SYN1000001635,ATM_SYN_5679,LOC_00134,2024-08-07T07:08:10+00:00,10000.0,SUCCESS,False,TXN_00049002
ATM_0000514,SYN1000001759,ATM_SYN_5802,LOC_00143,2024-08-15T22:59:30+00:00,10000.0,SUCCESS,False,TXN_00049003
ATM_0000515,SYN1000000541,ATM_SYN_4632,LOC_00309,2024-08-17T19:03:37+00:00,1000.0,SUCCESS,False,TXN_00049004
ATM_0000516,SYN1000002498,ATM_SYN_3189,LOC_00444,2024-08-08T20:55:17+00:00,5000.0,SUCCESS,False,TXN_00049005
ATM_0000517,SYN1000005454,ATM_SYN_6084,LOC_00068,2024-08-22T13:24:56+00:00,2000.0,SUCCESS,False,TXN_00049006
ATM_0000518,SYN1000002671,ATM_SYN_9006,LOC_00100,2024-08-30T06:53:41+00:00,2000.0,SUCCESS,False,TXN_00049007
ATM_0000519,SYN1000008915,ATM_SYN_1139,LOC_00256,2024-08-20T19:58:36+00:00,1000.0,SUCCESS,False,TXN_00049008
ATM_0000520,SYN1000002321,ATM_SYN_1289,LOC_00070,2024-08-11T18:46:35+00:00,3000.0,SUCCESS,False,TXN_00049009
ATM_0000521,SYN1000005153,ATM_SYN_7426,LOC_00240,2024-08-11T17:49:54+00:00,20000.0,SUCCESS,False,TXN_00049010
ATM_0000522,SYN1000008739,ATM_SYN_1951,LOC_00395,2024-09-03T18:27:20+00:00,5000.0,SUCCESS,False,TXN_00049011
ATM_0000523,SYN1000006184,ATM_SYN_4020,LOC_00354,2024-08-15T06:48:07+00:00,3000.0,SUCCESS,False,TXN_00049012
ATM_0000524,SYN1000006782,ATM_SYN_8127,LOC_00448,2024-08-02T11:17:18+00:00,5000.0,SUCCESS,False,TXN_00049013
ATM_0000525,SYN1000006366,ATM_SYN_2946,LOC_00364,2024-08-17T09:11:32+00:00,20000.0,SUCCESS,False,TXN_00049014
ATM_0000526,SYN1000001499,ATM_SYN_9835,LOC_00478,2024-08-31T06:43:08+00:00,3000.0,SUCCESS,False,TXN_00049015
ATM_0000527,SYN1000009835,ATM_SYN_7523,LOC_00182,2024-08-25T10:28:23+00:00,3000.0,SUCCESS,False,TXN_00049016
ATM_0000528,SYN1000008962,ATM_SYN_1550,LOC_00380,2024-09-06T20:22:50+00:00,3000.0,SUCCESS,False,TXN_00049017
ATM_0000529,SYN1000001079,ATM_SYN_4937,LOC_00096,2024-09-02T11:56:22+00:00,10000.0,SUCCESS,False,TXN_00049018
ATM_0000530,SYN1000000252,ATM_SYN_2639,LOC_00290,2024-09-01T17:00:21+00:00,5000.0,SUCCESS,False,TXN_00049019
ATM_0000531,SYN1000009029,ATM_SYN_1293,LOC_00390,2024-08-02T04:00:15+00:00,15000.0,SUCCESS,False,TXN_00049020
ATM_0000532,SYN1000006976,ATM_SYN_6267,LOC_00499,2024-08-03T06:17:13+00:00,5000.0,SUCCESS,False,TXN_00049021
ATM_0000533,SYN1000001797,ATM_SYN_1790,LOC_00023,2024-08-12T02:24:01+00:00,1000.0,SUCCESS,False,TXN_00049022
ATM_0000534,SYN1000004618,ATM_SYN_9049,LOC_00164,2024-08-23T23:25:30+00:00,10000.0,SUCCESS,False,TXN_00049023
ATM_0000535,SYN1000005550,ATM_SYN_2665,LOC_00188,2024-08-30T16:44:30+00:00,10000.0,SUCCESS,False,TXN_00049024
ATM_0000536,SYN1000000745,ATM_SYN_9010,LOC_00289,2024-08-28T12:05:47+00:00,20000.0,SUCCESS,False,TXN_00049025
ATM_0000537,SYN1000005323,ATM_SYN_6612,LOC_00318,2024-09-07T09:12:32+00:00,3000.0,SUCCESS,False,TXN_00049026
ATM_0000538,SYN1000003466,ATM_SYN_5034,LOC_00008,2024-08-24T03:49:17+00:00,3000.0,SUCCESS,False,TXN_00049027
ATM_0000539,SYN1000004233,ATM_SYN_2551,LOC_00423,2024-09-02T18:02:24+00:00,2000.0,SUCCESS,False,TXN_00049028
ATM_0000540,SYN1000004017,ATM_SYN_2358,LOC_00424,2024-08-19T10:27:13+00:00,15000.0,SUCCESS,False,TXN_00049029
ATM_0000541,SYN1000000258,ATM_SYN_5087,LOC_00238,2024-08-02T05:05:16+00:00,5000.0,SUCCESS,False,TXN_00049030
ATM_0000542,SYN1000008139,ATM_SYN_2799,LOC_00366,2024-08-15T12:26:10+00:00,2000.0,SUCCESS,False,TXN_00049031
ATM_0000543,SYN1000002746,ATM_SYN_3217,LOC_00363,2024-08-10T05:54:45+00:00,5000.0,SUCCESS,False,TXN_00049032
ATM_0000544,SYN1000007287,ATM_SYN_4514,LOC_00302,2024-08-02T21:01:55+00:00,5000.0,SUCCESS,False,TXN_00049033
ATM_0000545,SYN1000001997,ATM_SYN_8197,LOC_00394,2024-08-14T13:24:32+00:00,5000.0,SUCCESS,False,TXN_00049034
ATM_0000546,SYN1000000360,ATM_SYN_5909,LOC_00231,2024-08-02T10:58:30+00:00,2000.0,SUCCESS,False,TXN_00049035
ATM_0000547,SYN1000000596,ATM_SYN_8007,LOC_00221,2024-08-18T09:08:26+00:00,20000.0,SUCCESS,False,TXN_00049036
ATM_0000548,SYN1000002996,ATM_SYN_8622,LOC_00072,2024-08-30T16:22:24+00:00,20000.0,SUCCESS,False,TXN_00049037
ATM_0000549,SYN1000000451,ATM_SYN_3856,LOC_00394,2024-08-10T05:54:31+00:00,20000.0,SUCCESS,False,TXN_00049038
ATM_0000550,SYN1000000430,ATM_SYN_1382,LOC_00052,2024-08-11T02:41:45+00:00,15000.0,SUCCESS,False,TXN_00049039
ATM_0000551,SYN1000000432,ATM_SYN_6913,LOC_00021,2024-08-29T11:21:45+00:00,10000.0,SUCCESS,False,TXN_00049040
ATM_0000552,SYN1000009406,ATM_SYN_1832,LOC_00361,2024-08-23T11:16:04+00:00,15000.0,SUCCESS,False,TXN_00049041
ATM_0000553,SYN1000004583,ATM_SYN_2422,LOC_00452,2024-08-18T04:01:48+00:00,10000.0,SUCCESS,False,TXN_00049042
ATM_0000554,SYN1000002412,ATM_SYN_3456,LOC_00212,2024-08-15T19:33:52+00:00,20000.0,SUCCESS,False,TXN_00049043
ATM_0000555,SYN1000003388,ATM_SYN_4655,LOC_00008,2024-08-12T17:45:54+00:00,20000.0,SUCCESS,False,TXN_00049044
ATM_0000556,SYN1000004904,ATM_SYN_2916,LOC_00332,2024-09-01T12:19:19+00:00,5000.0,SUCCESS,False,TXN_00049045
ATM_0000557,SYN1000003445,ATM_SYN_6349,LOC_00100,2024-08-09T18:35:01+00:00,3000.0,SUCCESS,False,TXN_00049046
ATM_0000558,SYN1000006526,ATM_SYN_3248,LOC_00160,2024-08-31T02:15:16+00:00,5000.0,SUCCESS,False,TXN_00049047
ATM_0000559,SYN1000008253,ATM_SYN_9346,LOC_00294,2024-08-25T03:07:10+00:00,15000.0,SUCCESS,False,TXN_00049048
ATM_0000560,SYN1000003210,ATM_SYN_7434,LOC_00057,2024-09-01T03:31:05+00:00,20000.0,SUCCESS,False,TXN_00049049
ATM_0000561,SYN1000005524,ATM_SYN_5572,LOC_00227,2024-08-10T23:13:53+00:00,5000.0,SUCCESS,False,TXN_00049050
ATM_0000562,SYN1000009894,ATM_SYN_9280,LOC_00323,2024-09-05T01:30:57+00:00,2000.0,SUCCESS,False,TXN_00049051
ATM_0000563,SYN1000007680,ATM_SYN_8178,LOC_00387,2024-08-20T18:56:54+00:00,15000.0,SUCCESS,False,TXN_00049052
ATM_0000564,SYN1000008382,ATM_SYN_8716,LOC_00119,2024-08-06T02:45:26+00:00,5000.0,SUCCESS,False,TXN_00049053
ATM_0000565,SYN1000001080,ATM_SYN_8961,LOC_00082,2024-08-02T01:59:29+00:00,10000.0,SUCCESS,False,TXN_00049054
ATM_0000566,SYN1000007864,ATM_SYN_2037,LOC_00169,2024-09-08T14:23:23+00:00,15000.0,SUCCESS,False,TXN_00049055
ATM_0000567,SYN1000008673,ATM_SYN_6044,LOC_00060,2024-08-11T04:51:53+00:00,2000.0,SUCCESS,False,TXN_00049056
ATM_0000568,SYN1000008980,ATM_SYN_1868,LOC_00343,2024-08-04T07:25:56+00:00,1000.0,SUCCESS,False,TXN_00049057
ATM_0000569,SYN1000009951,ATM_SYN_4597,LOC_00374,2024-09-02T10:46:25+00:00,2000.0,SUCCESS,False,TXN_00049058
ATM_0000570,SYN1000000550,ATM_SYN_4335,LOC_00456,2024-08-20T11:21:46+00:00,3000.0,SUCCESS,False,TXN_00049059
ATM_0000571,SYN1000009171,ATM_SYN_5051,LOC_00017,2024-08-09T16:43:50+00:00,10000.0,SUCCESS,False,TXN_00049060
ATM_0000572,SYN1000005109,ATM_SYN_8989,LOC_00038,2024-08-05T10:36:19+00:00,5000.0,SUCCESS,False,TXN_00049061
ATM_0000573,SYN1000007133,ATM_SYN_6195,LOC_00127,2024-08-10T18:12:00+00:00,3000.0,SUCCESS,False,TXN_00049062
ATM_0000574,SYN1000003176,ATM_SYN_5881,LOC_00272,2024-09-02T19:54:26+00:00,3000.0,SUCCESS,False,TXN_00049063
ATM_0000575,SYN1000008688,ATM_SYN_5301,LOC_00350,2024-08-23T02:35:05+00:00,5000.0,SUCCESS,False,TXN_00049064
ATM_0000576,SYN1000003678,ATM_SYN_7436,LOC_00136,2024-08-19T06:35:55+00:00,2000.0,SUCCESS,False,TXN_00049065
ATM_0000577,SYN1000000060,ATM_SYN_6180,LOC_00237,2024-09-02T01:38:09+00:00,2000.0,SUCCESS,False,TXN_00049066
ATM_0000578,SYN1000008041,ATM_SYN_2950,LOC_00408,2024-08-07T07:28:24+00:00,5000.0,SUCCESS,False,TXN_00049067
ATM_0000579,SYN1000005403,ATM_SYN_3836,LOC_00430,2024-08-25T22:55:52+00:00,15000.0,SUCCESS,False,TXN_00049068
ATM_0000580,SYN1000007836,ATM_SYN_3934,LOC_00389,2024-08-03T19:10:39+00:00,1000.0,SUCCESS,False,TXN_00049069
ATM_0000581,SYN1000002386,ATM_SYN_6060,LOC_00373,2024-08-13T07:01:20+00:00,3000.0,SUCCESS,False,TXN_00049070
ATM_0000582,SYN1000002732,ATM_SYN_9240,LOC_00479,2024-08-16T21:46:48+00:00,5000.0,SUCCESS,False,TXN_00049071
ATM_0000583,SYN1000003681,ATM_SYN_4459,LOC_00325,2024-09-06T02:48:18+00:00,20000.0,SUCCESS,False,TXN_00049072
ATM_0000584,SYN1000006586,ATM_SYN_4367,LOC_00226,2024-08-21T21:20:37+00:00,20000.0,SUCCESS,False,TXN_00049073
ATM_0000585,SYN1000002035,ATM_SYN_3861,LOC_00329,2024-08-27T09:47:57+00:00,15000.0,SUCCESS,False,TXN_00049074
ATM_0000586,SYN1000005674,ATM_SYN_6432,LOC_00434,2024-09-08T02:28:24+00:00,1000.0,SUCCESS,False,TXN_00049075
ATM_0000587,SYN1000001163,ATM_SYN_3741,LOC_00374,2024-09-10T01:40:22+00:00,5000.0,SUCCESS,False,TXN_00049076
ATM_0000588,SYN1000001482,ATM_SYN_1083,LOC_00251,2024-09-06T18:01:59+00:00,5000.0,SUCCESS,False,TXN_00049077
ATM_0000589,SYN1000001055,ATM_SYN_4640,LOC_00033,2024-08-31T20:25:26+00:00,2000.0,SUCCESS,False,TXN_00049078
ATM_0000590,SYN1000004824,ATM_SYN_6165,LOC_00202,2024-09-03T19:21:51+00:00,2000.0,SUCCESS,False,TXN_00049079
ATM_0000591,SYN1000001055,ATM_SYN_9285,LOC_00254,2024-08-13T22:44:24+00:00,15000.0,SUCCESS,False,TXN_00049080
ATM_0000592,SYN1000001807,ATM_SYN_3138,LOC_00343,2024-09-02T01:53:42+00:00,2000.0,SUCCESS,False,TXN_00049081
ATM_0000593,SYN1000004739,ATM_SYN_2168,LOC_00439,2024-09-04T20:34:51+00:00,1000.0,SUCCESS,False,TXN_00049082
ATM_0000594,SYN1000003949,ATM_SYN_2532,LOC_00053,2024-08-04T13:40:19+00:00,3000.0,SUCCESS,False,TXN_00049083
ATM_0000595,SYN1000008235,ATM_SYN_8800,LOC_00008,2024-08-11T20:37:21+00:00,20000.0,SUCCESS,False,TXN_00049084
ATM_0000596,SYN1000009245,ATM_SYN_8682,LOC_00185,2024-08-28T10:46:02+00:00,2000.0,SUCCESS,False,TXN_00049085
ATM_0000597,SYN1000001817,ATM_SYN_6259,LOC_00294,2024-08-25T20:55:41+00:00,15000.0,SUCCESS,False,TXN_00049086
ATM_0000598,SYN1000008888,ATM_SYN_6809,LOC_00071,2024-08-09T06:45:38+00:00,1000.0,SUCCESS,False,TXN_00049087
ATM_0000599,SYN1000001584,ATM_SYN_8153,LOC_00118,2024-08-06T20:40:28+00:00,20000.0,SUCCESS,False,TXN_00049088
ATM_0000600,SYN1000004807,ATM_SYN_1138,LOC_00249,2024-08-04T13:49:02+00:00,2000.0,SUCCESS,False,TXN_00049089
ATM_0000601,SYN1000006482,ATM_SYN_1156,LOC_00500,2024-08-12T12:07:20+00:00,1000.0,SUCCESS,False,TXN_00049090
ATM_0000602,SYN1000003322,ATM_SYN_4808,LOC_00127,2024-08-09T17:41:04+00:00,5000.0,SUCCESS,False,TXN_00049091
ATM_0000603,SYN1000000149,ATM_SYN_3039,LOC_00500,2024-08-28T12:18:05+00:00,5000.0,SUCCESS,False,TXN_00049092
ATM_0000604,SYN1000002954,ATM_SYN_4300,LOC_00185,2024-09-09T19:07:07+00:00,20000.0,SUCCESS,False,TXN_00049093
ATM_0000605,SYN1000008990,ATM_SYN_3846,LOC_00493,2024-09-08T08:34:43+00:00,15000.0,SUCCESS,False,TXN_00049094
ATM_0000606,SYN1000009397,ATM_SYN_8559,LOC_00243,2024-09-03T15:38:02+00:00,20000.0,SUCCESS,False,TXN_00049095
ATM_0000607,SYN1000007723,ATM_SYN_2123,LOC_00232,2024-09-04T22:25:35+00:00,3000.0,SUCCESS,False,TXN_00049096
ATM_0000608,SYN1000007403,ATM_SYN_9996,LOC_00242,2024-08-11T10:13:15+00:00,10000.0,SUCCESS,False,TXN_00049097
ATM_0000609,SYN1000003353,ATM_SYN_2649,LOC_00012,2024-09-08T22:26:33+00:00,20000.0,SUCCESS,False,TXN_00049098
ATM_0000610,SYN1000000110,ATM_SYN_1488,LOC_00361,2024-08-12T15:23:36+00:00,5000.0,SUCCESS,False,TXN_00049099
ATM_0000611,SYN1000008607,ATM_SYN_1839,LOC_00009,2024-08-21T09:11:39+00:00,15000.0,SUCCESS,False,TXN_00049100
ATM_0000612,SYN1000002494,ATM_SYN_6638,LOC_00381,2024-09-07T18:51:24+00:00,15000.0,SUCCESS,False,TXN_00049101
ATM_0000613,SYN1000005371,ATM_SYN_3291,LOC_00157,2024-08-31T00:29:39+00:00,5000.0,SUCCESS,False,TXN_00049102
ATM_0000614,SYN1000009414,ATM_SYN_5108,LOC_00061,2024-08-13T22:18:59+00:00,20000.0,SUCCESS,False,TXN_00049103
ATM_0000615,SYN1000006191,ATM_SYN_5067,LOC_00219,2024-08-27T11:27:35+00:00,1000.0,SUCCESS,False,TXN_00049104
ATM_0000616,SYN1000002389,ATM_SYN_6081,LOC_00165,2024-09-05T01:47:11+00:00,5000.0,SUCCESS,False,TXN_00049105
ATM_0000617,SYN1000005952,ATM_SYN_5434,LOC_00107,2024-08-04T19:07:47+00:00,10000.0,SUCCESS,False,TXN_00049106
ATM_0000618,SYN1000004012,ATM_SYN_2055,LOC_00402,2024-08-12T13:33:36+00:00,5000.0,SUCCESS,False,TXN_00049107
ATM_0000619,SYN1000003120,ATM_SYN_2334,LOC_00036,2024-08-20T05:08:28+00:00,3000.0,SUCCESS,False,TXN_00049108
ATM_0000620,SYN1000008974,ATM_SYN_1442,LOC_00435,2024-08-19T21:25:59+00:00,2000.0,SUCCESS,False,TXN_00049109
ATM_0000621,SYN1000009967,ATM_SYN_2884,LOC_00291,2024-09-10T00:39:13+00:00,5000.0,SUCCESS,False,TXN_00049110
ATM_0000622,SYN1000007536,ATM_SYN_6932,LOC_00137,2024-08-20T10:52:45+00:00,15000.0,SUCCESS,False,TXN_00049111
ATM_0000623,SYN1000007139,ATM_SYN_1693,LOC_00295,2024-08-10T12:32:49+00:00,1000.0,SUCCESS,False,TXN_00049112
ATM_0000624,SYN1000000416,ATM_SYN_2077,LOC_00162,2024-08-03T22:59:07+00:00,3000.0,SUCCESS,False,TXN_00049113
ATM_0000625,SYN1000000876,ATM_SYN_8224,LOC_00268,2024-08-11T11:35:57+00:00,10000.0,SUCCESS,False,TXN_00049114
ATM_0000626,SYN1000000271,ATM_SYN_6005,LOC_00242,2024-08-31T03:39:07+00:00,1000.0,SUCCESS,False,TXN_00049115
ATM_0000627,SYN1000002856,ATM_SYN_4586,LOC_00013,2024-08-29T21:02:17+00:00,5000.0,SUCCESS,False,TXN_00049116
ATM_0000628,SYN1000003317,ATM_SYN_7876,LOC_00300,2024-08-04T20:15:45+00:00,15000.0,SUCCESS,False,TXN_00049117
ATM_0000629,SYN1000004489,ATM_SYN_9775,LOC_00454,2024-08-15T20:55:09+00:00,1000.0,SUCCESS,False,TXN_00049118
ATM_0000630,SYN1000008839,ATM_SYN_6097,LOC_00124,2024-09-04T07:03:54+00:00,1000.0,SUCCESS,False,TXN_00049119
ATM_0000631,SYN1000009704,ATM_SYN_5263,LOC_00280,2024-08-28T04:52:28+00:00,20000.0,SUCCESS,False,TXN_00049120
ATM_0000632,SYN1000009984,ATM_SYN_1027,LOC_00327,2024-08-11T11:06:12+00:00,1000.0,SUCCESS,False,TXN_00049121
ATM_0000633,SYN1000003046,ATM_SYN_7317,LOC_00427,2024-08-02T09:34:09+00:00,2000.0,SUCCESS,False,TXN_00049122
ATM_0000634,SYN1000001920,ATM_SYN_1102,LOC_00341,2024-08-20T09:00:12+00:00,3000.0,SUCCESS,False,TXN_00049123
ATM_0000635,SYN1000009036,ATM_SYN_3776,LOC_00397,2024-09-04T15:51:20+00:00,2000.0,SUCCESS,False,TXN_00049124
ATM_0000636,SYN1000000931,ATM_SYN_5142,LOC_00395,2024-09-05T15:58:42+00:00,5000.0,SUCCESS,False,TXN_00049125
ATM_0000637,SYN1000000753,ATM_SYN_6668,LOC_00019,2024-08-15T09:01:59+00:00,2000.0,SUCCESS,False,TXN_00049126
ATM_0000638,SYN1000003264,ATM_SYN_2931,LOC_00279,2024-08-25T07:58:48+00:00,3000.0,SUCCESS,False,TXN_00049127
ATM_0000639,SYN1000006160,ATM_SYN_8070,LOC_00219,2024-08-06T23:50:24+00:00,3000.0,SUCCESS,False,TXN_00049128
ATM_0000640,SYN1000007023,ATM_SYN_2916,LOC_00047,2024-09-10T15:31:02+00:00,15000.0,SUCCESS,False,TXN_00049129
ATM_0000641,SYN1000009263,ATM_SYN_2344,LOC_00374,2024-08-05T00:58:25+00:00,20000.0,SUCCESS,False,TXN_00049130
ATM_0000642,SYN1000007232,ATM_SYN_5857,LOC_00126,2024-08-22T17:44:01+00:00,5000.0,SUCCESS,False,TXN_00049131
ATM_0000643,SYN1000006847,ATM_SYN_4932,LOC_00447,2024-08-14T20:08:04+00:00,10000.0,SUCCESS,False,TXN_00049132
ATM_0000644,SYN1000000212,ATM_SYN_5213,LOC_00288,2024-08-22T03:22:01+00:00,15000.0,SUCCESS,False,TXN_00049133
ATM_0000645,SYN1000001902,ATM_SYN_1681,LOC_00140,2024-09-01T21:47:55+00:00,5000.0,SUCCESS,False,TXN_00049134
ATM_0000646,SYN1000006909,ATM_SYN_6440,LOC_00379,2024-08-09T16:59:56+00:00,2000.0,SUCCESS,False,TXN_00049135
ATM_0000647,SYN1000002431,ATM_SYN_8206,LOC_00438,2024-08-17T00:21:43+00:00,1000.0,SUCCESS,False,TXN_00049136
ATM_0000648,SYN1000003940,ATM_SYN_3044,LOC_00161,2024-08-10T19:42:57+00:00,2000.0,SUCCESS,False,TXN_00049137
ATM_0000649,SYN1000002260,ATM_SYN_6520,LOC_00270,2024-08-28T06:12:19+00:00,1000.0,SUCCESS,False,TXN_00049138
ATM_0000650,SYN1000004936,ATM_SYN_8533,LOC_00093,2024-08-06T13:36:48+00:00,15000.0,SUCCESS,False,TXN_00049139
ATM_0000651,SYN1000005240,ATM_SYN_4150,LOC_00086,2024-08-13T22:23:28+00:00,5000.0,SUCCESS,False,TXN_00049140
ATM_0000652,SYN1000003441,ATM_SYN_7797,LOC_00324,2024-09-06T19:14:12+00:00,20000.0,SUCCESS,False,TXN_00049141
ATM_0000653,SYN1000009517,ATM_SYN_7650,LOC_00197,2024-09-08T18:22:56+00:00,3000.0,SUCCESS,False,TXN_00049142
ATM_0000654,SYN1000007824,ATM_SYN_9646,LOC_00382,2024-08-14T13:08:25+00:00,2000.0,SUCCESS,False,TXN_00049143
ATM_0000655,SYN1000003591,ATM_SYN_1541,LOC_00358,2024-08-20T06:52:49+00:00,3000.0,SUCCESS,False,TXN_00049144
ATM_0000656,SYN1000002628,ATM_SYN_1026,LOC_00051,2024-08-26T18:28:02+00:00,3000.0,SUCCESS,False,TXN_00049145
ATM_0000657,SYN1000001909,ATM_SYN_5283,LOC_00286,2024-08-09T07:44:06+00:00,10000.0,SUCCESS,False,TXN_00049146
ATM_0000658,SYN1000001272,ATM_SYN_3771,LOC_00018,2024-08-13T17:22:57+00:00,1000.0,SUCCESS,False,TXN_00049147
ATM_0000659,SYN1000002989,ATM_SYN_7276,LOC_00216,2024-08-24T23:20:22+00:00,15000.0,SUCCESS,False,TXN_00049148
ATM_0000660,SYN1000000260,ATM_SYN_4383,LOC_00376,2024-08-31T09:00:28+00:00,2000.0,SUCCESS,False,TXN_00049149
ATM_0000661,SYN1000009948,ATM_SYN_5177,LOC_00329,2024-08-11T17:18:24+00:00,2000.0,SUCCESS,False,TXN_00049150
ATM_0000662,SYN1000001727,ATM_SYN_4542,LOC_00112,2024-08-11T03:34:19+00:00,2000.0,SUCCESS,False,TXN_00049151
ATM_0000663,SYN1000002062,ATM_SYN_3457,LOC_00433,2024-08-14T04:39:22+00:00,15000.0,SUCCESS,False,TXN_00049152
ATM_0000664,SYN1000007393,ATM_SYN_8532,LOC_00160,2024-09-07T13:48:45+00:00,15000.0,SUCCESS,False,TXN_00049153
ATM_0000665,SYN1000004831,ATM_SYN_6670,LOC_00413,2024-08-19T04:18:42+00:00,15000.0,SUCCESS,False,TXN_00049154
ATM_0000666,SYN1000008746,ATM_SYN_3989,LOC_00153,2024-09-07T15:35:37+00:00,15000.0,SUCCESS,False,TXN_00049155
ATM_0000667,SYN1000000416,ATM_SYN_9805,LOC_00325,2024-08-27T10:12:39+00:00,3000.0,SUCCESS,False,TXN_00049156
ATM_0000668,SYN1000001672,ATM_SYN_2013,LOC_00090,2024-08-16T10:26:20+00:00,2000.0,SUCCESS,False,TXN_00049157
ATM_0000669,SYN1000008049,ATM_SYN_5789,LOC_00274,2024-09-10T05:26:54+00:00,20000.0,SUCCESS,False,TXN_00049158
ATM_0000670,SYN1000003817,ATM_SYN_4902,LOC_00312,2024-08-18T15:01:33+00:00,10000.0,SUCCESS,False,TXN_00049159
ATM_0000671,SYN1000008171,ATM_SYN_1087,LOC_00348,2024-09-03T15:31:50+00:00,2000.0,SUCCESS,False,TXN_00049160
ATM_0000672,SYN1000004937,ATM_SYN_5982,LOC_00075,2024-08-26T07:00:58+00:00,20000.0,SUCCESS,False,TXN_00049161
ATM_0000673,SYN1000005719,ATM_SYN_9672,LOC_00154,2024-08-31T03:33:23+00:00,5000.0,SUCCESS,False,TXN_00049162
ATM_0000674,SYN1000007214,ATM_SYN_5328,LOC_00422,2024-08-10T18:39:12+00:00,5000.0,SUCCESS,False,TXN_00049163
ATM_0000675,SYN1000008457,ATM_SYN_5571,LOC_00414,2024-09-10T10:06:18+00:00,5000.0,SUCCESS,False,TXN_00049164
ATM_0000676,SYN1000009417,ATM_SYN_1650,LOC_00335,2024-09-01T04:56:52+00:00,15000.0,SUCCESS,False,TXN_00049165
ATM_0000677,SYN1000003391,ATM_SYN_9690,LOC_00374,2024-09-09T07:58:13+00:00,10000.0,SUCCESS,False,TXN_00049166
ATM_0000678,SYN1000007095,ATM_SYN_7550,LOC_00333,2024-08-13T15:09:18+00:00,20000.0,SUCCESS,False,TXN_00049167
ATM_0000679,SYN1000005795,ATM_SYN_8871,LOC_00425,2024-08-16T04:01:07+00:00,15000.0,SUCCESS,False,TXN_00049168
ATM_0000680,SYN1000008607,ATM_SYN_6751,LOC_00080,2024-08-31T14:37:18+00:00,20000.0,SUCCESS,False,TXN_00049169
ATM_0000681,SYN1000001928,ATM_SYN_8298,LOC_00294,2024-09-10T11:34:36+00:00,15000.0,SUCCESS,False,TXN_00049170
ATM_0000682,SYN1000002774,ATM_SYN_8729,LOC_00121,2024-09-03T22:07:28+00:00,15000.0,SUCCESS,False,TXN_00049171
ATM_0000683,SYN1000009597,ATM_SYN_4037,LOC_00401,2024-08-29T01:06:46+00:00,10000.0,SUCCESS,False,TXN_00049172
ATM_0000684,SYN1000000196,ATM_SYN_1142,LOC_00315,2024-08-11T02:39:58+00:00,5000.0,SUCCESS,False,TXN_00049173
ATM_0000685,SYN1000009054,ATM_SYN_5581,LOC_00259,2024-08-02T19:50:06+00:00,10000.0,SUCCESS,False,TXN_00049174
ATM_0000686,SYN1000007069,ATM_SYN_9988,LOC_00029,2024-09-07T16:25:18+00:00,15000.0,SUCCESS,False,TXN_00049175
ATM_0000687,SYN1000000023,ATM_SYN_1765,LOC_00342,2024-08-02T17:23:01+00:00,15000.0,SUCCESS,False,TXN_00049176
ATM_0000688,SYN1000005350,ATM_SYN_1234,LOC_00492,2024-08-13T22:55:24+00:00,3000.0,SUCCESS,False,TXN_00049177
ATM_0000689,SYN1000001912,ATM_SYN_1330,LOC_00194,2024-08-19T01:38:51+00:00,1000.0,SUCCESS,False,TXN_00049178
ATM_0000690,SYN1000007912,ATM_SYN_4223,LOC_00329,2024-08-02T18:33:26+00:00,5000.0,SUCCESS,False,TXN_00049179
ATM_0000691,SYN1000000028,ATM_SYN_9984,LOC_00048,2024-08-17T18:57:44+00:00,10000.0,SUCCESS,False,TXN_00049180
ATM_0000692,SYN1000000410,ATM_SYN_7639,LOC_00454,2024-08-12T06:27:14+00:00,3000.0,SUCCESS,False,TXN_00049181
ATM_0000693,SYN1000008814,ATM_SYN_6957,LOC_00298,2024-09-09T19:00:24+00:00,3000.0,SUCCESS,False,TXN_00049182
ATM_0000694,SYN1000006365,ATM_SYN_9538,LOC_00387,2024-08-13T01:25:40+00:00,2000.0,SUCCESS,False,TXN_00049183
ATM_0000695,SYN1000007967,ATM_SYN_5666,LOC_00481,2024-08-13T20:25:06+00:00,2000.0,SUCCESS,False,TXN_00049184
ATM_0000696,SYN1000007671,ATM_SYN_4405,LOC_00210,2024-08-21T21:51:07+00:00,20000.0,SUCCESS,False,TXN_00049185
ATM_0000697,SYN1000004467,ATM_SYN_7920,LOC_00142,2024-09-08T06:46:51+00:00,1000.0,SUCCESS,False,TXN_00049186
ATM_0000698,SYN1000005343,ATM_SYN_9357,LOC_00077,2024-08-05T02:49:49+00:00,1000.0,SUCCESS,False,TXN_00049187
ATM_0000699,SYN1000003225,ATM_SYN_2737,LOC_00303,2024-08-15T15:14:34+00:00,3000.0,SUCCESS,False,TXN_00049188
ATM_0000700,SYN1000007530,ATM_SYN_6526,LOC_00467,2024-08-21T03:58:43+00:00,15000.0,SUCCESS,False,TXN_00049189
ATM_0000701,SYN1000000978,ATM_SYN_3743,LOC_00162,2024-08-20T05:38:40+00:00,3000.0,SUCCESS,False,TXN_00049190
ATM_0000702,SYN1000004765,ATM_SYN_9348,LOC_00095,2024-08-11T07:53:02+00:00,5000.0,SUCCESS,False,TXN_00049191
ATM_0000703,SYN1000000224,ATM_SYN_2778,LOC_00156,2024-09-02T16:24:57+00:00,10000.0,SUCCESS,False,TXN_00049192
ATM_0000704,SYN1000006672,ATM_SYN_4934,LOC_00294,2024-08-30T18:56:06+00:00,1000.0,SUCCESS,False,TXN_00049193
ATM_0000705,SYN1000007610,ATM_SYN_4467,LOC_00309,2024-09-10T11:05:06+00:00,3000.0,SUCCESS,False,TXN_00049194
ATM_0000706,SYN1000008187,ATM_SYN_4522,LOC_00382,2024-08-21T08:40:00+00:00,5000.0,SUCCESS,False,TXN_00049195
ATM_0000707,SYN1000007937,ATM_SYN_4272,LOC_00037,2024-08-26T08:14:57+00:00,15000.0,SUCCESS,False,TXN_00049196
ATM_0000708,SYN1000003373,ATM_SYN_5843,LOC_00258,2024-08-15T13:20:26+00:00,5000.0,SUCCESS,False,TXN_00049197
ATM_0000709,SYN1000000492,ATM_SYN_8494,LOC_00197,2024-08-22T06:26:19+00:00,5000.0,SUCCESS,False,TXN_00049198
ATM_0000710,SYN1000008756,ATM_SYN_3704,LOC_00386,2024-08-13T11:26:30+00:00,15000.0,SUCCESS,False,TXN_00049199
ATM_0000711,SYN1000006615,ATM_SYN_9424,LOC_00080,2024-08-24T05:35:20+00:00,3000.0,SUCCESS,False,TXN_00049200
ATM_0000712,SYN1000001278,ATM_SYN_4085,LOC_00212,2024-09-10T15:33:31+00:00,15000.0,SUCCESS,False,TXN_00049201
ATM_0000713,SYN1000003754,ATM_SYN_1921,LOC_00285,2024-08-04T02:23:51+00:00,5000.0,SUCCESS,False,TXN_00049202
ATM_0000714,SYN1000004622,ATM_SYN_9077,LOC_00104,2024-08-02T18:53:44+00:00,2000.0,SUCCESS,False,TXN_00049203
ATM_0000715,SYN1000007161,ATM_SYN_5189,LOC_00377,2024-08-21T14:01:44+00:00,10000.0,SUCCESS,False,TXN_00049204
ATM_0000716,SYN1000007175,ATM_SYN_7606,LOC_00422,2024-08-29T10:30:39+00:00,1000.0,SUCCESS,False,TXN_00049205
ATM_0000717,SYN1000008372,ATM_SYN_6904,LOC_00355,2024-08-23T23:55:45+00:00,1000.0,SUCCESS,False,TXN_00049206
ATM_0000718,SYN1000007602,ATM_SYN_9659,LOC_00363,2024-08-09T09:57:53+00:00,15000.0,SUCCESS,False,TXN_00049207
ATM_0000719,SYN1000004088,ATM_SYN_7533,LOC_00054,2024-08-07T14:52:55+00:00,2000.0,SUCCESS,False,TXN_00049208
ATM_0000720,SYN1000004244,ATM_SYN_7342,LOC_00388,2024-08-22T03:34:28+00:00,3000.0,SUCCESS,False,TXN_00049209
ATM_0000721,SYN1000003918,ATM_SYN_9113,LOC_00083,2024-08-27T12:10:26+00:00,1000.0,SUCCESS,False,TXN_00049210
ATM_0000722,SYN1000003856,ATM_SYN_3687,LOC_00334,2024-08-17T04:05:34+00:00,20000.0,SUCCESS,False,TXN_00049211
ATM_0000723,SYN1000005897,ATM_SYN_4306,LOC_00179,2024-08-23T20:54:32+00:00,2000.0,SUCCESS,False,TXN_00049212
ATM_0000724,SYN1000008585,ATM_SYN_5578,LOC_00011,2024-08-13T17:20:15+00:00,15000.0,SUCCESS,False,TXN_00049213
ATM_0000725,SYN1000007806,ATM_SYN_2252,LOC_00241,2024-08-05T02:19:03+00:00,10000.0,SUCCESS,False,TXN_00049214
ATM_0000726,SYN1000005771,ATM_SYN_2974,LOC_00399,2024-08-02T08:52:38+00:00,10000.0,SUCCESS,False,TXN_00049215
ATM_0000727,SYN1000001777,ATM_SYN_5947,LOC_00430,2024-08-03T15:23:29+00:00,2000.0,SUCCESS,False,TXN_00049216
ATM_0000728,SYN1000002296,ATM_SYN_6982,LOC_00461,2024-08-15T13:10:37+00:00,15000.0,SUCCESS,False,TXN_00049217
ATM_0000729,SYN1000005043,ATM_SYN_2334,LOC_00172,2024-09-04T13:20:05+00:00,5000.0,SUCCESS,False,TXN_00049218
ATM_0000730,SYN1000005759,ATM_SYN_2365,LOC_00082,2024-08-31T10:49:54+00:00,1000.0,SUCCESS,False,TXN_00049219
ATM_0000731,SYN1000004050,ATM_SYN_6400,LOC_00147,2024-08-29T21:16:45+00:00,20000.0,SUCCESS,False,TXN_00049220
ATM_0000732,SYN1000006283,ATM_SYN_2794,LOC_00031,2024-08-17T01:45:40+00:00,15000.0,SUCCESS,False,TXN_00049221
ATM_0000733,SYN1000005825,ATM_SYN_8075,LOC_00054,2024-08-11T15:20:49+00:00,10000.0,SUCCESS,False,TXN_00049222
ATM_0000734,SYN1000005158,ATM_SYN_3092,LOC_00040,2024-08-17T01:59:17+00:00,1000.0,SUCCESS,False,TXN_00049223
ATM_0000735,SYN1000007777,ATM_SYN_9791,LOC_00426,2024-09-04T23:08:49+00:00,3000.0,SUCCESS,False,TXN_00049224
ATM_0000736,SYN1000005530,ATM_SYN_7129,LOC_00072,2024-08-24T08:25:54+00:00,5000.0,SUCCESS,False,TXN_00049225
ATM_0000737,SYN1000000294,ATM_SYN_7225,LOC_00219,2024-08-28T21:55:26+00:00,2000.0,SUCCESS,False,TXN_00049226
ATM_0000738,SYN1000009717,ATM_SYN_2330,LOC_00130,2024-08-27T08:28:53+00:00,5000.0,SUCCESS,False,TXN_00049227
ATM_0000739,SYN1000006558,ATM_SYN_5092,LOC_00481,2024-08-04T10:52:14+00:00,5000.0,SUCCESS,False,TXN_00049228
ATM_0000740,SYN1000002710,ATM_SYN_7349,LOC_00103,2024-08-30T01:01:27+00:00,5000.0,SUCCESS,False,TXN_00049229
ATM_0000741,SYN1000007902,ATM_SYN_6557,LOC_00072,2024-08-24T16:57:54+00:00,1000.0,SUCCESS,False,TXN_00049230
ATM_0000742,SYN1000001396,ATM_SYN_5105,LOC_00405,2024-08-22T17:15:57+00:00,2000.0,SUCCESS,False,TXN_00049231
ATM_0000743,SYN1000007940,ATM_SYN_1975,LOC_00156,2024-08-14T16:17:15+00:00,5000.0,SUCCESS,False,TXN_00049232
ATM_0000744,SYN1000005186,ATM_SYN_4506,LOC_00332,2024-09-09T13:04:49+00:00,2000.0,SUCCESS,False,TXN_00049233
ATM_0000745,SYN1000008705,ATM_SYN_5006,LOC_00444,2024-08-28T04:01:31+00:00,20000.0,SUCCESS,False,TXN_00049234
ATM_0000746,SYN1000001071,ATM_SYN_5515,LOC_00046,2024-08-09T00:27:36+00:00,10000.0,SUCCESS,False,TXN_00049235
ATM_0000747,SYN1000004912,ATM_SYN_8943,LOC_00263,2024-08-06T02:59:16+00:00,1000.0,SUCCESS,False,TXN_00049236
ATM_0000748,SYN1000007953,ATM_SYN_6959,LOC_00235,2024-08-26T01:38:14+00:00,15000.0,SUCCESS,False,TXN_00049237
ATM_0000749,SYN1000000823,ATM_SYN_4856,LOC_00301,2024-08-29T16:41:38+00:00,2000.0,SUCCESS,False,TXN_00049238
ATM_0000750,SYN1000008025,ATM_SYN_8775,LOC_00209,2024-08-31T15:31:40+00:00,2000.0,SUCCESS,False,TXN_00049239
ATM_0000751,SYN1000007788,ATM_SYN_1606,LOC_00235,2024-09-05T08:52:20+00:00,20000.0,SUCCESS,False,TXN_00049240
ATM_0000752,SYN1000001128,ATM_SYN_2341,LOC_00419,2024-08-15T04:43:58+00:00,10000.0,SUCCESS,False,TXN_00049241
ATM_0000753,SYN1000005378,ATM_SYN_7426,LOC_00432,2024-08-02T02:53:16+00:00,15000.0,SUCCESS,False,TXN_00049242
ATM_0000754,SYN1000006037,ATM_SYN_8390,LOC_00184,2024-08-26T22:57:36+00:00,15000.0,SUCCESS,False,TXN_00049243
ATM_0000755,SYN1000001496,ATM_SYN_2373,LOC_00264,2024-08-23T13:04:21+00:00,15000.0,SUCCESS,False,TXN_00049244
ATM_0000756,SYN1000008668,ATM_SYN_8213,LOC_00414,2024-08-22T06:33:11+00:00,1000.0,SUCCESS,False,TXN_00049245
ATM_0000757,SYN1000001593,ATM_SYN_3302,LOC_00179,2024-08-10T23:49:12+00:00,20000.0,SUCCESS,False,TXN_00049246
ATM_0000758,SYN1000009480,ATM_SYN_7473,LOC_00336,2024-08-27T12:53:00+00:00,15000.0,SUCCESS,False,TXN_00049247
ATM_0000759,SYN1000005484,ATM_SYN_8662,LOC_00428,2024-09-09T15:14:31+00:00,15000.0,SUCCESS,False,TXN_00049248
ATM_0000760,SYN1000004106,ATM_SYN_9010,LOC_00240,2024-08-25T06:13:51+00:00,10000.0,SUCCESS,False,TXN_00049249
ATM_0000761,SYN1000008203,ATM_SYN_7468,LOC_00116,2024-08-27T07:05:28+00:00,10000.0,SUCCESS,False,TXN_00049250
ATM_0000762,SYN1000005997,ATM_SYN_5733,LOC_00361,2024-08-10T20:17:13+00:00,15000.0,SUCCESS,False,TXN_00049251
ATM_0000763,SYN1000003080,ATM_SYN_5277,LOC_00191,2024-08-17T09:27:44+00:00,15000.0,SUCCESS,False,TXN_00049252
ATM_0000764,SYN1000001514,ATM_SYN_7630,LOC_00484,2024-08-26T21:58:42+00:00,10000.0,SUCCESS,False,TXN_00049253
ATM_0000765,SYN1000004042,ATM_SYN_7920,LOC_00222,2024-09-02T10:12:11+00:00,20000.0,SUCCESS,False,TXN_00049254
ATM_0000766,SYN1000009652,ATM_SYN_2283,LOC_00147,2024-08-26T18:33:08+00:00,1000.0,SUCCESS,False,TXN_00049255
ATM_0000767,SYN1000007615,ATM_SYN_4435,LOC_00132,2024-08-15T20:37:36+00:00,20000.0,SUCCESS,False,TXN_00049256
ATM_0000768,SYN1000006476,ATM_SYN_8493,LOC_00016,2024-08-11T08:40:25+00:00,15000.0,SUCCESS,False,TXN_00049257
ATM_0000769,SYN1000005192,ATM_SYN_7266,LOC_00016,2024-08-31T13:39:40+00:00,2000.0,SUCCESS,False,TXN_00049258
ATM_0000770,SYN1000007218,ATM_SYN_7908,LOC_00397,2024-09-09T07:49:07+00:00,10000.0,SUCCESS,False,TXN_00049259
ATM_0000771,SYN1000007500,ATM_SYN_7689,LOC_00294,2024-08-05T11:49:32+00:00,5000.0,SUCCESS,False,TXN_00049260
ATM_0000772,SYN1000005081,ATM_SYN_5667,LOC_00406,2024-09-01T18:59:50+00:00,10000.0,SUCCESS,False,TXN_00049261
ATM_0000773,SYN1000002800,ATM_SYN_3542,LOC_00275,2024-09-03T05:35:49+00:00,15000.0,SUCCESS,False,TXN_00049262
ATM_0000774,SYN1000001461,ATM_SYN_5086,LOC_00331,2024-09-01T01:14:22+00:00,5000.0,SUCCESS,False,TXN_00049263
ATM_0000775,SYN1000007669,ATM_SYN_8417,LOC_00100,2024-08-08T01:18:00+00:00,20000.0,SUCCESS,False,TXN_00049264
ATM_0000776,SYN1000001871,ATM_SYN_8111,LOC_00103,2024-09-10T01:58:35+00:00,20000.0,SUCCESS,False,TXN_00049265
ATM_0000777,SYN1000003972,ATM_SYN_4561,LOC_00232,2024-08-26T08:51:40+00:00,5000.0,SUCCESS,False,TXN_00049266
ATM_0000778,SYN1000000508,ATM_SYN_2761,LOC_00422,2024-09-04T05:55:25+00:00,3000.0,SUCCESS,False,TXN_00049267
ATM_0000779,SYN1000001711,ATM_SYN_8841,LOC_00491,2024-09-07T11:16:52+00:00,15000.0,SUCCESS,False,TXN_00049268
ATM_0000780,SYN1000001582,ATM_SYN_5636,LOC_00040,2024-08-21T12:39:39+00:00,2000.0,SUCCESS,False,TXN_00049269
ATM_0000781,SYN1000004778,ATM_SYN_5443,LOC_00303,2024-08-22T04:20:01+00:00,20000.0,SUCCESS,False,TXN_00049270
ATM_0000782,SYN1000002792,ATM_SYN_9239,LOC_00068,2024-08-10T00:46:44+00:00,1000.0,SUCCESS,False,TXN_00049271
ATM_0000783,SYN1000009648,ATM_SYN_1760,LOC_00408,2024-08-24T05:25:41+00:00,5000.0,SUCCESS,False,TXN_00049272
ATM_0000784,SYN1000009779,ATM_SYN_8033,LOC_00488,2024-09-06T01:48:21+00:00,15000.0,SUCCESS,False,TXN_00049273
ATM_0000785,SYN1000006520,ATM_SYN_7232,LOC_00107,2024-08-12T15:31:47+00:00,3000.0,SUCCESS,False,TXN_00049274
ATM_0000786,SYN1000008820,ATM_SYN_3493,LOC_00496,2024-09-01T08:53:11+00:00,15000.0,SUCCESS,False,TXN_00049275
ATM_0000787,SYN1000003569,ATM_SYN_6681,LOC_00065,2024-09-01T03:08:03+00:00,1000.0,SUCCESS,False,TXN_00049276
ATM_0000788,SYN1000003260,ATM_SYN_5095,LOC_00223,2024-08-07T03:46:41+00:00,5000.0,SUCCESS,False,TXN_00049277
ATM_0000789,SYN1000006767,ATM_SYN_3533,LOC_00045,2024-08-26T21:35:36+00:00,3000.0,SUCCESS,False,TXN_00049278
ATM_0000790,SYN1000006940,ATM_SYN_7430,LOC_00356,2024-09-09T16:55:06+00:00,5000.0,SUCCESS,False,TXN_00049279
ATM_0000791,SYN1000005965,ATM_SYN_1562,LOC_00267,2024-08-23T22:23:25+00:00,3000.0,SUCCESS,False,TXN_00049280
ATM_0000792,SYN1000005821,ATM_SYN_5319,LOC_00057,2024-08-17T21:46:24+00:00,5000.0,SUCCESS,False,TXN_00049281
ATM_0000793,SYN1000008062,ATM_SYN_7236,LOC_00062,2024-08-14T22:58:00+00:00,10000.0,SUCCESS,False,TXN_00049282
ATM_0000794,SYN1000003632,ATM_SYN_9941,LOC_00173,2024-08-15T18:16:21+00:00,20000.0,SUCCESS,False,TXN_00049283
ATM_0000795,SYN1000000551,ATM_SYN_3190,LOC_00479,2024-08-20T09:39:09+00:00,3000.0,SUCCESS,False,TXN_00049284
ATM_0000796,SYN1000009135,ATM_SYN_7987,LOC_00164,2024-08-28T18:30:09+00:00,1000.0,SUCCESS,False,TXN_00049285
ATM_0000797,SYN1000000435,ATM_SYN_2741,LOC_00372,2024-08-08T08:28:46+00:00,5000.0,SUCCESS,False,TXN_00049286
ATM_0000798,SYN1000008024,ATM_SYN_7564,LOC_00267,2024-08-11T16:23:56+00:00,3000.0,SUCCESS,False,TXN_00049287
ATM_0000799,SYN1000002304,ATM_SYN_5055,LOC_00400,2024-08-21T16:32:58+00:00,10000.0,SUCCESS,False,TXN_00049288
ATM_0000800,SYN1000002582,ATM_SYN_9258,LOC_00283,2024-08-17T14:31:12+00:00,15000.0,SUCCESS,False,TXN_00049289
ATM_0000801,SYN1000000415,ATM_SYN_6365,LOC_00082,2024-08-09T15:34:44+00:00,2000.0,SUCCESS,False,TXN_00049290
ATM_0000802,SYN1000006914,ATM_SYN_4872,LOC_00237,2024-08-10T11:25:44+00:00,3000.0,SUCCESS,False,TXN_00049291
ATM_0000803,SYN1000005500,ATM_SYN_4647,LOC_00136,2024-08-23T01:46:00+00:00,15000.0,SUCCESS,False,TXN_00049292
ATM_0000804,SYN1000001190,ATM_SYN_5987,LOC_00262,2024-08-19T20:05:17+00:00,15000.0,SUCCESS,False,TXN_00049293
ATM_0000805,SYN1000001534,ATM_SYN_2554,LOC_00458,2024-08-12T05:45:42+00:00,20000.0,SUCCESS,False,TXN_00049294
ATM_0000806,SYN1000004504,ATM_SYN_1291,LOC_00195,2024-09-05T10:44:58+00:00,1000.0,SUCCESS,False,TXN_00049295
ATM_0000807,SYN1000000731,ATM_SYN_8477,LOC_00216,2024-08-30T10:31:47+00:00,5000.0,SUCCESS,False,TXN_00049296
ATM_0000808,SYN1000002896,ATM_SYN_4750,LOC_00181,2024-09-10T11:36:30+00:00,20000.0,SUCCESS,False,TXN_00049297
ATM_0000809,SYN1000000805,ATM_SYN_8690,LOC_00499,2024-09-05T01:18:32+00:00,3000.0,SUCCESS,False,TXN_00049298
ATM_0000810,SYN1000000029,ATM_SYN_8019,LOC_00253,2024-08-28T02:45:16+00:00,1000.0,SUCCESS,False,TXN_00049299
ATM_0000811,SYN1000000403,ATM_SYN_3460,LOC_00414,2024-08-29T07:20:29+00:00,2000.0,SUCCESS,False,TXN_00049300
ATM_0000812,SYN1000004917,ATM_SYN_7449,LOC_00171,2024-09-10T12:58:43+00:00,5000.0,SUCCESS,False,TXN_00049301
ATM_0000813,SYN1000008591,ATM_SYN_9533,LOC_00298,2024-08-22T17:07:52+00:00,1000.0,SUCCESS,False,TXN_00049302
ATM_0000814,SYN1000002393,ATM_SYN_2725,LOC_00331,2024-08-09T04:47:54+00:00,2000.0,SUCCESS,False,TXN_00049303
ATM_0000815,SYN1000004073,ATM_SYN_8771,LOC_00265,2024-08-09T12:00:17+00:00,15000.0,SUCCESS,False,TXN_00049304
ATM_0000816,SYN1000003792,ATM_SYN_3673,LOC_00138,2024-08-12T11:21:37+00:00,15000.0,SUCCESS,False,TXN_00049305
ATM_0000817,SYN1000008142,ATM_SYN_5076,LOC_00498,2024-08-28T08:29:25+00:00,15000.0,SUCCESS,False,TXN_00049306
ATM_0000818,SYN1000001056,ATM_SYN_2487,LOC_00464,2024-09-10T04:02:11+00:00,15000.0,SUCCESS,False,TXN_00049307
ATM_0000819,SYN1000005963,ATM_SYN_8253,LOC_00467,2024-08-05T19:55:46+00:00,3000.0,SUCCESS,False,TXN_00049308
ATM_0000820,SYN1000003188,ATM_SYN_3107,LOC_00220,2024-09-03T20:22:48+00:00,15000.0,SUCCESS,False,TXN_00049309
ATM_0000821,SYN1000002771,ATM_SYN_5878,LOC_00400,2024-08-05T05:30:58+00:00,20000.0,SUCCESS,False,TXN_00049310
ATM_0000822,SYN1000006508,ATM_SYN_8088,LOC_00035,2024-09-08T04:37:00+00:00,1000.0,SUCCESS,False,TXN_00049311
ATM_0000823,SYN1000009823,ATM_SYN_6372,LOC_00237,2024-09-06T07:27:40+00:00,10000.0,SUCCESS,False,TXN_00049312
ATM_0000824,SYN1000002790,ATM_SYN_4887,LOC_00112,2024-08-30T09:55:24+00:00,20000.0,SUCCESS,False,TXN_00049313
ATM_0000825,SYN1000005485,ATM_SYN_2474,LOC_00200,2024-08-13T07:33:31+00:00,3000.0,SUCCESS,False,TXN_00049314
ATM_0000826,SYN1000001966,ATM_SYN_7566,LOC_00404,2024-08-25T14:43:59+00:00,5000.0,SUCCESS,False,TXN_00049315
ATM_0000827,SYN1000009037,ATM_SYN_2598,LOC_00016,2024-08-18T08:42:38+00:00,20000.0,SUCCESS,False,TXN_00049316
ATM_0000828,SYN1000001554,ATM_SYN_7581,LOC_00363,2024-09-04T11:53:59+00:00,1000.0,SUCCESS,False,TXN_00049317
ATM_0000829,SYN1000008860,ATM_SYN_3754,LOC_00326,2024-08-31T09:53:00+00:00,5000.0,SUCCESS,False,TXN_00049318
ATM_0000830,SYN1000006191,ATM_SYN_6811,LOC_00429,2024-08-22T10:10:35+00:00,1000.0,SUCCESS,False,TXN_00049319
ATM_0000831,SYN1000007567,ATM_SYN_8627,LOC_00267,2024-08-17T16:37:58+00:00,15000.0,SUCCESS,False,TXN_00049320
ATM_0000832,SYN1000000620,ATM_SYN_6293,LOC_00428,2024-08-25T07:48:25+00:00,5000.0,SUCCESS,False,TXN_00049321
ATM_0000833,SYN1000008908,ATM_SYN_9101,LOC_00310,2024-08-23T09:40:02+00:00,5000.0,SUCCESS,False,TXN_00049322
ATM_0000834,SYN1000001091,ATM_SYN_1319,LOC_00307,2024-09-05T12:27:16+00:00,1000.0,SUCCESS,False,TXN_00049323
ATM_0000835,SYN1000003963,ATM_SYN_8982,LOC_00191,2024-08-02T21:31:36+00:00,2000.0,SUCCESS,False,TXN_00049324
ATM_0000836,SYN1000004494,ATM_SYN_6950,LOC_00052,2024-09-03T11:07:49+00:00,10000.0,SUCCESS,False,TXN_00049325
ATM_0000837,SYN1000008120,ATM_SYN_1313,LOC_00198,2024-08-30T08:13:37+00:00,15000.0,SUCCESS,False,TXN_00049326
ATM_0000838,SYN1000009157,ATM_SYN_3623,LOC_00253,2024-08-26T10:08:36+00:00,1000.0,SUCCESS,False,TXN_00049327
ATM_0000839,SYN1000004309,ATM_SYN_6513,LOC_00326,2024-08-02T01:43:01+00:00,2000.0,SUCCESS,False,TXN_00049328
ATM_0000840,SYN1000000235,ATM_SYN_2914,LOC_00011,2024-08-14T19:40:47+00:00,10000.0,SUCCESS,False,TXN_00049329
ATM_0000841,SYN1000008068,ATM_SYN_6480,LOC_00447,2024-09-06T03:45:50+00:00,2000.0,SUCCESS,False,TXN_00049330
ATM_0000842,SYN1000003578,ATM_SYN_2351,LOC_00359,2024-09-08T18:16:29+00:00,5000.0,SUCCESS,False,TXN_00049331
ATM_0000843,SYN1000007452,ATM_SYN_2077,LOC_00236,2024-08-03T18:45:44+00:00,5000.0,SUCCESS,False,TXN_00049332
ATM_0000844,SYN1000001139,ATM_SYN_1223,LOC_00163,2024-08-15T07:55:48+00:00,3000.0,SUCCESS,False,TXN_00049333
ATM_0000845,SYN1000006960,ATM_SYN_6364,LOC_00371,2024-08-11T12:58:35+00:00,20000.0,SUCCESS,False,TXN_00049334
ATM_0000846,SYN1000005880,ATM_SYN_8865,LOC_00058,2024-08-22T05:06:50+00:00,3000.0,SUCCESS,False,TXN_00049335
ATM_0000847,SYN1000009854,ATM_SYN_6178,LOC_00121,2024-08-14T10:43:02+00:00,10000.0,SUCCESS,False,TXN_00049336
ATM_0000848,SYN1000002742,ATM_SYN_6749,LOC_00396,2024-09-06T03:12:06+00:00,2000.0,SUCCESS,False,TXN_00049337
ATM_0000849,SYN1000001512,ATM_SYN_3795,LOC_00191,2024-08-23T00:09:25+00:00,10000.0,SUCCESS,False,TXN_00049338
ATM_0000850,SYN1000006038,ATM_SYN_2090,LOC_00132,2024-09-05T01:04:16+00:00,10000.0,SUCCESS,False,TXN_00049339
ATM_0000851,SYN1000008339,ATM_SYN_7991,LOC_00247,2024-09-01T04:34:06+00:00,15000.0,SUCCESS,False,TXN_00049340
ATM_0000852,SYN1000003247,ATM_SYN_5747,LOC_00257,2024-08-26T12:41:10+00:00,3000.0,SUCCESS,False,TXN_00049341
ATM_0000853,SYN1000000171,ATM_SYN_1571,LOC_00098,2024-09-09T14:26:00+00:00,2000.0,SUCCESS,False,TXN_00049342
ATM_0000854,SYN1000008704,ATM_SYN_5513,LOC_00242,2024-08-15T03:45:59+00:00,10000.0,SUCCESS,False,TXN_00049343
ATM_0000855,SYN1000003614,ATM_SYN_3325,LOC_00260,2024-09-07T13:17:32+00:00,5000.0,SUCCESS,False,TXN_00049344
ATM_0000856,SYN1000001187,ATM_SYN_7000,LOC_00245,2024-08-13T11:17:37+00:00,10000.0,SUCCESS,False,TXN_00049345
ATM_0000857,SYN1000009726,ATM_SYN_1959,LOC_00176,2024-08-07T08:23:59+00:00,15000.0,SUCCESS,False,TXN_00049346
ATM_0000858,SYN1000007751,ATM_SYN_2661,LOC_00144,2024-08-16T19:22:10+00:00,3000.0,SUCCESS,False,TXN_00049347
ATM_0000859,SYN1000005110,ATM_SYN_3242,LOC_00353,2024-08-05T19:41:23+00:00,2000.0,SUCCESS,False,TXN_00049348
ATM_0000860,SYN1000006085,ATM_SYN_8897,LOC_00415,2024-09-10T13:36:52+00:00,2000.0,SUCCESS,False,TXN_00049349
ATM_0000861,SYN1000009258,ATM_SYN_4113,LOC_00143,2024-08-29T09:25:56+00:00,2000.0,SUCCESS,False,TXN_00049350
ATM_0000862,SYN1000009857,ATM_SYN_3882,LOC_00407,2024-08-23T17:32:26+00:00,5000.0,SUCCESS,False,TXN_00049351
ATM_0000863,SYN1000006717,ATM_SYN_9178,LOC_00165,2024-08-03T22:07:15+00:00,10000.0,SUCCESS,False,TXN_00049352
ATM_0000864,SYN1000006136,ATM_SYN_4871,LOC_00291,2024-09-08T01:30:05+00:00,3000.0,SUCCESS,False,TXN_00049353
ATM_0000865,SYN1000005665,ATM_SYN_7346,LOC_00113,2024-09-05T16:47:19+00:00,1000.0,SUCCESS,False,TXN_00049354
ATM_0000866,SYN1000005927,ATM_SYN_1795,LOC_00413,2024-09-01T14:36:26+00:00,15000.0,SUCCESS,False,TXN_00049355
ATM_0000867,SYN1000004208,ATM_SYN_5416,LOC_00479,2024-08-21T18:25:41+00:00,2000.0,SUCCESS,False,TXN_00049356
ATM_0000868,SYN1000004335,ATM_SYN_1701,LOC_00071,2024-09-05T20:10:26+00:00,3000.0,SUCCESS,False,TXN_00049357
ATM_0000869,SYN1000003109,ATM_SYN_6834,LOC_00183,2024-08-20T07:49:07+00:00,20000.0,SUCCESS,False,TXN_00049358
ATM_0000870,SYN1000009154,ATM_SYN_8763,LOC_00145,2024-08-13T03:21:19+00:00,20000.0,SUCCESS,False,TXN_00049359
ATM_0000871,SYN1000006845,ATM_SYN_4946,LOC_00315,2024-08-28T07:25:38+00:00,3000.0,SUCCESS,False,TXN_00049360
ATM_0000872,SYN1000006424,ATM_SYN_4590,LOC_00288,2024-08-29T01:50:42+00:00,1000.0,SUCCESS,False,TXN_00049361
ATM_0000873,SYN1000004387,ATM_SYN_1091,LOC_00135,2024-08-19T06:49:57+00:00,15000.0,SUCCESS,False,TXN_00049362
ATM_0000874,SYN1000005402,ATM_SYN_8151,LOC_00190,2024-08-30T08:12:55+00:00,10000.0,SUCCESS,False,TXN_00049363
ATM_0000875,SYN1000000039,ATM_SYN_9467,LOC_00470,2024-08-18T20:56:00+00:00,15000.0,SUCCESS,False,TXN_00049364
ATM_0000876,SYN1000001031,ATM_SYN_8153,LOC_00147,2024-08-16T13:21:45+00:00,3000.0,SUCCESS,False,TXN_00049365
ATM_0000877,SYN1000008289,ATM_SYN_3753,LOC_00238,2024-09-08T07:09:58+00:00,2000.0,SUCCESS,False,TXN_00049366
ATM_0000878,SYN1000001744,ATM_SYN_7108,LOC_00343,2024-09-03T23:18:14+00:00,2000.0,SUCCESS,False,TXN_00049367
ATM_0000879,SYN1000004229,ATM_SYN_4921,LOC_00281,2024-08-16T13:53:04+00:00,3000.0,SUCCESS,False,TXN_00049368
ATM_0000880,SYN1000006590,ATM_SYN_5549,LOC_00459,2024-08-16T09:20:41+00:00,2000.0,SUCCESS,False,TXN_00049369
ATM_0000881,SYN1000004060,ATM_SYN_5734,LOC_00256,2024-08-18T19:36:43+00:00,15000.0,SUCCESS,False,TXN_00049370
ATM_0000882,SYN1000003169,ATM_SYN_5799,LOC_00325,2024-08-10T07:28:18+00:00,20000.0,SUCCESS,False,TXN_00049371
ATM_0000883,SYN1000007930,ATM_SYN_8302,LOC_00308,2024-08-18T10:42:18+00:00,3000.0,SUCCESS,False,TXN_00049372
ATM_0000884,SYN1000004337,ATM_SYN_9344,LOC_00278,2024-08-07T04:01:02+00:00,15000.0,SUCCESS,False,TXN_00049373
ATM_0000885,SYN1000004410,ATM_SYN_9194,LOC_00455,2024-08-05T00:22:00+00:00,15000.0,SUCCESS,False,TXN_00049374
ATM_0000886,SYN1000002232,ATM_SYN_1790,LOC_00424,2024-08-25T16:53:32+00:00,3000.0,SUCCESS,False,TXN_00049375
ATM_0000887,SYN1000000824,ATM_SYN_6657,LOC_00406,2024-08-07T00:00:35+00:00,2000.0,SUCCESS,False,TXN_00049376
ATM_0000888,SYN1000005185,ATM_SYN_5365,LOC_00416,2024-08-14T18:40:20+00:00,15000.0,SUCCESS,False,TXN_00049377
ATM_0000889,SYN1000003149,ATM_SYN_6897,LOC_00114,2024-08-10T05:59:54+00:00,10000.0,SUCCESS,False,TXN_00049378
ATM_0000890,SYN1000004693,ATM_SYN_7200,LOC_00485,2024-08-29T16:19:58+00:00,20000.0,SUCCESS,False,TXN_00049379
ATM_0000891,SYN1000001444,ATM_SYN_5655,LOC_00184,2024-08-18T16:32:38+00:00,2000.0,SUCCESS,False,TXN_00049380
ATM_0000892,SYN1000001256,ATM_SYN_4325,LOC_00103,2024-08-05T19:09:14+00:00,10000.0,SUCCESS,False,TXN_00049381
ATM_0000893,SYN1000006711,ATM_SYN_5591,LOC_00090,2024-08-30T21:10:23+00:00,3000.0,SUCCESS,False,TXN_00049382
ATM_0000894,SYN1000003342,ATM_SYN_5318,LOC_00180,2024-09-04T08:02:12+00:00,1000.0,SUCCESS,False,TXN_00049383
ATM_0000895,SYN1000001195,ATM_SYN_4080,LOC_00106,2024-08-19T13:43:08+00:00,1000.0,SUCCESS,False,TXN_00049384
ATM_0000896,SYN1000007632,ATM_SYN_8717,LOC_00261,2024-08-27T18:49:47+00:00,15000.0,SUCCESS,False,TXN_00049385
ATM_0000897,SYN1000001018,ATM_SYN_6456,LOC_00053,2024-08-29T02:30:13+00:00,15000.0,SUCCESS,False,TXN_00049386
ATM_0000898,SYN1000001425,ATM_SYN_1258,LOC_00280,2024-08-07T23:11:06+00:00,15000.0,SUCCESS,False,TXN_00049387
ATM_0000899,SYN1000007452,ATM_SYN_9498,LOC_00056,2024-09-07T17:16:43+00:00,10000.0,SUCCESS,False,TXN_00049388
ATM_0000900,SYN1000004644,ATM_SYN_6417,LOC_00464,2024-08-03T23:58:11+00:00,1000.0,SUCCESS,False,TXN_00049389
ATM_0000901,SYN1000002613,ATM_SYN_7569,LOC_00434,2024-08-08T11:30:08+00:00,2000.0,SUCCESS,False,TXN_00049390
ATM_0000902,SYN1000002045,ATM_SYN_3743,LOC_00484,2024-09-07T17:14:01+00:00,5000.0,SUCCESS,False,TXN_00049391
ATM_0000903,SYN1000006461,ATM_SYN_8293,LOC_00354,2024-09-08T09:36:47+00:00,2000.0,SUCCESS,False,TXN_00049392
ATM_0000904,SYN1000004792,ATM_SYN_6130,LOC_00443,2024-08-20T14:23:32+00:00,3000.0,SUCCESS,False,TXN_00049393
ATM_0000905,SYN1000002705,ATM_SYN_3188,LOC_00340,2024-08-29T16:48:30+00:00,15000.0,SUCCESS,False,TXN_00049394
ATM_0000906,SYN1000006525,ATM_SYN_7867,LOC_00180,2024-08-27T23:07:01+00:00,15000.0,SUCCESS,False,TXN_00049395
ATM_0000907,SYN1000002967,ATM_SYN_1188,LOC_00265,2024-08-09T16:03:12+00:00,3000.0,SUCCESS,False,TXN_00049396
ATM_0000908,SYN1000001537,ATM_SYN_5975,LOC_00347,2024-09-09T02:01:16+00:00,20000.0,SUCCESS,False,TXN_00049397
ATM_0000909,SYN1000002938,ATM_SYN_5299,LOC_00471,2024-09-05T11:02:56+00:00,1000.0,SUCCESS,False,TXN_00049398
ATM_0000910,SYN1000000761,ATM_SYN_9259,LOC_00398,2024-08-26T06:34:51+00:00,3000.0,SUCCESS,False,TXN_00049399
ATM_0000911,SYN1000009934,ATM_SYN_2628,LOC_00278,2024-08-25T20:49:23+00:00,20000.0,SUCCESS,False,TXN_00049400
ATM_0000912,SYN1000002357,ATM_SYN_2983,LOC_00486,2024-08-10T22:40:46+00:00,3000.0,SUCCESS,False,TXN_00049401
ATM_0000913,SYN1000003960,ATM_SYN_8850,LOC_00192,2024-08-27T14:00:17+00:00,15000.0,SUCCESS,False,TXN_00049402
ATM_0000914,SYN1000005469,ATM_SYN_6014,LOC_00304,2024-08-16T16:36:20+00:00,2000.0,SUCCESS,False,TXN_00049403
ATM_0000915,SYN1000000990,ATM_SYN_6345,LOC_00447,2024-08-10T04:37:24+00:00,10000.0,SUCCESS,False,TXN_00049404
ATM_0000916,SYN1000000974,ATM_SYN_9956,LOC_00108,2024-08-08T00:56:26+00:00,1000.0,SUCCESS,False,TXN_00049405
ATM_0000917,SYN1000002373,ATM_SYN_3455,LOC_00172,2024-08-22T22:23:34+00:00,20000.0,SUCCESS,False,TXN_00049406
ATM_0000918,SYN1000005783,ATM_SYN_3502,LOC_00281,2024-08-05T19:40:39+00:00,20000.0,SUCCESS,False,TXN_00049407
ATM_0000919,SYN1000009361,ATM_SYN_5716,LOC_00034,2024-08-09T21:09:19+00:00,1000.0,SUCCESS,False,TXN_00049408
ATM_0000920,SYN1000009996,ATM_SYN_1910,LOC_00301,2024-08-31T06:18:24+00:00,15000.0,SUCCESS,False,TXN_00049409
ATM_0000921,SYN1000007080,ATM_SYN_1147,LOC_00449,2024-08-17T22:59:45+00:00,3000.0,SUCCESS,False,TXN_00049410
ATM_0000922,SYN1000006648,ATM_SYN_7056,LOC_00472,2024-09-08T22:50:19+00:00,20000.0,SUCCESS,False,TXN_00049411
ATM_0000923,SYN1000009581,ATM_SYN_7313,LOC_00153,2024-08-12T04:38:05+00:00,1000.0,SUCCESS,False,TXN_00049412
ATM_0000924,SYN1000009379,ATM_SYN_8251,LOC_00203,2024-08-31T14:56:35+00:00,1000.0,SUCCESS,False,TXN_00049413
ATM_0000925,SYN1000007053,ATM_SYN_2084,LOC_00025,2024-08-27T23:38:42+00:00,15000.0,SUCCESS,False,TXN_00049414
ATM_0000926,SYN1000000445,ATM_SYN_1671,LOC_00050,2024-08-03T15:39:08+00:00,1000.0,SUCCESS,False,TXN_00049415
ATM_0000927,SYN1000007107,ATM_SYN_1270,LOC_00291,2024-08-11T04:33:08+00:00,20000.0,SUCCESS,False,TXN_00049416
ATM_0000928,SYN1000009012,ATM_SYN_6792,LOC_00463,2024-08-21T14:47:57+00:00,3000.0,SUCCESS,False,TXN_00049417
ATM_0000929,SYN1000000615,ATM_SYN_8240,LOC_00470,2024-08-31T04:46:21+00:00,2000.0,SUCCESS,False,TXN_00049418
ATM_0000930,SYN1000002375,ATM_SYN_3986,LOC_00113,2024-08-31T03:34:01+00:00,1000.0,SUCCESS,False,TXN_00049419
ATM_0000931,SYN1000006046,ATM_SYN_9123,LOC_00299,2024-09-06T10:58:03+00:00,5000.0,SUCCESS,False,TXN_00049420
ATM_0000932,SYN1000004265,ATM_SYN_9213,LOC_00320,2024-08-08T01:12:15+00:00,1000.0,SUCCESS,False,TXN_00049421
ATM_0000933,SYN1000003610,ATM_SYN_8893,LOC_00137,2024-08-23T04:01:26+00:00,2000.0,SUCCESS,False,TXN_00049422
ATM_0000934,SYN1000008107,ATM_SYN_4316,LOC_00157,2024-08-11T00:29:24+00:00,10000.0,SUCCESS,False,TXN_00049423
ATM_0000935,SYN1000000519,ATM_SYN_8181,LOC_00381,2024-08-13T17:23:37+00:00,20000.0,SUCCESS,False,TXN_00049424
ATM_0000936,SYN1000009712,ATM_SYN_5729,LOC_00119,2024-08-28T19:12:44+00:00,20000.0,SUCCESS,False,TXN_00049425
ATM_0000937,SYN1000002295,ATM_SYN_1658,LOC_00095,2024-08-13T17:10:18+00:00,5000.0,SUCCESS,False,TXN_00049426
ATM_0000938,SYN1000003431,ATM_SYN_6484,LOC_00113,2024-08-08T15:36:37+00:00,10000.0,SUCCESS,False,TXN_00049427
ATM_0000939,SYN1000005481,ATM_SYN_3618,LOC_00419,2024-08-21T22:21:06+00:00,5000.0,SUCCESS,False,TXN_00049428
ATM_0000940,SYN1000002511,ATM_SYN_9147,LOC_00246,2024-08-16T15:26:48+00:00,3000.0,SUCCESS,False,TXN_00049429
ATM_0000941,SYN1000008370,ATM_SYN_9406,LOC_00221,2024-08-17T12:22:00+00:00,1000.0,SUCCESS,False,TXN_00049430
ATM_0000942,SYN1000002225,ATM_SYN_6380,LOC_00035,2024-08-14T21:54:47+00:00,20000.0,SUCCESS,False,TXN_00049431
ATM_0000943,SYN1000009525,ATM_SYN_3867,LOC_00471,2024-08-10T03:34:27+00:00,1000.0,SUCCESS,False,TXN_00049432
ATM_0000944,SYN1000000370,ATM_SYN_9839,LOC_00176,2024-09-06T13:13:07+00:00,10000.0,SUCCESS,False,TXN_00049433
ATM_0000945,SYN1000006726,ATM_SYN_9886,LOC_00227,2024-09-05T16:23:48+00:00,20000.0,SUCCESS,False,TXN_00049434
ATM_0000946,SYN1000007537,ATM_SYN_5563,LOC_00343,2024-08-10T13:21:36+00:00,20000.0,SUCCESS,False,TXN_00049435
ATM_0000947,SYN1000001804,ATM_SYN_1257,LOC_00195,2024-09-07T03:33:42+00:00,5000.0,SUCCESS,False,TXN_00049436
ATM_0000948,SYN1000002339,ATM_SYN_1552,LOC_00096,2024-08-15T05:08:03+00:00,2000.0,SUCCESS,False,TXN_00049437
ATM_0000949,SYN1000001487,ATM_SYN_6490,LOC_00121,2024-08-30T13:41:55+00:00,1000.0,SUCCESS,False,TXN_00049438
ATM_0000950,SYN1000001163,ATM_SYN_7704,LOC_00091,2024-08-20T02:05:04+00:00,5000.0,SUCCESS,False,TXN_00049439
ATM_0000951,SYN1000002497,ATM_SYN_4348,LOC_00380,2024-08-13T09:17:00+00:00,2000.0,SUCCESS,False,TXN_00049440
ATM_0000952,SYN1000000030,ATM_SYN_4948,LOC_00476,2024-08-02T13:07:38+00:00,3000.0,SUCCESS,False,TXN_00049441
ATM_0000953,SYN1000006684,ATM_SYN_4075,LOC_00105,2024-08-08T12:59:26+00:00,1000.0,SUCCESS,False,TXN_00049442
ATM_0000954,SYN1000003799,ATM_SYN_6496,LOC_00318,2024-08-13T22:04:14+00:00,15000.0,SUCCESS,False,TXN_00049443
ATM_0000955,SYN1000004857,ATM_SYN_8614,LOC_00430,2024-09-07T03:13:47+00:00,10000.0,SUCCESS,False,TXN_00049444
ATM_0000956,SYN1000006105,ATM_SYN_8068,LOC_00390,2024-08-19T08:52:03+00:00,5000.0,SUCCESS,False,TXN_00049445
ATM_0000957,SYN1000000251,ATM_SYN_8163,LOC_00093,2024-09-06T14:15:40+00:00,10000.0,SUCCESS,False,TXN_00049446
ATM_0000958,SYN1000001847,ATM_SYN_5880,LOC_00434,2024-09-06T03:07:48+00:00,15000.0,SUCCESS,False,TXN_00049447
ATM_0000959,SYN1000008668,ATM_SYN_9312,LOC_00011,2024-08-02T13:28:51+00:00,10000.0,SUCCESS,False,TXN_00049448
ATM_0000960,SYN1000002090,ATM_SYN_8635,LOC_00495,2024-08-12T17:10:42+00:00,5000.0,SUCCESS,False,TXN_00049449
ATM_0000961,SYN1000008808,ATM_SYN_4688,LOC_00367,2024-08-08T00:14:15+00:00,2000.0,SUCCESS,False,TXN_00049450
ATM_0000962,SYN1000002048,ATM_SYN_4519,LOC_00497,2024-08-07T03:57:49+00:00,10000.0,SUCCESS,False,TXN_00049451
ATM_0000963,SYN1000009851,ATM_SYN_6541,LOC_00379,2024-08-05T20:09:10+00:00,2000.0,SUCCESS,False,TXN_00049452
ATM_0000964,SYN1000000688,ATM_SYN_2354,LOC_00040,2024-08-13T03:12:01+00:00,1000.0,SUCCESS,False,TXN_00049453
ATM_0000965,SYN1000007600,ATM_SYN_5491,LOC_00454,2024-08-03T01:53:25+00:00,2000.0,SUCCESS,False,TXN_00049454
ATM_0000966,SYN1000002339,ATM_SYN_4893,LOC_00172,2024-08-26T01:21:31+00:00,10000.0,SUCCESS,False,TXN_00049455
ATM_0000967,SYN1000005445,ATM_SYN_1449,LOC_00039,2024-08-08T10:24:23+00:00,3000.0,SUCCESS,False,TXN_00049456
ATM_0000968,SYN1000005040,ATM_SYN_2583,LOC_00355,2024-08-04T17:26:42+00:00,15000.0,SUCCESS,False,TXN_00049457
ATM_0000969,SYN1000008195,ATM_SYN_4995,LOC_00463,2024-08-02T15:37:10+00:00,10000.0,SUCCESS,False,TXN_00049458
ATM_0000970,SYN1000006829,ATM_SYN_9309,LOC_00484,2024-08-20T05:08:41+00:00,20000.0,SUCCESS,False,TXN_00049459
ATM_0000971,SYN1000004649,ATM_SYN_2943,LOC_00411,2024-08-02T23:07:47+00:00,20000.0,SUCCESS,False,TXN_00049460
ATM_0000972,SYN1000002164,ATM_SYN_7704,LOC_00337,2024-08-06T07:40:21+00:00,10000.0,SUCCESS,False,TXN_00049461
ATM_0000973,SYN1000004594,ATM_SYN_6764,LOC_00073,2024-08-07T05:47:56+00:00,5000.0,SUCCESS,False,TXN_00049462
ATM_0000974,SYN1000001017,ATM_SYN_6046,LOC_00457,2024-08-29T19:14:30+00:00,15000.0,SUCCESS,False,TXN_00049463
ATM_0000975,SYN1000008888,ATM_SYN_7474,LOC_00214,2024-09-07T05:27:53+00:00,5000.0,SUCCESS,False,TXN_00049464
ATM_0000976,SYN1000004185,ATM_SYN_7814,LOC_00219,2024-08-25T09:55:17+00:00,1000.0,SUCCESS,False,TXN_00049465
ATM_0000977,SYN1000005311,ATM_SYN_4249,LOC_00017,2024-08-10T16:36:42+00:00,5000.0,SUCCESS,False,TXN_00049466
ATM_0000978,SYN1000009868,ATM_SYN_8489,LOC_00313,2024-08-13T15:33:03+00:00,3000.0,SUCCESS,False,TXN_00049467
ATM_0000979,SYN1000003532,ATM_SYN_7263,LOC_00334,2024-08-15T11:23:31+00:00,1000.0,SUCCESS,False,TXN_00049468
ATM_0000980,SYN1000003223,ATM_SYN_7444,LOC_00094,2024-09-03T18:31:50+00:00,5000.0,SUCCESS,False,TXN_00049469
ATM_0000981,SYN1000007947,ATM_SYN_9558,LOC_00069,2024-08-23T00:29:24+00:00,2000.0,SUCCESS,False,TXN_00049470
ATM_0000982,SYN1000000575,ATM_SYN_1082,LOC_00300,2024-08-09T07:11:49+00:00,3000.0,SUCCESS,False,TXN_00049471
ATM_0000983,SYN1000003648,ATM_SYN_8648,LOC_00466,2024-09-09T18:45:24+00:00,1000.0,SUCCESS,False,TXN_00049472
ATM_0000984,SYN1000005721,ATM_SYN_6925,LOC_00386,2024-09-03T14:04:33+00:00,5000.0,SUCCESS,False,TXN_00049473
ATM_0000985,SYN1000003639,ATM_SYN_2522,LOC_00358,2024-08-20T09:31:05+00:00,1000.0,SUCCESS,False,TXN_00049474
ATM_0000986,SYN1000001885,ATM_SYN_1865,LOC_00187,2024-08-19T16:03:13+00:00,10000.0,SUCCESS,False,TXN_00049475
ATM_0000987,SYN1000002256,ATM_SYN_8395,LOC_00309,2024-08-24T20:39:41+00:00,5000.0,SUCCESS,False,TXN_00049476
ATM_0000988,SYN1000003787,ATM_SYN_6676,LOC_00234,2024-09-05T13:22:13+00:00,2000.0,SUCCESS,False,TXN_00049477
ATM_0000989,SYN1000009731,ATM_SYN_3404,LOC_00097,2024-09-04T17:47:10+00:00,10000.0,SUCCESS,False,TXN_00049478
ATM_0000990,SYN1000007136,ATM_SYN_8935,LOC_00162,2024-08-31T16:18:46+00:00,5000.0,SUCCESS,False,TXN_00049479
ATM_0000991,SYN1000009627,ATM_SYN_7491,LOC_00381,2024-08-08T17:42:53+00:00,5000.0,SUCCESS,False,TXN_00049480
ATM_0000992,SYN1000003313,ATM_SYN_5537,LOC_00073,2024-09-03T19:59:32+00:00,3000.0,SUCCESS,False,TXN_00049481
ATM_0000993,SYN1000003031,ATM_SYN_5491,LOC_00113,2024-08-16T08:43:52+00:00,2000.0,SUCCESS,False,TXN_00049482
ATM_0000994,SYN1000001600,ATM_SYN_7354,LOC_00290,2024-08-02T05:46:08+00:00,20000.0,SUCCESS,False,TXN_00049483
ATM_0000995,SYN1000005980,ATM_SYN_5591,LOC_00365,2024-08-04T21:37:25+00:00,15000.0,SUCCESS,False,TXN_00049484
ATM_0000996,SYN1000001174,ATM_SYN_8881,LOC_00470,2024-09-08T12:05:39+00:00,5000.0,SUCCESS,False,TXN_00049485
ATM_0000997,SYN1000008958,ATM_SYN_9771,LOC_00247,2024-08-11T17:32:07+00:00,1000.0,SUCCESS,False,TXN_00049486
ATM_0000998,SYN1000003833,ATM_SYN_2361,LOC_00038,2024-08-28T10:35:25+00:00,5000.0,SUCCESS,False,TXN_00049487
ATM_0000999,SYN1000003647,ATM_SYN_4967,LOC_00212,2024-09-01T14:00:30+00:00,1000.0,SUCCESS,False,TXN_00049488
ATM_0001000,SYN1000003390,ATM_SYN_8227,LOC_00091,2024-09-06T13:02:14+00:00,3000.0,SUCCESS,False,TXN_00049489
ATM_0001001,SYN1000002265,ATM_SYN_5891,LOC_00019,2024-08-28T03:14:09+00:00,20000.0,SUCCESS,False,TXN_00049490
ATM_0001002,SYN1000008891,ATM_SYN_3500,LOC_00416,2024-09-03T22:26:41+00:00,2000.0,SUCCESS,False,TXN_00049491
ATM_0001003,SYN1000001475,ATM_SYN_8595,LOC_00152,2024-08-17T20:55:07+00:00,15000.0,SUCCESS,False,TXN_00049492
ATM_0001004,SYN1000000693,ATM_SYN_3368,LOC_00066,2024-08-27T20:34:25+00:00,1000.0,SUCCESS,False,TXN_00049493
ATM_0001005,SYN1000003276,ATM_SYN_1034,LOC_00442,2024-08-24T11:26:54+00:00,20000.0,SUCCESS,False,TXN_00049494
ATM_0001006,SYN1000003479,ATM_SYN_5964,LOC_00133,2024-08-10T09:54:01+00:00,2000.0,SUCCESS,False,TXN_00049495
ATM_0001007,SYN1000008458,ATM_SYN_6421,LOC_00429,2024-09-07T07:33:15+00:00,1000.0,SUCCESS,False,TXN_00049496
ATM_0001008,SYN1000004647,ATM_SYN_7508,LOC_00142,2024-08-07T23:05:14+00:00,10000.0,SUCCESS,False,TXN_00049497
ATM_0001009,SYN1000006586,ATM_SYN_8728,LOC_00245,2024-08-14T20:32:38+00:00,10000.0,SUCCESS,False,TXN_00049498
ATM_0001010,SYN1000000913,ATM_SYN_1532,LOC_00140,2024-09-08T07:15:06+00:00,1000.0,SUCCESS,False,TXN_00049499
ATM_0001011,SYN1000001419,ATM_SYN_3656,LOC_00350,2024-08-19T17:25:25+00:00,2000.0,SUCCESS,False,TXN_00049500
ATM_0001012,SYN1000002856,ATM_SYN_1350,LOC_00055,2024-08-30T02:09:36+00:00,3000.0,SUCCESS,False,TXN_00049501
ATM_0001013,SYN1000009883,ATM_SYN_7452,LOC_00410,2024-08-06T03:27:40+00:00,3000.0,SUCCESS,False,TXN_00049502
ATM_0001014,SYN1000005537,ATM_SYN_5799,LOC_00336,2024-08-25T13:33:24+00:00,3000.0,SUCCESS,False,TXN_00049503
ATM_0001015,SYN1000004214,ATM_SYN_6437,LOC_00057,2024-08-31T10:07:37+00:00,1000.0,SUCCESS,False,TXN_00049504
ATM_0001016,SYN1000002324,ATM_SYN_2771,LOC_00132,2024-09-05T12:37:44+00:00,20000.0,SUCCESS,False,TXN_00049505
ATM_0001017,SYN1000001142,ATM_SYN_4813,LOC_00037,2024-09-08T17:17:25+00:00,3000.0,SUCCESS,False,TXN_00049506
ATM_0001018,SYN1000009517,ATM_SYN_9780,LOC_00091,2024-09-05T08:10:41+00:00,2000.0,SUCCESS,False,TXN_00049507
ATM_0001019,SYN1000001263,ATM_SYN_3626,LOC_00289,2024-08-28T06:25:20+00:00,20000.0,SUCCESS,False,TXN_00049508
ATM_0001020,SYN1000003511,ATM_SYN_8234,LOC_00260,2024-09-04T22:48:52+00:00,2000.0,SUCCESS,False,TXN_00049509
ATM_0001021,SYN1000002813,ATM_SYN_8073,LOC_00042,2024-09-01T23:45:25+00:00,3000.0,SUCCESS,False,TXN_00049510
ATM_0001022,SYN1000005977,ATM_SYN_3415,LOC_00484,2024-09-02T07:47:06+00:00,20000.0,SUCCESS,False,TXN_00049511
ATM_0001023,SYN1000008384,ATM_SYN_7833,LOC_00399,2024-08-02T08:58:50+00:00,10000.0,SUCCESS,False,TXN_00049512
ATM_0001024,SYN1000007083,ATM_SYN_8847,LOC_00308,2024-08-04T10:05:59+00:00,10000.0,SUCCESS,False,TXN_00049513
ATM_0001025,SYN1000005699,ATM_SYN_8114,LOC_00134,2024-08-15T12:17:01+00:00,1000.0,SUCCESS,False,TXN_00049514
ATM_0001026,SYN1000003435,ATM_SYN_6481,LOC_00019,2024-08-14T10:22:45+00:00,15000.0,SUCCESS,False,TXN_00049515
ATM_0001027,SYN1000008564,ATM_SYN_6481,LOC_00061,2024-08-27T07:31:29+00:00,1000.0,SUCCESS,False,TXN_00049516
ATM_0001028,SYN1000008453,ATM_SYN_6870,LOC_00161,2024-08-04T16:07:37+00:00,5000.0,SUCCESS,False,TXN_00049517
ATM_0001029,SYN1000004412,ATM_SYN_8094,LOC_00318,2024-09-06T14:32:02+00:00,3000.0,SUCCESS,False,TXN_00049518
ATM_0001030,SYN1000004738,ATM_SYN_3698,LOC_00265,2024-08-30T07:17:19+00:00,10000.0,SUCCESS,False,TXN_00049519
ATM_0001031,SYN1000004928,ATM_SYN_2749,LOC_00377,2024-09-09T12:16:43+00:00,20000.0,SUCCESS,False,TXN_00049520
ATM_0001032,SYN1000004609,ATM_SYN_7179,LOC_00241,2024-08-24T10:44:10+00:00,15000.0,SUCCESS,False,TXN_00049521
ATM_0001033,SYN1000005555,ATM_SYN_3755,LOC_00467,2024-08-17T07:03:09+00:00,2000.0,SUCCESS,False,TXN_00049522
ATM_0001034,SYN1000009952,ATM_SYN_9957,LOC_00337,2024-08-17T10:25:34+00:00,3000.0,SUCCESS,False,TXN_00049523
ATM_0001035,SYN1000002162,ATM_SYN_4304,LOC_00210,2024-09-10T03:10:19+00:00,10000.0,SUCCESS,False,TXN_00049524
ATM_0001036,SYN1000000049,ATM_SYN_8571,LOC_00489,2024-09-03T16:00:09+00:00,5000.0,SUCCESS,False,TXN_00049525
ATM_0001037,SYN1000002154,ATM_SYN_6837,LOC_00245,2024-09-09T10:15:49+00:00,1000.0,SUCCESS,False,TXN_00049526
ATM_0001038,SYN1000003782,ATM_SYN_3331,LOC_00022,2024-08-02T18:44:32+00:00,1000.0,SUCCESS,False,TXN_00049527
ATM_0001039,SYN1000002203,ATM_SYN_5450,LOC_00368,2024-08-15T03:00:36+00:00,5000.0,SUCCESS,False,TXN_00049528
ATM_0001040,SYN1000003706,ATM_SYN_9912,LOC_00419,2024-08-29T11:04:15+00:00,2000.0,SUCCESS,False,TXN_00049529
ATM_0001041,SYN1000000557,ATM_SYN_2551,LOC_00452,2024-09-10T00:00:50+00:00,3000.0,SUCCESS,False,TXN_00049530
ATM_0001042,SYN1000002191,ATM_SYN_3925,LOC_00337,2024-09-04T17:58:04+00:00,5000.0,SUCCESS,False,TXN_00049531
ATM_0001043,SYN1000002308,ATM_SYN_3659,LOC_00313,2024-08-16T22:34:43+00:00,15000.0,SUCCESS,False,TXN_00049532
ATM_0001044,SYN1000004594,ATM_SYN_2957,LOC_00154,2024-08-10T15:12:24+00:00,15000.0,SUCCESS,False,TXN_00049533
ATM_0001045,SYN1000008571,ATM_SYN_7158,LOC_00265,2024-08-19T14:05:02+00:00,20000.0,SUCCESS,False,TXN_00049534
ATM_0001046,SYN1000003542,ATM_SYN_7598,LOC_00217,2024-08-28T21:05:22+00:00,10000.0,SUCCESS,False,TXN_00049535
ATM_0001047,SYN1000004946,ATM_SYN_1898,LOC_00059,2024-09-05T19:01:37+00:00,3000.0,SUCCESS,False,TXN_00049536
ATM_0001048,SYN1000004001,ATM_SYN_7552,LOC_00179,2024-09-03T12:11:05+00:00,10000.0,SUCCESS,False,TXN_00049537
ATM_0001049,SYN1000004533,ATM_SYN_3628,LOC_00203,2024-08-02T18:49:18+00:00,5000.0,SUCCESS,False,TXN_00049538
ATM_0001050,SYN1000005190,ATM_SYN_9405,LOC_00032,2024-08-03T12:38:02+00:00,2000.0,SUCCESS,False,TXN_00049539
ATM_0001051,SYN1000000998,ATM_SYN_4572,LOC_00288,2024-08-10T03:57:34+00:00,10000.0,SUCCESS,False,TXN_00049540
ATM_0001052,SYN1000001942,ATM_SYN_5342,LOC_00192,2024-09-04T15:34:13+00:00,3000.0,SUCCESS,False,TXN_00049541
ATM_0001053,SYN1000002993,ATM_SYN_9887,LOC_00351,2024-08-15T08:02:45+00:00,20000.0,SUCCESS,False,TXN_00049542
ATM_0001054,SYN1000002783,ATM_SYN_4317,LOC_00311,2024-08-21T15:30:46+00:00,5000.0,SUCCESS,False,TXN_00049543
ATM_0001055,SYN1000005965,ATM_SYN_9154,LOC_00081,2024-09-04T04:50:58+00:00,15000.0,SUCCESS,False,TXN_00049544
ATM_0001056,SYN1000006302,ATM_SYN_3851,LOC_00240,2024-08-26T16:21:26+00:00,20000.0,SUCCESS,False,TXN_00049545
ATM_0001057,SYN1000009142,ATM_SYN_6245,LOC_00373,2024-08-29T22:14:36+00:00,2000.0,SUCCESS,False,TXN_00049546
ATM_0001058,SYN1000005200,ATM_SYN_3987,LOC_00467,2024-08-23T00:42:17+00:00,1000.0,SUCCESS,False,TXN_00049547
ATM_0001059,SYN1000000410,ATM_SYN_2852,LOC_00323,2024-09-06T21:17:04+00:00,1000.0,SUCCESS,False,TXN_00049548
ATM_0001060,SYN1000003645,ATM_SYN_4574,LOC_00500,2024-09-07T21:05:10+00:00,2000.0,SUCCESS,False,TXN_00049549
ATM_0001061,SYN1000001584,ATM_SYN_3405,LOC_00309,2024-08-08T01:49:21+00:00,1000.0,SUCCESS,False,TXN_00049550
ATM_0001062,SYN1000003141,ATM_SYN_6283,LOC_00044,2024-08-27T15:32:42+00:00,2000.0,SUCCESS,False,TXN_00049551
ATM_0001063,SYN1000001164,ATM_SYN_5926,LOC_00220,2024-08-07T04:53:40+00:00,1000.0,SUCCESS,False,TXN_00049552
ATM_0001064,SYN1000000374,ATM_SYN_3065,LOC_00483,2024-08-04T00:27:42+00:00,15000.0,SUCCESS,False,TXN_00049553
ATM_0001065,SYN1000006300,ATM_SYN_5211,LOC_00160,2024-08-31T21:11:16+00:00,2000.0,SUCCESS,False,TXN_00049554
ATM_0001066,SYN1000008535,ATM_SYN_4928,LOC_00121,2024-08-16T19:35:10+00:00,20000.0,SUCCESS,False,TXN_00049555
ATM_0001067,SYN1000007953,ATM_SYN_1334,LOC_00363,2024-08-28T15:16:18+00:00,2000.0,SUCCESS,False,TXN_00049556
ATM_0001068,SYN1000007135,ATM_SYN_1195,LOC_00288,2024-08-07T08:31:55+00:00,3000.0,SUCCESS,False,TXN_00049557
ATM_0001069,SYN1000006761,ATM_SYN_5697,LOC_00388,2024-08-13T13:16:36+00:00,10000.0,SUCCESS,False,TXN_00049558
ATM_0001070,SYN1000007363,ATM_SYN_7911,LOC_00447,2024-09-07T23:20:22+00:00,1000.0,SUCCESS,False,TXN_00049559
ATM_0001071,SYN1000005643,ATM_SYN_8701,LOC_00026,2024-08-30T15:56:05+00:00,20000.0,SUCCESS,False,TXN_00049560
ATM_0001072,SYN1000008988,ATM_SYN_8311,LOC_00238,2024-08-26T03:03:26+00:00,5000.0,SUCCESS,False,TXN_00049561
ATM_0001073,SYN1000005676,ATM_SYN_5639,LOC_00290,2024-09-09T01:28:48+00:00,1000.0,SUCCESS,False,TXN_00049562
ATM_0001074,SYN1000001495,ATM_SYN_5095,LOC_00072,2024-08-20T04:30:30+00:00,2000.0,SUCCESS,False,TXN_00049563
ATM_0001075,SYN1000005660,ATM_SYN_7612,LOC_00382,2024-08-12T20:19:07+00:00,15000.0,SUCCESS,False,TXN_00049564
ATM_0001076,SYN1000007240,ATM_SYN_9188,LOC_00014,2024-08-15T00:32:57+00:00,5000.0,SUCCESS,False,TXN_00049565
ATM_0001077,SYN1000006703,ATM_SYN_2930,LOC_00477,2024-08-29T15:44:11+00:00,15000.0,SUCCESS,False,TXN_00049566
ATM_0001078,SYN1000008260,ATM_SYN_9942,LOC_00035,2024-08-20T18:37:39+00:00,1000.0,SUCCESS,False,TXN_00049567
ATM_0001079,SYN1000009234,ATM_SYN_6182,LOC_00095,2024-09-02T21:41:15+00:00,5000.0,SUCCESS,False,TXN_00049568
ATM_0001080,SYN1000007476,ATM_SYN_9503,LOC_00136,2024-08-23T14:39:46+00:00,1000.0,SUCCESS,False,TXN_00049569
ATM_0001081,SYN1000002329,ATM_SYN_5909,LOC_00307,2024-08-25T02:37:42+00:00,20000.0,SUCCESS,False,TXN_00049570
ATM_0001082,SYN1000005389,ATM_SYN_7935,LOC_00341,2024-09-01T08:26:42+00:00,1000.0,SUCCESS,False,TXN_00049571
ATM_0001083,SYN1000001342,ATM_SYN_2158,LOC_00235,2024-08-05T06:48:05+00:00,10000.0,SUCCESS,False,TXN_00049572
ATM_0001084,SYN1000008251,ATM_SYN_7866,LOC_00317,2024-09-01T07:02:30+00:00,3000.0,SUCCESS,False,TXN_00049573
ATM_0001085,SYN1000005054,ATM_SYN_1664,LOC_00479,2024-08-21T12:58:55+00:00,15000.0,SUCCESS,False,TXN_00049574
ATM_0001086,SYN1000000056,ATM_SYN_9718,LOC_00051,2024-08-15T20:27:55+00:00,1000.0,SUCCESS,False,TXN_00049575
ATM_0001087,SYN1000002592,ATM_SYN_6413,LOC_00478,2024-08-04T02:51:42+00:00,5000.0,SUCCESS,False,TXN_00049576
ATM_0001088,SYN1000002685,ATM_SYN_7439,LOC_00418,2024-08-07T06:06:52+00:00,20000.0,SUCCESS,False,TXN_00049577
ATM_0001089,SYN1000004511,ATM_SYN_6911,LOC_00125,2024-08-03T02:33:29+00:00,10000.0,SUCCESS,False,TXN_00049578
ATM_0001090,SYN1000002360,ATM_SYN_6848,LOC_00170,2024-09-03T09:24:20+00:00,15000.0,SUCCESS,False,TXN_00049579
ATM_0001091,SYN1000005553,ATM_SYN_7120,LOC_00232,2024-08-16T07:15:36+00:00,2000.0,SUCCESS,False,TXN_00049580
ATM_0001092,SYN1000008979,ATM_SYN_2365,LOC_00053,2024-08-04T01:20:19+00:00,1000.0,SUCCESS,False,TXN_00049581
ATM_0001093,SYN1000004453,ATM_SYN_4907,LOC_00163,2024-08-26T19:54:32+00:00,15000.0,SUCCESS,False,TXN_00049582
ATM_0001094,SYN1000009935,ATM_SYN_8444,LOC_00353,2024-08-18T08:03:02+00:00,1000.0,SUCCESS,False,TXN_00049583
ATM_0001095,SYN1000009047,ATM_SYN_9759,LOC_00253,2024-08-19T13:31:28+00:00,2000.0,SUCCESS,False,TXN_00049584
ATM_0001096,SYN1000006389,ATM_SYN_7137,LOC_00088,2024-09-10T12:58:17+00:00,3000.0,SUCCESS,False,TXN_00049585
ATM_0001097,SYN1000000715,ATM_SYN_3454,LOC_00315,2024-08-19T16:47:18+00:00,1000.0,SUCCESS,False,TXN_00049586
ATM_0001098,SYN1000000738,ATM_SYN_4351,LOC_00415,2024-08-10T02:37:18+00:00,2000.0,SUCCESS,False,TXN_00049587
ATM_0001099,SYN1000001952,ATM_SYN_7511,LOC_00433,2024-08-02T21:43:08+00:00,20000.0,SUCCESS,False,TXN_00049588
ATM_0001100,SYN1000008776,ATM_SYN_6574,LOC_00351,2024-08-17T03:40:01+00:00,3000.0,SUCCESS,False,TXN_00049589
ATM_0001101,SYN1000002964,ATM_SYN_1332,LOC_00175,2024-08-05T13:58:50+00:00,5000.0,SUCCESS,False,TXN_00049590
ATM_0001102,SYN1000000555,ATM_SYN_2198,LOC_00185,2024-09-02T09:00:07+00:00,3000.0,SUCCESS,False,TXN_00049591
ATM_0001103,SYN1000003824,ATM_SYN_6315,LOC_00256,2024-08-29T13:06:42+00:00,10000.0,SUCCESS,False,TXN_00049592
ATM_0001104,SYN1000009169,ATM_SYN_6440,LOC_00090,2024-09-01T08:05:11+00:00,5000.0,SUCCESS,False,TXN_00049593
ATM_0001105,SYN1000002872,ATM_SYN_9550,LOC_00167,2024-08-07T11:27:18+00:00,15000.0,SUCCESS,False,TXN_00049594
ATM_0001106,SYN1000008208,ATM_SYN_4414,LOC_00353,2024-08-15T09:06:09+00:00,15000.0,SUCCESS,False,TXN_00049595
ATM_0001107,SYN1000005774,ATM_SYN_2675,LOC_00184,2024-09-08T21:07:02+00:00,15000.0,SUCCESS,False,TXN_00049596
ATM_0001108,SYN1000005937,ATM_SYN_6077,LOC_00474,2024-09-06T21:04:19+00:00,3000.0,SUCCESS,False,TXN_00049597
ATM_0001109,SYN1000000712,ATM_SYN_6425,LOC_00024,2024-09-04T22:16:12+00:00,3000.0,SUCCESS,False,TXN_00049598
ATM_0001110,SYN1000008098,ATM_SYN_4546,LOC_00267,2024-08-22T06:32:55+00:00,1000.0,SUCCESS,False,TXN_00049599
ATM_0001111,SYN1000000502,ATM_SYN_7409,LOC_00178,2024-09-08T13:06:08+00:00,15000.0,SUCCESS,False,TXN_00049600
ATM_0001112,SYN1000001290,ATM_SYN_4698,LOC_00052,2024-08-10T14:14:41+00:00,20000.0,SUCCESS,False,TXN_00049601
ATM_0001113,SYN1000000527,ATM_SYN_3863,LOC_00287,2024-08-31T00:39:21+00:00,1000.0,SUCCESS,False,TXN_00049602
ATM_0001114,SYN1000002722,ATM_SYN_5129,LOC_00163,2024-08-03T20:43:12+00:00,1000.0,SUCCESS,False,TXN_00049603
ATM_0001115,SYN1000007298,ATM_SYN_4718,LOC_00351,2024-08-14T03:01:55+00:00,15000.0,SUCCESS,False,TXN_00049604
ATM_0001116,SYN1000007878,ATM_SYN_1116,LOC_00128,2024-08-07T13:01:56+00:00,3000.0,SUCCESS,False,TXN_00049605
ATM_0001117,SYN1000008699,ATM_SYN_9159,LOC_00097,2024-08-22T03:58:10+00:00,3000.0,SUCCESS,False,TXN_00049606
ATM_0001118,SYN1000008600,ATM_SYN_2831,LOC_00488,2024-08-23T03:39:21+00:00,2000.0,SUCCESS,False,TXN_00049607
ATM_0001119,SYN1000002963,ATM_SYN_9310,LOC_00195,2024-08-29T07:22:30+00:00,10000.0,SUCCESS,False,TXN_00049608
ATM_0001120,SYN1000006960,ATM_SYN_7114,LOC_00171,2024-08-15T08:50:45+00:00,3000.0,SUCCESS,False,TXN_00049609
ATM_0001121,SYN1000002487,ATM_SYN_4660,LOC_00233,2024-08-16T03:55:27+00:00,2000.0,SUCCESS,False,TXN_00049610
ATM_0001122,SYN1000009845,ATM_SYN_1024,LOC_00045,2024-09-02T05:11:54+00:00,5000.0,SUCCESS,False,TXN_00049611
ATM_0001123,SYN1000001387,ATM_SYN_8632,LOC_00225,2024-08-31T10:53:37+00:00,10000.0,SUCCESS,False,TXN_00049612
ATM_0001124,SYN1000007661,ATM_SYN_6532,LOC_00165,2024-08-07T08:19:43+00:00,3000.0,SUCCESS,False,TXN_00049613
ATM_0001125,SYN1000004306,ATM_SYN_2455,LOC_00428,2024-08-16T10:29:13+00:00,2000.0,SUCCESS,False,TXN_00049614
ATM_0001126,SYN1000009548,ATM_SYN_5942,LOC_00309,2024-08-21T03:56:36+00:00,3000.0,SUCCESS,False,TXN_00049615
ATM_0001127,SYN1000009681,ATM_SYN_3283,LOC_00280,2024-08-21T00:04:48+00:00,5000.0,SUCCESS,False,TXN_00049616
ATM_0001128,SYN1000002321,ATM_SYN_3663,LOC_00133,2024-08-04T21:32:53+00:00,5000.0,SUCCESS,False,TXN_00049617
ATM_0001129,SYN1000004259,ATM_SYN_6643,LOC_00233,2024-09-01T09:42:00+00:00,15000.0,SUCCESS,False,TXN_00049618
ATM_0001130,SYN1000006971,ATM_SYN_8567,LOC_00068,2024-08-14T00:38:07+00:00,10000.0,SUCCESS,False,TXN_00049619
ATM_0001131,SYN1000001196,ATM_SYN_6363,LOC_00101,2024-08-06T09:23:31+00:00,3000.0,SUCCESS,False,TXN_00049620
ATM_0001132,SYN1000000963,ATM_SYN_6309,LOC_00458,2024-08-28T11:38:08+00:00,15000.0,SUCCESS,False,TXN_00049621
ATM_0001133,SYN1000005125,ATM_SYN_6538,LOC_00028,2024-09-08T21:30:57+00:00,3000.0,SUCCESS,False,TXN_00049622
ATM_0001134,SYN1000008293,ATM_SYN_8716,LOC_00348,2024-08-18T10:28:09+00:00,15000.0,SUCCESS,False,TXN_00049623
ATM_0001135,SYN1000001243,ATM_SYN_3646,LOC_00240,2024-08-03T14:49:33+00:00,10000.0,SUCCESS,False,TXN_00049624
ATM_0001136,SYN1000000129,ATM_SYN_9187,LOC_00192,2024-09-04T10:00:07+00:00,2000.0,SUCCESS,False,TXN_00049625
ATM_0001137,SYN1000004389,ATM_SYN_9656,LOC_00088,2024-08-28T11:30:11+00:00,3000.0,SUCCESS,False,TXN_00049626
ATM_0001138,SYN1000000122,ATM_SYN_1099,LOC_00453,2024-08-25T15:07:59+00:00,3000.0,SUCCESS,False,TXN_00049627
ATM_0001139,SYN1000002672,ATM_SYN_4030,LOC_00408,2024-08-08T01:51:00+00:00,1000.0,SUCCESS,False,TXN_00049628
ATM_0001140,SYN1000004226,ATM_SYN_3052,LOC_00337,2024-08-16T06:57:56+00:00,10000.0,SUCCESS,False,TXN_00049629
ATM_0001141,SYN1000001691,ATM_SYN_6556,LOC_00483,2024-08-31T02:23:03+00:00,5000.0,SUCCESS,False,TXN_00049630
ATM_0001142,SYN1000008632,ATM_SYN_9471,LOC_00188,2024-09-01T22:28:52+00:00,2000.0,SUCCESS,False,TXN_00049631
ATM_0001143,SYN1000001153,ATM_SYN_9683,LOC_00128,2024-09-05T12:31:46+00:00,1000.0,SUCCESS,False,TXN_00049632
ATM_0001144,SYN1000000536,ATM_SYN_7139,LOC_00295,2024-08-22T23:12:27+00:00,3000.0,SUCCESS,False,TXN_00049633
ATM_0001145,SYN1000008029,ATM_SYN_2573,LOC_00133,2024-09-04T22:07:54+00:00,15000.0,SUCCESS,False,TXN_00049634
ATM_0001146,SYN1000005313,ATM_SYN_5125,LOC_00479,2024-08-14T01:38:19+00:00,15000.0,SUCCESS,False,TXN_00049635
ATM_0001147,SYN1000003530,ATM_SYN_7596,LOC_00418,2024-08-14T11:58:19+00:00,2000.0,SUCCESS,False,TXN_00049636
ATM_0001148,SYN1000000853,ATM_SYN_3413,LOC_00320,2024-09-04T01:08:55+00:00,5000.0,SUCCESS,False,TXN_00049637
ATM_0001149,SYN1000003513,ATM_SYN_3874,LOC_00081,2024-08-18T21:37:20+00:00,2000.0,SUCCESS,False,TXN_00049638
ATM_0001150,SYN1000006848,ATM_SYN_5288,LOC_00307,2024-09-01T21:25:24+00:00,3000.0,SUCCESS,False,TXN_00049639
ATM_0001151,SYN1000008913,ATM_SYN_5287,LOC_00087,2024-08-24T03:20:12+00:00,3000.0,SUCCESS,False,TXN_00049640
ATM_0001152,SYN1000005088,ATM_SYN_4170,LOC_00245,2024-09-05T09:44:52+00:00,1000.0,SUCCESS,False,TXN_00049641
ATM_0001153,SYN1000003941,ATM_SYN_4325,LOC_00027,2024-08-09T00:39:46+00:00,10000.0,SUCCESS,False,TXN_00049642
ATM_0001154,SYN1000009885,ATM_SYN_3121,LOC_00484,2024-08-18T06:28:40+00:00,1000.0,SUCCESS,False,TXN_00049643
ATM_0001155,SYN1000009539,ATM_SYN_8039,LOC_00419,2024-08-27T20:13:08+00:00,5000.0,SUCCESS,False,TXN_00049644
ATM_0001156,SYN1000005918,ATM_SYN_9651,LOC_00277,2024-09-03T21:38:41+00:00,5000.0,SUCCESS,False,TXN_00049645
ATM_0001157,SYN1000007066,ATM_SYN_5765,LOC_00410,2024-08-11T20:50:56+00:00,2000.0,SUCCESS,False,TXN_00049646
ATM_0001158,SYN1000004298,ATM_SYN_5866,LOC_00378,2024-09-06T14:31:55+00:00,20000.0,SUCCESS,False,TXN_00049647
ATM_0001159,SYN1000001790,ATM_SYN_3706,LOC_00419,2024-08-17T04:15:17+00:00,3000.0,SUCCESS,False,TXN_00049648
ATM_0001160,SYN1000004098,ATM_SYN_9075,LOC_00408,2024-08-08T17:13:11+00:00,1000.0,SUCCESS,False,TXN_00049649
ATM_0001161,SYN1000002917,ATM_SYN_8416,LOC_00124,2024-08-16T01:44:02+00:00,20000.0,SUCCESS,False,TXN_00049650
ATM_0001162,SYN1000009101,ATM_SYN_3986,LOC_00257,2024-08-02T15:00:41+00:00,20000.0,SUCCESS,False,TXN_00049651
ATM_0001163,SYN1000001246,ATM_SYN_1084,LOC_00468,2024-09-10T22:03:52+00:00,3000.0,SUCCESS,False,TXN_00049652
ATM_0001164,SYN1000002889,ATM_SYN_5736,LOC_00215,2024-09-04T17:32:15+00:00,1000.0,SUCCESS,False,TXN_00049653
ATM_0001165,SYN1000006305,ATM_SYN_3810,LOC_00161,2024-08-29T18:19:32+00:00,10000.0,SUCCESS,False,TXN_00049654
ATM_0001166,SYN1000000049,ATM_SYN_2662,LOC_00430,2024-09-01T09:57:33+00:00,2000.0,SUCCESS,False,TXN_00049655
ATM_0001167,SYN1000003039,ATM_SYN_2614,LOC_00356,2024-08-25T13:08:41+00:00,2000.0,SUCCESS,False,TXN_00049656
ATM_0001168,SYN1000009910,ATM_SYN_9341,LOC_00389,2024-08-21T11:00:44+00:00,15000.0,SUCCESS,False,TXN_00049657
ATM_0001169,SYN1000005822,ATM_SYN_7664,LOC_00085,2024-08-04T18:21:39+00:00,10000.0,SUCCESS,False,TXN_00049658
ATM_0001170,SYN1000000308,ATM_SYN_9442,LOC_00188,2024-08-26T10:23:42+00:00,10000.0,SUCCESS,False,TXN_00049659
ATM_0001171,SYN1000002000,ATM_SYN_3285,LOC_00204,2024-08-13T17:52:43+00:00,5000.0,SUCCESS,False,TXN_00049660
ATM_0001172,SYN1000007493,ATM_SYN_2681,LOC_00371,2024-08-27T15:28:03+00:00,15000.0,SUCCESS,False,TXN_00049661
ATM_0001173,SYN1000008489,ATM_SYN_1747,LOC_00171,2024-08-20T16:01:53+00:00,1000.0,SUCCESS,False,TXN_00049662
ATM_0001174,SYN1000001380,ATM_SYN_3847,LOC_00201,2024-08-09T21:59:23+00:00,3000.0,SUCCESS,False,TXN_00049663
ATM_0001175,SYN1000004915,ATM_SYN_3878,LOC_00459,2024-08-22T09:40:08+00:00,1000.0,SUCCESS,False,TXN_00049664
ATM_0001176,SYN1000006114,ATM_SYN_2161,LOC_00066,2024-08-07T21:40:37+00:00,3000.0,SUCCESS,False,TXN_00049665
ATM_0001177,SYN1000005182,ATM_SYN_4393,LOC_00405,2024-08-17T10:11:53+00:00,1000.0,SUCCESS,False,TXN_00049666
ATM_0001178,SYN1000005779,ATM_SYN_9735,LOC_00180,2024-08-08T18:40:31+00:00,2000.0,SUCCESS,False,TXN_00049667
ATM_0001179,SYN1000001992,ATM_SYN_3776,LOC_00047,2024-08-25T10:10:18+00:00,2000.0,SUCCESS,False,TXN_00049668
ATM_0001180,SYN1000000270,ATM_SYN_8886,LOC_00168,2024-08-22T22:13:53+00:00,3000.0,SUCCESS,False,TXN_00049669
ATM_0001181,SYN1000001086,ATM_SYN_7526,LOC_00103,2024-08-16T10:06:06+00:00,10000.0,SUCCESS,False,TXN_00049670
ATM_0001182,SYN1000009722,ATM_SYN_2607,LOC_00135,2024-09-08T14:18:58+00:00,1000.0,SUCCESS,False,TXN_00049671
ATM_0001183,SYN1000005774,ATM_SYN_5522,LOC_00472,2024-09-10T20:42:27+00:00,2000.0,SUCCESS,False,TXN_00049672
ATM_0001184,SYN1000007471,ATM_SYN_7644,LOC_00244,2024-08-28T21:10:03+00:00,5000.0,SUCCESS,False,TXN_00049673
ATM_0001185,SYN1000001299,ATM_SYN_1619,LOC_00276,2024-08-13T12:39:58+00:00,1000.0,SUCCESS,False,TXN_00049674
ATM_0001186,SYN1000001837,ATM_SYN_3639,LOC_00287,2024-08-28T04:37:01+00:00,3000.0,SUCCESS,False,TXN_00049675
ATM_0001187,SYN1000008758,ATM_SYN_7938,LOC_00099,2024-08-13T23:30:50+00:00,2000.0,SUCCESS,False,TXN_00049676
ATM_0001188,SYN1000009030,ATM_SYN_8343,LOC_00278,2024-08-09T13:07:26+00:00,10000.0,SUCCESS,False,TXN_00049677
ATM_0001189,SYN1000002335,ATM_SYN_7691,LOC_00018,2024-08-26T22:45:10+00:00,10000.0,SUCCESS,False,TXN_00049678
ATM_0001190,SYN1000000427,ATM_SYN_3713,LOC_00331,2024-08-13T06:25:36+00:00,2000.0,SUCCESS,False,TXN_00049679
ATM_0001191,SYN1000007624,ATM_SYN_8328,LOC_00161,2024-08-10T20:06:18+00:00,3000.0,SUCCESS,False,TXN_00049680
ATM_0001192,SYN1000001375,ATM_SYN_6580,LOC_00216,2024-08-15T11:53:02+00:00,3000.0,SUCCESS,False,TXN_00049681
ATM_0001193,SYN1000009227,ATM_SYN_4402,LOC_00131,2024-08-20T22:37:15+00:00,1000.0,SUCCESS,False,TXN_00049682
ATM_0001194,SYN1000008245,ATM_SYN_6224,LOC_00117,2024-08-18T13:01:50+00:00,15000.0,SUCCESS,False,TXN_00049683
ATM_0001195,SYN1000008552,ATM_SYN_6008,LOC_00358,2024-08-22T20:08:19+00:00,5000.0,SUCCESS,False,TXN_00049684
ATM_0001196,SYN1000008059,ATM_SYN_5932,LOC_00360,2024-09-03T02:00:35+00:00,20000.0,SUCCESS,False,TXN_00049685
ATM_0001197,SYN1000003185,ATM_SYN_2558,LOC_00459,2024-08-08T09:11:17+00:00,10000.0,SUCCESS,False,TXN_00049686
ATM_0001198,SYN1000004175,ATM_SYN_8787,LOC_00145,2024-08-26T04:10:27+00:00,3000.0,SUCCESS,False,TXN_00049687
ATM_0001199,SYN1000004032,ATM_SYN_2130,LOC_00160,2024-08-04T03:22:13+00:00,20000.0,SUCCESS,False,TXN_00049688
ATM_0001200,SYN1000003390,ATM_SYN_3939,LOC_00103,2024-08-29T09:44:29+00:00,1000.0,SUCCESS,False,TXN_00049689
ATM_0001201,SYN1000004061,ATM_SYN_3366,LOC_00359,2024-08-09T15:17:39+00:00,20000.0,SUCCESS,False,TXN_00049690
ATM_0001202,SYN1000008062,ATM_SYN_8484,LOC_00435,2024-08-13T03:44:33+00:00,1000.0,SUCCESS,False,TXN_00049691
ATM_0001203,SYN1000001665,ATM_SYN_4298,LOC_00159,2024-08-19T19:34:01+00:00,5000.0,SUCCESS,False,TXN_00049692
ATM_0001204,SYN1000008025,ATM_SYN_9940,LOC_00124,2024-08-04T09:50:44+00:00,2000.0,SUCCESS,False,TXN_00049693
ATM_0001205,SYN1000008529,ATM_SYN_8656,LOC_00439,2024-09-05T17:45:56+00:00,10000.0,SUCCESS,False,TXN_00049694
ATM_0001206,SYN1000001273,ATM_SYN_9907,LOC_00351,2024-08-30T12:05:19+00:00,10000.0,SUCCESS,False,TXN_00049695
ATM_0001207,SYN1000007244,ATM_SYN_8113,LOC_00015,2024-08-31T21:14:29+00:00,1000.0,SUCCESS,False,TXN_00049696
ATM_0001208,SYN1000000639,ATM_SYN_3511,LOC_00021,2024-08-25T07:24:13+00:00,20000.0,SUCCESS,False,TXN_00049697
ATM_0001209,SYN1000006273,ATM_SYN_3480,LOC_00094,2024-09-03T06:46:35+00:00,15000.0,SUCCESS,False,TXN_00049698
ATM_0001210,SYN1000004026,ATM_SYN_2049,LOC_00242,2024-08-28T00:43:58+00:00,5000.0,SUCCESS,False,TXN_00049699
ATM_0001211,SYN1000008067,ATM_SYN_7178,LOC_00449,2024-08-29T02:29:49+00:00,20000.0,SUCCESS,False,TXN_00049700
ATM_0001212,SYN1000003623,ATM_SYN_5855,LOC_00014,2024-08-09T21:00:05+00:00,5000.0,SUCCESS,False,TXN_00049701
ATM_0001213,SYN1000008860,ATM_SYN_2212,LOC_00174,2024-08-20T14:55:55+00:00,20000.0,SUCCESS,False,TXN_00049702
ATM_0001214,SYN1000002238,ATM_SYN_2620,LOC_00430,2024-09-01T18:57:55+00:00,10000.0,SUCCESS,False,TXN_00049703
ATM_0001215,SYN1000008416,ATM_SYN_4601,LOC_00122,2024-09-04T09:35:02+00:00,3000.0,SUCCESS,False,TXN_00049704
ATM_0001216,SYN1000000237,ATM_SYN_1847,LOC_00242,2024-08-12T12:35:07+00:00,3000.0,SUCCESS,False,TXN_00049705
ATM_0001217,SYN1000007514,ATM_SYN_4889,LOC_00312,2024-08-16T14:08:40+00:00,15000.0,SUCCESS,False,TXN_00049706
ATM_0001218,SYN1000009269,ATM_SYN_8264,LOC_00397,2024-08-05T17:18:51+00:00,1000.0,SUCCESS,False,TXN_00049707
ATM_0001219,SYN1000004774,ATM_SYN_8804,LOC_00420,2024-08-15T21:16:49+00:00,3000.0,SUCCESS,False,TXN_00049708
ATM_0001220,SYN1000007400,ATM_SYN_5853,LOC_00473,2024-08-13T13:14:47+00:00,20000.0,SUCCESS,False,TXN_00049709
ATM_0001221,SYN1000002433,ATM_SYN_7035,LOC_00069,2024-08-08T02:44:38+00:00,10000.0,SUCCESS,False,TXN_00049710
ATM_0001222,SYN1000003834,ATM_SYN_5003,LOC_00090,2024-08-20T01:05:10+00:00,1000.0,SUCCESS,False,TXN_00049711
ATM_0001223,SYN1000007002,ATM_SYN_7558,LOC_00209,2024-08-20T13:10:40+00:00,1000.0,SUCCESS,False,TXN_00049712
ATM_0001224,SYN1000000059,ATM_SYN_9007,LOC_00112,2024-09-02T04:30:24+00:00,3000.0,SUCCESS,False,TXN_00049713
ATM_0001225,SYN1000009884,ATM_SYN_3405,LOC_00181,2024-08-10T12:48:49+00:00,3000.0,SUCCESS,False,TXN_00049714
ATM_0001226,SYN1000003279,ATM_SYN_8277,LOC_00381,2024-08-14T00:33:51+00:00,5000.0,SUCCESS,False,TXN_00049715
ATM_0001227,SYN1000009089,ATM_SYN_7745,LOC_00293,2024-08-26T23:08:53+00:00,15000.0,SUCCESS,False,TXN_00049716
ATM_0001228,SYN1000008921,ATM_SYN_8181,LOC_00012,2024-09-04T14:52:30+00:00,1000.0,SUCCESS,False,TXN_00049717
ATM_0001229,SYN1000006123,ATM_SYN_6348,LOC_00231,2024-09-07T23:34:28+00:00,5000.0,SUCCESS,False,TXN_00049718
ATM_0001230,SYN1000006989,ATM_SYN_4729,LOC_00271,2024-09-05T10:59:37+00:00,15000.0,SUCCESS,False,TXN_00049719
ATM_0001231,SYN1000009179,ATM_SYN_7531,LOC_00137,2024-08-27T15:44:05+00:00,1000.0,SUCCESS,False,TXN_00049720
ATM_0001232,SYN1000003383,ATM_SYN_6713,LOC_00014,2024-08-11T09:16:00+00:00,1000.0,SUCCESS,False,TXN_00049721
ATM_0001233,SYN1000004676,ATM_SYN_7430,LOC_00332,2024-09-01T21:33:39+00:00,1000.0,SUCCESS,False,TXN_00049722
ATM_0001234,SYN1000008052,ATM_SYN_3371,LOC_00120,2024-08-10T15:13:18+00:00,1000.0,SUCCESS,False,TXN_00049723
ATM_0001235,SYN1000008393,ATM_SYN_8611,LOC_00250,2024-08-26T02:33:51+00:00,15000.0,SUCCESS,False,TXN_00049724
ATM_0001236,SYN1000008177,ATM_SYN_1107,LOC_00086,2024-08-31T21:22:58+00:00,1000.0,SUCCESS,False,TXN_00049725
ATM_0001237,SYN1000003694,ATM_SYN_2392,LOC_00310,2024-08-13T05:20:19+00:00,20000.0,SUCCESS,False,TXN_00049726
ATM_0001238,SYN1000003640,ATM_SYN_5846,LOC_00087,2024-08-04T20:58:38+00:00,15000.0,SUCCESS,False,TXN_00049727
ATM_0001239,SYN1000000440,ATM_SYN_7431,LOC_00148,2024-08-09T23:29:46+00:00,5000.0,SUCCESS,False,TXN_00049728
ATM_0001240,SYN1000007423,ATM_SYN_2448,LOC_00369,2024-08-09T09:05:08+00:00,20000.0,SUCCESS,False,TXN_00049729
ATM_0001241,SYN1000006370,ATM_SYN_6921,LOC_00035,2024-08-17T01:51:29+00:00,10000.0,SUCCESS,False,TXN_00049730
ATM_0001242,SYN1000009475,ATM_SYN_7665,LOC_00120,2024-08-15T00:09:24+00:00,10000.0,SUCCESS,False,TXN_00049731
ATM_0001243,SYN1000008641,ATM_SYN_5735,LOC_00346,2024-09-09T06:57:31+00:00,10000.0,SUCCESS,False,TXN_00049732
ATM_0001244,SYN1000006586,ATM_SYN_9127,LOC_00237,2024-08-10T10:30:25+00:00,3000.0,SUCCESS,False,TXN_00049733
ATM_0001245,SYN1000007024,ATM_SYN_7762,LOC_00408,2024-09-01T20:12:59+00:00,2000.0,SUCCESS,False,TXN_00049734
ATM_0001246,SYN1000007908,ATM_SYN_4477,LOC_00280,2024-09-02T11:44:26+00:00,10000.0,SUCCESS,False,TXN_00049735
ATM_0001247,SYN1000000150,ATM_SYN_8518,LOC_00156,2024-08-26T16:16:53+00:00,15000.0,SUCCESS,False,TXN_00049736
ATM_0001248,SYN1000007065,ATM_SYN_7302,LOC_00154,2024-08-04T02:58:32+00:00,5000.0,SUCCESS,False,TXN_00049737
ATM_0001249,SYN1000005421,ATM_SYN_6091,LOC_00455,2024-08-19T22:36:52+00:00,2000.0,SUCCESS,False,TXN_00049738
ATM_0001250,SYN1000009402,ATM_SYN_5300,LOC_00374,2024-08-11T09:30:32+00:00,20000.0,SUCCESS,False,TXN_00049739
ATM_0001251,SYN1000007037,ATM_SYN_1765,LOC_00234,2024-08-10T02:44:50+00:00,5000.0,SUCCESS,False,TXN_00049740
ATM_0001252,SYN1000006395,ATM_SYN_6540,LOC_00392,2024-08-22T01:01:34+00:00,20000.0,SUCCESS,False,TXN_00049741
ATM_0001253,SYN1000004326,ATM_SYN_4991,LOC_00127,2024-08-28T06:57:01+00:00,5000.0,SUCCESS,False,TXN_00049742
ATM_0001254,SYN1000007066,ATM_SYN_9372,LOC_00360,2024-09-06T23:43:47+00:00,5000.0,SUCCESS,False,TXN_00049743
ATM_0001255,SYN1000000173,ATM_SYN_9611,LOC_00385,2024-08-18T17:07:50+00:00,20000.0,SUCCESS,False,TXN_00049744
ATM_0001256,SYN1000005745,ATM_SYN_9584,LOC_00056,2024-08-31T22:22:59+00:00,2000.0,SUCCESS,False,TXN_00049745
ATM_0001257,SYN1000000970,ATM_SYN_5053,LOC_00015,2024-08-14T12:04:48+00:00,20000.0,SUCCESS,False,TXN_00049746
ATM_0001258,SYN1000008620,ATM_SYN_5064,LOC_00310,2024-08-26T03:01:22+00:00,2000.0,SUCCESS,False,TXN_00049747
ATM_0001259,SYN1000005798,ATM_SYN_5360,LOC_00356,2024-08-03T09:19:39+00:00,2000.0,SUCCESS,False,TXN_00049748
ATM_0001260,SYN1000003912,ATM_SYN_6069,LOC_00334,2024-08-17T09:05:31+00:00,5000.0,SUCCESS,False,TXN_00049749
ATM_0001261,SYN1000004347,ATM_SYN_1421,LOC_00063,2024-09-09T15:26:51+00:00,2000.0,SUCCESS,False,TXN_00049750
ATM_0001262,SYN1000009829,ATM_SYN_5415,LOC_00036,2024-08-25T10:08:49+00:00,15000.0,SUCCESS,False,TXN_00049751
ATM_0001263,SYN1000009334,ATM_SYN_4762,LOC_00154,2024-08-09T11:19:44+00:00,5000.0,SUCCESS,False,TXN_00049752
ATM_0001264,SYN1000004118,ATM_SYN_2922,LOC_00043,2024-08-06T14:16:19+00:00,20000.0,SUCCESS,False,TXN_00049753
ATM_0001265,SYN1000006238,ATM_SYN_5317,LOC_00450,2024-08-16T23:10:33+00:00,15000.0,SUCCESS,False,TXN_00049754
ATM_0001266,SYN1000006508,ATM_SYN_5061,LOC_00431,2024-09-01T15:33:13+00:00,3000.0,SUCCESS,False,TXN_00049755
ATM_0001267,SYN1000005775,ATM_SYN_4954,LOC_00416,2024-09-01T16:29:42+00:00,15000.0,SUCCESS,False,TXN_00049756
ATM_0001268,SYN1000008422,ATM_SYN_6870,LOC_00344,2024-08-23T08:49:45+00:00,20000.0,SUCCESS,False,TXN_00049757
ATM_0001269,SYN1000006283,ATM_SYN_3433,LOC_00222,2024-08-10T07:58:35+00:00,2000.0,SUCCESS,False,TXN_00049758
ATM_0001270,SYN1000003059,ATM_SYN_5075,LOC_00209,2024-08-18T07:06:59+00:00,15000.0,SUCCESS,False,TXN_00049759
ATM_0001271,SYN1000003013,ATM_SYN_5605,LOC_00182,2024-08-16T21:05:54+00:00,3000.0,SUCCESS,False,TXN_00049760
ATM_0001272,SYN1000003803,ATM_SYN_9000,LOC_00311,2024-08-10T17:50:22+00:00,3000.0,SUCCESS,False,TXN_00049761
ATM_0001273,SYN1000004555,ATM_SYN_5386,LOC_00317,2024-09-01T12:05:24+00:00,3000.0,SUCCESS,False,TXN_00049762
ATM_0001274,SYN1000007873,ATM_SYN_9147,LOC_00233,2024-08-24T18:58:47+00:00,1000.0,SUCCESS,False,TXN_00049763
ATM_0001275,SYN1000005371,ATM_SYN_6940,LOC_00327,2024-08-10T22:10:04+00:00,5000.0,SUCCESS,False,TXN_00049764
ATM_0001276,SYN1000005588,ATM_SYN_8632,LOC_00104,2024-08-26T19:18:42+00:00,3000.0,SUCCESS,False,TXN_00049765
ATM_0001277,SYN1000005707,ATM_SYN_8985,LOC_00383,2024-09-10T02:58:21+00:00,2000.0,SUCCESS,False,TXN_00049766
ATM_0001278,SYN1000008977,ATM_SYN_3467,LOC_00147,2024-08-29T02:19:30+00:00,20000.0,SUCCESS,False,TXN_00049767
ATM_0001279,SYN1000002973,ATM_SYN_8943,LOC_00206,2024-09-02T02:07:09+00:00,1000.0,SUCCESS,False,TXN_00049768
ATM_0001280,SYN1000003163,ATM_SYN_8103,LOC_00147,2024-08-23T04:41:42+00:00,2000.0,SUCCESS,False,TXN_00049769
ATM_0001281,SYN1000007602,ATM_SYN_8520,LOC_00367,2024-08-17T23:25:33+00:00,10000.0,SUCCESS,False,TXN_00049770
ATM_0001282,SYN1000001820,ATM_SYN_4987,LOC_00058,2024-08-16T12:12:28+00:00,5000.0,SUCCESS,False,TXN_00049771
ATM_0001283,SYN1000006378,ATM_SYN_2277,LOC_00187,2024-08-22T07:34:40+00:00,5000.0,SUCCESS,False,TXN_00049772
ATM_0001284,SYN1000004380,ATM_SYN_8986,LOC_00498,2024-08-13T20:02:01+00:00,2000.0,SUCCESS,False,TXN_00049773
ATM_0001285,SYN1000000968,ATM_SYN_4330,LOC_00024,2024-09-03T05:21:45+00:00,10000.0,SUCCESS,False,TXN_00049774
ATM_0001286,SYN1000009797,ATM_SYN_3901,LOC_00027,2024-08-28T00:33:14+00:00,1000.0,SUCCESS,False,TXN_00049775
ATM_0001287,SYN1000004824,ATM_SYN_6418,LOC_00349,2024-08-06T10:41:23+00:00,3000.0,SUCCESS,False,TXN_00049776
ATM_0001288,SYN1000000448,ATM_SYN_6869,LOC_00150,2024-08-03T09:58:04+00:00,10000.0,SUCCESS,False,TXN_00049777
ATM_0001289,SYN1000002906,ATM_SYN_2348,LOC_00064,2024-09-03T07:26:06+00:00,1000.0,SUCCESS,False,TXN_00049778
ATM_0001290,SYN1000005191,ATM_SYN_8113,LOC_00033,2024-09-09T22:04:28+00:00,5000.0,SUCCESS,False,TXN_00049779
ATM_0001291,SYN1000000123,ATM_SYN_8259,LOC_00414,2024-08-07T18:14:45+00:00,15000.0,SUCCESS,False,TXN_00049780
ATM_0001292,SYN1000004132,ATM_SYN_8478,LOC_00051,2024-08-11T11:05:43+00:00,15000.0,SUCCESS,False,TXN_00049781
ATM_0001293,SYN1000000543,ATM_SYN_8706,LOC_00413,2024-08-09T14:26:38+00:00,5000.0,SUCCESS,False,TXN_00049782
ATM_0001294,SYN1000008769,ATM_SYN_2890,LOC_00442,2024-08-14T08:22:11+00:00,15000.0,SUCCESS,False,TXN_00049783
ATM_0001295,SYN1000008533,ATM_SYN_2004,LOC_00401,2024-08-25T23:30:00+00:00,2000.0,SUCCESS,False,TXN_00049784
ATM_0001296,SYN1000007388,ATM_SYN_2334,LOC_00307,2024-08-26T10:02:16+00:00,5000.0,SUCCESS,False,TXN_00049785
ATM_0001297,SYN1000002384,ATM_SYN_1167,LOC_00064,2024-08-21T06:23:15+00:00,5000.0,SUCCESS,False,TXN_00049786
ATM_0001298,SYN1000007438,ATM_SYN_6930,LOC_00174,2024-08-31T11:09:15+00:00,5000.0,SUCCESS,False,TXN_00049787
ATM_0001299,SYN1000003886,ATM_SYN_7561,LOC_00303,2024-09-01T17:49:28+00:00,10000.0,SUCCESS,False,TXN_00049788
ATM_0001300,SYN1000002345,ATM_SYN_9381,LOC_00036,2024-08-28T22:33:46+00:00,2000.0,SUCCESS,False,TXN_00049789
ATM_0001301,SYN1000009923,ATM_SYN_5954,LOC_00012,2024-09-02T09:54:09+00:00,2000.0,SUCCESS,False,TXN_00049790
ATM_0001302,SYN1000001215,ATM_SYN_9697,LOC_00378,2024-09-05T09:18:17+00:00,20000.0,SUCCESS,False,TXN_00049791
ATM_0001303,SYN1000009890,ATM_SYN_2154,LOC_00181,2024-09-01T00:38:47+00:00,1000.0,SUCCESS,False,TXN_00049792
ATM_0001304,SYN1000005461,ATM_SYN_9503,LOC_00459,2024-08-06T08:34:17+00:00,1000.0,SUCCESS,False,TXN_00049793
ATM_0001305,SYN1000006077,ATM_SYN_1349,LOC_00340,2024-08-07T08:28:08+00:00,10000.0,SUCCESS,False,TXN_00049794
ATM_0001306,SYN1000004957,ATM_SYN_4045,LOC_00230,2024-08-12T08:31:20+00:00,20000.0,SUCCESS,False,TXN_00049795
ATM_0001307,SYN1000006776,ATM_SYN_8688,LOC_00376,2024-09-03T12:05:50+00:00,3000.0,SUCCESS,False,TXN_00049796
ATM_0001308,SYN1000001169,ATM_SYN_8250,LOC_00246,2024-08-30T09:06:43+00:00,10000.0,SUCCESS,False,TXN_00049797
ATM_0001309,SYN1000000098,ATM_SYN_9616,LOC_00423,2024-08-05T04:36:29+00:00,5000.0,SUCCESS,False,TXN_00049798
ATM_0001310,SYN1000004415,ATM_SYN_6860,LOC_00014,2024-08-25T19:49:15+00:00,10000.0,SUCCESS,False,TXN_00049799
ATM_0001311,SYN1000009528,ATM_SYN_3320,LOC_00150,2024-08-05T07:59:21+00:00,10000.0,SUCCESS,False,TXN_00049800
ATM_0001312,SYN1000004726,ATM_SYN_5909,LOC_00443,2024-08-04T11:18:23+00:00,20000.0,SUCCESS,False,TXN_00049801
ATM_0001313,SYN1000003899,ATM_SYN_5667,LOC_00444,2024-09-02T15:36:32+00:00,1000.0,SUCCESS,False,TXN_00049802
ATM_0001314,SYN1000009149,ATM_SYN_4057,LOC_00026,2024-08-04T03:31:29+00:00,20000.0,SUCCESS,False,TXN_00049803
ATM_0001315,SYN1000008986,ATM_SYN_1192,LOC_00147,2024-09-04T09:13:20+00:00,10000.0,SUCCESS,False,TXN_00049804
ATM_0001316,SYN1000006216,ATM_SYN_6670,LOC_00025,2024-08-12T14:36:24+00:00,20000.0,SUCCESS,False,TXN_00049805
ATM_0001317,SYN1000004762,ATM_SYN_8305,LOC_00366,2024-08-05T03:24:49+00:00,10000.0,SUCCESS,False,TXN_00049806
ATM_0001318,SYN1000005662,ATM_SYN_7620,LOC_00027,2024-09-02T10:47:42+00:00,2000.0,SUCCESS,False,TXN_00049807
ATM_0001319,SYN1000004696,ATM_SYN_2447,LOC_00033,2024-09-02T03:35:24+00:00,20000.0,SUCCESS,False,TXN_00049808
ATM_0001320,SYN1000009605,ATM_SYN_3820,LOC_00084,2024-08-31T12:22:03+00:00,20000.0,SUCCESS,False,TXN_00049809
ATM_0001321,SYN1000000431,ATM_SYN_9052,LOC_00032,2024-09-04T03:35:35+00:00,3000.0,SUCCESS,False,TXN_00049810
ATM_0001322,SYN1000000464,ATM_SYN_5658,LOC_00426,2024-09-02T09:08:06+00:00,1000.0,SUCCESS,False,TXN_00049811
ATM_0001323,SYN1000008461,ATM_SYN_7160,LOC_00451,2024-08-18T11:38:36+00:00,10000.0,SUCCESS,False,TXN_00049812
ATM_0001324,SYN1000003848,ATM_SYN_3996,LOC_00118,2024-09-05T23:01:33+00:00,2000.0,SUCCESS,False,TXN_00049813
ATM_0001325,SYN1000004795,ATM_SYN_1519,LOC_00488,2024-08-20T04:33:41+00:00,2000.0,SUCCESS,False,TXN_00049814
ATM_0001326,SYN1000002078,ATM_SYN_3427,LOC_00448,2024-08-18T01:29:16+00:00,1000.0,SUCCESS,False,TXN_00049815
ATM_0001327,SYN1000001214,ATM_SYN_5193,LOC_00067,2024-08-08T06:27:54+00:00,5000.0,SUCCESS,False,TXN_00049816
ATM_0001328,SYN1000009988,ATM_SYN_7704,LOC_00247,2024-09-10T11:00:09+00:00,5000.0,SUCCESS,False,TXN_00049817
ATM_0001329,SYN1000009860,ATM_SYN_3361,LOC_00391,2024-08-09T01:14:30+00:00,1000.0,SUCCESS,False,TXN_00049818
ATM_0001330,SYN1000008554,ATM_SYN_6169,LOC_00017,2024-08-20T08:17:02+00:00,15000.0,SUCCESS,False,TXN_00049819
ATM_0001331,SYN1000009785,ATM_SYN_7912,LOC_00250,2024-09-05T00:53:06+00:00,10000.0,SUCCESS,False,TXN_00049820
ATM_0001332,SYN1000004889,ATM_SYN_9945,LOC_00277,2024-09-05T22:18:13+00:00,3000.0,SUCCESS,False,TXN_00049821
ATM_0001333,SYN1000004731,ATM_SYN_1334,LOC_00117,2024-08-12T18:10:32+00:00,1000.0,SUCCESS,False,TXN_00049822
ATM_0001334,SYN1000006460,ATM_SYN_7206,LOC_00487,2024-08-08T20:23:10+00:00,10000.0,SUCCESS,False,TXN_00049823
ATM_0001335,SYN1000009819,ATM_SYN_5451,LOC_00217,2024-08-20T14:11:17+00:00,3000.0,SUCCESS,False,TXN_00049824
ATM_0001336,SYN1000000303,ATM_SYN_8530,LOC_00321,2024-08-05T17:48:15+00:00,2000.0,SUCCESS,False,TXN_00049825
ATM_0001337,SYN1000008929,ATM_SYN_7067,LOC_00300,2024-09-04T17:18:36+00:00,10000.0,SUCCESS,False,TXN_00049826
ATM_0001338,SYN1000000232,ATM_SYN_4337,LOC_00179,2024-08-24T10:54:58+00:00,3000.0,SUCCESS,False,TXN_00049827
ATM_0001339,SYN1000005214,ATM_SYN_7186,LOC_00101,2024-08-09T12:03:00+00:00,5000.0,SUCCESS,False,TXN_00049828
ATM_0001340,SYN1000005669,ATM_SYN_9056,LOC_00225,2024-09-05T05:32:13+00:00,2000.0,SUCCESS,False,TXN_00049829
ATM_0001341,SYN1000007668,ATM_SYN_8702,LOC_00060,2024-08-14T11:56:55+00:00,15000.0,SUCCESS,False,TXN_00049830
ATM_0001342,SYN1000008339,ATM_SYN_2400,LOC_00394,2024-08-12T12:50:33+00:00,5000.0,SUCCESS,False,TXN_00049831
ATM_0001343,SYN1000002236,ATM_SYN_7323,LOC_00268,2024-08-10T00:57:51+00:00,5000.0,SUCCESS,False,TXN_00049832
ATM_0001344,SYN1000003003,ATM_SYN_8323,LOC_00368,2024-09-07T23:30:57+00:00,5000.0,SUCCESS,False,TXN_00049833
ATM_0001345,SYN1000005413,ATM_SYN_6979,LOC_00223,2024-08-30T11:15:17+00:00,1000.0,SUCCESS,False,TXN_00049834
ATM_0001346,SYN1000004113,ATM_SYN_1364,LOC_00283,2024-08-25T08:06:52+00:00,1000.0,SUCCESS,False,TXN_00049835
ATM_0001347,SYN1000005579,ATM_SYN_3276,LOC_00246,2024-08-12T10:59:50+00:00,5000.0,SUCCESS,False,TXN_00049836
ATM_0001348,SYN1000005592,ATM_SYN_6303,LOC_00033,2024-09-07T05:39:40+00:00,2000.0,SUCCESS,False,TXN_00049837
ATM_0001349,SYN1000003247,ATM_SYN_9750,LOC_00109,2024-08-21T22:22:14+00:00,1000.0,SUCCESS,False,TXN_00049838
ATM_0001350,SYN1000000111,ATM_SYN_6733,LOC_00475,2024-09-08T12:04:19+00:00,20000.0,SUCCESS,False,TXN_00049839
ATM_0001351,SYN1000008325,ATM_SYN_1001,LOC_00416,2024-08-13T21:56:55+00:00,10000.0,SUCCESS,False,TXN_00049840
ATM_0001352,SYN1000000598,ATM_SYN_8024,LOC_00293,2024-09-07T13:16:34+00:00,1000.0,SUCCESS,False,TXN_00049841
ATM_0001353,SYN1000006842,ATM_SYN_5425,LOC_00351,2024-08-15T10:17:31+00:00,5000.0,SUCCESS,False,TXN_00049842
ATM_0001354,SYN1000006863,ATM_SYN_5777,LOC_00017,2024-08-08T07:22:16+00:00,2000.0,SUCCESS,False,TXN_00049843
ATM_0001355,SYN1000001079,ATM_SYN_2846,LOC_00140,2024-08-20T21:52:29+00:00,20000.0,SUCCESS,False,TXN_00049844
ATM_0001356,SYN1000008559,ATM_SYN_6694,LOC_00264,2024-09-08T14:41:09+00:00,2000.0,SUCCESS,False,TXN_00049845
ATM_0001357,SYN1000005872,ATM_SYN_3945,LOC_00303,2024-08-21T23:34:02+00:00,20000.0,SUCCESS,False,TXN_00049846
ATM_0001358,SYN1000000090,ATM_SYN_8062,LOC_00284,2024-08-13T10:44:00+00:00,3000.0,SUCCESS,False,TXN_00049847
ATM_0001359,SYN1000005308,ATM_SYN_7647,LOC_00442,2024-08-15T01:14:45+00:00,15000.0,SUCCESS,False,TXN_00049848
ATM_0001360,SYN1000004119,ATM_SYN_2402,LOC_00167,2024-08-11T11:06:06+00:00,20000.0,SUCCESS,False,TXN_00049849
ATM_0001361,SYN1000001354,ATM_SYN_5781,LOC_00276,2024-09-01T22:14:42+00:00,20000.0,SUCCESS,False,TXN_00049850
ATM_0001362,SYN1000000462,ATM_SYN_5521,LOC_00083,2024-09-02T20:50:57+00:00,15000.0,SUCCESS,False,TXN_00049851
ATM_0001363,SYN1000006860,ATM_SYN_4752,LOC_00324,2024-08-16T20:53:01+00:00,1000.0,SUCCESS,False,TXN_00049852
ATM_0001364,SYN1000003105,ATM_SYN_2951,LOC_00340,2024-08-17T05:27:52+00:00,2000.0,SUCCESS,False,TXN_00049853
ATM_0001365,SYN1000002747,ATM_SYN_6550,LOC_00486,2024-09-06T16:22:38+00:00,20000.0,SUCCESS,False,TXN_00049854
ATM_0001366,SYN1000002443,ATM_SYN_3556,LOC_00159,2024-09-08T15:54:34+00:00,5000.0,SUCCESS,False,TXN_00049855
ATM_0001367,SYN1000003358,ATM_SYN_3502,LOC_00389,2024-08-17T19:21:34+00:00,15000.0,SUCCESS,False,TXN_00049856
ATM_0001368,SYN1000008159,ATM_SYN_8303,LOC_00274,2024-09-05T23:59:26+00:00,3000.0,SUCCESS,False,TXN_00049857
ATM_0001369,SYN1000001636,ATM_SYN_9109,LOC_00022,2024-08-17T04:44:33+00:00,20000.0,SUCCESS,False,TXN_00049858
ATM_0001370,SYN1000000815,ATM_SYN_6535,LOC_00106,2024-08-27T17:10:47+00:00,2000.0,SUCCESS,False,TXN_00049859
ATM_0001371,SYN1000003971,ATM_SYN_5469,LOC_00442,2024-08-10T16:05:26+00:00,5000.0,SUCCESS,False,TXN_00049860
ATM_0001372,SYN1000006853,ATM_SYN_1863,LOC_00043,2024-09-06T12:48:01+00:00,10000.0,SUCCESS,False,TXN_00049861
ATM_0001373,SYN1000006622,ATM_SYN_1022,LOC_00384,2024-08-28T13:58:06+00:00,2000.0,SUCCESS,False,TXN_00049862
ATM_0001374,SYN1000007796,ATM_SYN_4424,LOC_00476,2024-09-08T00:00:58+00:00,5000.0,SUCCESS,False,TXN_00049863
ATM_0001375,SYN1000001906,ATM_SYN_6794,LOC_00481,2024-08-06T17:11:48+00:00,5000.0,SUCCESS,False,TXN_00049864
ATM_0001376,SYN1000002853,ATM_SYN_2407,LOC_00182,2024-09-08T09:38:20+00:00,20000.0,SUCCESS,False,TXN_00049865
ATM_0001377,SYN1000003568,ATM_SYN_2742,LOC_00127,2024-08-02T12:19:48+00:00,2000.0,SUCCESS,False,TXN_00049866
ATM_0001378,SYN1000008454,ATM_SYN_8294,LOC_00463,2024-08-10T05:47:29+00:00,20000.0,SUCCESS,False,TXN_00049867
ATM_0001379,SYN1000001894,ATM_SYN_7795,LOC_00328,2024-08-07T22:43:19+00:00,20000.0,SUCCESS,False,TXN_00049868
ATM_0001380,SYN1000007017,ATM_SYN_1191,LOC_00358,2024-09-05T16:20:02+00:00,1000.0,SUCCESS,False,TXN_00049869
ATM_0001381,SYN1000008325,ATM_SYN_7192,LOC_00223,2024-09-05T23:37:06+00:00,5000.0,SUCCESS,False,TXN_00049870
ATM_0001382,SYN1000007630,ATM_SYN_1504,LOC_00310,2024-08-02T14:24:39+00:00,5000.0,SUCCESS,False,TXN_00049871
ATM_0001383,SYN1000002388,ATM_SYN_5464,LOC_00159,2024-09-07T12:05:30+00:00,20000.0,SUCCESS,False,TXN_00049872
ATM_0001384,SYN1000001833,ATM_SYN_5662,LOC_00021,2024-08-18T04:31:02+00:00,2000.0,SUCCESS,False,TXN_00049873
ATM_0001385,SYN1000007060,ATM_SYN_2776,LOC_00435,2024-08-12T02:56:34+00:00,2000.0,SUCCESS,False,TXN_00049874
ATM_0001386,SYN1000003572,ATM_SYN_2280,LOC_00264,2024-09-02T23:43:48+00:00,10000.0,SUCCESS,False,TXN_00049875
ATM_0001387,SYN1000003184,ATM_SYN_7688,LOC_00097,2024-09-10T03:12:25+00:00,5000.0,SUCCESS,False,TXN_00049876
ATM_0001388,SYN1000005182,ATM_SYN_3369,LOC_00020,2024-08-06T00:57:51+00:00,5000.0,SUCCESS,False,TXN_00049877
ATM_0001389,SYN1000003276,ATM_SYN_3847,LOC_00153,2024-09-10T06:06:48+00:00,20000.0,SUCCESS,False,TXN_00049878
ATM_0001390,SYN1000003997,ATM_SYN_3619,LOC_00049,2024-09-01T08:02:48+00:00,15000.0,SUCCESS,False,TXN_00049879
ATM_0001391,SYN1000008718,ATM_SYN_9105,LOC_00071,2024-08-19T05:24:23+00:00,3000.0,SUCCESS,False,TXN_00049880
ATM_0001392,SYN1000007694,ATM_SYN_9054,LOC_00325,2024-08-02T09:01:54+00:00,3000.0,SUCCESS,False,TXN_00049881
ATM_0001393,SYN1000001927,ATM_SYN_4302,LOC_00157,2024-08-14T15:20:43+00:00,1000.0,SUCCESS,False,TXN_00049882
ATM_0001394,SYN1000003943,ATM_SYN_3849,LOC_00207,2024-09-08T23:56:20+00:00,3000.0,SUCCESS,False,TXN_00049883
ATM_0001395,SYN1000000307,ATM_SYN_3154,LOC_00330,2024-09-04T05:18:19+00:00,20000.0,SUCCESS,False,TXN_00049884
ATM_0001396,SYN1000006834,ATM_SYN_1204,LOC_00070,2024-09-05T19:38:42+00:00,5000.0,SUCCESS,False,TXN_00049885
ATM_0001397,SYN1000002528,ATM_SYN_1973,LOC_00244,2024-08-05T03:20:57+00:00,3000.0,SUCCESS,False,TXN_00049886
ATM_0001398,SYN1000000799,ATM_SYN_5094,LOC_00205,2024-08-22T12:26:57+00:00,3000.0,SUCCESS,False,TXN_00049887
ATM_0001399,SYN1000006256,ATM_SYN_9368,LOC_00109,2024-08-25T06:50:09+00:00,1000.0,SUCCESS,False,TXN_00049888
ATM_0001400,SYN1000006991,ATM_SYN_8429,LOC_00278,2024-08-24T18:24:30+00:00,10000.0,SUCCESS,False,TXN_00049889
ATM_0001401,SYN1000000917,ATM_SYN_3010,LOC_00132,2024-08-14T16:26:27+00:00,5000.0,SUCCESS,False,TXN_00049890
ATM_0001402,SYN1000003145,ATM_SYN_9739,LOC_00080,2024-08-17T21:41:06+00:00,5000.0,SUCCESS,False,TXN_00049891
ATM_0001403,SYN1000000741,ATM_SYN_3255,LOC_00229,2024-09-06T09:33:34+00:00,2000.0,SUCCESS,False,TXN_00049892
ATM_0001404,SYN1000003384,ATM_SYN_4110,LOC_00264,2024-08-09T19:21:00+00:00,10000.0,SUCCESS,False,TXN_00049893
ATM_0001405,SYN1000004599,ATM_SYN_6019,LOC_00068,2024-08-14T15:11:53+00:00,10000.0,SUCCESS,False,TXN_00049894
ATM_0001406,SYN1000006719,ATM_SYN_5612,LOC_00242,2024-09-09T10:45:49+00:00,10000.0,SUCCESS,False,TXN_00049895
ATM_0001407,SYN1000006781,ATM_SYN_4881,LOC_00340,2024-09-10T22:22:12+00:00,20000.0,SUCCESS,False,TXN_00049896
ATM_0001408,SYN1000008044,ATM_SYN_1813,LOC_00106,2024-08-12T13:36:00+00:00,15000.0,SUCCESS,False,TXN_00049897
ATM_0001409,SYN1000003352,ATM_SYN_4632,LOC_00189,2024-08-29T15:19:01+00:00,2000.0,SUCCESS,False,TXN_00049898
ATM_0001410,SYN1000009884,ATM_SYN_6066,LOC_00197,2024-09-08T01:38:23+00:00,20000.0,SUCCESS,False,TXN_00049899
ATM_0001411,SYN1000005798,ATM_SYN_3911,LOC_00430,2024-08-23T21:49:02+00:00,1000.0,SUCCESS,False,TXN_00049900
ATM_0001412,SYN1000002602,ATM_SYN_2726,LOC_00278,2024-08-18T18:45:54+00:00,10000.0,SUCCESS,False,TXN_00049901
ATM_0001413,SYN1000006741,ATM_SYN_1439,LOC_00039,2024-08-08T11:21:33+00:00,2000.0,SUCCESS,False,TXN_00049902
ATM_0001414,SYN1000009909,ATM_SYN_1694,LOC_00030,2024-09-03T16:14:57+00:00,20000.0,SUCCESS,False,TXN_00049903
ATM_0001415,SYN1000002031,ATM_SYN_1193,LOC_00051,2024-08-28T01:32:57+00:00,20000.0,SUCCESS,False,TXN_00049904
ATM_0001416,SYN1000003610,ATM_SYN_6077,LOC_00320,2024-08-06T09:36:24+00:00,5000.0,SUCCESS,False,TXN_00049905
ATM_0001417,SYN1000009335,ATM_SYN_1689,LOC_00217,2024-08-14T00:56:53+00:00,15000.0,SUCCESS,False,TXN_00049906
ATM_0001418,SYN1000007903,ATM_SYN_5633,LOC_00209,2024-08-24T19:21:03+00:00,15000.0,SUCCESS,False,TXN_00049907
ATM_0001419,SYN1000005064,ATM_SYN_2036,LOC_00074,2024-08-05T19:37:08+00:00,3000.0,SUCCESS,False,TXN_00049908
ATM_0001420,SYN1000002468,ATM_SYN_9922,LOC_00072,2024-08-08T01:57:33+00:00,15000.0,SUCCESS,False,TXN_00049909
ATM_0001421,SYN1000005751,ATM_SYN_8989,LOC_00357,2024-08-15T16:01:13+00:00,1000.0,SUCCESS,False,TXN_00049910
ATM_0001422,SYN1000005122,ATM_SYN_9618,LOC_00056,2024-08-22T16:53:18+00:00,15000.0,SUCCESS,False,TXN_00049911
ATM_0001423,SYN1000000670,ATM_SYN_1594,LOC_00187,2024-08-19T22:29:59+00:00,5000.0,SUCCESS,False,TXN_00049912
ATM_0001424,SYN1000001263,ATM_SYN_7099,LOC_00068,2024-08-13T12:37:21+00:00,5000.0,SUCCESS,False,TXN_00049913
ATM_0001425,SYN1000008394,ATM_SYN_2965,LOC_00460,2024-08-02T22:53:14+00:00,3000.0,SUCCESS,False,TXN_00049914
ATM_0001426,SYN1000009372,ATM_SYN_2731,LOC_00496,2024-09-07T01:49:39+00:00,3000.0,SUCCESS,False,TXN_00049915
ATM_0001427,SYN1000001068,ATM_SYN_8675,LOC_00206,2024-08-26T07:22:33+00:00,20000.0,SUCCESS,False,TXN_00049916
ATM_0001428,SYN1000005568,ATM_SYN_4112,LOC_00232,2024-08-21T02:21:45+00:00,5000.0,SUCCESS,False,TXN_00049917
ATM_0001429,SYN1000001819,ATM_SYN_9359,LOC_00488,2024-09-05T10:58:52+00:00,3000.0,SUCCESS,False,TXN_00049918
ATM_0001430,SYN1000005777,ATM_SYN_7050,LOC_00434,2024-08-08T07:32:02+00:00,20000.0,SUCCESS,False,TXN_00049919
ATM_0001431,SYN1000005663,ATM_SYN_9519,LOC_00061,2024-08-16T01:26:20+00:00,2000.0,SUCCESS,False,TXN_00049920
ATM_0001432,SYN1000002796,ATM_SYN_7340,LOC_00440,2024-09-02T12:08:44+00:00,3000.0,SUCCESS,False,TXN_00049921
ATM_0001433,SYN1000009889,ATM_SYN_8864,LOC_00349,2024-09-10T14:32:08+00:00,3000.0,SUCCESS,False,TXN_00049922
ATM_0001434,SYN1000005711,ATM_SYN_5903,LOC_00458,2024-08-03T06:29:48+00:00,1000.0,SUCCESS,False,TXN_00049923
ATM_0001435,SYN1000008704,ATM_SYN_3378,LOC_00062,2024-09-04T22:32:31+00:00,15000.0,SUCCESS,False,TXN_00049924
ATM_0001436,SYN1000000089,ATM_SYN_4556,LOC_00480,2024-08-24T18:11:41+00:00,15000.0,SUCCESS,False,TXN_00049925
ATM_0001437,SYN1000008041,ATM_SYN_4545,LOC_00454,2024-08-05T20:20:14+00:00,15000.0,SUCCESS,False,TXN_00049926
ATM_0001438,SYN1000005538,ATM_SYN_7129,LOC_00170,2024-08-24T05:17:52+00:00,5000.0,SUCCESS,False,TXN_00049927
ATM_0001439,SYN1000006011,ATM_SYN_5268,LOC_00337,2024-09-06T15:38:16+00:00,20000.0,SUCCESS,False,TXN_00049928
ATM_0001440,SYN1000007938,ATM_SYN_6071,LOC_00482,2024-09-02T04:20:04+00:00,5000.0,SUCCESS,False,TXN_00049929
ATM_0001441,SYN1000006981,ATM_SYN_6187,LOC_00426,2024-08-08T10:14:55+00:00,1000.0,SUCCESS,False,TXN_00049930
ATM_0001442,SYN1000003412,ATM_SYN_5182,LOC_00232,2024-08-17T23:47:12+00:00,5000.0,SUCCESS,False,TXN_00049931
ATM_0001443,SYN1000003470,ATM_SYN_6277,LOC_00235,2024-09-01T20:13:26+00:00,5000.0,SUCCESS,False,TXN_00049932
ATM_0001444,SYN1000002405,ATM_SYN_7919,LOC_00364,2024-08-04T06:01:10+00:00,1000.0,SUCCESS,False,TXN_00049933
ATM_0001445,SYN1000004521,ATM_SYN_1719,LOC_00441,2024-09-05T08:27:50+00:00,3000.0,SUCCESS,False,TXN_00049934
ATM_0001446,SYN1000006407,ATM_SYN_3658,LOC_00249,2024-09-06T13:38:57+00:00,1000.0,SUCCESS,False,TXN_00049935
ATM_0001447,SYN1000007523,ATM_SYN_3868,LOC_00232,2024-08-29T23:45:54+00:00,2000.0,SUCCESS,False,TXN_00049936
ATM_0001448,SYN1000006609,ATM_SYN_1496,LOC_00066,2024-08-12T12:17:12+00:00,10000.0,SUCCESS,False,TXN_00049937
ATM_0001449,SYN1000001701,ATM_SYN_3121,LOC_00363,2024-08-11T04:01:31+00:00,5000.0,SUCCESS,False,TXN_00049938
ATM_0001450,SYN1000006239,ATM_SYN_8188,LOC_00342,2024-08-18T17:20:31+00:00,15000.0,SUCCESS,False,TXN_00049939
ATM_0001451,SYN1000006503,ATM_SYN_5581,LOC_00329,2024-09-01T05:21:10+00:00,20000.0,SUCCESS,False,TXN_00049940
ATM_0001452,SYN1000006906,ATM_SYN_2251,LOC_00377,2024-08-17T21:51:47+00:00,1000.0,SUCCESS,False,TXN_00049941
ATM_0001453,SYN1000009408,ATM_SYN_9856,LOC_00363,2024-09-01T00:22:32+00:00,20000.0,SUCCESS,False,TXN_00049942
ATM_0001454,SYN1000002756,ATM_SYN_8648,LOC_00372,2024-08-02T08:40:17+00:00,1000.0,SUCCESS,False,TXN_00049943
ATM_0001455,SYN1000008599,ATM_SYN_1798,LOC_00068,2024-08-19T05:45:17+00:00,5000.0,SUCCESS,False,TXN_00049944
ATM_0001456,SYN1000006786,ATM_SYN_1734,LOC_00104,2024-08-11T23:06:25+00:00,20000.0,SUCCESS,False,TXN_00049945
ATM_0001457,SYN1000009315,ATM_SYN_3180,LOC_00213,2024-08-10T22:27:08+00:00,3000.0,SUCCESS,False,TXN_00049946
ATM_0001458,SYN1000003925,ATM_SYN_8850,LOC_00111,2024-08-03T06:58:17+00:00,5000.0,SUCCESS,False,TXN_00049947
ATM_0001459,SYN1000000204,ATM_SYN_6045,LOC_00142,2024-08-16T05:01:54+00:00,20000.0,SUCCESS,False,TXN_00049948
ATM_0001460,SYN1000009610,ATM_SYN_9938,LOC_00051,2024-09-02T12:51:43+00:00,20000.0,SUCCESS,False,TXN_00049949
ATM_0001461,SYN1000005684,ATM_SYN_6558,LOC_00464,2024-08-29T15:02:20+00:00,3000.0,SUCCESS,False,TXN_00049950
ATM_0001462,SYN1000001812,ATM_SYN_6089,LOC_00058,2024-09-03T11:56:48+00:00,10000.0,SUCCESS,False,TXN_00049951
ATM_0001463,SYN1000009798,ATM_SYN_9330,LOC_00167,2024-08-20T04:49:27+00:00,5000.0,SUCCESS,False,TXN_00049952
ATM_0001464,SYN1000002784,ATM_SYN_5205,LOC_00347,2024-08-21T07:34:12+00:00,15000.0,SUCCESS,False,TXN_00049953
ATM_0001465,SYN1000003296,ATM_SYN_6737,LOC_00105,2024-09-01T15:57:50+00:00,15000.0,SUCCESS,False,TXN_00049954
ATM_0001466,SYN1000007149,ATM_SYN_6280,LOC_00256,2024-08-06T03:20:04+00:00,3000.0,SUCCESS,False,TXN_00049955
ATM_0001467,SYN1000002672,ATM_SYN_5706,LOC_00201,2024-08-28T22:18:33+00:00,1000.0,SUCCESS,False,TXN_00049956
ATM_0001468,SYN1000003756,ATM_SYN_7638,LOC_00354,2024-08-10T07:28:46+00:00,15000.0,SUCCESS,False,TXN_00049957
ATM_0001469,SYN1000002584,ATM_SYN_5833,LOC_00132,2024-08-29T12:14:50+00:00,10000.0,SUCCESS,False,TXN_00049958
ATM_0001470,SYN1000000073,ATM_SYN_6360,LOC_00415,2024-08-28T18:55:51+00:00,10000.0,SUCCESS,False,TXN_00049959
ATM_0001471,SYN1000002481,ATM_SYN_9195,LOC_00252,2024-08-07T10:29:15+00:00,3000.0,SUCCESS,False,TXN_00049960
ATM_0001472,SYN1000003999,ATM_SYN_2941,LOC_00347,2024-08-03T22:14:34+00:00,1000.0,SUCCESS,False,TXN_00049961
ATM_0001473,SYN1000005837,ATM_SYN_9786,LOC_00405,2024-08-21T18:04:11+00:00,10000.0,SUCCESS,False,TXN_00049962
ATM_0001474,SYN1000008635,ATM_SYN_6415,LOC_00451,2024-08-22T11:10:35+00:00,15000.0,SUCCESS,False,TXN_00049963
ATM_0001475,SYN1000000707,ATM_SYN_9298,LOC_00010,2024-08-08T07:36:11+00:00,2000.0,SUCCESS,False,TXN_00049964
ATM_0001476,SYN1000009691,ATM_SYN_6140,LOC_00496,2024-08-15T18:16:52+00:00,3000.0,SUCCESS,False,TXN_00049965
ATM_0001477,SYN1000008749,ATM_SYN_7697,LOC_00076,2024-08-13T16:41:12+00:00,3000.0,SUCCESS,False,TXN_00049966
ATM_0001478,SYN1000001065,ATM_SYN_9748,LOC_00347,2024-08-31T07:19:12+00:00,15000.0,SUCCESS,False,TXN_00049967
ATM_0001479,SYN1000006174,ATM_SYN_6581,LOC_00349,2024-08-08T23:30:35+00:00,15000.0,SUCCESS,False,TXN_00049968
ATM_0001480,SYN1000002524,ATM_SYN_9236,LOC_00360,2024-08-11T00:38:04+00:00,1000.0,SUCCESS,False,TXN_00049969
ATM_0001481,SYN1000008234,ATM_SYN_2623,LOC_00274,2024-08-14T20:16:34+00:00,5000.0,SUCCESS,False,TXN_00049970
ATM_0001482,SYN1000004442,ATM_SYN_6610,LOC_00430,2024-08-24T09:58:58+00:00,20000.0,SUCCESS,False,TXN_00049971
ATM_0001483,SYN1000008109,ATM_SYN_3704,LOC_00146,2024-09-04T08:11:38+00:00,2000.0,SUCCESS,False,TXN_00049972
ATM_0001484,SYN1000005880,ATM_SYN_1936,LOC_00171,2024-09-05T08:46:39+00:00,3000.0,SUCCESS,False,TXN_00049973
ATM_0001485,SYN1000005136,ATM_SYN_1824,LOC_00191,2024-08-13T08:02:15+00:00,3000.0,SUCCESS,False,TXN_00049974
ATM_0001486,SYN1000004424,ATM_SYN_8124,LOC_00487,2024-09-03T23:25:49+00:00,5000.0,SUCCESS,False,TXN_00049975
ATM_0001487,SYN1000007462,ATM_SYN_2131,LOC_00145,2024-08-31T11:33:26+00:00,20000.0,SUCCESS,False,TXN_00049976
ATM_0001488,SYN1000005709,ATM_SYN_9343,LOC_00443,2024-09-06T07:10:35+00:00,15000.0,SUCCESS,False,TXN_00049977
ATM_0001489,SYN1000009621,ATM_SYN_8172,LOC_00223,2024-08-11T16:42:24+00:00,3000.0,SUCCESS,False,TXN_00049978
ATM_0001490,SYN1000001119,ATM_SYN_3362,LOC_00457,2024-08-29T13:43:05+00:00,2000.0,SUCCESS,False,TXN_00049979
ATM_0001491,SYN1000007248,ATM_SYN_5319,LOC_00208,2024-09-04T09:36:04+00:00,3000.0,SUCCESS,False,TXN_00049980
ATM_0001492,SYN1000000082,ATM_SYN_2590,LOC_00474,2024-08-28T23:29:59+00:00,2000.0,SUCCESS,False,TXN_00049981
ATM_0001493,SYN1000002685,ATM_SYN_1009,LOC_00311,2024-08-10T07:45:40+00:00,5000.0,SUCCESS,False,TXN_00049982
ATM_0001494,SYN1000007295,ATM_SYN_3686,LOC_00228,2024-09-06T14:44:41+00:00,15000.0,SUCCESS,False,TXN_00049983
ATM_0001495,SYN1000000562,ATM_SYN_9950,LOC_00401,2024-08-14T19:37:09+00:00,15000.0,SUCCESS,False,TXN_00049984
ATM_0001496,SYN1000004432,ATM_SYN_1206,LOC_00209,2024-08-11T06:40:14+00:00,20000.0,SUCCESS,False,TXN_00049985
ATM_0001497,SYN1000007323,ATM_SYN_5037,LOC_00179,2024-09-06T17:58:49+00:00,10000.0,SUCCESS,False,TXN_00049986
ATM_0001498,SYN1000002973,ATM_SYN_3907,LOC_00081,2024-08-27T07:57:11+00:00,2000.0,SUCCESS,False,TXN_00049987
ATM_0001499,SYN1000009768,ATM_SYN_9582,LOC_00485,2024-08-18T14:30:31+00:00,15000.0,SUCCESS,False,TXN_00049988
ATM_0001500,SYN1000003090,ATM_SYN_8697,LOC_00300,2024-08-03T08:28:41+00:00,1000.0,SUCCESS,False,TXN_00049989
ATM_0001501,SYN1000003890,ATM_SYN_7290,LOC_00393,2024-08-08T15:10:46+00:00,2000.0,SUCCESS,False,TXN_00049990
ATM_0001502,SYN1000005521,ATM_SYN_2134,LOC_00334,2024-08-04T22:38:23+00:00,20000.0,SUCCESS,False,TXN_00049991
ATM_0001503,SYN1000009637,ATM_SYN_8663,LOC_00179,2024-08-27T19:30:51+00:00,2000.0,SUCCESS,False,TXN_00049992
ATM_0001504,SYN1000001157,ATM_SYN_9437,LOC_00036,2024-09-01T21:13:46+00:00,5000.0,SUCCESS,False,TXN_00049993
ATM_0001505,SYN1000004098,ATM_SYN_3757,LOC_00300,2024-09-05T18:21:58+00:00,20000.0,SUCCESS,False,TXN_00049994
ATM_0001506,SYN1000003412,ATM_SYN_7918,LOC_00128,2024-08-26T08:42:08+00:00,2000.0,SUCCESS,False,TXN_00049995
ATM_0001507,SYN1000009013,ATM_SYN_6545,LOC_00265,2024-08-09T12:25:35+00:00,20000.0,SUCCESS,False,TXN_00049996
ATM_0001508,SYN1000006700,ATM_SYN_6114,LOC_00313,2024-08-11T07:25:54+00:00,2000.0,SUCCESS,False,TXN_00049997
ATM_0001509,SYN1000009826,ATM_SYN_4592,LOC_00133,2024-08-06T22:11:06+00:00,15000.0,SUCCESS,False,TXN_00049998
ATM_0001510,SYN1000009151,ATM_SYN_7996,LOC_00274,2024-08-02T03:38:58+00:00,5000.0,SUCCESS,False,TXN_00049999
ATM_0001511,SYN1000008017,ATM_SYN_9504,LOC_00268,2024-08-10T00:33:48+00:00,1000.0,SUCCESS,False,TXN_00050000
ATM_0001512,SYN1000008887,ATM_SYN_5138,LOC_00347,2024-08-12T18:39:20+00:00,5000.0,SUCCESS,False,TXN_00050001
ATM_0001513,SYN1000002267,ATM_SYN_4257,LOC_00489,2024-08-31T10:58:09+00:00,3000.0,SUCCESS,False,TXN_00050002
ATM_0001514,SYN1000007148,ATM_SYN_2739,LOC_00382,2024-08-18T10:02:43+00:00,3000.0,SUCCESS,False,TXN_00050003
ATM_0001515,SYN1000005793,ATM_SYN_1459,LOC_00349,2024-08-08T05:16:56+00:00,5000.0,SUCCESS,False,TXN_00050004
ATM_0001516,SYN1000000722,ATM_SYN_5169,LOC_00204,2024-08-12T18:49:15+00:00,10000.0,SUCCESS,False,TXN_00050005
ATM_0001517,SYN1000007053,ATM_SYN_1632,LOC_00448,2024-09-06T15:06:04+00:00,1000.0,SUCCESS,False,TXN_00050006
ATM_0001518,SYN1000004611,ATM_SYN_9211,LOC_00022,2024-08-17T14:08:06+00:00,20000.0,SUCCESS,False,TXN_00050007
ATM_0001519,SYN1000003464,ATM_SYN_6018,LOC_00202,2024-08-28T23:33:52+00:00,10000.0,SUCCESS,False,TXN_00050008
ATM_0001520,SYN1000004406,ATM_SYN_6517,LOC_00145,2024-08-27T13:59:49+00:00,20000.0,SUCCESS,False,TXN_00050009
ATM_0001521,SYN1000003564,ATM_SYN_5120,LOC_00415,2024-08-05T10:32:21+00:00,2000.0,SUCCESS,False,TXN_00050010
ATM_0001522,SYN1000006506,ATM_SYN_9477,LOC_00224,2024-09-04T11:49:33+00:00,1000.0,SUCCESS,False,TXN_00050011
ATM_0001523,SYN1000004431,ATM_SYN_7990,LOC_00404,2024-08-12T09:28:58+00:00,1000.0,SUCCESS,False,TXN_00050012
ATM_0001524,SYN1000007036,ATM_SYN_5449,LOC_00045,2024-08-23T14:20:38+00:00,1000.0,SUCCESS,False,TXN_00050013
ATM_0001525,SYN1000008114,ATM_SYN_1537,LOC_00333,2024-08-30T18:29:52+00:00,15000.0,SUCCESS,False,TXN_00050014
ATM_0001526,SYN1000001244,ATM_SYN_7806,LOC_00379,2024-09-06T22:10:28+00:00,2000.0,SUCCESS,False,TXN_00050015
ATM_0001527,SYN1000007847,ATM_SYN_4713,LOC_00369,2024-08-12T09:31:40+00:00,20000.0,SUCCESS,False,TXN_00050016
ATM_0001528,SYN1000004047,ATM_SYN_1883,LOC_00224,2024-08-17T20:45:18+00:00,10000.0,SUCCESS,False,TXN_00050017
ATM_0001529,SYN1000002128,ATM_SYN_8513,LOC_00177,2024-08-29T15:11:39+00:00,15000.0,SUCCESS,False,TXN_00050018
ATM_0001530,SYN1000003359,ATM_SYN_8420,LOC_00421,2024-08-22T10:12:39+00:00,10000.0,SUCCESS,False,TXN_00050019
ATM_0001531,SYN1000007050,ATM_SYN_9295,LOC_00173,2024-08-17T11:17:29+00:00,10000.0,SUCCESS,False,TXN_00050020
ATM_0001532,SYN1000001836,ATM_SYN_9123,LOC_00340,2024-08-05T06:16:04+00:00,5000.0,SUCCESS,False,TXN_00050021
ATM_0001533,SYN1000003645,ATM_SYN_6991,LOC_00397,2024-08-27T17:58:04+00:00,1000.0,SUCCESS,False,TXN_00050022
ATM_0001534,SYN1000000806,ATM_SYN_4647,LOC_00239,2024-08-03T12:40:32+00:00,1000.0,SUCCESS,False,TXN_00050023
ATM_0001535,SYN1000009053,ATM_SYN_8998,LOC_00201,2024-08-14T09:26:59+00:00,5000.0,SUCCESS,False,TXN_00050024
ATM_0001536,SYN1000009758,ATM_SYN_7337,LOC_00104,2024-08-26T19:27:25+00:00,15000.0,SUCCESS,False,TXN_00050025
ATM_0001537,SYN1000005406,ATM_SYN_8921,LOC_00049,2024-09-08T22:57:48+00:00,10000.0,SUCCESS,False,TXN_00050026
ATM_0001538,SYN1000003868,ATM_SYN_5103,LOC_00430,2024-08-14T01:45:41+00:00,15000.0,SUCCESS,False,TXN_00050027
ATM_0001539,SYN1000002703,ATM_SYN_1112,LOC_00158,2024-09-08T22:16:55+00:00,20000.0,SUCCESS,False,TXN_00050028
ATM_0001540,SYN1000002323,ATM_SYN_8528,LOC_00298,2024-08-07T08:38:55+00:00,15000.0,SUCCESS,False,TXN_00050029
ATM_0001541,SYN1000001985,ATM_SYN_8018,LOC_00190,2024-08-07T06:30:17+00:00,3000.0,SUCCESS,False,TXN_00050030
ATM_0001542,SYN1000006545,ATM_SYN_2859,LOC_00473,2024-09-03T19:02:29+00:00,5000.0,SUCCESS,False,TXN_00050031
ATM_0001543,SYN1000001980,ATM_SYN_4370,LOC_00400,2024-09-03T13:55:24+00:00,3000.0,SUCCESS,False,TXN_00050032
ATM_0001544,SYN1000000119,ATM_SYN_3310,LOC_00047,2024-08-15T18:30:28+00:00,15000.0,SUCCESS,False,TXN_00050033
ATM_0001545,SYN1000008687,ATM_SYN_1153,LOC_00120,2024-09-10T03:11:20+00:00,20000.0,SUCCESS,False,TXN_00050034
ATM_0001546,SYN1000003613,ATM_SYN_2523,LOC_00302,2024-08-29T23:13:30+00:00,2000.0,SUCCESS,False,TXN_00050035
ATM_0001547,SYN1000008177,ATM_SYN_2722,LOC_00486,2024-08-19T05:10:00+00:00,3000.0,SUCCESS,False,TXN_00050036
ATM_0001548,SYN1000004948,ATM_SYN_7584,LOC_00339,2024-09-05T02:30:42+00:00,5000.0,SUCCESS,False,TXN_00050037
ATM_0001549,SYN1000000545,ATM_SYN_8704,LOC_00434,2024-08-18T12:58:18+00:00,20000.0,SUCCESS,False,TXN_00050038
ATM_0001550,SYN1000009171,ATM_SYN_8969,LOC_00013,2024-08-18T15:05:22+00:00,15000.0,SUCCESS,False,TXN_00050039
ATM_0001551,SYN1000002347,ATM_SYN_6531,LOC_00147,2024-08-02T17:39:26+00:00,15000.0,SUCCESS,False,TXN_00050040
ATM_0001552,SYN1000009198,ATM_SYN_7716,LOC_00255,2024-08-08T22:21:08+00:00,2000.0,SUCCESS,False,TXN_00050041
ATM_0001553,SYN1000000456,ATM_SYN_9501,LOC_00258,2024-08-06T01:24:20+00:00,20000.0,SUCCESS,False,TXN_00050042
ATM_0001554,SYN1000007479,ATM_SYN_7402,LOC_00415,2024-08-04T10:07:43+00:00,1000.0,SUCCESS,False,TXN_00050043
ATM_0001555,SYN1000004188,ATM_SYN_8359,LOC_00066,2024-08-10T21:05:25+00:00,20000.0,SUCCESS,False,TXN_00050044
ATM_0001556,SYN1000009136,ATM_SYN_3082,LOC_00395,2024-08-08T12:17:12+00:00,2000.0,SUCCESS,False,TXN_00050045
ATM_0001557,SYN1000008074,ATM_SYN_3377,LOC_00274,2024-08-03T15:24:15+00:00,15000.0,SUCCESS,False,TXN_00050046
ATM_0001558,SYN1000004569,ATM_SYN_8347,LOC_00478,2024-08-28T15:45:07+00:00,3000.0,SUCCESS,False,TXN_00050047
ATM_0001559,SYN1000001991,ATM_SYN_5206,LOC_00016,2024-09-02T15:14:56+00:00,5000.0,SUCCESS,False,TXN_00050048
ATM_0001560,SYN1000005414,ATM_SYN_6009,LOC_00471,2024-08-20T20:43:38+00:00,10000.0,SUCCESS,False,TXN_00050049
ATM_0001561,SYN1000009495,ATM_SYN_8035,LOC_00241,2024-09-03T23:41:23+00:00,20000.0,SUCCESS,False,TXN_00050050
ATM_0001562,SYN1000001383,ATM_SYN_3134,LOC_00403,2024-08-27T11:13:01+00:00,5000.0,SUCCESS,False,TXN_00050051
ATM_0001563,SYN1000003556,ATM_SYN_1611,LOC_00478,2024-08-10T03:05:40+00:00,15000.0,SUCCESS,False,TXN_00050052
ATM_0001564,SYN1000000476,ATM_SYN_1751,LOC_00180,2024-08-31T03:58:24+00:00,5000.0,SUCCESS,False,TXN_00050053
ATM_0001565,SYN1000008549,ATM_SYN_4540,LOC_00115,2024-08-31T10:31:29+00:00,2000.0,SUCCESS,False,TXN_00050054
ATM_0001566,SYN1000002726,ATM_SYN_2959,LOC_00308,2024-08-09T16:23:32+00:00,5000.0,SUCCESS,False,TXN_00050055
ATM_0001567,SYN1000005046,ATM_SYN_1203,LOC_00464,2024-08-15T10:28:22+00:00,3000.0,SUCCESS,False,TXN_00050056
ATM_0001568,SYN1000005373,ATM_SYN_1607,LOC_00052,2024-09-10T13:41:51+00:00,5000.0,SUCCESS,False,TXN_00050057
ATM_0001569,SYN1000000651,ATM_SYN_2819,LOC_00486,2024-09-02T04:12:19+00:00,1000.0,SUCCESS,False,TXN_00050058
ATM_0001570,SYN1000002312,ATM_SYN_7866,LOC_00357,2024-08-04T02:20:16+00:00,5000.0,SUCCESS,False,TXN_00050059
ATM_0001571,SYN1000004282,ATM_SYN_3000,LOC_00241,2024-08-19T19:27:33+00:00,15000.0,SUCCESS,False,TXN_00050060
ATM_0001572,SYN1000006668,ATM_SYN_2989,LOC_00281,2024-09-08T19:54:17+00:00,3000.0,SUCCESS,False,TXN_00050061
ATM_0001573,SYN1000003791,ATM_SYN_3693,LOC_00184,2024-09-02T02:16:29+00:00,10000.0,SUCCESS,False,TXN_00050062
ATM_0001574,SYN1000008337,ATM_SYN_6640,LOC_00389,2024-09-04T09:31:18+00:00,1000.0,SUCCESS,False,TXN_00050063
ATM_0001575,SYN1000004172,ATM_SYN_9413,LOC_00106,2024-09-07T00:25:51+00:00,10000.0,SUCCESS,False,TXN_00050064
ATM_0001576,SYN1000000118,ATM_SYN_3959,LOC_00382,2024-08-26T06:05:22+00:00,15000.0,SUCCESS,False,TXN_00050065
ATM_0001577,SYN1000009816,ATM_SYN_1929,LOC_00434,2024-08-16T21:08:36+00:00,20000.0,SUCCESS,False,TXN_00050066
ATM_0001578,SYN1000001108,ATM_SYN_2477,LOC_00473,2024-08-02T16:53:47+00:00,20000.0,SUCCESS,False,TXN_00050067
ATM_0001579,SYN1000005371,ATM_SYN_9302,LOC_00321,2024-08-29T14:07:21+00:00,2000.0,SUCCESS,False,TXN_00050068
ATM_0001580,SYN1000009618,ATM_SYN_5860,LOC_00120,2024-09-05T20:49:19+00:00,1000.0,SUCCESS,False,TXN_00050069
ATM_0001581,SYN1000000164,ATM_SYN_7690,LOC_00038,2024-08-05T11:26:24+00:00,10000.0,SUCCESS,False,TXN_00050070
ATM_0001582,SYN1000009412,ATM_SYN_3061,LOC_00332,2024-08-09T12:57:52+00:00,5000.0,SUCCESS,False,TXN_00050071
ATM_0001583,SYN1000002880,ATM_SYN_4099,LOC_00058,2024-08-31T22:28:24+00:00,10000.0,SUCCESS,False,TXN_00050072
ATM_0001584,SYN1000002197,ATM_SYN_1769,LOC_00347,2024-08-02T15:08:42+00:00,20000.0,SUCCESS,False,TXN_00050073
ATM_0001585,SYN1000000954,ATM_SYN_7128,LOC_00177,2024-08-22T19:39:05+00:00,2000.0,SUCCESS,False,TXN_00050074
ATM_0001586,SYN1000008494,ATM_SYN_2288,LOC_00215,2024-09-01T18:50:47+00:00,10000.0,SUCCESS,False,TXN_00050075
ATM_0001587,SYN1000001377,ATM_SYN_1772,LOC_00282,2024-08-11T23:31:29+00:00,15000.0,SUCCESS,False,TXN_00050076
ATM_0001588,SYN1000003586,ATM_SYN_9117,LOC_00467,2024-08-27T10:17:03+00:00,20000.0,SUCCESS,False,TXN_00050077
ATM_0001589,SYN1000009518,ATM_SYN_5346,LOC_00098,2024-09-10T23:12:55+00:00,3000.0,SUCCESS,False,TXN_00050078
ATM_0001590,SYN1000007861,ATM_SYN_2890,LOC_00167,2024-08-17T01:12:24+00:00,2000.0,SUCCESS,False,TXN_00050079
ATM_0001591,SYN1000000367,ATM_SYN_3409,LOC_00096,2024-08-05T18:48:16+00:00,20000.0,SUCCESS,False,TXN_00050080
ATM_0001592,SYN1000005010,ATM_SYN_9205,LOC_00076,2024-08-23T21:04:18+00:00,5000.0,SUCCESS,False,TXN_00050081
ATM_0001593,SYN1000007221,ATM_SYN_1801,LOC_00372,2024-08-29T03:51:57+00:00,3000.0,SUCCESS,False,TXN_00050082
ATM_0001594,SYN1000003610,ATM_SYN_7014,LOC_00447,2024-08-26T11:18:37+00:00,5000.0,SUCCESS,False,TXN_00050083
ATM_0001595,SYN1000003490,ATM_SYN_5175,LOC_00421,2024-09-08T14:10:50+00:00,15000.0,SUCCESS,False,TXN_00050084
ATM_0001596,SYN1000002314,ATM_SYN_6684,LOC_00037,2024-09-05T02:18:59+00:00,1000.0,SUCCESS,False,TXN_00050085
ATM_0001597,SYN1000005020,ATM_SYN_1812,LOC_00202,2024-08-08T04:45:53+00:00,20000.0,SUCCESS,False,TXN_00050086
ATM_0001598,SYN1000008230,ATM_SYN_2187,LOC_00225,2024-08-05T17:22:42+00:00,3000.0,SUCCESS,False,TXN_00050087
ATM_0001599,SYN1000000537,ATM_SYN_3506,LOC_00481,2024-09-07T22:51:14+00:00,15000.0,SUCCESS,False,TXN_00050088
ATM_0001600,SYN1000002365,ATM_SYN_1141,LOC_00192,2024-08-28T18:13:22+00:00,10000.0,SUCCESS,False,TXN_00050089
ATM_0001601,SYN1000001052,ATM_SYN_6583,LOC_00016,2024-08-31T00:15:33+00:00,5000.0,SUCCESS,False,TXN_00050090
ATM_0001602,SYN1000005844,ATM_SYN_5529,LOC_00247,2024-08-02T13:20:46+00:00,3000.0,SUCCESS,False,TXN_00050091
ATM_0001603,SYN1000005970,ATM_SYN_7036,LOC_00384,2024-08-15T06:46:24+00:00,5000.0,SUCCESS,False,TXN_00050092
ATM_0001604,SYN1000001186,ATM_SYN_3040,LOC_00391,2024-09-02T17:44:25+00:00,15000.0,SUCCESS,False,TXN_00050093
ATM_0001605,SYN1000000039,ATM_SYN_5773,LOC_00465,2024-08-17T18:15:18+00:00,2000.0,SUCCESS,False,TXN_00050094
ATM_0001606,SYN1000007712,ATM_SYN_4161,LOC_00326,2024-08-05T23:13:26+00:00,10000.0,SUCCESS,False,TXN_00050095
ATM_0001607,SYN1000008794,ATM_SYN_8168,LOC_00057,2024-08-12T21:43:28+00:00,15000.0,SUCCESS,False,TXN_00050096
ATM_0001608,SYN1000002988,ATM_SYN_6575,LOC_00116,2024-09-10T06:28:55+00:00,20000.0,SUCCESS,False,TXN_00050097
ATM_0001609,SYN1000005953,ATM_SYN_6487,LOC_00080,2024-08-19T15:58:12+00:00,20000.0,SUCCESS,False,TXN_00050098
ATM_0001610,SYN1000002519,ATM_SYN_9594,LOC_00261,2024-08-09T02:31:04+00:00,5000.0,SUCCESS,False,TXN_00050099
ATM_0001611,SYN1000007615,ATM_SYN_9611,LOC_00101,2024-08-26T21:18:41+00:00,10000.0,SUCCESS,False,TXN_00050100
ATM_0001612,SYN1000002765,ATM_SYN_9630,LOC_00452,2024-08-29T07:10:50+00:00,10000.0,SUCCESS,False,TXN_00050101
ATM_0001613,SYN1000005713,ATM_SYN_4134,LOC_00376,2024-09-05T14:51:37+00:00,2000.0,SUCCESS,False,TXN_00050102
ATM_0001614,SYN1000004161,ATM_SYN_3815,LOC_00494,2024-08-09T14:23:58+00:00,15000.0,SUCCESS,False,TXN_00050103
ATM_0001615,SYN1000004297,ATM_SYN_6549,LOC_00312,2024-08-15T05:58:41+00:00,1000.0,SUCCESS,False,TXN_00050104
ATM_0001616,SYN1000003322,ATM_SYN_1066,LOC_00393,2024-09-10T15:22:54+00:00,5000.0,SUCCESS,False,TXN_00050105
ATM_0001617,SYN1000007482,ATM_SYN_1710,LOC_00500,2024-09-10T04:57:29+00:00,20000.0,SUCCESS,False,TXN_00050106
ATM_0001618,SYN1000008576,ATM_SYN_8950,LOC_00206,2024-08-14T04:01:31+00:00,5000.0,SUCCESS,False,TXN_00050107
ATM_0001619,SYN1000008661,ATM_SYN_9049,LOC_00034,2024-08-02T23:04:35+00:00,10000.0,SUCCESS,False,TXN_00050108
ATM_0001620,SYN1000009208,ATM_SYN_2319,LOC_00241,2024-08-14T04:44:35+00:00,1000.0,SUCCESS,False,TXN_00050109
ATM_0001621,SYN1000001142,ATM_SYN_7310,LOC_00476,2024-08-04T09:07:43+00:00,5000.0,SUCCESS,False,TXN_00050110
ATM_0001622,SYN1000009620,ATM_SYN_2661,LOC_00080,2024-08-18T12:42:51+00:00,5000.0,SUCCESS,False,TXN_00050111
ATM_0001623,SYN1000005442,ATM_SYN_9822,LOC_00400,2024-09-06T02:20:24+00:00,5000.0,SUCCESS,False,TXN_00050112
ATM_0001624,SYN1000008270,ATM_SYN_1527,LOC_00214,2024-08-29T14:37:19+00:00,3000.0,SUCCESS,False,TXN_00050113
ATM_0001625,SYN1000001320,ATM_SYN_8312,LOC_00108,2024-08-17T10:06:40+00:00,2000.0,SUCCESS,False,TXN_00050114
ATM_0001626,SYN1000002984,ATM_SYN_2410,LOC_00202,2024-08-11T07:22:41+00:00,20000.0,SUCCESS,False,TXN_00050115
ATM_0001627,SYN1000001855,ATM_SYN_3286,LOC_00314,2024-08-25T21:04:02+00:00,20000.0,SUCCESS,False,TXN_00050116
ATM_0001628,SYN1000009479,ATM_SYN_8475,LOC_00055,2024-08-11T22:21:33+00:00,2000.0,SUCCESS,False,TXN_00050117
ATM_0001629,SYN1000008730,ATM_SYN_9380,LOC_00389,2024-09-07T01:03:34+00:00,5000.0,SUCCESS,False,TXN_00050118
ATM_0001630,SYN1000006904,ATM_SYN_9599,LOC_00359,2024-08-08T14:11:22+00:00,10000.0,SUCCESS,False,TXN_00050119
ATM_0001631,SYN1000000943,ATM_SYN_4633,LOC_00351,2024-08-10T23:03:26+00:00,1000.0,SUCCESS,False,TXN_00050120
ATM_0001632,SYN1000009572,ATM_SYN_1617,LOC_00394,2024-08-23T05:10:09+00:00,15000.0,SUCCESS,False,TXN_00050121
ATM_0001633,SYN1000006696,ATM_SYN_5765,LOC_00051,2024-08-06T00:46:07+00:00,1000.0,SUCCESS,False,TXN_00050122
ATM_0001634,SYN1000004536,ATM_SYN_2987,LOC_00179,2024-08-23T01:30:32+00:00,2000.0,SUCCESS,False,TXN_00050123
ATM_0001635,SYN1000003573,ATM_SYN_8103,LOC_00049,2024-08-14T18:48:03+00:00,20000.0,SUCCESS,False,TXN_00050124
ATM_0001636,SYN1000004637,ATM_SYN_3241,LOC_00146,2024-08-18T22:26:37+00:00,20000.0,SUCCESS,False,TXN_00050125
ATM_0001637,SYN1000003018,ATM_SYN_8303,LOC_00226,2024-08-04T10:41:39+00:00,5000.0,SUCCESS,False,TXN_00050126
ATM_0001638,SYN1000000461,ATM_SYN_1164,LOC_00490,2024-08-23T08:32:49+00:00,20000.0,SUCCESS,False,TXN_00050127
ATM_0001639,SYN1000008137,ATM_SYN_6331,LOC_00231,2024-09-10T01:56:44+00:00,2000.0,SUCCESS,False,TXN_00050128
ATM_0001640,SYN1000008357,ATM_SYN_2063,LOC_00175,2024-08-23T01:17:33+00:00,1000.0,SUCCESS,False,TXN_00050129
ATM_0001641,SYN1000004599,ATM_SYN_2784,LOC_00010,2024-09-05T07:20:20+00:00,2000.0,SUCCESS,False,TXN_00050130
ATM_0001642,SYN1000004359,ATM_SYN_1426,LOC_00081,2024-09-01T05:47:42+00:00,1000.0,SUCCESS,False,TXN_00050131
ATM_0001643,SYN1000007257,ATM_SYN_6744,LOC_00295,2024-08-22T18:30:54+00:00,10000.0,SUCCESS,False,TXN_00050132
ATM_0001644,SYN1000002621,ATM_SYN_9742,LOC_00288,2024-08-13T00:44:58+00:00,1000.0,SUCCESS,False,TXN_00050133
ATM_0001645,SYN1000003543,ATM_SYN_8056,LOC_00163,2024-09-01T09:41:24+00:00,15000.0,SUCCESS,False,TXN_00050134
ATM_0001646,SYN1000000354,ATM_SYN_4112,LOC_00425,2024-09-07T10:39:51+00:00,3000.0,SUCCESS,False,TXN_00050135
ATM_0001647,SYN1000004514,ATM_SYN_9744,LOC_00103,2024-08-23T13:32:20+00:00,2000.0,SUCCESS,False,TXN_00050136
ATM_0001648,SYN1000001510,ATM_SYN_4943,LOC_00143,2024-08-19T09:38:50+00:00,20000.0,SUCCESS,False,TXN_00050137
ATM_0001649,SYN1000000390,ATM_SYN_9742,LOC_00264,2024-09-05T10:43:44+00:00,10000.0,SUCCESS,False,TXN_00050138
ATM_0001650,SYN1000007531,ATM_SYN_7559,LOC_00331,2024-08-17T13:29:07+00:00,1000.0,SUCCESS,False,TXN_00050139
ATM_0001651,SYN1000000660,ATM_SYN_6445,LOC_00469,2024-08-12T08:57:29+00:00,5000.0,SUCCESS,False,TXN_00050140
ATM_0001652,SYN1000006472,ATM_SYN_5978,LOC_00315,2024-08-12T15:38:15+00:00,15000.0,SUCCESS,False,TXN_00050141
ATM_0001653,SYN1000002489,ATM_SYN_3424,LOC_00171,2024-08-02T07:26:23+00:00,3000.0,SUCCESS,False,TXN_00050142
ATM_0001654,SYN1000005446,ATM_SYN_3367,LOC_00116,2024-08-24T13:13:21+00:00,3000.0,SUCCESS,False,TXN_00050143
ATM_0001655,SYN1000009818,ATM_SYN_9517,LOC_00056,2024-09-02T09:18:55+00:00,20000.0,SUCCESS,False,TXN_00050144
ATM_0001656,SYN1000005416,ATM_SYN_8215,LOC_00028,2024-09-04T05:50:24+00:00,2000.0,SUCCESS,False,TXN_00050145
ATM_0001657,SYN1000003046,ATM_SYN_6530,LOC_00311,2024-08-29T22:37:41+00:00,10000.0,SUCCESS,False,TXN_00050146
ATM_0001658,SYN1000002591,ATM_SYN_5291,LOC_00143,2024-08-30T12:00:26+00:00,3000.0,SUCCESS,False,TXN_00050147
ATM_0001659,SYN1000002383,ATM_SYN_3458,LOC_00335,2024-08-02T17:01:35+00:00,10000.0,SUCCESS,False,TXN_00050148
ATM_0001660,SYN1000000464,ATM_SYN_3500,LOC_00060,2024-09-01T12:32:23+00:00,10000.0,SUCCESS,False,TXN_00050149
ATM_0001661,SYN1000005263,ATM_SYN_1887,LOC_00093,2024-08-19T05:37:44+00:00,2000.0,SUCCESS,False,TXN_00050150
ATM_0001662,SYN1000000688,ATM_SYN_6446,LOC_00278,2024-09-08T03:13:10+00:00,10000.0,SUCCESS,False,TXN_00050151
ATM_0001663,SYN1000000035,ATM_SYN_6949,LOC_00081,2024-09-01T01:54:03+00:00,3000.0,SUCCESS,False,TXN_00050152
ATM_0001664,SYN1000009984,ATM_SYN_1590,LOC_00209,2024-09-03T17:47:14+00:00,2000.0,SUCCESS,False,TXN_00050153
ATM_0001665,SYN1000003366,ATM_SYN_4715,LOC_00133,2024-09-04T00:28:47+00:00,2000.0,SUCCESS,False,TXN_00050154
ATM_0001666,SYN1000007926,ATM_SYN_8248,LOC_00014,2024-09-06T16:27:40+00:00,10000.0,SUCCESS,False,TXN_00050155
ATM_0001667,SYN1000008718,ATM_SYN_8857,LOC_00187,2024-08-05T15:18:42+00:00,20000.0,SUCCESS,False,TXN_00050156
ATM_0001668,SYN1000004681,ATM_SYN_3140,LOC_00044,2024-08-02T16:24:16+00:00,10000.0,SUCCESS,False,TXN_00050157
ATM_0001669,SYN1000003395,ATM_SYN_8961,LOC_00498,2024-08-25T01:00:33+00:00,10000.0,SUCCESS,False,TXN_00050158
ATM_0001670,SYN1000008750,ATM_SYN_4900,LOC_00226,2024-08-09T16:01:49+00:00,5000.0,SUCCESS,False,TXN_00050159
ATM_0001671,SYN1000000496,ATM_SYN_6729,LOC_00294,2024-08-20T07:05:41+00:00,1000.0,SUCCESS,False,TXN_00050160
ATM_0001672,SYN1000003684,ATM_SYN_7361,LOC_00129,2024-08-23T14:58:04+00:00,15000.0,SUCCESS,False,TXN_00050161
ATM_0001673,SYN1000007324,ATM_SYN_9804,LOC_00282,2024-08-19T16:04:59+00:00,5000.0,SUCCESS,False,TXN_00050162
ATM_0001674,SYN1000005439,ATM_SYN_2075,LOC_00054,2024-08-17T15:58:06+00:00,1000.0,SUCCESS,False,TXN_00050163
ATM_0001675,SYN1000005897,ATM_SYN_4781,LOC_00158,2024-09-07T18:51:09+00:00,1000.0,SUCCESS,False,TXN_00050164
ATM_0001676,SYN1000002613,ATM_SYN_9684,LOC_00384,2024-08-02T02:55:36+00:00,3000.0,SUCCESS,False,TXN_00050165
ATM_0001677,SYN1000004104,ATM_SYN_1152,LOC_00335,2024-08-31T17:05:24+00:00,3000.0,SUCCESS,False,TXN_00050166
ATM_0001678,SYN1000008986,ATM_SYN_9711,LOC_00205,2024-08-15T03:27:15+00:00,5000.0,SUCCESS,False,TXN_00050167
ATM_0001679,SYN1000008518,ATM_SYN_6450,LOC_00206,2024-09-04T17:56:10+00:00,1000.0,SUCCESS,False,TXN_00050168
ATM_0001680,SYN1000006948,ATM_SYN_9805,LOC_00059,2024-08-31T12:41:26+00:00,15000.0,SUCCESS,False,TXN_00050169
ATM_0001681,SYN1000007441,ATM_SYN_4865,LOC_00308,2024-08-07T06:30:02+00:00,2000.0,SUCCESS,False,TXN_00050170
ATM_0001682,SYN1000006098,ATM_SYN_3376,LOC_00342,2024-08-14T11:05:28+00:00,5000.0,SUCCESS,False,TXN_00050171
ATM_0001683,SYN1000000653,ATM_SYN_5726,LOC_00485,2024-08-11T19:25:30+00:00,2000.0,SUCCESS,False,TXN_00050172
ATM_0001684,SYN1000000138,ATM_SYN_8988,LOC_00247,2024-08-03T07:58:17+00:00,3000.0,SUCCESS,False,TXN_00050173
ATM_0001685,SYN1000006369,ATM_SYN_4473,LOC_00059,2024-08-29T14:49:10+00:00,3000.0,SUCCESS,False,TXN_00050174
ATM_0001686,SYN1000005907,ATM_SYN_4689,LOC_00426,2024-08-05T18:18:33+00:00,1000.0,SUCCESS,False,TXN_00050175
ATM_0001687,SYN1000005943,ATM_SYN_3063,LOC_00217,2024-08-08T04:45:27+00:00,2000.0,SUCCESS,False,TXN_00050176
ATM_0001688,SYN1000007472,ATM_SYN_8670,LOC_00106,2024-08-18T00:12:24+00:00,15000.0,SUCCESS,False,TXN_00050177
ATM_0001689,SYN1000000734,ATM_SYN_8498,LOC_00252,2024-08-13T21:39:34+00:00,3000.0,SUCCESS,False,TXN_00050178
ATM_0001690,SYN1000008877,ATM_SYN_7307,LOC_00315,2024-08-29T20:43:25+00:00,5000.0,SUCCESS,False,TXN_00050179
ATM_0001691,SYN1000002764,ATM_SYN_2838,LOC_00313,2024-09-02T04:05:06+00:00,15000.0,SUCCESS,False,TXN_00050180
ATM_0001692,SYN1000002189,ATM_SYN_3667,LOC_00447,2024-09-09T19:57:46+00:00,20000.0,SUCCESS,False,TXN_00050181
ATM_0001693,SYN1000004560,ATM_SYN_1145,LOC_00091,2024-09-04T04:52:21+00:00,1000.0,SUCCESS,False,TXN_00050182
ATM_0001694,SYN1000005261,ATM_SYN_3414,LOC_00284,2024-08-31T01:31:32+00:00,15000.0,SUCCESS,False,TXN_00050183
ATM_0001695,SYN1000007312,ATM_SYN_2440,LOC_00290,2024-08-23T15:02:19+00:00,20000.0,SUCCESS,False,TXN_00050184
ATM_0001696,SYN1000002832,ATM_SYN_5042,LOC_00050,2024-08-09T06:55:52+00:00,15000.0,SUCCESS,False,TXN_00050185
ATM_0001697,SYN1000001368,ATM_SYN_1361,LOC_00322,2024-09-08T20:04:23+00:00,20000.0,SUCCESS,False,TXN_00050186
ATM_0001698,SYN1000001098,ATM_SYN_7287,LOC_00238,2024-08-25T03:19:58+00:00,20000.0,SUCCESS,False,TXN_00050187
ATM_0001699,SYN1000008286,ATM_SYN_7305,LOC_00482,2024-08-07T21:25:53+00:00,2000.0,SUCCESS,False,TXN_00050188
ATM_0001700,SYN1000005015,ATM_SYN_1184,LOC_00439,2024-09-04T13:20:28+00:00,5000.0,SUCCESS,False,TXN_00050189
ATM_0001701,SYN1000009783,ATM_SYN_3413,LOC_00059,2024-08-31T09:31:57+00:00,3000.0,SUCCESS,False,TXN_00050190
ATM_0001702,SYN1000007594,ATM_SYN_6379,LOC_00081,2024-09-03T18:13:31+00:00,20000.0,SUCCESS,False,TXN_00050191
ATM_0001703,SYN1000009838,ATM_SYN_9048,LOC_00271,2024-08-19T07:30:16+00:00,20000.0,SUCCESS,False,TXN_00050192
ATM_0001704,SYN1000009348,ATM_SYN_6156,LOC_00285,2024-08-27T15:44:40+00:00,1000.0,SUCCESS,False,TXN_00050193
ATM_0001705,SYN1000002670,ATM_SYN_2270,LOC_00014,2024-08-29T21:07:26+00:00,20000.0,SUCCESS,False,TXN_00050194
ATM_0001706,SYN1000003672,ATM_SYN_6106,LOC_00375,2024-08-28T09:46:56+00:00,10000.0,SUCCESS,False,TXN_00050195
ATM_0001707,SYN1000007566,ATM_SYN_3798,LOC_00356,2024-08-02T18:35:52+00:00,1000.0,SUCCESS,False,TXN_00050196
ATM_0001708,SYN1000000088,ATM_SYN_1268,LOC_00483,2024-08-20T05:46:28+00:00,20000.0,SUCCESS,False,TXN_00050197
ATM_0001709,SYN1000001588,ATM_SYN_8065,LOC_00237,2024-08-03T22:30:37+00:00,3000.0,SUCCESS,False,TXN_00050198
ATM_0001710,SYN1000003831,ATM_SYN_3178,LOC_00476,2024-08-07T05:31:55+00:00,15000.0,SUCCESS,False,TXN_00050199
ATM_0001711,SYN1000008955,ATM_SYN_1100,LOC_00433,2024-08-22T14:35:32+00:00,15000.0,SUCCESS,False,TXN_00050200
ATM_0001712,SYN1000003020,ATM_SYN_7770,LOC_00048,2024-09-04T15:27:25+00:00,5000.0,SUCCESS,False,TXN_00050201
ATM_0001713,SYN1000004898,ATM_SYN_8908,LOC_00064,2024-09-10T13:26:39+00:00,20000.0,SUCCESS,False,TXN_00050202
ATM_0001714,SYN1000005080,ATM_SYN_4788,LOC_00230,2024-08-05T07:26:21+00:00,20000.0,SUCCESS,False,TXN_00050203
ATM_0001715,SYN1000009776,ATM_SYN_1695,LOC_00110,2024-08-04T00:16:53+00:00,20000.0,SUCCESS,False,TXN_00050204
ATM_0001716,SYN1000007839,ATM_SYN_4351,LOC_00079,2024-08-27T08:41:49+00:00,10000.0,SUCCESS,False,TXN_00050205
ATM_0001717,SYN1000009837,ATM_SYN_7046,LOC_00207,2024-09-02T19:57:34+00:00,2000.0,SUCCESS,False,TXN_00050206
ATM_0001718,SYN1000003359,ATM_SYN_3570,LOC_00023,2024-08-31T15:02:06+00:00,3000.0,SUCCESS,False,TXN_00050207
ATM_0001719,SYN1000004116,ATM_SYN_5855,LOC_00207,2024-08-23T12:15:04+00:00,5000.0,SUCCESS,False,TXN_00050208
ATM_0001720,SYN1000009989,ATM_SYN_7262,LOC_00256,2024-09-05T03:46:33+00:00,2000.0,SUCCESS,False,TXN_00050209
ATM_0001721,SYN1000006825,ATM_SYN_7403,LOC_00278,2024-08-28T08:31:06+00:00,10000.0,SUCCESS,False,TXN_00050210
ATM_0001722,SYN1000000057,ATM_SYN_7170,LOC_00321,2024-09-05T15:01:25+00:00,10000.0,SUCCESS,False,TXN_00050211
ATM_0001723,SYN1000005172,ATM_SYN_6293,LOC_00126,2024-08-12T10:05:35+00:00,15000.0,SUCCESS,False,TXN_00050212
ATM_0001724,SYN1000001238,ATM_SYN_4229,LOC_00424,2024-08-16T01:22:51+00:00,1000.0,SUCCESS,False,TXN_00050213
ATM_0001725,SYN1000000904,ATM_SYN_7558,LOC_00137,2024-09-02T17:37:36+00:00,10000.0,SUCCESS,False,TXN_00050214
ATM_0001726,SYN1000002686,ATM_SYN_5510,LOC_00062,2024-08-06T08:23:57+00:00,1000.0,SUCCESS,False,TXN_00050215
ATM_0001727,SYN1000003165,ATM_SYN_4707,LOC_00376,2024-08-23T04:35:48+00:00,10000.0,SUCCESS,False,TXN_00050216
ATM_0001728,SYN1000007658,ATM_SYN_9008,LOC_00038,2024-08-17T15:07:53+00:00,3000.0,SUCCESS,False,TXN_00050217
ATM_0001729,SYN1000007868,ATM_SYN_5176,LOC_00017,2024-08-04T22:47:33+00:00,15000.0,SUCCESS,False,TXN_00050218
ATM_0001730,SYN1000000733,ATM_SYN_7903,LOC_00128,2024-08-26T04:49:47+00:00,2000.0,SUCCESS,False,TXN_00050219
ATM_0001731,SYN1000006923,ATM_SYN_7012,LOC_00333,2024-08-12T15:16:30+00:00,10000.0,SUCCESS,False,TXN_00050220
ATM_0001732,SYN1000001608,ATM_SYN_9851,LOC_00452,2024-08-19T16:57:50+00:00,1000.0,SUCCESS,False,TXN_00050221
ATM_0001733,SYN1000003101,ATM_SYN_7495,LOC_00083,2024-08-12T17:30:15+00:00,15000.0,SUCCESS,False,TXN_00050222
ATM_0001734,SYN1000003424,ATM_SYN_9188,LOC_00331,2024-09-04T22:11:18+00:00,10000.0,SUCCESS,False,TXN_00050223
ATM_0001735,SYN1000005223,ATM_SYN_3645,LOC_00418,2024-08-18T16:52:19+00:00,1000.0,SUCCESS,False,TXN_00050224
ATM_0001736,SYN1000002099,ATM_SYN_6012,LOC_00156,2024-08-11T23:06:28+00:00,15000.0,SUCCESS,False,TXN_00050225
ATM_0001737,SYN1000003963,ATM_SYN_2474,LOC_00367,2024-09-09T08:11:33+00:00,15000.0,SUCCESS,False,TXN_00050226
ATM_0001738,SYN1000001020,ATM_SYN_2140,LOC_00316,2024-08-21T10:29:39+00:00,1000.0,SUCCESS,False,TXN_00050227
ATM_0001739,SYN1000004622,ATM_SYN_4297,LOC_00478,2024-09-07T08:23:12+00:00,20000.0,SUCCESS,False,TXN_00050228
ATM_0001740,SYN1000005387,ATM_SYN_1230,LOC_00444,2024-08-05T00:56:23+00:00,3000.0,SUCCESS,False,TXN_00050229
ATM_0001741,SYN1000002096,ATM_SYN_2613,LOC_00429,2024-08-15T15:27:24+00:00,10000.0,SUCCESS,False,TXN_00050230
ATM_0001742,SYN1000007399,ATM_SYN_5069,LOC_00056,2024-08-28T16:04:55+00:00,3000.0,SUCCESS,False,TXN_00050231
ATM_0001743,SYN1000000675,ATM_SYN_3598,LOC_00477,2024-08-29T09:57:18+00:00,5000.0,SUCCESS,False,TXN_00050232
ATM_0001744,SYN1000002532,ATM_SYN_8388,LOC_00128,2024-09-09T23:55:07+00:00,15000.0,SUCCESS,False,TXN_00050233
ATM_0001745,SYN1000004016,ATM_SYN_1348,LOC_00460,2024-08-06T22:03:16+00:00,20000.0,SUCCESS,False,TXN_00050234
ATM_0001746,SYN1000003770,ATM_SYN_6337,LOC_00104,2024-09-06T14:27:30+00:00,20000.0,SUCCESS,False,TXN_00050235
ATM_0001747,SYN1000003826,ATM_SYN_5187,LOC_00234,2024-08-17T18:21:31+00:00,20000.0,SUCCESS,False,TXN_00050236
ATM_0001748,SYN1000005380,ATM_SYN_9041,LOC_00092,2024-08-15T00:54:52+00:00,15000.0,SUCCESS,False,TXN_00050237
ATM_0001749,SYN1000004597,ATM_SYN_9500,LOC_00088,2024-09-03T12:45:15+00:00,2000.0,SUCCESS,False,TXN_00050238
ATM_0001750,SYN1000008382,ATM_SYN_9570,LOC_00115,2024-08-17T00:44:10+00:00,2000.0,SUCCESS,False,TXN_00050239
ATM_0001751,SYN1000009400,ATM_SYN_2516,LOC_00240,2024-08-23T04:20:53+00:00,10000.0,SUCCESS,False,TXN_00050240
ATM_0001752,SYN1000009091,ATM_SYN_8749,LOC_00081,2024-08-10T10:06:36+00:00,20000.0,SUCCESS,False,TXN_00050241
ATM_0001753,SYN1000004755,ATM_SYN_9070,LOC_00419,2024-08-21T19:25:05+00:00,2000.0,SUCCESS,False,TXN_00050242
ATM_0001754,SYN1000007133,ATM_SYN_5847,LOC_00341,2024-08-14T11:55:51+00:00,5000.0,SUCCESS,False,TXN_00050243
ATM_0001755,SYN1000002073,ATM_SYN_6142,LOC_00149,2024-09-06T12:54:16+00:00,2000.0,SUCCESS,False,TXN_00050244
ATM_0001756,SYN1000000816,ATM_SYN_5239,LOC_00345,2024-09-01T06:36:41+00:00,15000.0,SUCCESS,False,TXN_00050245
ATM_0001757,SYN1000009616,ATM_SYN_5245,LOC_00333,2024-09-07T19:26:38+00:00,5000.0,SUCCESS,False,TXN_00050246
ATM_0001758,SYN1000009492,ATM_SYN_7534,LOC_00092,2024-08-17T12:43:54+00:00,5000.0,SUCCESS,False,TXN_00050247
ATM_0001759,SYN1000000039,ATM_SYN_6999,LOC_00482,2024-08-15T00:10:31+00:00,5000.0,SUCCESS,False,TXN_00050248
ATM_0001760,SYN1000005090,ATM_SYN_1504,LOC_00250,2024-09-05T16:34:02+00:00,5000.0,SUCCESS,False,TXN_00050249
ATM_0001761,SYN1000006086,ATM_SYN_5055,LOC_00215,2024-08-03T04:10:35+00:00,3000.0,SUCCESS,False,TXN_00050250
ATM_0001762,SYN1000001266,ATM_SYN_7856,LOC_00032,2024-09-07T12:05:29+00:00,20000.0,SUCCESS,False,TXN_00050251
ATM_0001763,SYN1000007969,ATM_SYN_2867,LOC_00268,2024-08-31T01:23:08+00:00,10000.0,SUCCESS,False,TXN_00050252
ATM_0001764,SYN1000005295,ATM_SYN_9293,LOC_00189,2024-08-23T21:03:12+00:00,20000.0,SUCCESS,False,TXN_00050253
ATM_0001765,SYN1000007551,ATM_SYN_8689,LOC_00368,2024-09-05T13:39:40+00:00,1000.0,SUCCESS,False,TXN_00050254
ATM_0001766,SYN1000008718,ATM_SYN_5888,LOC_00430,2024-08-10T12:55:51+00:00,3000.0,SUCCESS,False,TXN_00050255
ATM_0001767,SYN1000005791,ATM_SYN_7965,LOC_00192,2024-08-31T07:15:28+00:00,2000.0,SUCCESS,False,TXN_00050256
ATM_0001768,SYN1000000884,ATM_SYN_6379,LOC_00464,2024-08-03T17:04:54+00:00,1000.0,SUCCESS,False,TXN_00050257
ATM_0001769,SYN1000002696,ATM_SYN_3955,LOC_00211,2024-08-03T04:15:44+00:00,5000.0,SUCCESS,False,TXN_00050258
ATM_0001770,SYN1000004264,ATM_SYN_8119,LOC_00242,2024-08-11T15:22:32+00:00,5000.0,SUCCESS,False,TXN_00050259
ATM_0001771,SYN1000008192,ATM_SYN_3750,LOC_00211,2024-08-25T21:18:07+00:00,1000.0,SUCCESS,False,TXN_00050260
ATM_0001772,SYN1000003460,ATM_SYN_5720,LOC_00232,2024-08-26T15:42:43+00:00,3000.0,SUCCESS,False,TXN_00050261
ATM_0001773,SYN1000000568,ATM_SYN_7641,LOC_00484,2024-08-17T13:11:14+00:00,10000.0,SUCCESS,False,TXN_00050262
ATM_0001774,SYN1000009954,ATM_SYN_3078,LOC_00253,2024-09-08T09:38:37+00:00,1000.0,SUCCESS,False,TXN_00050263
ATM_0001775,SYN1000005333,ATM_SYN_5938,LOC_00415,2024-08-05T18:10:17+00:00,20000.0,SUCCESS,False,TXN_00050264
ATM_0001776,SYN1000006295,ATM_SYN_5696,LOC_00346,2024-08-05T18:08:26+00:00,10000.0,SUCCESS,False,TXN_00050265
ATM_0001777,SYN1000005948,ATM_SYN_4778,LOC_00277,2024-08-27T08:32:28+00:00,20000.0,SUCCESS,False,TXN_00050266
ATM_0001778,SYN1000002390,ATM_SYN_3064,LOC_00245,2024-08-21T02:33:02+00:00,10000.0,SUCCESS,False,TXN_00050267
ATM_0001779,SYN1000002568,ATM_SYN_5594,LOC_00188,2024-08-12T15:01:04+00:00,5000.0,SUCCESS,False,TXN_00050268
ATM_0001780,SYN1000009397,ATM_SYN_2097,LOC_00025,2024-08-21T05:59:50+00:00,10000.0,SUCCESS,False,TXN_00050269
ATM_0001781,SYN1000001812,ATM_SYN_3131,LOC_00447,2024-08-07T09:14:54+00:00,15000.0,SUCCESS,False,TXN_00050270
ATM_0001782,SYN1000005814,ATM_SYN_2482,LOC_00364,2024-08-30T02:00:58+00:00,3000.0,SUCCESS,False,TXN_00050271
ATM_0001783,SYN1000005562,ATM_SYN_3795,LOC_00076,2024-08-25T04:37:56+00:00,1000.0,SUCCESS,False,TXN_00050272
ATM_0001784,SYN1000005043,ATM_SYN_4863,LOC_00315,2024-08-04T09:43:06+00:00,20000.0,SUCCESS,False,TXN_00050273
ATM_0001785,SYN1000008599,ATM_SYN_1166,LOC_00115,2024-08-15T22:28:34+00:00,3000.0,SUCCESS,False,TXN_00050274
ATM_0001786,SYN1000008096,ATM_SYN_4404,LOC_00326,2024-08-11T21:34:59+00:00,20000.0,SUCCESS,False,TXN_00050275
ATM_0001787,SYN1000005101,ATM_SYN_3470,LOC_00021,2024-08-13T06:57:38+00:00,5000.0,SUCCESS,False,TXN_00050276
ATM_0001788,SYN1000009024,ATM_SYN_7208,LOC_00349,2024-08-10T21:35:16+00:00,3000.0,SUCCESS,False,TXN_00050277
ATM_0001789,SYN1000006971,ATM_SYN_5999,LOC_00235,2024-08-26T20:54:03+00:00,10000.0,SUCCESS,False,TXN_00050278
ATM_0001790,SYN1000007512,ATM_SYN_4935,LOC_00442,2024-08-10T02:14:46+00:00,10000.0,SUCCESS,False,TXN_00050279
ATM_0001791,SYN1000006427,ATM_SYN_9481,LOC_00099,2024-08-11T23:59:36+00:00,20000.0,SUCCESS,False,TXN_00050280
ATM_0001792,SYN1000000282,ATM_SYN_6267,LOC_00225,2024-08-13T08:17:54+00:00,15000.0,SUCCESS,False,TXN_00050281
ATM_0001793,SYN1000001389,ATM_SYN_2622,LOC_00489,2024-08-22T04:44:08+00:00,5000.0,SUCCESS,False,TXN_00050282
ATM_0001794,SYN1000003545,ATM_SYN_9444,LOC_00358,2024-08-02T19:19:40+00:00,10000.0,SUCCESS,False,TXN_00050283
ATM_0001795,SYN1000008555,ATM_SYN_3105,LOC_00212,2024-08-31T12:52:49+00:00,3000.0,SUCCESS,False,TXN_00050284
ATM_0001796,SYN1000007427,ATM_SYN_9941,LOC_00219,2024-08-30T01:17:50+00:00,3000.0,SUCCESS,False,TXN_00050285
ATM_0001797,SYN1000002093,ATM_SYN_4889,LOC_00131,2024-08-25T07:19:15+00:00,2000.0,SUCCESS,False,TXN_00050286
ATM_0001798,SYN1000000233,ATM_SYN_3189,LOC_00129,2024-08-19T06:22:49+00:00,15000.0,SUCCESS,False,TXN_00050287
ATM_0001799,SYN1000005014,ATM_SYN_3666,LOC_00020,2024-08-07T21:45:51+00:00,10000.0,SUCCESS,False,TXN_00050288
ATM_0001800,SYN1000006868,ATM_SYN_3357,LOC_00359,2024-08-30T16:27:42+00:00,1000.0,SUCCESS,False,TXN_00050289
ATM_0001801,SYN1000007072,ATM_SYN_6984,LOC_00494,2024-08-31T15:38:15+00:00,5000.0,SUCCESS,False,TXN_00050290
ATM_0001802,SYN1000009588,ATM_SYN_7495,LOC_00282,2024-08-14T21:52:32+00:00,2000.0,SUCCESS,False,TXN_00050291
ATM_0001803,SYN1000008659,ATM_SYN_5983,LOC_00037,2024-09-03T14:04:51+00:00,20000.0,SUCCESS,False,TXN_00050292
ATM_0001804,SYN1000009581,ATM_SYN_6812,LOC_00271,2024-08-24T12:55:24+00:00,15000.0,SUCCESS,False,TXN_00050293
ATM_0001805,SYN1000009015,ATM_SYN_8606,LOC_00386,2024-08-11T06:07:17+00:00,5000.0,SUCCESS,False,TXN_00050294
ATM_0001806,SYN1000002458,ATM_SYN_4758,LOC_00099,2024-09-08T03:34:13+00:00,15000.0,SUCCESS,False,TXN_00050295
ATM_0001807,SYN1000006949,ATM_SYN_8245,LOC_00051,2024-08-25T17:36:11+00:00,3000.0,SUCCESS,False,TXN_00050296
ATM_0001808,SYN1000001703,ATM_SYN_7187,LOC_00267,2024-09-08T02:43:16+00:00,5000.0,SUCCESS,False,TXN_00050297
ATM_0001809,SYN1000002208,ATM_SYN_8906,LOC_00107,2024-09-10T10:16:19+00:00,2000.0,SUCCESS,False,TXN_00050298
ATM_0001810,SYN1000004617,ATM_SYN_3691,LOC_00088,2024-08-12T15:53:49+00:00,15000.0,SUCCESS,False,TXN_00050299
ATM_0001811,SYN1000004116,ATM_SYN_6176,LOC_00026,2024-08-23T02:49:10+00:00,2000.0,SUCCESS,False,TXN_00050300
ATM_0001812,SYN1000001164,ATM_SYN_8309,LOC_00279,2024-08-19T20:53:30+00:00,3000.0,SUCCESS,False,TXN_00050301
ATM_0001813,SYN1000006305,ATM_SYN_9282,LOC_00161,2024-08-05T03:01:07+00:00,3000.0,SUCCESS,False,TXN_00050302
ATM_0001814,SYN1000000587,ATM_SYN_1739,LOC_00428,2024-08-10T18:29:49+00:00,10000.0,SUCCESS,False,TXN_00050303
ATM_0001815,SYN1000000262,ATM_SYN_7251,LOC_00103,2024-08-06T11:48:38+00:00,20000.0,SUCCESS,False,TXN_00050304
ATM_0001816,SYN1000005295,ATM_SYN_7320,LOC_00152,2024-09-10T19:49:15+00:00,3000.0,SUCCESS,False,TXN_00050305
ATM_0001817,SYN1000007528,ATM_SYN_1293,LOC_00094,2024-08-20T05:30:11+00:00,10000.0,SUCCESS,False,TXN_00050306
ATM_0001818,SYN1000002842,ATM_SYN_8434,LOC_00274,2024-08-15T23:59:49+00:00,5000.0,SUCCESS,False,TXN_00050307
ATM_0001819,SYN1000005516,ATM_SYN_1980,LOC_00122,2024-08-18T03:02:53+00:00,15000.0,SUCCESS,False,TXN_00050308
ATM_0001820,SYN1000006283,ATM_SYN_9858,LOC_00163,2024-08-20T20:09:45+00:00,15000.0,SUCCESS,False,TXN_00050309
ATM_0001821,SYN1000003176,ATM_SYN_5709,LOC_00274,2024-08-19T16:09:56+00:00,20000.0,SUCCESS,False,TXN_00050310
ATM_0001822,SYN1000001545,ATM_SYN_8836,LOC_00260,2024-08-08T10:50:12+00:00,5000.0,SUCCESS,False,TXN_00050311
ATM_0001823,SYN1000008533,ATM_SYN_7124,LOC_00395,2024-08-07T13:10:27+00:00,15000.0,SUCCESS,False,TXN_00050312
ATM_0001824,SYN1000009189,ATM_SYN_9038,LOC_00409,2024-08-14T00:35:42+00:00,15000.0,SUCCESS,False,TXN_00050313
ATM_0001825,SYN1000004399,ATM_SYN_9811,LOC_00383,2024-08-13T11:23:45+00:00,3000.0,SUCCESS,False,TXN_00050314
ATM_0001826,SYN1000001015,ATM_SYN_2171,LOC_00222,2024-08-17T12:44:45+00:00,5000.0,SUCCESS,False,TXN_00050315
ATM_0001827,SYN1000007916,ATM_SYN_8211,LOC_00204,2024-08-29T19:32:46+00:00,20000.0,SUCCESS,False,TXN_00050316
ATM_0001828,SYN1000006167,ATM_SYN_3496,LOC_00058,2024-08-16T13:42:19+00:00,3000.0,SUCCESS,False,TXN_00050317
ATM_0001829,SYN1000002649,ATM_SYN_3031,LOC_00196,2024-08-29T01:05:23+00:00,3000.0,SUCCESS,False,TXN_00050318
ATM_0001830,SYN1000002397,ATM_SYN_3036,LOC_00486,2024-08-08T14:16:11+00:00,10000.0,SUCCESS,False,TXN_00050319
ATM_0001831,SYN1000000105,ATM_SYN_1529,LOC_00202,2024-08-12T07:33:58+00:00,10000.0,SUCCESS,False,TXN_00050320
ATM_0001832,SYN1000001013,ATM_SYN_7472,LOC_00194,2024-08-13T12:54:47+00:00,3000.0,SUCCESS,False,TXN_00050321
ATM_0001833,SYN1000000548,ATM_SYN_7143,LOC_00400,2024-08-17T18:03:47+00:00,1000.0,SUCCESS,False,TXN_00050322
ATM_0001834,SYN1000006672,ATM_SYN_9178,LOC_00328,2024-09-07T00:41:56+00:00,20000.0,SUCCESS,False,TXN_00050323
ATM_0001835,SYN1000000375,ATM_SYN_1559,LOC_00221,2024-08-11T15:49:17+00:00,20000.0,SUCCESS,False,TXN_00050324
ATM_0001836,SYN1000007771,ATM_SYN_6763,LOC_00052,2024-08-10T19:13:14+00:00,2000.0,SUCCESS,False,TXN_00050325
ATM_0001837,SYN1000002014,ATM_SYN_3064,LOC_00036,2024-09-04T13:56:52+00:00,5000.0,SUCCESS,False,TXN_00050326
ATM_0001838,SYN1000000483,ATM_SYN_5429,LOC_00463,2024-08-04T08:24:19+00:00,15000.0,SUCCESS,False,TXN_00050327
ATM_0001839,SYN1000001495,ATM_SYN_1109,LOC_00457,2024-08-03T10:37:42+00:00,5000.0,SUCCESS,False,TXN_00050328
ATM_0001840,SYN1000005547,ATM_SYN_3584,LOC_00432,2024-08-30T10:19:48+00:00,2000.0,SUCCESS,False,TXN_00050329
ATM_0001841,SYN1000004036,ATM_SYN_1279,LOC_00172,2024-08-19T07:38:04+00:00,20000.0,SUCCESS,False,TXN_00050330
ATM_0001842,SYN1000006611,ATM_SYN_4142,LOC_00074,2024-08-19T20:12:36+00:00,1000.0,SUCCESS,False,TXN_00050331
ATM_0001843,SYN1000004167,ATM_SYN_4011,LOC_00091,2024-09-08T01:31:43+00:00,1000.0,SUCCESS,False,TXN_00050332
ATM_0001844,SYN1000007529,ATM_SYN_9719,LOC_00146,2024-08-11T17:53:07+00:00,2000.0,SUCCESS,False,TXN_00050333
ATM_0001845,SYN1000002014,ATM_SYN_1846,LOC_00388,2024-08-30T04:11:04+00:00,20000.0,SUCCESS,False,TXN_00050334
ATM_0001846,SYN1000001823,ATM_SYN_9190,LOC_00141,2024-09-09T15:11:48+00:00,3000.0,SUCCESS,False,TXN_00050335
ATM_0001847,SYN1000004803,ATM_SYN_3004,LOC_00206,2024-08-15T13:55:46+00:00,2000.0,SUCCESS,False,TXN_00050336
ATM_0001848,SYN1000008384,ATM_SYN_4016,LOC_00386,2024-08-26T02:50:17+00:00,20000.0,SUCCESS,False,TXN_00050337
ATM_0001849,SYN1000009562,ATM_SYN_3650,LOC_00485,2024-08-14T22:16:57+00:00,2000.0,SUCCESS,False,TXN_00050338
ATM_0001850,SYN1000008228,ATM_SYN_8126,LOC_00349,2024-08-19T23:41:36+00:00,15000.0,SUCCESS,False,TXN_00050339
ATM_0001851,SYN1000002691,ATM_SYN_6817,LOC_00206,2024-08-03T06:54:53+00:00,2000.0,SUCCESS,False,TXN_00050340
ATM_0001852,SYN1000001171,ATM_SYN_8203,LOC_00500,2024-08-17T01:06:56+00:00,20000.0,SUCCESS,False,TXN_00050341
ATM_0001853,SYN1000007958,ATM_SYN_4832,LOC_00286,2024-08-14T16:45:51+00:00,10000.0,SUCCESS,False,TXN_00050342
ATM_0001854,SYN1000008025,ATM_SYN_1367,LOC_00284,2024-08-23T04:07:24+00:00,2000.0,SUCCESS,False,TXN_00050343
ATM_0001855,SYN1000009221,ATM_SYN_3560,LOC_00471,2024-08-17T21:29:36+00:00,1000.0,SUCCESS,False,TXN_00050344
ATM_0001856,SYN1000001277,ATM_SYN_8898,LOC_00395,2024-09-03T03:22:56+00:00,15000.0,SUCCESS,False,TXN_00050345
ATM_0001857,SYN1000005203,ATM_SYN_2592,LOC_00078,2024-08-23T18:56:13+00:00,10000.0,SUCCESS,False,TXN_00050346
ATM_0001858,SYN1000001636,ATM_SYN_8401,LOC_00124,2024-09-06T12:00:54+00:00,1000.0,SUCCESS,False,TXN_00050347
ATM_0001859,SYN1000005325,ATM_SYN_5121,LOC_00387,2024-08-13T20:41:11+00:00,2000.0,SUCCESS,False,TXN_00050348
ATM_0001860,SYN1000009488,ATM_SYN_9454,LOC_00241,2024-08-06T19:09:24+00:00,20000.0,SUCCESS,False,TXN_00050349
ATM_0001861,SYN1000004687,ATM_SYN_7342,LOC_00363,2024-08-19T10:22:50+00:00,3000.0,SUCCESS,False,TXN_00050350
ATM_0001862,SYN1000009532,ATM_SYN_1703,LOC_00349,2024-08-07T09:58:02+00:00,2000.0,SUCCESS,False,TXN_00050351
ATM_0001863,SYN1000009446,ATM_SYN_6451,LOC_00224,2024-08-11T07:39:06+00:00,5000.0,SUCCESS,False,TXN_00050352
ATM_0001864,SYN1000007760,ATM_SYN_3581,LOC_00083,2024-08-27T06:48:27+00:00,15000.0,SUCCESS,False,TXN_00050353
ATM_0001865,SYN1000008078,ATM_SYN_7488,LOC_00008,2024-08-29T13:50:11+00:00,20000.0,SUCCESS,False,TXN_00050354
ATM_0001866,SYN1000006953,ATM_SYN_9825,LOC_00303,2024-08-20T18:56:52+00:00,1000.0,SUCCESS,False,TXN_00050355
ATM_0001867,SYN1000009858,ATM_SYN_3460,LOC_00335,2024-09-06T11:52:35+00:00,1000.0,SUCCESS,False,TXN_00050356
ATM_0001868,SYN1000001365,ATM_SYN_1296,LOC_00320,2024-09-10T22:07:54+00:00,2000.0,SUCCESS,False,TXN_00050357
ATM_0001869,SYN1000000253,ATM_SYN_1263,LOC_00364,2024-08-12T13:31:09+00:00,20000.0,SUCCESS,False,TXN_00050358
ATM_0001870,SYN1000006479,ATM_SYN_3354,LOC_00470,2024-08-31T18:48:37+00:00,20000.0,SUCCESS,False,TXN_00050359
ATM_0001871,SYN1000000032,ATM_SYN_3245,LOC_00026,2024-08-19T18:52:01+00:00,5000.0,SUCCESS,False,TXN_00050360
ATM_0001872,SYN1000009824,ATM_SYN_6899,LOC_00079,2024-08-09T10:06:09+00:00,2000.0,SUCCESS,False,TXN_00050361
ATM_0001873,SYN1000005893,ATM_SYN_2107,LOC_00406,2024-08-13T01:19:37+00:00,2000.0,SUCCESS,False,TXN_00050362
ATM_0001874,SYN1000003899,ATM_SYN_6397,LOC_00490,2024-08-11T22:42:51+00:00,2000.0,SUCCESS,False,TXN_00050363
ATM_0001875,SYN1000009140,ATM_SYN_6314,LOC_00160,2024-08-06T14:18:37+00:00,15000.0,SUCCESS,False,TXN_00050364
ATM_0001876,SYN1000005177,ATM_SYN_5534,LOC_00388,2024-09-05T20:11:09+00:00,5000.0,SUCCESS,False,TXN_00050365
ATM_0001877,SYN1000001600,ATM_SYN_8868,LOC_00183,2024-08-30T16:32:53+00:00,3000.0,SUCCESS,False,TXN_00050366
ATM_0001878,SYN1000009781,ATM_SYN_6607,LOC_00061,2024-08-28T20:58:04+00:00,1000.0,SUCCESS,False,TXN_00050367
ATM_0001879,SYN1000006455,ATM_SYN_9142,LOC_00050,2024-08-25T04:32:11+00:00,3000.0,SUCCESS,False,TXN_00050368
ATM_0001880,SYN1000000733,ATM_SYN_7750,LOC_00207,2024-08-05T05:48:36+00:00,1000.0,SUCCESS,False,TXN_00050369
ATM_0001881,SYN1000001462,ATM_SYN_2389,LOC_00257,2024-09-07T09:00:52+00:00,3000.0,SUCCESS,False,TXN_00050370
ATM_0001882,SYN1000005773,ATM_SYN_5965,LOC_00345,2024-09-07T20:39:47+00:00,20000.0,SUCCESS,False,TXN_00050371
ATM_0001883,SYN1000005385,ATM_SYN_7553,LOC_00339,2024-09-07T11:45:48+00:00,3000.0,SUCCESS,False,TXN_00050372
ATM_0001884,SYN1000000832,ATM_SYN_3823,LOC_00262,2024-08-24T20:46:36+00:00,3000.0,SUCCESS,False,TXN_00050373
ATM_0001885,SYN1000005721,ATM_SYN_7562,LOC_00052,2024-08-19T13:49:18+00:00,2000.0,SUCCESS,False,TXN_00050374
ATM_0001886,SYN1000001311,ATM_SYN_8350,LOC_00250,2024-08-03T08:52:35+00:00,20000.0,SUCCESS,False,TXN_00050375
ATM_0001887,SYN1000005781,ATM_SYN_7020,LOC_00220,2024-09-05T01:08:46+00:00,3000.0,SUCCESS,False,TXN_00050376
ATM_0001888,SYN1000006620,ATM_SYN_2652,LOC_00149,2024-08-20T07:09:09+00:00,3000.0,SUCCESS,False,TXN_00050377
ATM_0001889,SYN1000008076,ATM_SYN_2465,LOC_00322,2024-08-18T08:57:45+00:00,20000.0,SUCCESS,False,TXN_00050378
ATM_0001890,SYN1000009007,ATM_SYN_7235,LOC_00371,2024-08-05T09:15:27+00:00,3000.0,SUCCESS,False,TXN_00050379
ATM_0001891,SYN1000007036,ATM_SYN_5340,LOC_00031,2024-09-08T19:17:48+00:00,20000.0,SUCCESS,False,TXN_00050380
ATM_0001892,SYN1000005897,ATM_SYN_6759,LOC_00382,2024-09-02T04:57:09+00:00,20000.0,SUCCESS,False,TXN_00050381
ATM_0001893,SYN1000003862,ATM_SYN_7714,LOC_00276,2024-08-22T16:00:36+00:00,2000.0,SUCCESS,False,TXN_00050382
ATM_0001894,SYN1000002351,ATM_SYN_6064,LOC_00028,2024-08-02T08:41:31+00:00,3000.0,SUCCESS,False,TXN_00050383
ATM_0001895,SYN1000002830,ATM_SYN_9367,LOC_00146,2024-09-07T00:13:17+00:00,5000.0,SUCCESS,False,TXN_00050384
ATM_0001896,SYN1000008707,ATM_SYN_1515,LOC_00332,2024-08-10T11:44:46+00:00,2000.0,SUCCESS,False,TXN_00050385
ATM_0001897,SYN1000002531,ATM_SYN_9614,LOC_00443,2024-08-02T22:58:07+00:00,1000.0,SUCCESS,False,TXN_00050386
ATM_0001898,SYN1000001724,ATM_SYN_6324,LOC_00350,2024-08-22T04:57:39+00:00,3000.0,SUCCESS,False,TXN_00050387
ATM_0001899,SYN1000001700,ATM_SYN_2585,LOC_00010,2024-09-08T12:37:12+00:00,5000.0,SUCCESS,False,TXN_00050388
ATM_0001900,SYN1000006741,ATM_SYN_7376,LOC_00390,2024-08-13T10:59:08+00:00,1000.0,SUCCESS,False,TXN_00050389
ATM_0001901,SYN1000008008,ATM_SYN_3972,LOC_00140,2024-08-13T02:42:22+00:00,15000.0,SUCCESS,False,TXN_00050390
ATM_0001902,SYN1000000239,ATM_SYN_6769,LOC_00498,2024-08-12T13:47:13+00:00,10000.0,SUCCESS,False,TXN_00050391
ATM_0001903,SYN1000008805,ATM_SYN_2293,LOC_00136,2024-08-07T23:14:58+00:00,2000.0,SUCCESS,False,TXN_00050392
ATM_0001904,SYN1000008708,ATM_SYN_8791,LOC_00109,2024-08-05T19:16:39+00:00,5000.0,SUCCESS,False,TXN_00050393
ATM_0001905,SYN1000009123,ATM_SYN_9433,LOC_00296,2024-09-04T14:50:46+00:00,5000.0,SUCCESS,False,TXN_00050394
ATM_0001906,SYN1000002420,ATM_SYN_9054,LOC_00304,2024-08-03T12:13:56+00:00,2000.0,SUCCESS,False,TXN_00050395
ATM_0001907,SYN1000007775,ATM_SYN_1066,LOC_00059,2024-09-08T18:45:29+00:00,10000.0,SUCCESS,False,TXN_00050396
ATM_0001908,SYN1000006029,ATM_SYN_7849,LOC_00009,2024-08-21T11:12:54+00:00,10000.0,SUCCESS,False,TXN_00050397
ATM_0001909,SYN1000002317,ATM_SYN_9903,LOC_00198,2024-08-23T22:47:23+00:00,1000.0,SUCCESS,False,TXN_00050398
ATM_0001910,SYN1000000042,ATM_SYN_6713,LOC_00124,2024-09-10T17:15:32+00:00,5000.0,SUCCESS,False,TXN_00050399
ATM_0001911,SYN1000002484,ATM_SYN_2723,LOC_00432,2024-08-28T12:15:33+00:00,3000.0,SUCCESS,False,TXN_00050400
ATM_0001912,SYN1000001991,ATM_SYN_5320,LOC_00461,2024-08-28T00:15:36+00:00,20000.0,SUCCESS,False,TXN_00050401
ATM_0001913,SYN1000009339,ATM_SYN_9606,LOC_00470,2024-09-09T02:21:02+00:00,20000.0,SUCCESS,False,TXN_00050402
ATM_0001914,SYN1000003314,ATM_SYN_9998,LOC_00213,2024-08-04T13:52:49+00:00,2000.0,SUCCESS,False,TXN_00050403
ATM_0001915,SYN1000001198,ATM_SYN_7127,LOC_00402,2024-09-09T15:04:51+00:00,1000.0,SUCCESS,False,TXN_00050404
ATM_0001916,SYN1000002931,ATM_SYN_3710,LOC_00122,2024-08-28T23:14:53+00:00,1000.0,SUCCESS,False,TXN_00050405
ATM_0001917,SYN1000008465,ATM_SYN_5229,LOC_00043,2024-08-12T03:08:14+00:00,20000.0,SUCCESS,False,TXN_00050406
ATM_0001918,SYN1000007433,ATM_SYN_8969,LOC_00417,2024-08-08T13:55:12+00:00,15000.0,SUCCESS,False,TXN_00050407
ATM_0001919,SYN1000002197,ATM_SYN_3777,LOC_00376,2024-09-02T00:32:29+00:00,20000.0,SUCCESS,False,TXN_00050408
ATM_0001920,SYN1000002072,ATM_SYN_8933,LOC_00094,2024-09-07T22:01:21+00:00,10000.0,SUCCESS,False,TXN_00050409
ATM_0001921,SYN1000008357,ATM_SYN_7771,LOC_00338,2024-09-10T01:08:34+00:00,10000.0,SUCCESS,False,TXN_00050410
ATM_0001922,SYN1000003630,ATM_SYN_7909,LOC_00403,2024-08-21T11:10:50+00:00,5000.0,SUCCESS,False,TXN_00050411
ATM_0001923,SYN1000008801,ATM_SYN_6005,LOC_00227,2024-08-09T01:42:39+00:00,2000.0,SUCCESS,False,TXN_00050412
ATM_0001924,SYN1000005453,ATM_SYN_1215,LOC_00134,2024-08-19T23:39:56+00:00,10000.0,SUCCESS,False,TXN_00050413
ATM_0001925,SYN1000006498,ATM_SYN_2970,LOC_00310,2024-08-10T18:12:19+00:00,1000.0,SUCCESS,False,TXN_00050414
ATM_0001926,SYN1000001174,ATM_SYN_6334,LOC_00196,2024-08-06T20:51:28+00:00,20000.0,SUCCESS,False,TXN_00050415
ATM_0001927,SYN1000001771,ATM_SYN_6225,LOC_00034,2024-08-26T05:05:37+00:00,15000.0,SUCCESS,False,TXN_00050416
ATM_0001928,SYN1000003403,ATM_SYN_4047,LOC_00281,2024-08-15T07:07:00+00:00,1000.0,SUCCESS,False,TXN_00050417
ATM_0001929,SYN1000000049,ATM_SYN_5025,LOC_00044,2024-08-28T04:37:32+00:00,10000.0,SUCCESS,False,TXN_00050418
ATM_0001930,SYN1000001533,ATM_SYN_9462,LOC_00044,2024-08-17T04:21:37+00:00,5000.0,SUCCESS,False,TXN_00050419
ATM_0001931,SYN1000000241,ATM_SYN_3410,LOC_00094,2024-08-11T08:03:11+00:00,15000.0,SUCCESS,False,TXN_00050420
ATM_0001932,SYN1000002258,ATM_SYN_4828,LOC_00194,2024-08-10T02:46:46+00:00,15000.0,SUCCESS,False,TXN_00050421
ATM_0001933,SYN1000006097,ATM_SYN_8281,LOC_00421,2024-08-05T21:19:13+00:00,15000.0,SUCCESS,False,TXN_00050422
ATM_0001934,SYN1000000656,ATM_SYN_6902,LOC_00171,2024-09-08T04:24:49+00:00,5000.0,SUCCESS,False,TXN_00050423
ATM_0001935,SYN1000002252,ATM_SYN_9116,LOC_00299,2024-08-28T12:58:15+00:00,15000.0,SUCCESS,False,TXN_00050424
ATM_0001936,SYN1000000526,ATM_SYN_5674,LOC_00057,2024-09-03T10:45:27+00:00,15000.0,SUCCESS,False,TXN_00050425
ATM_0001937,SYN1000001734,ATM_SYN_9545,LOC_00378,2024-08-21T02:34:46+00:00,3000.0,SUCCESS,False,TXN_00050426
ATM_0001938,SYN1000002164,ATM_SYN_3702,LOC_00458,2024-08-24T16:22:49+00:00,15000.0,SUCCESS,False,TXN_00050427
ATM_0001939,SYN1000008871,ATM_SYN_3491,LOC_00379,2024-09-09T16:44:07+00:00,5000.0,SUCCESS,False,TXN_00050428
ATM_0001940,SYN1000003496,ATM_SYN_4381,LOC_00355,2024-09-10T01:14:46+00:00,1000.0,SUCCESS,False,TXN_00050429
ATM_0001941,SYN1000000085,ATM_SYN_3156,LOC_00235,2024-08-24T22:12:49+00:00,2000.0,SUCCESS,False,TXN_00050430
ATM_0001942,SYN1000005162,ATM_SYN_5727,LOC_00294,2024-09-04T13:11:42+00:00,20000.0,SUCCESS,False,TXN_00050431
ATM_0001943,SYN1000002861,ATM_SYN_5224,LOC_00418,2024-08-24T16:02:04+00:00,15000.0,SUCCESS,False,TXN_00050432
ATM_0001944,SYN1000004551,ATM_SYN_4595,LOC_00018,2024-08-13T04:00:54+00:00,3000.0,SUCCESS,False,TXN_00050433
ATM_0001945,SYN1000006550,ATM_SYN_9868,LOC_00282,2024-09-09T21:10:17+00:00,1000.0,SUCCESS,False,TXN_00050434
ATM_0001946,SYN1000008226,ATM_SYN_8882,LOC_00386,2024-08-22T16:26:47+00:00,1000.0,SUCCESS,False,TXN_00050435
ATM_0001947,SYN1000007253,ATM_SYN_7684,LOC_00480,2024-09-10T07:29:11+00:00,15000.0,SUCCESS,False,TXN_00050436
ATM_0001948,SYN1000008551,ATM_SYN_2247,LOC_00484,2024-09-08T20:56:21+00:00,3000.0,SUCCESS,False,TXN_00050437
ATM_0001949,SYN1000004775,ATM_SYN_7764,LOC_00253,2024-08-24T02:17:53+00:00,10000.0,SUCCESS,False,TXN_00050438
ATM_0001950,SYN1000002690,ATM_SYN_1337,LOC_00259,2024-08-31T21:48:05+00:00,20000.0,SUCCESS,False,TXN_00050439
ATM_0001951,SYN1000003337,ATM_SYN_2331,LOC_00337,2024-09-06T20:24:57+00:00,15000.0,SUCCESS,False,TXN_00050440
ATM_0001952,SYN1000006034,ATM_SYN_1002,LOC_00050,2024-08-29T01:34:34+00:00,3000.0,SUCCESS,False,TXN_00050441
ATM_0001953,SYN1000006118,ATM_SYN_3381,LOC_00466,2024-08-28T12:47:05+00:00,20000.0,SUCCESS,False,TXN_00050442
ATM_0001954,SYN1000003108,ATM_SYN_8691,LOC_00361,2024-08-15T16:23:57+00:00,2000.0,SUCCESS,False,TXN_00050443
ATM_0001955,SYN1000009703,ATM_SYN_4181,LOC_00452,2024-08-23T03:55:02+00:00,15000.0,SUCCESS,False,TXN_00050444
ATM_0001956,SYN1000003214,ATM_SYN_2538,LOC_00382,2024-08-23T23:55:35+00:00,1000.0,SUCCESS,False,TXN_00050445
ATM_0001957,SYN1000002026,ATM_SYN_3048,LOC_00350,2024-09-05T11:12:52+00:00,10000.0,SUCCESS,False,TXN_00050446
ATM_0001958,SYN1000007938,ATM_SYN_4182,LOC_00452,2024-08-31T10:59:58+00:00,5000.0,SUCCESS,False,TXN_00050447
ATM_0001959,SYN1000006068,ATM_SYN_9702,LOC_00481,2024-09-06T16:10:08+00:00,20000.0,SUCCESS,False,TXN_00050448
ATM_0001960,SYN1000002682,ATM_SYN_5723,LOC_00263,2024-09-03T02:53:28+00:00,20000.0,SUCCESS,False,TXN_00050449
ATM_0001961,SYN1000000522,ATM_SYN_6372,LOC_00303,2024-08-23T13:31:12+00:00,2000.0,SUCCESS,False,TXN_00050450
ATM_0001962,SYN1000004610,ATM_SYN_8575,LOC_00366,2024-08-28T05:44:05+00:00,5000.0,SUCCESS,False,TXN_00050451
ATM_0001963,SYN1000003785,ATM_SYN_4290,LOC_00432,2024-09-02T15:22:34+00:00,3000.0,SUCCESS,False,TXN_00050452
ATM_0001964,SYN1000001928,ATM_SYN_6449,LOC_00068,2024-08-03T07:08:26+00:00,3000.0,SUCCESS,False,TXN_00050453
ATM_0001965,SYN1000007138,ATM_SYN_2741,LOC_00270,2024-08-16T04:01:02+00:00,20000.0,SUCCESS,False,TXN_00050454
ATM_0001966,SYN1000006509,ATM_SYN_3712,LOC_00012,2024-08-30T17:04:17+00:00,20000.0,SUCCESS,False,TXN_00050455
ATM_0001967,SYN1000000345,ATM_SYN_6069,LOC_00279,2024-08-17T13:05:40+00:00,10000.0,SUCCESS,False,TXN_00050456
ATM_0001968,SYN1000000640,ATM_SYN_8373,LOC_00264,2024-08-20T05:58:09+00:00,3000.0,SUCCESS,False,TXN_00050457
ATM_0001969,SYN1000007107,ATM_SYN_2272,LOC_00228,2024-08-08T13:29:36+00:00,2000.0,SUCCESS,False,TXN_00050458
ATM_0001970,SYN1000007711,ATM_SYN_2723,LOC_00471,2024-08-12T21:24:25+00:00,10000.0,SUCCESS,False,TXN_00050459
ATM_0001971,SYN1000003820,ATM_SYN_3837,LOC_00323,2024-09-02T10:30:18+00:00,15000.0,SUCCESS,False,TXN_00050460
ATM_0001972,SYN1000002273,ATM_SYN_5756,LOC_00011,2024-08-27T07:14:25+00:00,3000.0,SUCCESS,False,TXN_00050461
ATM_0001973,SYN1000004868,ATM_SYN_9676,LOC_00155,2024-08-03T00:49:21+00:00,10000.0,SUCCESS,False,TXN_00050462
ATM_0001974,SYN1000009450,ATM_SYN_1143,LOC_00302,2024-09-05T18:06:28+00:00,3000.0,SUCCESS,False,TXN_00050463
ATM_0001975,SYN1000007993,ATM_SYN_8750,LOC_00116,2024-08-08T17:30:03+00:00,10000.0,SUCCESS,False,TXN_00050464
ATM_0001976,SYN1000009187,ATM_SYN_3617,LOC_00260,2024-08-26T04:38:02+00:00,10000.0,SUCCESS,False,TXN_00050465
ATM_0001977,SYN1000006142,ATM_SYN_3738,LOC_00230,2024-09-05T19:20:31+00:00,5000.0,SUCCESS,False,TXN_00050466
ATM_0001978,SYN1000004972,ATM_SYN_8060,LOC_00282,2024-09-01T11:42:28+00:00,3000.0,SUCCESS,False,TXN_00050467
ATM_0001979,SYN1000006278,ATM_SYN_1207,LOC_00040,2024-08-20T22:14:51+00:00,5000.0,SUCCESS,False,TXN_00050468
ATM_0001980,SYN1000003089,ATM_SYN_5328,LOC_00064,2024-08-10T10:27:30+00:00,5000.0,SUCCESS,False,TXN_00050469
ATM_0001981,SYN1000009583,ATM_SYN_6401,LOC_00463,2024-08-26T10:08:10+00:00,15000.0,SUCCESS,False,TXN_00050470
ATM_0001982,SYN1000002030,ATM_SYN_9546,LOC_00013,2024-09-09T07:09:06+00:00,5000.0,SUCCESS,False,TXN_00050471
ATM_0001983,SYN1000004657,ATM_SYN_1689,LOC_00084,2024-08-27T18:41:42+00:00,2000.0,SUCCESS,False,TXN_00050472
ATM_0001984,SYN1000002510,ATM_SYN_6137,LOC_00012,2024-09-06T09:16:59+00:00,15000.0,SUCCESS,False,TXN_00050473
ATM_0001985,SYN1000002790,ATM_SYN_7065,LOC_00087,2024-08-27T20:52:37+00:00,3000.0,SUCCESS,False,TXN_00050474
ATM_0001986,SYN1000008676,ATM_SYN_1912,LOC_00044,2024-09-05T17:39:06+00:00,15000.0,SUCCESS,False,TXN_00050475
ATM_0001987,SYN1000008358,ATM_SYN_6438,LOC_00182,2024-08-05T08:57:07+00:00,1000.0,SUCCESS,False,TXN_00050476
ATM_0001988,SYN1000007469,ATM_SYN_8161,LOC_00345,2024-08-18T23:39:11+00:00,15000.0,SUCCESS,False,TXN_00050477
ATM_0001989,SYN1000002404,ATM_SYN_5401,LOC_00290,2024-08-11T05:42:39+00:00,20000.0,SUCCESS,False,TXN_00050478
ATM_0001990,SYN1000000310,ATM_SYN_3703,LOC_00198,2024-08-04T13:31:45+00:00,20000.0,SUCCESS,False,TXN_00050479
ATM_0001991,SYN1000004861,ATM_SYN_8896,LOC_00469,2024-08-08T17:54:52+00:00,1000.0,SUCCESS,False,TXN_00050480
ATM_0001992,SYN1000002888,ATM_SYN_2484,LOC_00150,2024-08-22T23:11:14+00:00,5000.0,SUCCESS,False,TXN_00050481
ATM_0001993,SYN1000003620,ATM_SYN_7608,LOC_00404,2024-08-15T21:30:59+00:00,1000.0,SUCCESS,False,TXN_00050482
ATM_0001994,SYN1000000036,ATM_SYN_4486,LOC_00371,2024-09-06T05:46:37+00:00,20000.0,SUCCESS,False,TXN_00050483
ATM_0001995,SYN1000006767,ATM_SYN_6352,LOC_00337,2024-08-18T23:40:24+00:00,5000.0,SUCCESS,False,TXN_00050484
ATM_0001996,SYN1000005898,ATM_SYN_3573,LOC_00130,2024-08-24T01:50:52+00:00,10000.0,SUCCESS,False,TXN_00050485
ATM_0001997,SYN1000008627,ATM_SYN_5717,LOC_00422,2024-08-04T14:11:37+00:00,15000.0,SUCCESS,False,TXN_00050486
ATM_0001998,SYN1000002466,ATM_SYN_4381,LOC_00083,2024-09-09T00:36:57+00:00,5000.0,SUCCESS,False,TXN_00050487
ATM_0001999,SYN1000004923,ATM_SYN_2672,LOC_00023,2024-08-17T21:16:29+00:00,10000.0,SUCCESS,False,TXN_00050488
ATM_0002000,SYN1000001952,ATM_SYN_5121,LOC_00101,2024-08-27T03:20:02+00:00,20000.0,SUCCESS,False,TXN_00050489
ATM_0002001,SYN1000002601,ATM_SYN_4216,LOC_00213,2024-08-18T02:24:59+00:00,1000.0,SUCCESS,False,TXN_00050490
ATM_0002002,SYN1000007603,ATM_SYN_9522,LOC_00369,2024-08-20T01:18:42+00:00,3000.0,SUCCESS,False,TXN_00050491
ATM_0002003,SYN1000003944,ATM_SYN_6119,LOC_00491,2024-08-20T15:09:22+00:00,15000.0,SUCCESS,False,TXN_00050492
ATM_0002004,SYN1000008543,ATM_SYN_4222,LOC_00184,2024-09-03T20:06:06+00:00,20000.0,SUCCESS,False,TXN_00050493
ATM_0002005,SYN1000003433,ATM_SYN_6746,LOC_00124,2024-08-26T02:42:06+00:00,15000.0,SUCCESS,False,TXN_00050494
ATM_0002006,SYN1000006458,ATM_SYN_5218,LOC_00352,2024-08-19T15:31:25+00:00,1000.0,SUCCESS,False,TXN_00050495
ATM_0002007,SYN1000002917,ATM_SYN_9954,LOC_00076,2024-08-31T15:22:09+00:00,1000.0,SUCCESS,False,TXN_00050496
ATM_0002008,SYN1000009213,ATM_SYN_4870,LOC_00348,2024-09-01T18:19:24+00:00,20000.0,SUCCESS,False,TXN_00050497
ATM_0002009,SYN1000004488,ATM_SYN_9915,LOC_00086,2024-08-24T13:34:34+00:00,2000.0,SUCCESS,False,TXN_00050498
ATM_0002010,SYN1000001198,ATM_SYN_4891,LOC_00312,2024-08-21T23:27:52+00:00,1000.0,SUCCESS,False,TXN_00050499
ATM_0002011,SYN1000008684,ATM_SYN_6542,LOC_00077,2024-08-28T22:30:46+00:00,5000.0,SUCCESS,False,TXN_00050500
ATM_0002012,SYN1000005232,ATM_SYN_6511,LOC_00146,2024-09-01T11:26:45+00:00,3000.0,SUCCESS,False,TXN_00050501
ATM_0002013,SYN1000008115,ATM_SYN_9066,LOC_00175,2024-08-31T22:46:14+00:00,2000.0,SUCCESS,False,TXN_00050502
ATM_0002014,SYN1000009772,ATM_SYN_6881,LOC_00441,2024-08-11T14:12:26+00:00,3000.0,SUCCESS,False,TXN_00050503
ATM_0002015,SYN1000004690,ATM_SYN_3960,LOC_00382,2024-08-26T23:52:56+00:00,2000.0,SUCCESS,False,TXN_00050504
ATM_0002016,SYN1000006547,ATM_SYN_1169,LOC_00092,2024-09-04T00:09:05+00:00,20000.0,SUCCESS,False,TXN_00050505
ATM_0002017,SYN1000009672,ATM_SYN_3943,LOC_00265,2024-08-27T20:42:47+00:00,5000.0,SUCCESS,False,TXN_00050506
ATM_0002018,SYN1000002305,ATM_SYN_7153,LOC_00341,2024-09-07T13:58:11+00:00,1000.0,SUCCESS,False,TXN_00050507
ATM_0002019,SYN1000004864,ATM_SYN_5193,LOC_00030,2024-08-04T13:29:54+00:00,15000.0,SUCCESS,False,TXN_00050508
ATM_0002020,SYN1000000690,ATM_SYN_4267,LOC_00029,2024-09-07T13:36:34+00:00,15000.0,SUCCESS,False,TXN_00050509
ATM_0002021,SYN1000001280,ATM_SYN_5189,LOC_00339,2024-08-11T04:06:35+00:00,3000.0,SUCCESS,False,TXN_00050510
ATM_0002022,SYN1000008289,ATM_SYN_5789,LOC_00135,2024-08-18T16:37:10+00:00,15000.0,SUCCESS,False,TXN_00050511
ATM_0002023,SYN1000008198,ATM_SYN_7859,LOC_00332,2024-09-07T21:53:16+00:00,20000.0,SUCCESS,False,TXN_00050512
ATM_0002024,SYN1000000415,ATM_SYN_2339,LOC_00094,2024-08-22T18:06:41+00:00,5000.0,SUCCESS,False,TXN_00050513
ATM_0002025,SYN1000003445,ATM_SYN_8393,LOC_00033,2024-08-04T21:16:47+00:00,10000.0,SUCCESS,False,TXN_00050514
ATM_0002026,SYN1000002545,ATM_SYN_3524,LOC_00335,2024-08-11T14:54:13+00:00,15000.0,SUCCESS,False,TXN_00050515
ATM_0002027,SYN1000000719,ATM_SYN_3824,LOC_00234,2024-08-03T18:40:30+00:00,15000.0,SUCCESS,False,TXN_00050516
ATM_0002028,SYN1000008924,ATM_SYN_8628,LOC_00094,2024-08-06T04:20:25+00:00,3000.0,SUCCESS,False,TXN_00050517
ATM_0002029,SYN1000006012,ATM_SYN_6238,LOC_00335,2024-08-25T23:15:58+00:00,15000.0,SUCCESS,False,TXN_00050518
ATM_0002030,SYN1000005343,ATM_SYN_6476,LOC_00350,2024-09-09T11:27:25+00:00,15000.0,SUCCESS,False,TXN_00050519
ATM_0002031,SYN1000002222,ATM_SYN_1412,LOC_00056,2024-09-01T16:01:47+00:00,5000.0,SUCCESS,False,TXN_00050520
ATM_0002032,SYN1000006556,ATM_SYN_6826,LOC_00303,2024-08-23T05:54:15+00:00,2000.0,SUCCESS,False,TXN_00050521
ATM_0002033,SYN1000007059,ATM_SYN_4552,LOC_00060,2024-08-12T10:54:49+00:00,20000.0,SUCCESS,False,TXN_00050522
ATM_0002034,SYN1000007547,ATM_SYN_4779,LOC_00337,2024-09-05T09:15:16+00:00,20000.0,SUCCESS,False,TXN_00050523
ATM_0002035,SYN1000005585,ATM_SYN_8414,LOC_00249,2024-08-22T18:21:57+00:00,1000.0,SUCCESS,False,TXN_00050524
ATM_0002036,SYN1000006434,ATM_SYN_5144,LOC_00391,2024-08-26T19:36:38+00:00,10000.0,SUCCESS,False,TXN_00050525
ATM_0002037,SYN1000003025,ATM_SYN_8517,LOC_00358,2024-08-23T21:54:40+00:00,1000.0,SUCCESS,False,TXN_00050526
ATM_0002038,SYN1000006036,ATM_SYN_3978,LOC_00136,2024-08-16T05:36:46+00:00,5000.0,SUCCESS,False,TXN_00050527
ATM_0002039,SYN1000001149,ATM_SYN_4702,LOC_00218,2024-08-31T19:08:01+00:00,5000.0,SUCCESS,False,TXN_00050528
ATM_0002040,SYN1000003728,ATM_SYN_5416,LOC_00053,2024-08-30T18:24:59+00:00,10000.0,SUCCESS,False,TXN_00050529
ATM_0002041,SYN1000002975,ATM_SYN_6243,LOC_00395,2024-08-14T22:20:38+00:00,5000.0,SUCCESS,False,TXN_00050530
ATM_0002042,SYN1000008828,ATM_SYN_2065,LOC_00180,2024-08-16T07:19:42+00:00,15000.0,SUCCESS,False,TXN_00050531
ATM_0002043,SYN1000003798,ATM_SYN_8554,LOC_00032,2024-08-26T07:29:45+00:00,5000.0,SUCCESS,False,TXN_00050532
ATM_0002044,SYN1000007506,ATM_SYN_4151,LOC_00237,2024-08-05T11:34:39+00:00,1000.0,SUCCESS,False,TXN_00050533
ATM_0002045,SYN1000002649,ATM_SYN_2376,LOC_00060,2024-08-03T12:59:29+00:00,20000.0,SUCCESS,False,TXN_00050534
ATM_0002046,SYN1000003456,ATM_SYN_4641,LOC_00089,2024-09-03T04:48:05+00:00,5000.0,SUCCESS,False,TXN_00050535
ATM_0002047,SYN1000004099,ATM_SYN_6638,LOC_00188,2024-08-07T00:49:57+00:00,1000.0,SUCCESS,False,TXN_00050536
ATM_0002048,SYN1000008455,ATM_SYN_1883,LOC_00009,2024-08-06T21:11:51+00:00,3000.0,SUCCESS,False,TXN_00050537
ATM_0002049,SYN1000006200,ATM_SYN_3762,LOC_00133,2024-08-11T20:04:55+00:00,2000.0,SUCCESS,False,TXN_00050538
ATM_0002050,SYN1000008610,ATM_SYN_4685,LOC_00134,2024-08-21T15:31:32+00:00,1000.0,SUCCESS,False,TXN_00050539
ATM_0002051,SYN1000008985,ATM_SYN_6531,LOC_00242,2024-08-30T06:39:11+00:00,3000.0,SUCCESS,False,TXN_00050540
ATM_0002052,SYN1000008234,ATM_SYN_6678,LOC_00352,2024-09-06T00:50:44+00:00,2000.0,SUCCESS,False,TXN_00050541
ATM_0002053,SYN1000006299,ATM_SYN_6302,LOC_00271,2024-08-27T06:15:56+00:00,10000.0,SUCCESS,False,TXN_00050542
ATM_0002054,SYN1000009643,ATM_SYN_5130,LOC_00351,2024-08-19T18:30:52+00:00,1000.0,SUCCESS,False,TXN_00050543
ATM_0002055,SYN1000009848,ATM_SYN_2288,LOC_00013,2024-08-31T20:56:28+00:00,2000.0,SUCCESS,False,TXN_00050544
ATM_0002056,SYN1000002465,ATM_SYN_5293,LOC_00487,2024-08-28T16:54:58+00:00,20000.0,SUCCESS,False,TXN_00050545
ATM_0002057,SYN1000003065,ATM_SYN_2452,LOC_00363,2024-08-14T07:01:37+00:00,20000.0,SUCCESS,False,TXN_00050546
ATM_0002058,SYN1000002197,ATM_SYN_8156,LOC_00078,2024-08-25T04:03:06+00:00,15000.0,SUCCESS,False,TXN_00050547
ATM_0002059,SYN1000003046,ATM_SYN_9442,LOC_00404,2024-08-15T04:34:24+00:00,2000.0,SUCCESS,False,TXN_00050548
ATM_0002060,SYN1000009792,ATM_SYN_8620,LOC_00073,2024-08-05T03:53:17+00:00,15000.0,SUCCESS,False,TXN_00050549
ATM_0002061,SYN1000008850,ATM_SYN_7787,LOC_00390,2024-08-28T08:12:43+00:00,5000.0,SUCCESS,False,TXN_00050550
ATM_0002062,SYN1000003600,ATM_SYN_1949,LOC_00245,2024-08-04T20:27:50+00:00,2000.0,SUCCESS,False,TXN_00050551
ATM_0002063,SYN1000002614,ATM_SYN_6209,LOC_00373,2024-09-03T04:39:25+00:00,20000.0,SUCCESS,False,TXN_00050552
ATM_0002064,SYN1000005667,ATM_SYN_7422,LOC_00076,2024-08-10T12:36:29+00:00,5000.0,SUCCESS,False,TXN_00050553
ATM_0002065,SYN1000000285,ATM_SYN_3903,LOC_00066,2024-08-06T23:54:45+00:00,5000.0,SUCCESS,False,TXN_00050554
ATM_0002066,SYN1000003816,ATM_SYN_4259,LOC_00201,2024-08-14T11:49:41+00:00,5000.0,SUCCESS,False,TXN_00050555
ATM_0002067,SYN1000000252,ATM_SYN_7855,LOC_00457,2024-08-23T13:02:56+00:00,5000.0,SUCCESS,False,TXN_00050556
ATM_0002068,SYN1000008658,ATM_SYN_6551,LOC_00050,2024-08-21T05:22:34+00:00,5000.0,SUCCESS,False,TXN_00050557
ATM_0002069,SYN1000008880,ATM_SYN_3958,LOC_00457,2024-08-04T11:02:04+00:00,2000.0,SUCCESS,False,TXN_00050558
ATM_0002070,SYN1000007419,ATM_SYN_2146,LOC_00027,2024-09-09T00:29:13+00:00,15000.0,SUCCESS,False,TXN_00050559
ATM_0002071,SYN1000002269,ATM_SYN_6303,LOC_00217,2024-08-25T13:36:09+00:00,1000.0,SUCCESS,False,TXN_00050560
ATM_0002072,SYN1000003353,ATM_SYN_4702,LOC_00230,2024-08-10T01:01:34+00:00,15000.0,SUCCESS,False,TXN_00050561
ATM_0002073,SYN1000007813,ATM_SYN_8565,LOC_00455,2024-08-18T12:38:16+00:00,2000.0,SUCCESS,False,TXN_00050562
ATM_0002074,SYN1000002573,ATM_SYN_9182,LOC_00265,2024-08-23T18:09:34+00:00,5000.0,SUCCESS,False,TXN_00050563
ATM_0002075,SYN1000007328,ATM_SYN_4078,LOC_00130,2024-09-02T05:24:21+00:00,15000.0,SUCCESS,False,TXN_00050564
ATM_0002076,SYN1000009130,ATM_SYN_2498,LOC_00106,2024-09-10T18:44:46+00:00,10000.0,SUCCESS,False,TXN_00050565
ATM_0002077,SYN1000000421,ATM_SYN_6369,LOC_00206,2024-08-03T17:53:18+00:00,5000.0,SUCCESS,False,TXN_00050566
ATM_0002078,SYN1000006541,ATM_SYN_6131,LOC_00250,2024-08-04T03:25:45+00:00,20000.0,SUCCESS,False,TXN_00050567
ATM_0002079,SYN1000000555,ATM_SYN_9430,LOC_00195,2024-08-27T15:43:36+00:00,20000.0,SUCCESS,False,TXN_00050568
ATM_0002080,SYN1000002536,ATM_SYN_4518,LOC_00336,2024-09-03T03:18:21+00:00,20000.0,SUCCESS,False,TXN_00050569
ATM_0002081,SYN1000002856,ATM_SYN_1996,LOC_00289,2024-08-12T22:40:37+00:00,15000.0,SUCCESS,False,TXN_00050570
ATM_0002082,SYN1000002597,ATM_SYN_9779,LOC_00419,2024-09-07T17:02:09+00:00,2000.0,SUCCESS,False,TXN_00050571
ATM_0002083,SYN1000007538,ATM_SYN_6448,LOC_00300,2024-09-10T10:25:51+00:00,3000.0,SUCCESS,False,TXN_00050572
ATM_0002084,SYN1000001394,ATM_SYN_1055,LOC_00446,2024-08-18T12:58:08+00:00,3000.0,SUCCESS,False,TXN_00050573
ATM_0002085,SYN1000001465,ATM_SYN_5790,LOC_00224,2024-08-05T06:34:29+00:00,10000.0,SUCCESS,False,TXN_00050574
ATM_0002086,SYN1000007175,ATM_SYN_9418,LOC_00249,2024-08-16T09:16:29+00:00,1000.0,SUCCESS,False,TXN_00050575
ATM_0002087,SYN1000000890,ATM_SYN_2944,LOC_00242,2024-08-31T02:01:46+00:00,10000.0,SUCCESS,False,TXN_00050576
ATM_0002088,SYN1000002807,ATM_SYN_2805,LOC_00206,2024-08-13T17:36:48+00:00,5000.0,SUCCESS,False,TXN_00050577
ATM_0002089,SYN1000006195,ATM_SYN_1987,LOC_00372,2024-08-23T07:02:24+00:00,3000.0,SUCCESS,False,TXN_00050578
ATM_0002090,SYN1000004875,ATM_SYN_7213,LOC_00022,2024-08-31T00:24:07+00:00,5000.0,SUCCESS,False,TXN_00050579
ATM_0002091,SYN1000001771,ATM_SYN_3545,LOC_00469,2024-08-05T19:08:36+00:00,2000.0,SUCCESS,False,TXN_00050580
ATM_0002092,SYN1000009273,ATM_SYN_9265,LOC_00087,2024-08-13T17:51:14+00:00,20000.0,SUCCESS,False,TXN_00050581
ATM_0002093,SYN1000009804,ATM_SYN_4531,LOC_00225,2024-08-22T06:51:26+00:00,20000.0,SUCCESS,False,TXN_00050582
ATM_0002094,SYN1000006634,ATM_SYN_8395,LOC_00395,2024-08-16T12:36:54+00:00,5000.0,SUCCESS,False,TXN_00050583
ATM_0002095,SYN1000008979,ATM_SYN_5458,LOC_00109,2024-08-13T21:01:33+00:00,5000.0,SUCCESS,False,TXN_00050584
ATM_0002096,SYN1000009057,ATM_SYN_1048,LOC_00194,2024-08-13T02:39:45+00:00,5000.0,SUCCESS,False,TXN_00050585
ATM_0002097,SYN1000006988,ATM_SYN_4696,LOC_00072,2024-09-06T04:46:09+00:00,2000.0,SUCCESS,False,TXN_00050586
ATM_0002098,SYN1000009645,ATM_SYN_9261,LOC_00407,2024-08-16T00:17:00+00:00,15000.0,SUCCESS,False,TXN_00050587
ATM_0002099,SYN1000009241,ATM_SYN_2348,LOC_00222,2024-08-02T04:32:34+00:00,3000.0,SUCCESS,False,TXN_00050588
ATM_0002100,SYN1000002524,ATM_SYN_9172,LOC_00351,2024-08-25T13:07:30+00:00,10000.0,SUCCESS,False,TXN_00050589
ATM_0002101,SYN1000000251,ATM_SYN_6970,LOC_00026,2024-08-20T17:15:38+00:00,10000.0,SUCCESS,False,TXN_00050590
ATM_0002102,SYN1000006643,ATM_SYN_4608,LOC_00335,2024-09-10T00:19:14+00:00,10000.0,SUCCESS,False,TXN_00050591
ATM_0002103,SYN1000003086,ATM_SYN_8899,LOC_00469,2024-08-13T18:57:35+00:00,10000.0,SUCCESS,False,TXN_00050592
ATM_0002104,SYN1000009522,ATM_SYN_5377,LOC_00251,2024-08-03T04:28:39+00:00,15000.0,SUCCESS,False,TXN_00050593
ATM_0002105,SYN1000004005,ATM_SYN_3029,LOC_00500,2024-08-05T03:50:32+00:00,3000.0,SUCCESS,False,TXN_00050594
ATM_0002106,SYN1000006625,ATM_SYN_7621,LOC_00109,2024-08-23T20:30:07+00:00,10000.0,SUCCESS,False,TXN_00050595
ATM_0002107,SYN1000006390,ATM_SYN_8230,LOC_00474,2024-08-17T10:25:46+00:00,5000.0,SUCCESS,False,TXN_00050596
ATM_0002108,SYN1000008530,ATM_SYN_5478,LOC_00249,2024-08-24T23:14:52+00:00,20000.0,SUCCESS,False,TXN_00050597
ATM_0002109,SYN1000007736,ATM_SYN_1934,LOC_00481,2024-09-03T04:48:22+00:00,1000.0,SUCCESS,False,TXN_00050598
ATM_0002110,SYN1000005373,ATM_SYN_1378,LOC_00115,2024-08-05T04:10:37+00:00,20000.0,SUCCESS,False,TXN_00050599
ATM_0002111,SYN1000004665,ATM_SYN_4019,LOC_00364,2024-08-19T01:18:02+00:00,15000.0,SUCCESS,False,TXN_00050600
ATM_0002112,SYN1000001715,ATM_SYN_6217,LOC_00168,2024-08-26T18:04:42+00:00,2000.0,SUCCESS,False,TXN_00050601
ATM_0002113,SYN1000000975,ATM_SYN_6847,LOC_00242,2024-08-17T06:28:17+00:00,3000.0,SUCCESS,False,TXN_00050602
ATM_0002114,SYN1000005285,ATM_SYN_6563,LOC_00377,2024-09-08T15:39:58+00:00,10000.0,SUCCESS,False,TXN_00050603
ATM_0002115,SYN1000002922,ATM_SYN_7164,LOC_00350,2024-08-05T19:44:03+00:00,5000.0,SUCCESS,False,TXN_00050604
ATM_0002116,SYN1000008855,ATM_SYN_2996,LOC_00204,2024-09-06T13:38:58+00:00,20000.0,SUCCESS,False,TXN_00050605
ATM_0002117,SYN1000005182,ATM_SYN_1241,LOC_00047,2024-09-01T23:24:59+00:00,15000.0,SUCCESS,False,TXN_00050606
ATM_0002118,SYN1000001956,ATM_SYN_9010,LOC_00328,2024-08-02T04:52:07+00:00,2000.0,SUCCESS,False,TXN_00050607
ATM_0002119,SYN1000005338,ATM_SYN_3390,LOC_00018,2024-08-04T09:55:10+00:00,20000.0,SUCCESS,False,TXN_00050608
ATM_0002120,SYN1000000030,ATM_SYN_1706,LOC_00422,2024-08-28T23:33:17+00:00,1000.0,SUCCESS,False,TXN_00050609
ATM_0002121,SYN1000001084,ATM_SYN_8864,LOC_00143,2024-08-23T01:01:47+00:00,20000.0,SUCCESS,False,TXN_00050610
ATM_0002122,SYN1000009826,ATM_SYN_3601,LOC_00350,2024-08-12T07:33:50+00:00,10000.0,SUCCESS,False,TXN_00050611
ATM_0002123,SYN1000003471,ATM_SYN_1935,LOC_00192,2024-09-10T00:12:11+00:00,20000.0,SUCCESS,False,TXN_00050612
ATM_0002124,SYN1000005745,ATM_SYN_2052,LOC_00395,2024-09-05T19:58:20+00:00,5000.0,SUCCESS,False,TXN_00050613
ATM_0002125,SYN1000003628,ATM_SYN_4102,LOC_00282,2024-09-05T09:14:04+00:00,2000.0,SUCCESS,False,TXN_00050614
ATM_0002126,SYN1000007757,ATM_SYN_6321,LOC_00228,2024-08-26T17:59:28+00:00,20000.0,SUCCESS,False,TXN_00050615
ATM_0002127,SYN1000006726,ATM_SYN_9327,LOC_00466,2024-08-16T08:03:10+00:00,1000.0,SUCCESS,False,TXN_00050616
ATM_0002128,SYN1000009888,ATM_SYN_8058,LOC_00480,2024-08-23T10:02:46+00:00,3000.0,SUCCESS,False,TXN_00050617
ATM_0002129,SYN1000002650,ATM_SYN_8030,LOC_00201,2024-08-10T08:15:09+00:00,1000.0,SUCCESS,False,TXN_00050618
ATM_0002130,SYN1000004645,ATM_SYN_2157,LOC_00366,2024-08-21T00:50:06+00:00,10000.0,SUCCESS,False,TXN_00050619
ATM_0002131,SYN1000002709,ATM_SYN_2566,LOC_00443,2024-09-06T03:28:13+00:00,10000.0,SUCCESS,False,TXN_00050620
ATM_0002132,SYN1000000029,ATM_SYN_5280,LOC_00070,2024-09-10T08:24:25+00:00,15000.0,SUCCESS,False,TXN_00050621
ATM_0002133,SYN1000004066,ATM_SYN_8670,LOC_00212,2024-08-11T05:12:56+00:00,2000.0,SUCCESS,False,TXN_00050622
ATM_0002134,SYN1000002720,ATM_SYN_8439,LOC_00392,2024-08-05T03:19:45+00:00,1000.0,SUCCESS,False,TXN_00050623
ATM_0002135,SYN1000000321,ATM_SYN_4044,LOC_00118,2024-09-06T17:59:13+00:00,2000.0,SUCCESS,False,TXN_00050624
ATM_0002136,SYN1000005091,ATM_SYN_6453,LOC_00036,2024-09-06T02:21:44+00:00,20000.0,SUCCESS,False,TXN_00050625
ATM_0002137,SYN1000008921,ATM_SYN_4137,LOC_00180,2024-08-23T05:07:44+00:00,3000.0,SUCCESS,False,TXN_00050626
ATM_0002138,SYN1000005856,ATM_SYN_7704,LOC_00096,2024-08-28T15:59:15+00:00,10000.0,SUCCESS,False,TXN_00050627
ATM_0002139,SYN1000002884,ATM_SYN_2269,LOC_00214,2024-08-07T21:07:55+00:00,3000.0,SUCCESS,False,TXN_00050628
ATM_0002140,SYN1000004731,ATM_SYN_8910,LOC_00171,2024-08-12T18:01:51+00:00,1000.0,SUCCESS,False,TXN_00050629
ATM_0002141,SYN1000002707,ATM_SYN_7150,LOC_00225,2024-08-25T17:38:04+00:00,1000.0,SUCCESS,False,TXN_00050630
ATM_0002142,SYN1000005125,ATM_SYN_6386,LOC_00276,2024-08-28T22:43:29+00:00,15000.0,SUCCESS,False,TXN_00050631
ATM_0002143,SYN1000005312,ATM_SYN_1587,LOC_00373,2024-08-08T15:25:40+00:00,3000.0,SUCCESS,False,TXN_00050632
ATM_0002144,SYN1000007527,ATM_SYN_6232,LOC_00315,2024-08-23T09:36:36+00:00,1000.0,SUCCESS,False,TXN_00050633
ATM_0002145,SYN1000008730,ATM_SYN_9842,LOC_00267,2024-08-21T14:01:21+00:00,10000.0,SUCCESS,False,TXN_00050634
ATM_0002146,SYN1000000031,ATM_SYN_9430,LOC_00122,2024-08-13T10:14:34+00:00,10000.0,SUCCESS,False,TXN_00050635
ATM_0002147,SYN1000003361,ATM_SYN_4534,LOC_00015,2024-08-10T17:14:08+00:00,3000.0,SUCCESS,False,TXN_00050636
ATM_0002148,SYN1000006069,ATM_SYN_3888,LOC_00446,2024-08-13T19:07:23+00:00,10000.0,SUCCESS,False,TXN_00050637
ATM_0002149,SYN1000007193,ATM_SYN_1115,LOC_00497,2024-08-05T14:06:19+00:00,2000.0,SUCCESS,False,TXN_00050638
ATM_0002150,SYN1000008952,ATM_SYN_5173,LOC_00142,2024-09-01T11:09:57+00:00,10000.0,SUCCESS,False,TXN_00050639
ATM_0002151,SYN1000006696,ATM_SYN_9908,LOC_00399,2024-08-31T09:11:31+00:00,5000.0,SUCCESS,False,TXN_00050640
ATM_0002152,SYN1000002194,ATM_SYN_3051,LOC_00498,2024-09-06T01:49:25+00:00,10000.0,SUCCESS,False,TXN_00050641
ATM_0002153,SYN1000006810,ATM_SYN_7683,LOC_00035,2024-09-06T22:16:09+00:00,10000.0,SUCCESS,False,TXN_00050642
ATM_0002154,SYN1000007771,ATM_SYN_5978,LOC_00210,2024-08-04T01:20:43+00:00,15000.0,SUCCESS,False,TXN_00050643
ATM_0002155,SYN1000008998,ATM_SYN_6977,LOC_00045,2024-08-16T08:57:56+00:00,2000.0,SUCCESS,False,TXN_00050644
ATM_0002156,SYN1000003583,ATM_SYN_9555,LOC_00374,2024-09-01T21:58:34+00:00,1000.0,SUCCESS,False,TXN_00050645
ATM_0002157,SYN1000001818,ATM_SYN_1550,LOC_00206,2024-08-20T05:52:18+00:00,2000.0,SUCCESS,False,TXN_00050646
ATM_0002158,SYN1000003362,ATM_SYN_3125,LOC_00012,2024-08-29T22:57:40+00:00,2000.0,SUCCESS,False,TXN_00050647
ATM_0002159,SYN1000005479,ATM_SYN_5071,LOC_00092,2024-09-02T05:41:44+00:00,10000.0,SUCCESS,False,TXN_00050648
ATM_0002160,SYN1000006864,ATM_SYN_8547,LOC_00348,2024-08-19T00:56:48+00:00,3000.0,SUCCESS,False,TXN_00050649
ATM_0002161,SYN1000004759,ATM_SYN_9064,LOC_00482,2024-08-29T09:45:15+00:00,2000.0,SUCCESS,False,TXN_00050650
ATM_0002162,SYN1000007645,ATM_SYN_6629,LOC_00277,2024-08-14T17:21:39+00:00,1000.0,SUCCESS,False,TXN_00050651
ATM_0002163,SYN1000005433,ATM_SYN_7638,LOC_00478,2024-08-03T05:16:19+00:00,5000.0,SUCCESS,False,TXN_00050652
ATM_0002164,SYN1000007734,ATM_SYN_6855,LOC_00414,2024-09-06T06:08:23+00:00,5000.0,SUCCESS,False,TXN_00050653
ATM_0002165,SYN1000005399,ATM_SYN_6601,LOC_00022,2024-08-26T05:24:28+00:00,1000.0,SUCCESS,False,TXN_00050654
ATM_0002166,SYN1000005788,ATM_SYN_5683,LOC_00431,2024-08-10T11:43:42+00:00,1000.0,SUCCESS,False,TXN_00050655
ATM_0002167,SYN1000007191,ATM_SYN_5925,LOC_00313,2024-08-26T13:55:11+00:00,3000.0,SUCCESS,False,TXN_00050656
ATM_0002168,SYN1000008081,ATM_SYN_4113,LOC_00316,2024-08-27T02:03:27+00:00,15000.0,SUCCESS,False,TXN_00050657
ATM_0002169,SYN1000005962,ATM_SYN_2558,LOC_00057,2024-09-01T09:47:35+00:00,1000.0,SUCCESS,False,TXN_00050658
ATM_0002170,SYN1000000280,ATM_SYN_8781,LOC_00009,2024-08-13T08:46:55+00:00,20000.0,SUCCESS,False,TXN_00050659
ATM_0002171,SYN1000007642,ATM_SYN_6614,LOC_00182,2024-09-03T13:21:40+00:00,1000.0,SUCCESS,False,TXN_00050660
ATM_0002172,SYN1000009148,ATM_SYN_3497,LOC_00091,2024-09-09T19:56:36+00:00,20000.0,SUCCESS,False,TXN_00050661
ATM_0002173,SYN1000005826,ATM_SYN_1812,LOC_00456,2024-08-11T00:53:18+00:00,15000.0,SUCCESS,False,TXN_00050662
ATM_0002174,SYN1000005830,ATM_SYN_5265,LOC_00302,2024-08-11T18:46:15+00:00,20000.0,SUCCESS,False,TXN_00050663
ATM_0002175,SYN1000004054,ATM_SYN_8273,LOC_00134,2024-09-01T01:56:59+00:00,2000.0,SUCCESS,False,TXN_00050664
ATM_0002176,SYN1000006555,ATM_SYN_6604,LOC_00112,2024-08-06T00:42:31+00:00,3000.0,SUCCESS,False,TXN_00050665
ATM_0002177,SYN1000005702,ATM_SYN_4223,LOC_00274,2024-08-10T10:03:41+00:00,1000.0,SUCCESS,False,TXN_00050666
ATM_0002178,SYN1000002059,ATM_SYN_6290,LOC_00083,2024-08-18T20:56:16+00:00,1000.0,SUCCESS,False,TXN_00050667
ATM_0002179,SYN1000006429,ATM_SYN_5555,LOC_00490,2024-08-15T11:52:23+00:00,20000.0,SUCCESS,False,TXN_00050668
ATM_0002180,SYN1000001327,ATM_SYN_7650,LOC_00417,2024-08-18T01:49:03+00:00,15000.0,SUCCESS,False,TXN_00050669
ATM_0002181,SYN1000000226,ATM_SYN_5914,LOC_00354,2024-08-30T10:42:11+00:00,1000.0,SUCCESS,False,TXN_00050670
ATM_0002182,SYN1000008353,ATM_SYN_9820,LOC_00161,2024-08-20T20:19:08+00:00,1000.0,SUCCESS,False,TXN_00050671
ATM_0002183,SYN1000009292,ATM_SYN_5850,LOC_00471,2024-08-11T21:20:32+00:00,1000.0,SUCCESS,False,TXN_00050672
ATM_0002184,SYN1000002851,ATM_SYN_7705,LOC_00403,2024-08-27T15:28:27+00:00,3000.0,SUCCESS,False,TXN_00050673
ATM_0002185,SYN1000002053,ATM_SYN_5329,LOC_00337,2024-09-10T21:48:14+00:00,15000.0,SUCCESS,False,TXN_00050674
ATM_0002186,SYN1000000574,ATM_SYN_4464,LOC_00057,2024-08-31T06:23:08+00:00,2000.0,SUCCESS,False,TXN_00050675
ATM_0002187,SYN1000004425,ATM_SYN_9618,LOC_00103,2024-08-20T13:09:24+00:00,5000.0,SUCCESS,False,TXN_00050676
ATM_0002188,SYN1000007759,ATM_SYN_5693,LOC_00455,2024-08-24T06:27:24+00:00,20000.0,SUCCESS,False,TXN_00050677
ATM_0002189,SYN1000003291,ATM_SYN_1964,LOC_00078,2024-08-04T16:56:26+00:00,3000.0,SUCCESS,False,TXN_00050678
ATM_0002190,SYN1000008684,ATM_SYN_2113,LOC_00144,2024-08-10T08:53:20+00:00,2000.0,SUCCESS,False,TXN_00050679
ATM_0002191,SYN1000003957,ATM_SYN_5873,LOC_00463,2024-09-07T10:53:03+00:00,15000.0,SUCCESS,False,TXN_00050680
ATM_0002192,SYN1000006063,ATM_SYN_5627,LOC_00489,2024-08-05T19:47:41+00:00,10000.0,SUCCESS,False,TXN_00050681
ATM_0002193,SYN1000004532,ATM_SYN_1484,LOC_00158,2024-08-12T10:13:52+00:00,10000.0,SUCCESS,False,TXN_00050682
ATM_0002194,SYN1000009313,ATM_SYN_3325,LOC_00228,2024-09-01T17:57:15+00:00,5000.0,SUCCESS,False,TXN_00050683
ATM_0002195,SYN1000000453,ATM_SYN_5694,LOC_00123,2024-08-14T00:46:59+00:00,5000.0,SUCCESS,False,TXN_00050684
ATM_0002196,SYN1000001030,ATM_SYN_5763,LOC_00271,2024-08-08T22:14:15+00:00,10000.0,SUCCESS,False,TXN_00050685
ATM_0002197,SYN1000001295,ATM_SYN_3654,LOC_00383,2024-08-11T11:04:37+00:00,15000.0,SUCCESS,False,TXN_00050686
ATM_0002198,SYN1000000623,ATM_SYN_1300,LOC_00023,2024-08-10T23:08:35+00:00,1000.0,SUCCESS,False,TXN_00050687
ATM_0002199,SYN1000006393,ATM_SYN_6221,LOC_00313,2024-08-05T07:13:58+00:00,5000.0,SUCCESS,False,TXN_00050688
ATM_0002200,SYN1000009812,ATM_SYN_4578,LOC_00178,2024-09-04T12:34:03+00:00,2000.0,SUCCESS,False,TXN_00050689
ATM_0002201,SYN1000003389,ATM_SYN_9920,LOC_00150,2024-08-12T02:54:25+00:00,10000.0,SUCCESS,False,TXN_00050690
ATM_0002202,SYN1000002185,ATM_SYN_7624,LOC_00318,2024-09-01T07:21:16+00:00,2000.0,SUCCESS,False,TXN_00050691
ATM_0002203,SYN1000002693,ATM_SYN_4545,LOC_00385,2024-08-26T23:42:40+00:00,1000.0,SUCCESS,False,TXN_00050692
ATM_0002204,SYN1000003176,ATM_SYN_5075,LOC_00291,2024-09-04T19:09:50+00:00,1000.0,SUCCESS,False,TXN_00050693
ATM_0002205,SYN1000005220,ATM_SYN_9587,LOC_00185,2024-09-07T11:17:18+00:00,3000.0,SUCCESS,False,TXN_00050694
ATM_0002206,SYN1000009592,ATM_SYN_2697,LOC_00088,2024-08-02T08:50:11+00:00,2000.0,SUCCESS,False,TXN_00050695
ATM_0002207,SYN1000001976,ATM_SYN_8676,LOC_00235,2024-08-23T22:30:11+00:00,3000.0,SUCCESS,False,TXN_00050696
ATM_0002208,SYN1000003739,ATM_SYN_8487,LOC_00338,2024-08-27T18:13:21+00:00,20000.0,SUCCESS,False,TXN_00050697
ATM_0002209,SYN1000008256,ATM_SYN_2115,LOC_00327,2024-08-18T11:00:24+00:00,20000.0,SUCCESS,False,TXN_00050698
ATM_0002210,SYN1000007870,ATM_SYN_2645,LOC_00371,2024-08-26T01:43:14+00:00,15000.0,SUCCESS,False,TXN_00050699
ATM_0002211,SYN1000008968,ATM_SYN_6489,LOC_00219,2024-08-15T10:41:18+00:00,10000.0,SUCCESS,False,TXN_00050700
ATM_0002212,SYN1000006832,ATM_SYN_1579,LOC_00067,2024-09-10T00:56:58+00:00,10000.0,SUCCESS,False,TXN_00050701
ATM_0002213,SYN1000004620,ATM_SYN_7718,LOC_00206,2024-08-04T13:05:09+00:00,1000.0,SUCCESS,False,TXN_00050702
ATM_0002214,SYN1000009694,ATM_SYN_8193,LOC_00408,2024-08-05T19:24:07+00:00,3000.0,SUCCESS,False,TXN_00050703
ATM_0002215,SYN1000000365,ATM_SYN_9778,LOC_00160,2024-08-28T14:21:47+00:00,1000.0,SUCCESS,False,TXN_00050704
ATM_0002216,SYN1000003852,ATM_SYN_1559,LOC_00437,2024-09-06T14:08:42+00:00,10000.0,SUCCESS,False,TXN_00050705
ATM_0002217,SYN1000007785,ATM_SYN_6211,LOC_00413,2024-08-15T05:01:01+00:00,15000.0,SUCCESS,False,TXN_00050706
ATM_0002218,SYN1000008742,ATM_SYN_8753,LOC_00293,2024-08-05T04:39:32+00:00,2000.0,SUCCESS,False,TXN_00050707
ATM_0002219,SYN1000002568,ATM_SYN_5733,LOC_00309,2024-08-04T09:47:45+00:00,10000.0,SUCCESS,False,TXN_00050708
ATM_0002220,SYN1000000509,ATM_SYN_5146,LOC_00446,2024-08-25T20:18:39+00:00,5000.0,SUCCESS,False,TXN_00050709
ATM_0002221,SYN1000005912,ATM_SYN_9949,LOC_00477,2024-09-04T19:09:01+00:00,10000.0,SUCCESS,False,TXN_00050710
ATM_0002222,SYN1000004929,ATM_SYN_7356,LOC_00463,2024-08-16T21:46:56+00:00,20000.0,SUCCESS,False,TXN_00050711
ATM_0002223,SYN1000001445,ATM_SYN_3187,LOC_00200,2024-09-09T20:38:09+00:00,1000.0,SUCCESS,False,TXN_00050712
ATM_0002224,SYN1000009426,ATM_SYN_6508,LOC_00120,2024-08-20T10:41:42+00:00,2000.0,SUCCESS,False,TXN_00050713
ATM_0002225,SYN1000003775,ATM_SYN_2493,LOC_00490,2024-08-25T10:38:00+00:00,10000.0,SUCCESS,False,TXN_00050714
ATM_0002226,SYN1000003160,ATM_SYN_5384,LOC_00327,2024-08-20T21:00:10+00:00,3000.0,SUCCESS,False,TXN_00050715
ATM_0002227,SYN1000001362,ATM_SYN_4624,LOC_00046,2024-08-13T00:57:44+00:00,20000.0,SUCCESS,False,TXN_00050716
ATM_0002228,SYN1000004894,ATM_SYN_1245,LOC_00067,2024-09-09T13:58:33+00:00,20000.0,SUCCESS,False,TXN_00050717
ATM_0002229,SYN1000005186,ATM_SYN_7321,LOC_00406,2024-08-28T21:23:40+00:00,20000.0,SUCCESS,False,TXN_00050718
ATM_0002230,SYN1000003025,ATM_SYN_7120,LOC_00307,2024-08-06T21:32:04+00:00,5000.0,SUCCESS,False,TXN_00050719
ATM_0002231,SYN1000007520,ATM_SYN_6444,LOC_00440,2024-08-24T00:03:50+00:00,2000.0,SUCCESS,False,TXN_00050720
ATM_0002232,SYN1000009063,ATM_SYN_3392,LOC_00406,2024-08-23T15:44:43+00:00,2000.0,SUCCESS,False,TXN_00050721
ATM_0002233,SYN1000000250,ATM_SYN_2758,LOC_00451,2024-08-21T20:44:23+00:00,1000.0,SUCCESS,False,TXN_00050722
ATM_0002234,SYN1000001488,ATM_SYN_6591,LOC_00439,2024-09-02T13:29:50+00:00,3000.0,SUCCESS,False,TXN_00050723
ATM_0002235,SYN1000008862,ATM_SYN_2236,LOC_00353,2024-08-23T17:07:34+00:00,10000.0,SUCCESS,False,TXN_00050724
ATM_0002236,SYN1000008109,ATM_SYN_8229,LOC_00456,2024-08-02T20:12:41+00:00,10000.0,SUCCESS,False,TXN_00050725
ATM_0002237,SYN1000000883,ATM_SYN_9055,LOC_00242,2024-09-04T12:51:32+00:00,15000.0,SUCCESS,False,TXN_00050726
ATM_0002238,SYN1000004468,ATM_SYN_8504,LOC_00373,2024-08-26T05:14:57+00:00,2000.0,SUCCESS,False,TXN_00050727
ATM_0002239,SYN1000006792,ATM_SYN_6041,LOC_00145,2024-08-19T06:42:49+00:00,1000.0,SUCCESS,False,TXN_00050728
ATM_0002240,SYN1000005859,ATM_SYN_3398,LOC_00458,2024-09-02T13:28:30+00:00,1000.0,SUCCESS,False,TXN_00050729
ATM_0002241,SYN1000005932,ATM_SYN_9466,LOC_00345,2024-09-09T23:08:56+00:00,1000.0,SUCCESS,False,TXN_00050730
ATM_0002242,SYN1000006242,ATM_SYN_6000,LOC_00067,2024-08-10T11:39:36+00:00,10000.0,SUCCESS,False,TXN_00050731
ATM_0002243,SYN1000003445,ATM_SYN_3145,LOC_00073,2024-08-17T10:05:11+00:00,2000.0,SUCCESS,False,TXN_00050732
ATM_0002244,SYN1000004998,ATM_SYN_7689,LOC_00409,2024-08-24T11:06:46+00:00,3000.0,SUCCESS,False,TXN_00050733
ATM_0002245,SYN1000007058,ATM_SYN_6875,LOC_00057,2024-08-02T01:11:30+00:00,10000.0,SUCCESS,False,TXN_00050734
ATM_0002246,SYN1000008223,ATM_SYN_5033,LOC_00285,2024-08-22T18:44:46+00:00,5000.0,SUCCESS,False,TXN_00050735
ATM_0002247,SYN1000009592,ATM_SYN_2391,LOC_00431,2024-08-06T02:24:50+00:00,1000.0,SUCCESS,False,TXN_00050736
ATM_0002248,SYN1000007629,ATM_SYN_7853,LOC_00121,2024-09-10T02:37:07+00:00,15000.0,SUCCESS,False,TXN_00050737
ATM_0002249,SYN1000008399,ATM_SYN_9761,LOC_00395,2024-08-26T21:57:18+00:00,15000.0,SUCCESS,False,TXN_00050738
ATM_0002250,SYN1000007516,ATM_SYN_5420,LOC_00353,2024-08-03T09:04:14+00:00,2000.0,SUCCESS,False,TXN_00050739
ATM_0002251,SYN1000009611,ATM_SYN_5662,LOC_00296,2024-08-27T15:06:23+00:00,10000.0,SUCCESS,False,TXN_00050740
ATM_0002252,SYN1000003616,ATM_SYN_8882,LOC_00414,2024-09-10T10:46:39+00:00,1000.0,SUCCESS,False,TXN_00050741
ATM_0002253,SYN1000007391,ATM_SYN_1642,LOC_00112,2024-08-23T07:32:35+00:00,10000.0,SUCCESS,False,TXN_00050742
ATM_0002254,SYN1000004356,ATM_SYN_8239,LOC_00454,2024-08-22T01:30:48+00:00,2000.0,SUCCESS,False,TXN_00050743
ATM_0002255,SYN1000009068,ATM_SYN_7306,LOC_00401,2024-08-10T22:12:44+00:00,5000.0,SUCCESS,False,TXN_00050744
ATM_0002256,SYN1000006931,ATM_SYN_7085,LOC_00078,2024-08-22T14:39:35+00:00,1000.0,SUCCESS,False,TXN_00050745
ATM_0002257,SYN1000009428,ATM_SYN_2809,LOC_00043,2024-08-23T02:42:59+00:00,2000.0,SUCCESS,False,TXN_00050746
ATM_0002258,SYN1000007580,ATM_SYN_6753,LOC_00464,2024-09-08T23:20:47+00:00,10000.0,SUCCESS,False,TXN_00050747
ATM_0002259,SYN1000008000,ATM_SYN_9876,LOC_00151,2024-09-07T06:39:18+00:00,10000.0,SUCCESS,False,TXN_00050748
ATM_0002260,SYN1000002425,ATM_SYN_2417,LOC_00088,2024-08-03T06:34:36+00:00,5000.0,SUCCESS,False,TXN_00050749
ATM_0002261,SYN1000007690,ATM_SYN_2886,LOC_00153,2024-08-14T17:06:58+00:00,20000.0,SUCCESS,False,TXN_00050750
ATM_0002262,SYN1000002471,ATM_SYN_8873,LOC_00280,2024-08-30T12:30:35+00:00,2000.0,SUCCESS,False,TXN_00050751
ATM_0002263,SYN1000002283,ATM_SYN_1111,LOC_00070,2024-08-05T22:39:04+00:00,15000.0,SUCCESS,False,TXN_00050752
ATM_0002264,SYN1000005497,ATM_SYN_4345,LOC_00152,2024-09-06T06:37:53+00:00,2000.0,SUCCESS,False,TXN_00050753
ATM_0002265,SYN1000002104,ATM_SYN_1621,LOC_00313,2024-08-07T10:47:03+00:00,15000.0,SUCCESS,False,TXN_00050754
ATM_0002266,SYN1000007340,ATM_SYN_5607,LOC_00461,2024-08-10T00:57:51+00:00,2000.0,SUCCESS,False,TXN_00050755
ATM_0002267,SYN1000009489,ATM_SYN_4704,LOC_00319,2024-09-09T15:58:27+00:00,10000.0,SUCCESS,False,TXN_00050756
ATM_0002268,SYN1000008933,ATM_SYN_5166,LOC_00441,2024-08-11T23:10:59+00:00,3000.0,SUCCESS,False,TXN_00050757
ATM_0002269,SYN1000008767,ATM_SYN_7131,LOC_00413,2024-08-21T00:14:10+00:00,10000.0,SUCCESS,False,TXN_00050758
ATM_0002270,SYN1000004896,ATM_SYN_4852,LOC_00495,2024-08-09T14:39:58+00:00,3000.0,SUCCESS,False,TXN_00050759
ATM_0002271,SYN1000005657,ATM_SYN_8019,LOC_00160,2024-09-07T17:59:07+00:00,5000.0,SUCCESS,False,TXN_00050760
ATM_0002272,SYN1000003401,ATM_SYN_9511,LOC_00065,2024-08-04T18:59:29+00:00,3000.0,SUCCESS,False,TXN_00050761
ATM_0002273,SYN1000007316,ATM_SYN_3953,LOC_00079,2024-09-05T00:50:16+00:00,3000.0,SUCCESS,False,TXN_00050762
ATM_0002274,SYN1000007548,ATM_SYN_7184,LOC_00286,2024-09-05T14:21:43+00:00,2000.0,SUCCESS,False,TXN_00050763
ATM_0002275,SYN1000005076,ATM_SYN_6341,LOC_00474,2024-08-31T23:18:15+00:00,20000.0,SUCCESS,False,TXN_00050764
ATM_0002276,SYN1000004077,ATM_SYN_9380,LOC_00152,2024-08-27T06:32:30+00:00,20000.0,SUCCESS,False,TXN_00050765
ATM_0002277,SYN1000006474,ATM_SYN_1677,LOC_00219,2024-09-10T15:24:35+00:00,1000.0,SUCCESS,False,TXN_00050766
ATM_0002278,SYN1000007026,ATM_SYN_5770,LOC_00471,2024-08-13T20:52:57+00:00,3000.0,SUCCESS,False,TXN_00050767
ATM_0002279,SYN1000006430,ATM_SYN_8576,LOC_00310,2024-08-16T04:41:01+00:00,2000.0,SUCCESS,False,TXN_00050768
ATM_0002280,SYN1000007842,ATM_SYN_5198,LOC_00392,2024-09-06T17:11:48+00:00,3000.0,SUCCESS,False,TXN_00050769
ATM_0002281,SYN1000003633,ATM_SYN_5177,LOC_00134,2024-08-02T22:14:57+00:00,10000.0,SUCCESS,False,TXN_00050770
ATM_0002282,SYN1000007097,ATM_SYN_7552,LOC_00062,2024-08-22T06:54:34+00:00,5000.0,SUCCESS,False,TXN_00050771
ATM_0002283,SYN1000007034,ATM_SYN_9796,LOC_00170,2024-08-07T19:43:28+00:00,15000.0,SUCCESS,False,TXN_00050772
ATM_0002284,SYN1000000753,ATM_SYN_1261,LOC_00476,2024-08-08T05:45:00+00:00,20000.0,SUCCESS,False,TXN_00050773
ATM_0002285,SYN1000004088,ATM_SYN_2592,LOC_00088,2024-08-31T09:20:20+00:00,20000.0,SUCCESS,False,TXN_00050774
ATM_0002286,SYN1000007183,ATM_SYN_8257,LOC_00442,2024-08-19T17:55:08+00:00,15000.0,SUCCESS,False,TXN_00050775
ATM_0002287,SYN1000006831,ATM_SYN_1071,LOC_00292,2024-08-21T07:43:45+00:00,10000.0,SUCCESS,False,TXN_00050776
ATM_0002288,SYN1000002571,ATM_SYN_2735,LOC_00141,2024-08-17T14:29:56+00:00,3000.0,SUCCESS,False,TXN_00050777
ATM_0002289,SYN1000006801,ATM_SYN_7644,LOC_00443,2024-08-14T18:51:01+00:00,2000.0,SUCCESS,False,TXN_00050778
ATM_0002290,SYN1000000462,ATM_SYN_5038,LOC_00102,2024-08-05T02:46:00+00:00,5000.0,SUCCESS,False,TXN_00050779
ATM_0002291,SYN1000005748,ATM_SYN_8831,LOC_00441,2024-09-01T08:47:44+00:00,20000.0,SUCCESS,False,TXN_00050780
ATM_0002292,SYN1000001809,ATM_SYN_3179,LOC_00286,2024-08-14T18:38:02+00:00,15000.0,SUCCESS,False,TXN_00050781
ATM_0002293,SYN1000006853,ATM_SYN_5669,LOC_00494,2024-09-05T04:47:19+00:00,15000.0,SUCCESS,False,TXN_00050782
ATM_0002294,SYN1000002329,ATM_SYN_4135,LOC_00478,2024-08-09T01:23:50+00:00,5000.0,SUCCESS,False,TXN_00050783
ATM_0002295,SYN1000001505,ATM_SYN_1767,LOC_00357,2024-08-08T09:53:53+00:00,2000.0,SUCCESS,False,TXN_00050784
ATM_0002296,SYN1000001049,ATM_SYN_6577,LOC_00213,2024-08-08T11:23:37+00:00,15000.0,SUCCESS,False,TXN_00050785
ATM_0002297,SYN1000005909,ATM_SYN_7522,LOC_00043,2024-09-09T13:41:06+00:00,10000.0,SUCCESS,False,TXN_00050786
ATM_0002298,SYN1000008181,ATM_SYN_8539,LOC_00426,2024-08-20T05:34:50+00:00,5000.0,SUCCESS,False,TXN_00050787
ATM_0002299,SYN1000005441,ATM_SYN_9977,LOC_00373,2024-08-04T14:11:35+00:00,10000.0,SUCCESS,False,TXN_00050788
ATM_0002300,SYN1000000283,ATM_SYN_9177,LOC_00035,2024-08-28T08:01:00+00:00,20000.0,SUCCESS,False,TXN_00050789
ATM_0002301,SYN1000000153,ATM_SYN_6161,LOC_00194,2024-09-04T12:41:50+00:00,20000.0,SUCCESS,False,TXN_00050790
ATM_0002302,SYN1000002404,ATM_SYN_4912,LOC_00368,2024-09-07T23:32:55+00:00,5000.0,SUCCESS,False,TXN_00050791
ATM_0002303,SYN1000003507,ATM_SYN_8450,LOC_00442,2024-08-27T02:02:40+00:00,15000.0,SUCCESS,False,TXN_00050792
ATM_0002304,SYN1000000082,ATM_SYN_9477,LOC_00025,2024-08-05T15:53:57+00:00,10000.0,SUCCESS,False,TXN_00050793
ATM_0002305,SYN1000000816,ATM_SYN_9854,LOC_00065,2024-09-09T02:49:03+00:00,10000.0,SUCCESS,False,TXN_00050794
ATM_0002306,SYN1000009485,ATM_SYN_4079,LOC_00284,2024-08-15T15:04:41+00:00,20000.0,SUCCESS,False,TXN_00050795
ATM_0002307,SYN1000003907,ATM_SYN_2571,LOC_00251,2024-09-07T05:33:00+00:00,15000.0,SUCCESS,False,TXN_00050796
ATM_0002308,SYN1000007941,ATM_SYN_2269,LOC_00088,2024-08-10T13:07:06+00:00,2000.0,SUCCESS,False,TXN_00050797
ATM_0002309,SYN1000000991,ATM_SYN_5229,LOC_00144,2024-09-07T11:09:25+00:00,20000.0,SUCCESS,False,TXN_00050798
ATM_0002310,SYN1000006160,ATM_SYN_6027,LOC_00091,2024-08-18T22:40:19+00:00,1000.0,SUCCESS,False,TXN_00050799
ATM_0002311,SYN1000000726,ATM_SYN_8739,LOC_00321,2024-09-07T15:53:29+00:00,5000.0,SUCCESS,False,TXN_00050800
ATM_0002312,SYN1000001033,ATM_SYN_6813,LOC_00440,2024-08-15T08:06:07+00:00,5000.0,SUCCESS,False,TXN_00050801
ATM_0002313,SYN1000004881,ATM_SYN_2345,LOC_00343,2024-08-16T21:24:03+00:00,15000.0,SUCCESS,False,TXN_00050802
ATM_0002314,SYN1000006199,ATM_SYN_3889,LOC_00436,2024-09-07T23:44:40+00:00,5000.0,SUCCESS,False,TXN_00050803
ATM_0002315,SYN1000003438,ATM_SYN_5327,LOC_00091,2024-08-23T11:55:53+00:00,20000.0,SUCCESS,False,TXN_00050804
ATM_0002316,SYN1000007975,ATM_SYN_3747,LOC_00018,2024-09-07T20:50:37+00:00,20000.0,SUCCESS,False,TXN_00050805
ATM_0002317,SYN1000007062,ATM_SYN_2306,LOC_00204,2024-08-22T10:02:35+00:00,1000.0,SUCCESS,False,TXN_00050806
ATM_0002318,SYN1000008195,ATM_SYN_9445,LOC_00101,2024-08-07T09:18:42+00:00,2000.0,SUCCESS,False,TXN_00050807
ATM_0002319,SYN1000002442,ATM_SYN_8686,LOC_00092,2024-09-01T12:17:54+00:00,10000.0,SUCCESS,False,TXN_00050808
ATM_0002320,SYN1000001795,ATM_SYN_4839,LOC_00179,2024-08-31T02:42:24+00:00,10000.0,SUCCESS,False,TXN_00050809
ATM_0002321,SYN1000001186,ATM_SYN_4805,LOC_00383,2024-08-04T20:55:00+00:00,15000.0,SUCCESS,False,TXN_00050810
ATM_0002322,SYN1000006174,ATM_SYN_5239,LOC_00125,2024-09-02T08:36:10+00:00,15000.0,SUCCESS,False,TXN_00050811
ATM_0002323,SYN1000002267,ATM_SYN_8123,LOC_00322,2024-08-28T13:52:35+00:00,2000.0,SUCCESS,False,TXN_00050812
ATM_0002324,SYN1000002889,ATM_SYN_7980,LOC_00133,2024-08-10T15:08:16+00:00,3000.0,SUCCESS,False,TXN_00050813
ATM_0002325,SYN1000002913,ATM_SYN_9174,LOC_00105,2024-08-18T00:46:20+00:00,1000.0,SUCCESS,False,TXN_00050814
ATM_0002326,SYN1000006679,ATM_SYN_6211,LOC_00387,2024-08-30T14:31:19+00:00,5000.0,SUCCESS,False,TXN_00050815
ATM_0002327,SYN1000002424,ATM_SYN_2295,LOC_00353,2024-08-13T00:05:01+00:00,2000.0,SUCCESS,False,TXN_00050816
ATM_0002328,SYN1000000516,ATM_SYN_1444,LOC_00091,2024-08-27T00:09:45+00:00,15000.0,SUCCESS,False,TXN_00050817
ATM_0002329,SYN1000007452,ATM_SYN_9687,LOC_00320,2024-08-18T05:49:36+00:00,3000.0,SUCCESS,False,TXN_00050818
ATM_0002330,SYN1000008419,ATM_SYN_1407,LOC_00190,2024-08-27T16:27:32+00:00,3000.0,SUCCESS,False,TXN_00050819
ATM_0002331,SYN1000009550,ATM_SYN_7030,LOC_00101,2024-08-12T06:08:55+00:00,3000.0,SUCCESS,False,TXN_00050820
ATM_0002332,SYN1000005159,ATM_SYN_7925,LOC_00092,2024-08-31T13:13:32+00:00,20000.0,SUCCESS,False,TXN_00050821
ATM_0002333,SYN1000007599,ATM_SYN_8110,LOC_00084,2024-08-04T22:20:01+00:00,20000.0,SUCCESS,False,TXN_00050822
ATM_0002334,SYN1000009546,ATM_SYN_2910,LOC_00450,2024-08-08T01:06:17+00:00,20000.0,SUCCESS,False,TXN_00050823
ATM_0002335,SYN1000004594,ATM_SYN_8908,LOC_00074,2024-08-27T15:39:48+00:00,20000.0,SUCCESS,False,TXN_00050824
ATM_0002336,SYN1000007053,ATM_SYN_2380,LOC_00259,2024-08-09T19:57:32+00:00,2000.0,SUCCESS,False,TXN_00050825
ATM_0002337,SYN1000003025,ATM_SYN_8521,LOC_00045,2024-09-09T13:04:15+00:00,2000.0,SUCCESS,False,TXN_00050826
ATM_0002338,SYN1000004201,ATM_SYN_5215,LOC_00082,2024-09-04T17:32:08+00:00,2000.0,SUCCESS,False,TXN_00050827
ATM_0002339,SYN1000002781,ATM_SYN_2723,LOC_00493,2024-08-09T12:29:33+00:00,5000.0,SUCCESS,False,TXN_00050828
ATM_0002340,SYN1000004249,ATM_SYN_1270,LOC_00280,2024-08-15T08:24:27+00:00,20000.0,SUCCESS,False,TXN_00050829
ATM_0002341,SYN1000004250,ATM_SYN_2988,LOC_00018,2024-08-11T13:14:10+00:00,2000.0,SUCCESS,False,TXN_00050830
ATM_0002342,SYN1000003376,ATM_SYN_1488,LOC_00190,2024-08-10T06:07:46+00:00,5000.0,SUCCESS,False,TXN_00050831
ATM_0002343,SYN1000000669,ATM_SYN_4107,LOC_00438,2024-08-26T19:54:38+00:00,10000.0,SUCCESS,False,TXN_00050832
ATM_0002344,SYN1000004408,ATM_SYN_5564,LOC_00144,2024-08-28T18:29:04+00:00,1000.0,SUCCESS,False,TXN_00050833
ATM_0002345,SYN1000001626,ATM_SYN_6531,LOC_00133,2024-08-10T06:57:19+00:00,15000.0,SUCCESS,False,TXN_00050834
ATM_0002346,SYN1000008086,ATM_SYN_3111,LOC_00037,2024-08-20T00:57:32+00:00,1000.0,SUCCESS,False,TXN_00050835
ATM_0002347,SYN1000008302,ATM_SYN_5345,LOC_00334,2024-08-23T01:20:05+00:00,1000.0,SUCCESS,False,TXN_00050836
ATM_0002348,SYN1000006385,ATM_SYN_6786,LOC_00105,2024-08-05T07:10:03+00:00,2000.0,SUCCESS,False,TXN_00050837
ATM_0002349,SYN1000005484,ATM_SYN_3313,LOC_00329,2024-08-03T01:09:52+00:00,1000.0,SUCCESS,False,TXN_00050838
ATM_0002350,SYN1000009312,ATM_SYN_3316,LOC_00403,2024-08-21T11:16:26+00:00,15000.0,SUCCESS,False,TXN_00050839
ATM_0002351,SYN1000000055,ATM_SYN_7576,LOC_00155,2024-08-02T09:36:39+00:00,2000.0,SUCCESS,False,TXN_00050840
ATM_0002352,SYN1000002225,ATM_SYN_6432,LOC_00394,2024-08-31T06:46:03+00:00,20000.0,SUCCESS,False,TXN_00050841
ATM_0002353,SYN1000000259,ATM_SYN_2449,LOC_00127,2024-08-31T18:05:20+00:00,20000.0,SUCCESS,False,TXN_00050842
ATM_0002354,SYN1000009125,ATM_SYN_4659,LOC_00494,2024-09-02T17:54:46+00:00,10000.0,SUCCESS,False,TXN_00050843
ATM_0002355,SYN1000004629,ATM_SYN_4729,LOC_00354,2024-08-06T21:53:35+00:00,5000.0,SUCCESS,False,TXN_00050844
ATM_0002356,SYN1000004795,ATM_SYN_6430,LOC_00217,2024-08-27T22:08:50+00:00,10000.0,SUCCESS,False,TXN_00050845
ATM_0002357,SYN1000008135,ATM_SYN_1318,LOC_00077,2024-08-23T10:42:44+00:00,2000.0,SUCCESS,False,TXN_00050846
ATM_0002358,SYN1000008402,ATM_SYN_4446,LOC_00101,2024-08-03T04:47:41+00:00,3000.0,SUCCESS,False,TXN_00050847
ATM_0002359,SYN1000002039,ATM_SYN_6990,LOC_00417,2024-09-01T05:17:55+00:00,10000.0,SUCCESS,False,TXN_00050848
ATM_0002360,SYN1000000249,ATM_SYN_5745,LOC_00016,2024-08-31T15:53:45+00:00,20000.0,SUCCESS,False,TXN_00050849
ATM_0002361,SYN1000007225,ATM_SYN_3634,LOC_00016,2024-08-26T12:41:53+00:00,3000.0,SUCCESS,False,TXN_00050850
ATM_0002362,SYN1000009219,ATM_SYN_7636,LOC_00025,2024-08-10T15:16:03+00:00,3000.0,SUCCESS,False,TXN_00050851
ATM_0002363,SYN1000001342,ATM_SYN_8356,LOC_00150,2024-08-13T08:44:11+00:00,1000.0,SUCCESS,False,TXN_00050852
ATM_0002364,SYN1000004042,ATM_SYN_4072,LOC_00386,2024-09-03T17:16:32+00:00,5000.0,SUCCESS,False,TXN_00050853
ATM_0002365,SYN1000004050,ATM_SYN_9559,LOC_00436,2024-08-04T18:39:40+00:00,3000.0,SUCCESS,False,TXN_00050854
ATM_0002366,SYN1000009094,ATM_SYN_7508,LOC_00262,2024-09-06T23:15:49+00:00,15000.0,SUCCESS,False,TXN_00050855
ATM_0002367,SYN1000009731,ATM_SYN_6820,LOC_00073,2024-08-04T16:15:37+00:00,1000.0,SUCCESS,False,TXN_00050856
ATM_0002368,SYN1000003842,ATM_SYN_5207,LOC_00316,2024-08-15T13:39:36+00:00,15000.0,SUCCESS,False,TXN_00050857
ATM_0002369,SYN1000006633,ATM_SYN_7877,LOC_00010,2024-09-02T14:35:52+00:00,1000.0,SUCCESS,False,TXN_00050858
ATM_0002370,SYN1000002473,ATM_SYN_7943,LOC_00245,2024-08-12T06:02:39+00:00,1000.0,SUCCESS,False,TXN_00050859
ATM_0002371,SYN1000005013,ATM_SYN_6080,LOC_00482,2024-08-14T02:04:26+00:00,5000.0,SUCCESS,False,TXN_00050860
ATM_0002372,SYN1000003707,ATM_SYN_7015,LOC_00344,2024-08-30T22:54:20+00:00,5000.0,SUCCESS,False,TXN_00050861
ATM_0002373,SYN1000002419,ATM_SYN_8257,LOC_00440,2024-09-02T15:53:01+00:00,20000.0,SUCCESS,False,TXN_00050862
ATM_0002374,SYN1000003969,ATM_SYN_9646,LOC_00087,2024-09-08T09:11:17+00:00,1000.0,SUCCESS,False,TXN_00050863
ATM_0002375,SYN1000006206,ATM_SYN_8663,LOC_00138,2024-09-07T08:41:43+00:00,2000.0,SUCCESS,False,TXN_00050864
ATM_0002376,SYN1000004606,ATM_SYN_4069,LOC_00053,2024-08-11T16:36:36+00:00,5000.0,SUCCESS,False,TXN_00050865
ATM_0002377,SYN1000000641,ATM_SYN_9757,LOC_00271,2024-08-15T05:58:06+00:00,15000.0,SUCCESS,False,TXN_00050866
ATM_0002378,SYN1000002876,ATM_SYN_4678,LOC_00270,2024-08-18T17:09:19+00:00,3000.0,SUCCESS,False,TXN_00050867
ATM_0002379,SYN1000005859,ATM_SYN_4166,LOC_00433,2024-08-19T19:02:23+00:00,3000.0,SUCCESS,False,TXN_00050868
ATM_0002380,SYN1000008113,ATM_SYN_6841,LOC_00047,2024-08-26T20:50:29+00:00,15000.0,SUCCESS,False,TXN_00050869
ATM_0002381,SYN1000004354,ATM_SYN_6490,LOC_00363,2024-08-18T02:57:05+00:00,1000.0,SUCCESS,False,TXN_00050870
ATM_0002382,SYN1000003268,ATM_SYN_2485,LOC_00008,2024-08-16T12:58:04+00:00,5000.0,SUCCESS,False,TXN_00050871
ATM_0002383,SYN1000005094,ATM_SYN_2551,LOC_00436,2024-09-07T08:36:49+00:00,3000.0,SUCCESS,False,TXN_00050872
ATM_0002384,SYN1000009167,ATM_SYN_7069,LOC_00347,2024-09-02T11:27:15+00:00,1000.0,SUCCESS,False,TXN_00050873
ATM_0002385,SYN1000006907,ATM_SYN_1942,LOC_00076,2024-08-13T20:05:07+00:00,15000.0,SUCCESS,False,TXN_00050874
ATM_0002386,SYN1000001406,ATM_SYN_1100,LOC_00064,2024-08-02T17:39:43+00:00,10000.0,SUCCESS,False,TXN_00050875
ATM_0002387,SYN1000003910,ATM_SYN_8584,LOC_00051,2024-08-02T19:39:09+00:00,3000.0,SUCCESS,False,TXN_00050876
ATM_0002388,SYN1000008772,ATM_SYN_7267,LOC_00150,2024-08-23T17:15:31+00:00,15000.0,SUCCESS,False,TXN_00050877
ATM_0002389,SYN1000009635,ATM_SYN_1998,LOC_00475,2024-08-07T05:06:54+00:00,20000.0,SUCCESS,False,TXN_00050878
ATM_0002390,SYN1000003747,ATM_SYN_1540,LOC_00247,2024-08-13T23:49:56+00:00,20000.0,SUCCESS,False,TXN_00050879
ATM_0002391,SYN1000002916,ATM_SYN_3958,LOC_00153,2024-09-03T23:45:02+00:00,20000.0,SUCCESS,False,TXN_00050880
ATM_0002392,SYN1000008861,ATM_SYN_3257,LOC_00419,2024-08-16T12:55:04+00:00,2000.0,SUCCESS,False,TXN_00050881
ATM_0002393,SYN1000001802,ATM_SYN_9846,LOC_00382,2024-08-18T00:25:37+00:00,3000.0,SUCCESS,False,TXN_00050882
ATM_0002394,SYN1000000096,ATM_SYN_3907,LOC_00483,2024-09-06T06:03:31+00:00,2000.0,SUCCESS,False,TXN_00050883
ATM_0002395,SYN1000007484,ATM_SYN_9625,LOC_00305,2024-09-04T00:41:46+00:00,20000.0,SUCCESS,False,TXN_00050884
ATM_0002396,SYN1000005621,ATM_SYN_8148,LOC_00493,2024-09-03T22:58:04+00:00,5000.0,SUCCESS,False,TXN_00050885
ATM_0002397,SYN1000004279,ATM_SYN_6737,LOC_00048,2024-09-08T12:03:20+00:00,2000.0,SUCCESS,False,TXN_00050886
ATM_0002398,SYN1000000541,ATM_SYN_2690,LOC_00038,2024-08-26T04:11:23+00:00,10000.0,SUCCESS,False,TXN_00050887
ATM_0002399,SYN1000008057,ATM_SYN_3342,LOC_00423,2024-08-09T03:47:06+00:00,3000.0,SUCCESS,False,TXN_00050888
ATM_0002400,SYN1000008332,ATM_SYN_7581,LOC_00346,2024-08-21T05:46:29+00:00,5000.0,SUCCESS,False,TXN_00050889
ATM_0002401,SYN1000001910,ATM_SYN_2337,LOC_00182,2024-08-18T16:51:04+00:00,10000.0,SUCCESS,False,TXN_00050890
ATM_0002402,SYN1000001084,ATM_SYN_6189,LOC_00113,2024-08-10T01:06:08+00:00,20000.0,SUCCESS,False,TXN_00050891
ATM_0002403,SYN1000001332,ATM_SYN_6580,LOC_00462,2024-08-16T05:27:04+00:00,3000.0,SUCCESS,False,TXN_00050892
ATM_0002404,SYN1000003890,ATM_SYN_8762,LOC_00097,2024-08-27T15:35:47+00:00,2000.0,SUCCESS,False,TXN_00050893
ATM_0002405,SYN1000005028,ATM_SYN_1875,LOC_00430,2024-08-09T05:10:24+00:00,10000.0,SUCCESS,False,TXN_00050894
ATM_0002406,SYN1000003772,ATM_SYN_2786,LOC_00425,2024-08-24T01:40:05+00:00,1000.0,SUCCESS,False,TXN_00050895
ATM_0002407,SYN1000002282,ATM_SYN_6607,LOC_00317,2024-08-13T14:22:32+00:00,10000.0,SUCCESS,False,TXN_00050896
ATM_0002408,SYN1000002373,ATM_SYN_6820,LOC_00218,2024-08-17T11:28:55+00:00,2000.0,SUCCESS,False,TXN_00050897
ATM_0002409,SYN1000008540,ATM_SYN_6526,LOC_00234,2024-09-04T21:58:36+00:00,2000.0,SUCCESS,False,TXN_00050898
ATM_0002410,SYN1000001898,ATM_SYN_9495,LOC_00032,2024-08-14T01:33:56+00:00,2000.0,SUCCESS,False,TXN_00050899
ATM_0002411,SYN1000008531,ATM_SYN_7777,LOC_00375,2024-08-28T15:45:50+00:00,5000.0,SUCCESS,False,TXN_00050900
ATM_0002412,SYN1000004866,ATM_SYN_1053,LOC_00110,2024-08-13T02:55:15+00:00,1000.0,SUCCESS,False,TXN_00050901
ATM_0002413,SYN1000005695,ATM_SYN_9259,LOC_00238,2024-08-16T14:08:55+00:00,20000.0,SUCCESS,False,TXN_00050902
ATM_0002414,SYN1000004737,ATM_SYN_1414,LOC_00075,2024-08-29T15:30:22+00:00,15000.0,SUCCESS,False,TXN_00050903
ATM_0002415,SYN1000005083,ATM_SYN_2970,LOC_00137,2024-08-14T17:45:18+00:00,5000.0,SUCCESS,False,TXN_00050904
ATM_0002416,SYN1000008319,ATM_SYN_4371,LOC_00065,2024-08-10T14:04:05+00:00,2000.0,SUCCESS,False,TXN_00050905
ATM_0002417,SYN1000005967,ATM_SYN_1111,LOC_00481,2024-08-25T19:18:02+00:00,2000.0,SUCCESS,False,TXN_00050906
ATM_0002418,SYN1000001857,ATM_SYN_5603,LOC_00141,2024-08-23T02:16:53+00:00,2000.0,SUCCESS,False,TXN_00050907
ATM_0002419,SYN1000006674,ATM_SYN_8821,LOC_00428,2024-08-26T02:16:01+00:00,10000.0,SUCCESS,False,TXN_00050908
ATM_0002420,SYN1000007974,ATM_SYN_1049,LOC_00065,2024-08-07T14:10:55+00:00,15000.0,SUCCESS,False,TXN_00050909
ATM_0002421,SYN1000008877,ATM_SYN_5960,LOC_00214,2024-08-13T04:12:28+00:00,15000.0,SUCCESS,False,TXN_00050910
ATM_0002422,SYN1000006099,ATM_SYN_7362,LOC_00185,2024-08-20T09:49:37+00:00,20000.0,SUCCESS,False,TXN_00050911
ATM_0002423,SYN1000002450,ATM_SYN_8655,LOC_00319,2024-08-13T20:46:15+00:00,15000.0,SUCCESS,False,TXN_00050912
ATM_0002424,SYN1000004132,ATM_SYN_6512,LOC_00136,2024-08-10T11:14:55+00:00,3000.0,SUCCESS,False,TXN_00050913
ATM_0002425,SYN1000004615,ATM_SYN_4702,LOC_00141,2024-08-07T22:59:00+00:00,10000.0,SUCCESS,False,TXN_00050914
ATM_0002426,SYN1000002721,ATM_SYN_8411,LOC_00065,2024-08-26T22:41:46+00:00,5000.0,SUCCESS,False,TXN_00050915
ATM_0002427,SYN1000008177,ATM_SYN_1532,LOC_00432,2024-08-02T21:57:59+00:00,3000.0,SUCCESS,False,TXN_00050916
ATM_0002428,SYN1000002126,ATM_SYN_4433,LOC_00411,2024-09-06T13:45:46+00:00,1000.0,SUCCESS,False,TXN_00050917
ATM_0002429,SYN1000005448,ATM_SYN_5037,LOC_00383,2024-09-07T07:13:26+00:00,15000.0,SUCCESS,False,TXN_00050918
ATM_0002430,SYN1000009482,ATM_SYN_5360,LOC_00288,2024-08-06T11:45:28+00:00,2000.0,SUCCESS,False,TXN_00050919
ATM_0002431,SYN1000002672,ATM_SYN_4459,LOC_00258,2024-09-05T09:02:31+00:00,3000.0,SUCCESS,False,TXN_00050920
ATM_0002432,SYN1000002375,ATM_SYN_5247,LOC_00387,2024-08-30T20:58:04+00:00,5000.0,SUCCESS,False,TXN_00050921
ATM_0002433,SYN1000000122,ATM_SYN_3901,LOC_00015,2024-08-02T18:03:02+00:00,1000.0,SUCCESS,False,TXN_00050922
ATM_0002434,SYN1000005068,ATM_SYN_4358,LOC_00465,2024-08-04T02:11:24+00:00,15000.0,SUCCESS,False,TXN_00050923
ATM_0002435,SYN1000009340,ATM_SYN_8392,LOC_00059,2024-08-23T00:59:05+00:00,15000.0,SUCCESS,False,TXN_00050924
ATM_0002436,SYN1000005536,ATM_SYN_2471,LOC_00253,2024-08-11T15:31:39+00:00,5000.0,SUCCESS,False,TXN_00050925
ATM_0002437,SYN1000000217,ATM_SYN_8402,LOC_00489,2024-08-14T05:34:59+00:00,20000.0,SUCCESS,False,TXN_00050926
ATM_0002438,SYN1000008911,ATM_SYN_7914,LOC_00415,2024-08-13T16:25:03+00:00,5000.0,SUCCESS,False,TXN_00050927
ATM_0002439,SYN1000007760,ATM_SYN_7547,LOC_00318,2024-08-24T12:12:55+00:00,15000.0,SUCCESS,False,TXN_00050928
ATM_0002440,SYN1000005412,ATM_SYN_5877,LOC_00317,2024-09-04T00:16:19+00:00,15000.0,SUCCESS,False,TXN_00050929
ATM_0002441,SYN1000002571,ATM_SYN_7257,LOC_00183,2024-08-27T20:55:47+00:00,1000.0,SUCCESS,False,TXN_00050930
ATM_0002442,SYN1000000082,ATM_SYN_2333,LOC_00009,2024-08-04T03:38:59+00:00,1000.0,SUCCESS,False,TXN_00050931
ATM_0002443,SYN1000007223,ATM_SYN_3065,LOC_00350,2024-08-15T19:19:11+00:00,20000.0,SUCCESS,False,TXN_00050932
ATM_0002444,SYN1000002544,ATM_SYN_8603,LOC_00099,2024-08-10T18:00:35+00:00,20000.0,SUCCESS,False,TXN_00050933
ATM_0002445,SYN1000004896,ATM_SYN_8082,LOC_00368,2024-08-27T21:20:40+00:00,1000.0,SUCCESS,False,TXN_00050934
ATM_0002446,SYN1000007153,ATM_SYN_4333,LOC_00225,2024-09-02T00:02:49+00:00,15000.0,SUCCESS,False,TXN_00050935
ATM_0002447,SYN1000004910,ATM_SYN_2976,LOC_00081,2024-08-02T12:43:19+00:00,1000.0,SUCCESS,False,TXN_00050936
ATM_0002448,SYN1000004649,ATM_SYN_8071,LOC_00300,2024-08-07T02:15:27+00:00,20000.0,SUCCESS,False,TXN_00050937
ATM_0002449,SYN1000001725,ATM_SYN_9598,LOC_00171,2024-09-07T18:31:33+00:00,10000.0,SUCCESS,False,TXN_00050938
ATM_0002450,SYN1000005143,ATM_SYN_5970,LOC_00150,2024-08-12T10:04:26+00:00,5000.0,SUCCESS,False,TXN_00050939
ATM_0002451,SYN1000002954,ATM_SYN_1798,LOC_00196,2024-08-14T02:57:17+00:00,15000.0,SUCCESS,False,TXN_00050940
ATM_0002452,SYN1000005675,ATM_SYN_1779,LOC_00026,2024-08-17T23:15:11+00:00,15000.0,SUCCESS,False,TXN_00050941
ATM_0002453,SYN1000003566,ATM_SYN_9265,LOC_00442,2024-08-17T20:10:31+00:00,5000.0,SUCCESS,False,TXN_00050942
ATM_0002454,SYN1000008990,ATM_SYN_7352,LOC_00225,2024-08-10T04:01:48+00:00,5000.0,SUCCESS,False,TXN_00050943
ATM_0002455,SYN1000002624,ATM_SYN_1778,LOC_00383,2024-09-03T22:26:38+00:00,1000.0,SUCCESS,False,TXN_00050944
ATM_0002456,SYN1000001434,ATM_SYN_4185,LOC_00010,2024-08-15T19:13:40+00:00,15000.0,SUCCESS,False,TXN_00050945
ATM_0002457,SYN1000003931,ATM_SYN_9766,LOC_00281,2024-08-24T13:36:17+00:00,2000.0,SUCCESS,False,TXN_00050946
ATM_0002458,SYN1000002570,ATM_SYN_8498,LOC_00316,2024-09-09T03:38:24+00:00,3000.0,SUCCESS,False,TXN_00050947
ATM_0002459,SYN1000004671,ATM_SYN_3395,LOC_00305,2024-09-02T03:37:23+00:00,10000.0,SUCCESS,False,TXN_00050948
ATM_0002460,SYN1000007500,ATM_SYN_7860,LOC_00276,2024-09-01T03:57:34+00:00,2000.0,SUCCESS,False,TXN_00050949
ATM_0002461,SYN1000002578,ATM_SYN_6633,LOC_00343,2024-08-27T23:23:58+00:00,20000.0,SUCCESS,False,TXN_00050950
ATM_0002462,SYN1000008859,ATM_SYN_9381,LOC_00150,2024-09-02T18:03:20+00:00,2000.0,SUCCESS,False,TXN_00050951
ATM_0002463,SYN1000005698,ATM_SYN_5874,LOC_00375,2024-08-11T04:46:31+00:00,15000.0,SUCCESS,False,TXN_00050952
ATM_0002464,SYN1000007428,ATM_SYN_7165,LOC_00296,2024-08-14T18:12:46+00:00,10000.0,SUCCESS,False,TXN_00050953
ATM_0002465,SYN1000005712,ATM_SYN_4867,LOC_00021,2024-08-16T09:46:24+00:00,10000.0,SUCCESS,False,TXN_00050954
ATM_0002466,SYN1000001472,ATM_SYN_7093,LOC_00363,2024-08-06T01:49:14+00:00,5000.0,SUCCESS,False,TXN_00050955
ATM_0002467,SYN1000006908,ATM_SYN_3568,LOC_00037,2024-09-07T16:26:56+00:00,20000.0,SUCCESS,False,TXN_00050956
ATM_0002468,SYN1000003791,ATM_SYN_8004,LOC_00245,2024-09-08T10:41:46+00:00,20000.0,SUCCESS,False,TXN_00050957
ATM_0002469,SYN1000002958,ATM_SYN_1935,LOC_00224,2024-08-08T19:54:32+00:00,10000.0,SUCCESS,False,TXN_00050958
ATM_0002470,SYN1000009057,ATM_SYN_6687,LOC_00449,2024-08-08T10:56:47+00:00,1000.0,SUCCESS,False,TXN_00050959
ATM_0002471,SYN1000009745,ATM_SYN_1315,LOC_00101,2024-08-28T18:26:50+00:00,2000.0,SUCCESS,False,TXN_00050960
ATM_0002472,SYN1000008767,ATM_SYN_5265,LOC_00419,2024-08-28T11:43:43+00:00,20000.0,SUCCESS,False,TXN_00050961
ATM_0002473,SYN1000005227,ATM_SYN_6411,LOC_00447,2024-08-30T17:52:31+00:00,2000.0,SUCCESS,False,TXN_00050962
ATM_0002474,SYN1000002040,ATM_SYN_5394,LOC_00316,2024-09-03T05:00:57+00:00,2000.0,SUCCESS,False,TXN_00050963
ATM_0002475,SYN1000007254,ATM_SYN_2337,LOC_00366,2024-08-13T23:54:26+00:00,20000.0,SUCCESS,False,TXN_00050964
ATM_0002476,SYN1000004113,ATM_SYN_3898,LOC_00439,2024-08-12T00:28:37+00:00,5000.0,SUCCESS,False,TXN_00050965
ATM_0002477,SYN1000005687,ATM_SYN_4085,LOC_00266,2024-08-28T00:48:45+00:00,10000.0,SUCCESS,False,TXN_00050966
ATM_0002478,SYN1000005757,ATM_SYN_6627,LOC_00246,2024-08-10T15:12:05+00:00,3000.0,SUCCESS,False,TXN_00050967
ATM_0002479,SYN1000000196,ATM_SYN_5898,LOC_00379,2024-08-02T00:01:17+00:00,1000.0,SUCCESS,False,TXN_00050968
ATM_0002480,SYN1000001391,ATM_SYN_6637,LOC_00157,2024-08-21T19:34:48+00:00,3000.0,SUCCESS,False,TXN_00050969
ATM_0002481,SYN1000007834,ATM_SYN_1174,LOC_00172,2024-09-05T07:56:34+00:00,1000.0,SUCCESS,False,TXN_00050970
ATM_0002482,SYN1000007372,ATM_SYN_2907,LOC_00039,2024-08-15T20:49:11+00:00,1000.0,SUCCESS,False,TXN_00050971
ATM_0002483,SYN1000000715,ATM_SYN_2312,LOC_00136,2024-08-21T19:30:49+00:00,1000.0,SUCCESS,False,TXN_00050972
ATM_0002484,SYN1000001781,ATM_SYN_1450,LOC_00494,2024-08-09T21:16:23+00:00,2000.0,SUCCESS,False,TXN_00050973
ATM_0002485,SYN1000006452,ATM_SYN_1043,LOC_00068,2024-09-02T23:29:13+00:00,5000.0,SUCCESS,False,TXN_00050974
ATM_0002486,SYN1000007186,ATM_SYN_5008,LOC_00356,2024-08-02T07:25:58+00:00,20000.0,SUCCESS,False,TXN_00050975
ATM_0002487,SYN1000001597,ATM_SYN_3550,LOC_00042,2024-08-25T07:27:12+00:00,5000.0,SUCCESS,False,TXN_00050976
ATM_0002488,SYN1000000463,ATM_SYN_8338,LOC_00388,2024-08-13T05:33:43+00:00,2000.0,SUCCESS,False,TXN_00050977
ATM_0002489,SYN1000000772,ATM_SYN_6967,LOC_00295,2024-08-19T04:55:52+00:00,1000.0,SUCCESS,False,TXN_00050978
ATM_0002490,SYN1000003646,ATM_SYN_5976,LOC_00113,2024-08-23T00:51:29+00:00,5000.0,SUCCESS,False,TXN_00050979
ATM_0002491,SYN1000008668,ATM_SYN_2804,LOC_00227,2024-08-28T08:31:25+00:00,10000.0,SUCCESS,False,TXN_00050980
ATM_0002492,SYN1000009518,ATM_SYN_5436,LOC_00097,2024-08-22T11:59:24+00:00,3000.0,SUCCESS,False,TXN_00050981
ATM_0002493,SYN1000006976,ATM_SYN_9837,LOC_00414,2024-08-20T17:42:46+00:00,3000.0,SUCCESS,False,TXN_00050982
ATM_0002494,SYN1000004999,ATM_SYN_7977,LOC_00255,2024-08-11T18:04:37+00:00,5000.0,SUCCESS,False,TXN_00050983
ATM_0002495,SYN1000003213,ATM_SYN_8906,LOC_00109,2024-09-04T06:12:20+00:00,5000.0,SUCCESS,False,TXN_00050984
ATM_0002496,SYN1000002467,ATM_SYN_9221,LOC_00176,2024-08-28T21:04:22+00:00,1000.0,SUCCESS,False,TXN_00050985
ATM_0002497,SYN1000008941,ATM_SYN_1704,LOC_00211,2024-08-14T03:09:56+00:00,10000.0,SUCCESS,False,TXN_00050986
ATM_0002498,SYN1000005448,ATM_SYN_4365,LOC_00489,2024-08-13T11:50:59+00:00,3000.0,SUCCESS,False,TXN_00050987
ATM_0002499,SYN1000009805,ATM_SYN_9406,LOC_00201,2024-08-17T20:15:10+00:00,3000.0,SUCCESS,False,TXN_00050988
ATM_0002500,SYN1000001840,ATM_SYN_4766,LOC_00358,2024-09-06T00:55:04+00:00,1000.0,SUCCESS,False,TXN_00050989
ATM_0002501,SYN1000006744,ATM_SYN_2297,LOC_00249,2024-08-28T03:09:29+00:00,1000.0,SUCCESS,False,TXN_00050990
ATM_0002502,SYN1000004888,ATM_SYN_3247,LOC_00497,2024-09-07T21:02:22+00:00,1000.0,SUCCESS,False,TXN_00050991
ATM_0002503,SYN1000001611,ATM_SYN_1035,LOC_00397,2024-08-17T21:00:40+00:00,20000.0,SUCCESS,False,TXN_00050992
ATM_0002504,SYN1000006278,ATM_SYN_8321,LOC_00304,2024-09-06T07:50:28+00:00,15000.0,SUCCESS,False,TXN_00050993
ATM_0002505,SYN1000000873,ATM_SYN_7511,LOC_00461,2024-08-09T04:53:36+00:00,1000.0,SUCCESS,False,TXN_00050994
ATM_0002506,SYN1000005241,ATM_SYN_4066,LOC_00214,2024-08-08T09:33:27+00:00,3000.0,SUCCESS,False,TXN_00050995
ATM_0002507,SYN1000001332,ATM_SYN_9457,LOC_00461,2024-08-22T01:53:33+00:00,3000.0,SUCCESS,False,TXN_00050996
ATM_0002508,SYN1000008585,ATM_SYN_6993,LOC_00363,2024-08-21T17:58:00+00:00,15000.0,SUCCESS,False,TXN_00050997
ATM_0002509,SYN1000006052,ATM_SYN_2105,LOC_00350,2024-09-09T23:43:21+00:00,20000.0,SUCCESS,False,TXN_00050998
ATM_0002510,SYN1000006527,ATM_SYN_6179,LOC_00340,2024-08-07T12:41:15+00:00,5000.0,SUCCESS,False,TXN_00050999
ATM_0002511,SYN1000006446,ATM_SYN_2470,LOC_00232,2024-08-18T01:44:42+00:00,15000.0,SUCCESS,False,TXN_00051000
ATM_0002512,SYN1000005773,ATM_SYN_9578,LOC_00093,2024-09-02T00:18:54+00:00,10000.0,SUCCESS,False,TXN_00051001
ATM_0002513,SYN1000002734,ATM_SYN_1182,LOC_00257,2024-09-04T22:47:04+00:00,3000.0,SUCCESS,False,TXN_00051002
ATM_0002514,SYN1000002896,ATM_SYN_5757,LOC_00486,2024-08-26T11:02:40+00:00,10000.0,SUCCESS,False,TXN_00051003
ATM_0002515,SYN1000009007,ATM_SYN_7293,LOC_00396,2024-08-13T02:23:15+00:00,1000.0,SUCCESS,False,TXN_00051004
ATM_0002516,SYN1000000303,ATM_SYN_5037,LOC_00331,2024-08-11T09:44:21+00:00,2000.0,SUCCESS,False,TXN_00051005
ATM_0002517,SYN1000004742,ATM_SYN_6876,LOC_00285,2024-08-30T17:32:08+00:00,1000.0,SUCCESS,False,TXN_00051006
ATM_0002518,SYN1000006889,ATM_SYN_7453,LOC_00367,2024-09-07T23:41:17+00:00,2000.0,SUCCESS,False,TXN_00051007
ATM_0002519,SYN1000009328,ATM_SYN_6968,LOC_00196,2024-09-01T06:40:38+00:00,3000.0,SUCCESS,False,TXN_00051008
ATM_0002520,SYN1000003732,ATM_SYN_9529,LOC_00243,2024-08-03T20:13:57+00:00,3000.0,SUCCESS,False,TXN_00051009
ATM_0002521,SYN1000009996,ATM_SYN_9461,LOC_00266,2024-08-18T22:43:57+00:00,15000.0,SUCCESS,False,TXN_00051010
ATM_0002522,SYN1000008272,ATM_SYN_9662,LOC_00080,2024-08-10T11:07:42+00:00,2000.0,SUCCESS,False,TXN_00051011
ATM_0002523,SYN1000000202,ATM_SYN_9495,LOC_00410,2024-08-09T00:40:56+00:00,10000.0,SUCCESS,False,TXN_00051012
ATM_0002524,SYN1000007706,ATM_SYN_1966,LOC_00487,2024-08-28T21:25:55+00:00,5000.0,SUCCESS,False,TXN_00051013
ATM_0002525,SYN1000002222,ATM_SYN_9432,LOC_00030,2024-08-27T07:56:03+00:00,20000.0,SUCCESS,False,TXN_00051014
ATM_0002526,SYN1000008407,ATM_SYN_1664,LOC_00389,2024-08-25T01:23:14+00:00,15000.0,SUCCESS,False,TXN_00051015
ATM_0002527,SYN1000006545,ATM_SYN_9413,LOC_00306,2024-08-02T04:17:40+00:00,10000.0,SUCCESS,False,TXN_00051016
ATM_0002528,SYN1000006519,ATM_SYN_2624,LOC_00356,2024-08-23T11:49:58+00:00,5000.0,SUCCESS,False,TXN_00051017
ATM_0002529,SYN1000006410,ATM_SYN_3857,LOC_00111,2024-09-08T06:19:01+00:00,3000.0,SUCCESS,False,TXN_00051018
ATM_0002530,SYN1000008144,ATM_SYN_5221,LOC_00336,2024-09-02T12:01:03+00:00,3000.0,SUCCESS,False,TXN_00051019
ATM_0002531,SYN1000009705,ATM_SYN_5099,LOC_00270,2024-09-06T03:07:09+00:00,10000.0,SUCCESS,False,TXN_00051020
ATM_0002532,SYN1000000213,ATM_SYN_7058,LOC_00101,2024-08-20T02:53:45+00:00,5000.0,SUCCESS,False,TXN_00051021
ATM_0002533,SYN1000000427,ATM_SYN_7360,LOC_00188,2024-08-10T20:51:03+00:00,20000.0,SUCCESS,False,TXN_00051022
ATM_0002534,SYN1000005105,ATM_SYN_8793,LOC_00483,2024-09-07T19:24:24+00:00,2000.0,SUCCESS,False,TXN_00051023
ATM_0002535,SYN1000006799,ATM_SYN_4170,LOC_00477,2024-08-05T16:45:23+00:00,3000.0,SUCCESS,False,TXN_00051024
ATM_0002536,SYN1000000393,ATM_SYN_8577,LOC_00421,2024-08-11T14:11:04+00:00,3000.0,SUCCESS,False,TXN_00051025
ATM_0002537,SYN1000009165,ATM_SYN_7279,LOC_00351,2024-08-31T16:10:05+00:00,5000.0,SUCCESS,False,TXN_00051026
ATM_0002538,SYN1000005328,ATM_SYN_6673,LOC_00251,2024-08-08T10:38:08+00:00,3000.0,SUCCESS,False,TXN_00051027
ATM_0002539,SYN1000002275,ATM_SYN_4426,LOC_00397,2024-09-09T05:54:20+00:00,10000.0,SUCCESS,False,TXN_00051028
ATM_0002540,SYN1000003475,ATM_SYN_3842,LOC_00096,2024-09-03T13:42:11+00:00,3000.0,SUCCESS,False,TXN_00051029
ATM_0002541,SYN1000001318,ATM_SYN_2517,LOC_00183,2024-08-31T18:34:27+00:00,3000.0,SUCCESS,False,TXN_00051030
ATM_0002542,SYN1000008308,ATM_SYN_7891,LOC_00013,2024-09-08T05:49:39+00:00,5000.0,SUCCESS,False,TXN_00051031
ATM_0002543,SYN1000005652,ATM_SYN_9369,LOC_00224,2024-08-18T08:39:36+00:00,15000.0,SUCCESS,False,TXN_00051032
ATM_0002544,SYN1000000003,ATM_SYN_5326,LOC_00156,2024-08-13T05:51:45+00:00,20000.0,SUCCESS,False,TXN_00051033
ATM_0002545,SYN1000000022,ATM_SYN_8436,LOC_00112,2024-08-26T14:05:59+00:00,20000.0,SUCCESS,False,TXN_00051034
ATM_0002546,SYN1000000761,ATM_SYN_6017,LOC_00076,2024-09-10T19:32:06+00:00,1000.0,SUCCESS,False,TXN_00051035
ATM_0002547,SYN1000004165,ATM_SYN_9780,LOC_00057,2024-08-14T20:00:46+00:00,3000.0,SUCCESS,False,TXN_00051036
ATM_0002548,SYN1000003932,ATM_SYN_1854,LOC_00095,2024-08-13T16:42:31+00:00,15000.0,SUCCESS,False,TXN_00051037
ATM_0002549,SYN1000008926,ATM_SYN_7049,LOC_00209,2024-08-30T11:03:36+00:00,3000.0,SUCCESS,False,TXN_00051038
ATM_0002550,SYN1000005681,ATM_SYN_8060,LOC_00387,2024-08-04T17:14:29+00:00,15000.0,SUCCESS,False,TXN_00051039
ATM_0002551,SYN1000009830,ATM_SYN_9402,LOC_00207,2024-09-10T04:25:27+00:00,20000.0,SUCCESS,False,TXN_00051040
ATM_0002552,SYN1000003856,ATM_SYN_8464,LOC_00056,2024-08-10T18:18:25+00:00,5000.0,SUCCESS,False,TXN_00051041
ATM_0002553,SYN1000001263,ATM_SYN_1634,LOC_00435,2024-08-17T22:44:19+00:00,20000.0,SUCCESS,False,TXN_00051042
ATM_0002554,SYN1000008896,ATM_SYN_5216,LOC_00183,2024-08-23T16:29:18+00:00,15000.0,SUCCESS,False,TXN_00051043
ATM_0002555,SYN1000005677,ATM_SYN_3994,LOC_00079,2024-08-27T15:40:02+00:00,20000.0,SUCCESS,False,TXN_00051044
ATM_0002556,SYN1000001154,ATM_SYN_4072,LOC_00450,2024-09-03T20:07:49+00:00,10000.0,SUCCESS,False,TXN_00051045
ATM_0002557,SYN1000001270,ATM_SYN_3633,LOC_00063,2024-08-18T20:49:39+00:00,15000.0,SUCCESS,False,TXN_00051046
ATM_0002558,SYN1000003129,ATM_SYN_7595,LOC_00265,2024-08-14T04:22:44+00:00,20000.0,SUCCESS,False,TXN_00051047
ATM_0002559,SYN1000000805,ATM_SYN_6338,LOC_00118,2024-08-11T03:37:42+00:00,2000.0,SUCCESS,False,TXN_00051048
ATM_0002560,SYN1000004206,ATM_SYN_5083,LOC_00492,2024-08-04T02:10:11+00:00,2000.0,SUCCESS,False,TXN_00051049
ATM_0002561,SYN1000006196,ATM_SYN_2980,LOC_00185,2024-09-06T08:36:49+00:00,20000.0,SUCCESS,False,TXN_00051050
ATM_0002562,SYN1000007995,ATM_SYN_1961,LOC_00164,2024-08-29T05:28:35+00:00,1000.0,SUCCESS,False,TXN_00051051
ATM_0002563,SYN1000005990,ATM_SYN_1377,LOC_00010,2024-08-12T17:15:16+00:00,1000.0,SUCCESS,False,TXN_00051052
ATM_0002564,SYN1000002329,ATM_SYN_5431,LOC_00271,2024-08-12T14:20:47+00:00,1000.0,SUCCESS,False,TXN_00051053
ATM_0002565,SYN1000000436,ATM_SYN_6449,LOC_00301,2024-08-19T19:22:00+00:00,2000.0,SUCCESS,False,TXN_00051054
ATM_0002566,SYN1000004256,ATM_SYN_5057,LOC_00161,2024-08-06T17:15:34+00:00,1000.0,SUCCESS,False,TXN_00051055
ATM_0002567,SYN1000006892,ATM_SYN_4656,LOC_00206,2024-08-30T16:45:25+00:00,20000.0,SUCCESS,False,TXN_00051056
ATM_0002568,SYN1000007880,ATM_SYN_7748,LOC_00285,2024-09-06T00:31:53+00:00,1000.0,SUCCESS,False,TXN_00051057
ATM_0002569,SYN1000008963,ATM_SYN_6893,LOC_00152,2024-08-04T21:22:13+00:00,1000.0,SUCCESS,False,TXN_00051058
ATM_0002570,SYN1000003303,ATM_SYN_4473,LOC_00328,2024-08-28T06:14:23+00:00,20000.0,SUCCESS,False,TXN_00051059
ATM_0002571,SYN1000002887,ATM_SYN_6928,LOC_00464,2024-08-31T21:02:18+00:00,15000.0,SUCCESS,False,TXN_00051060
ATM_0002572,SYN1000009504,ATM_SYN_5625,LOC_00043,2024-08-22T21:11:32+00:00,1000.0,SUCCESS,False,TXN_00051061
ATM_0002573,SYN1000006791,ATM_SYN_9319,LOC_00373,2024-09-05T10:55:45+00:00,20000.0,SUCCESS,False,TXN_00051062
ATM_0002574,SYN1000009450,ATM_SYN_5794,LOC_00379,2024-08-24T22:27:45+00:00,15000.0,SUCCESS,False,TXN_00051063
ATM_0002575,SYN1000002978,ATM_SYN_8853,LOC_00226,2024-08-13T20:58:07+00:00,1000.0,SUCCESS,False,TXN_00051064
ATM_0002576,SYN1000008291,ATM_SYN_4493,LOC_00496,2024-08-04T12:08:50+00:00,20000.0,SUCCESS,False,TXN_00051065
ATM_0002577,SYN1000004776,ATM_SYN_1220,LOC_00307,2024-09-07T08:25:16+00:00,5000.0,SUCCESS,False,TXN_00051066
ATM_0002578,SYN1000008091,ATM_SYN_2911,LOC_00487,2024-08-06T06:25:21+00:00,2000.0,SUCCESS,False,TXN_00051067
ATM_0002579,SYN1000005582,ATM_SYN_5928,LOC_00280,2024-08-04T20:25:45+00:00,1000.0,SUCCESS,False,TXN_00051068
ATM_0002580,SYN1000008079,ATM_SYN_5283,LOC_00117,2024-08-31T21:21:12+00:00,15000.0,SUCCESS,False,TXN_00051069
ATM_0002581,SYN1000005071,ATM_SYN_1035,LOC_00456,2024-08-30T18:04:24+00:00,3000.0,SUCCESS,False,TXN_00051070
ATM_0002582,SYN1000008239,ATM_SYN_5555,LOC_00009,2024-08-02T18:06:28+00:00,2000.0,SUCCESS,False,TXN_00051071
ATM_0002583,SYN1000008193,ATM_SYN_2200,LOC_00136,2024-08-10T20:43:03+00:00,20000.0,SUCCESS,False,TXN_00051072
ATM_0002584,SYN1000005717,ATM_SYN_4352,LOC_00425,2024-08-03T00:47:33+00:00,20000.0,SUCCESS,False,TXN_00051073
ATM_0002585,SYN1000002494,ATM_SYN_4656,LOC_00275,2024-08-17T11:51:00+00:00,10000.0,SUCCESS,False,TXN_00051074
ATM_0002586,SYN1000000757,ATM_SYN_9992,LOC_00477,2024-08-14T14:09:03+00:00,15000.0,SUCCESS,False,TXN_00051075
ATM_0002587,SYN1000003375,ATM_SYN_9737,LOC_00070,2024-09-05T15:47:21+00:00,20000.0,SUCCESS,False,TXN_00051076
ATM_0002588,SYN1000007233,ATM_SYN_6527,LOC_00088,2024-08-02T15:38:53+00:00,3000.0,SUCCESS,False,TXN_00051077
ATM_0002589,SYN1000001688,ATM_SYN_6183,LOC_00414,2024-09-07T13:41:36+00:00,20000.0,SUCCESS,False,TXN_00051078
ATM_0002590,SYN1000006886,ATM_SYN_1438,LOC_00057,2024-08-18T01:47:42+00:00,2000.0,SUCCESS,False,TXN_00051079
ATM_0002591,SYN1000002164,ATM_SYN_4988,LOC_00480,2024-08-04T12:38:57+00:00,20000.0,SUCCESS,False,TXN_00051080
ATM_0002592,SYN1000002907,ATM_SYN_7582,LOC_00015,2024-08-04T00:25:12+00:00,1000.0,SUCCESS,False,TXN_00051081
ATM_0002593,SYN1000007671,ATM_SYN_2188,LOC_00273,2024-08-09T18:56:37+00:00,15000.0,SUCCESS,False,TXN_00051082
ATM_0002594,SYN1000007003,ATM_SYN_2654,LOC_00379,2024-08-31T06:28:46+00:00,15000.0,SUCCESS,False,TXN_00051083
ATM_0002595,SYN1000005666,ATM_SYN_7465,LOC_00424,2024-09-04T16:41:19+00:00,1000.0,SUCCESS,False,TXN_00051084
ATM_0002596,SYN1000000206,ATM_SYN_8664,LOC_00126,2024-08-28T08:23:58+00:00,1000.0,SUCCESS,False,TXN_00051085
ATM_0002597,SYN1000003445,ATM_SYN_3468,LOC_00401,2024-08-18T03:30:43+00:00,10000.0,SUCCESS,False,TXN_00051086
ATM_0002598,SYN1000009257,ATM_SYN_7662,LOC_00261,2024-08-07T21:40:20+00:00,5000.0,SUCCESS,False,TXN_00051087
ATM_0002599,SYN1000005493,ATM_SYN_8643,LOC_00278,2024-08-02T13:31:31+00:00,5000.0,SUCCESS,False,TXN_00051088
ATM_0002600,SYN1000001178,ATM_SYN_7914,LOC_00344,2024-08-19T13:24:58+00:00,3000.0,SUCCESS,False,TXN_00051089
ATM_0002601,SYN1000000557,ATM_SYN_3575,LOC_00149,2024-08-02T21:44:25+00:00,10000.0,SUCCESS,False,TXN_00051090
ATM_0002602,SYN1000004073,ATM_SYN_4689,LOC_00414,2024-08-09T13:44:59+00:00,20000.0,SUCCESS,False,TXN_00051091
ATM_0002603,SYN1000004229,ATM_SYN_9161,LOC_00221,2024-08-13T10:40:08+00:00,3000.0,SUCCESS,False,TXN_00051092
ATM_0002604,SYN1000002284,ATM_SYN_1649,LOC_00287,2024-09-06T14:39:47+00:00,5000.0,SUCCESS,False,TXN_00051093
ATM_0002605,SYN1000003300,ATM_SYN_6794,LOC_00441,2024-08-19T23:33:29+00:00,15000.0,SUCCESS,False,TXN_00051094
ATM_0002606,SYN1000005733,ATM_SYN_7732,LOC_00453,2024-09-02T17:51:53+00:00,3000.0,SUCCESS,False,TXN_00051095
ATM_0002607,SYN1000005486,ATM_SYN_5304,LOC_00190,2024-08-20T06:53:21+00:00,15000.0,SUCCESS,False,TXN_00051096
ATM_0002608,SYN1000002488,ATM_SYN_3216,LOC_00399,2024-08-16T00:58:54+00:00,10000.0,SUCCESS,False,TXN_00051097
ATM_0002609,SYN1000006472,ATM_SYN_6114,LOC_00208,2024-08-28T07:06:46+00:00,10000.0,SUCCESS,False,TXN_00051098
ATM_0002610,SYN1000005788,ATM_SYN_9535,LOC_00019,2024-08-02T17:17:09+00:00,20000.0,SUCCESS,False,TXN_00051099
ATM_0002611,SYN1000004249,ATM_SYN_5661,LOC_00081,2024-08-25T02:00:48+00:00,1000.0,SUCCESS,False,TXN_00051100
ATM_0002612,SYN1000004066,ATM_SYN_7941,LOC_00200,2024-08-08T10:20:22+00:00,2000.0,SUCCESS,False,TXN_00051101
ATM_0002613,SYN1000005416,ATM_SYN_1290,LOC_00215,2024-08-08T00:40:01+00:00,5000.0,SUCCESS,False,TXN_00051102
ATM_0002614,SYN1000001580,ATM_SYN_6155,LOC_00108,2024-09-06T23:55:35+00:00,1000.0,SUCCESS,False,TXN_00051103
ATM_0002615,SYN1000005205,ATM_SYN_1322,LOC_00376,2024-08-31T14:53:42+00:00,1000.0,SUCCESS,False,TXN_00051104
ATM_0002616,SYN1000007327,ATM_SYN_7427,LOC_00165,2024-08-06T04:14:44+00:00,5000.0,SUCCESS,False,TXN_00051105
ATM_0002617,SYN1000004752,ATM_SYN_5124,LOC_00064,2024-08-07T19:50:25+00:00,5000.0,SUCCESS,False,TXN_00051106
ATM_0002618,SYN1000000518,ATM_SYN_9692,LOC_00265,2024-08-06T16:59:03+00:00,10000.0,SUCCESS,False,TXN_00051107
ATM_0002619,SYN1000004924,ATM_SYN_3736,LOC_00170,2024-08-31T00:04:43+00:00,1000.0,SUCCESS,False,TXN_00051108
ATM_0002620,SYN1000004595,ATM_SYN_3530,LOC_00061,2024-08-18T12:57:57+00:00,5000.0,SUCCESS,False,TXN_00051109
ATM_0002621,SYN1000005237,ATM_SYN_5491,LOC_00302,2024-09-03T03:44:22+00:00,3000.0,SUCCESS,False,TXN_00051110
ATM_0002622,SYN1000002923,ATM_SYN_2150,LOC_00332,2024-08-21T05:56:33+00:00,2000.0,SUCCESS,False,TXN_00051111
ATM_0002623,SYN1000007510,ATM_SYN_3671,LOC_00167,2024-09-09T03:03:42+00:00,2000.0,SUCCESS,False,TXN_00051112
ATM_0002624,SYN1000003105,ATM_SYN_7500,LOC_00489,2024-08-27T18:06:37+00:00,5000.0,SUCCESS,False,TXN_00051113
ATM_0002625,SYN1000009007,ATM_SYN_3743,LOC_00152,2024-08-09T12:40:55+00:00,20000.0,SUCCESS,False,TXN_00051114
ATM_0002626,SYN1000006168,ATM_SYN_2862,LOC_00112,2024-08-17T12:06:50+00:00,1000.0,SUCCESS,False,TXN_00051115
ATM_0002627,SYN1000009815,ATM_SYN_8200,LOC_00276,2024-08-31T14:19:03+00:00,2000.0,SUCCESS,False,TXN_00051116
ATM_0002628,SYN1000007928,ATM_SYN_2723,LOC_00270,2024-08-24T10:53:44+00:00,2000.0,SUCCESS,False,TXN_00051117
ATM_0002629,SYN1000003558,ATM_SYN_1846,LOC_00174,2024-08-27T11:45:19+00:00,20000.0,SUCCESS,False,TXN_00051118
ATM_0002630,SYN1000009465,ATM_SYN_6430,LOC_00107,2024-09-05T07:39:25+00:00,5000.0,SUCCESS,False,TXN_00051119
ATM_0002631,SYN1000001101,ATM_SYN_6190,LOC_00098,2024-08-26T08:40:52+00:00,10000.0,SUCCESS,False,TXN_00051120
ATM_0002632,SYN1000003080,ATM_SYN_1565,LOC_00135,2024-08-12T10:38:28+00:00,20000.0,SUCCESS,False,TXN_00051121
ATM_0002633,SYN1000003205,ATM_SYN_7348,LOC_00199,2024-08-20T17:54:12+00:00,3000.0,SUCCESS,False,TXN_00051122
ATM_0002634,SYN1000000761,ATM_SYN_9294,LOC_00326,2024-08-23T08:54:57+00:00,15000.0,SUCCESS,False,TXN_00051123
ATM_0002635,SYN1000002273,ATM_SYN_7212,LOC_00472,2024-08-17T03:48:15+00:00,15000.0,SUCCESS,False,TXN_00051124
ATM_0002636,SYN1000004433,ATM_SYN_3549,LOC_00317,2024-08-10T00:43:08+00:00,5000.0,SUCCESS,False,TXN_00051125
ATM_0002637,SYN1000000540,ATM_SYN_8587,LOC_00030,2024-08-13T20:59:19+00:00,3000.0,SUCCESS,False,TXN_00051126
ATM_0002638,SYN1000007038,ATM_SYN_1572,LOC_00141,2024-08-29T00:41:25+00:00,20000.0,SUCCESS,False,TXN_00051127
ATM_0002639,SYN1000000491,ATM_SYN_2788,LOC_00103,2024-08-16T23:12:57+00:00,10000.0,SUCCESS,False,TXN_00051128
ATM_0002640,SYN1000001219,ATM_SYN_6446,LOC_00335,2024-08-20T15:20:50+00:00,3000.0,SUCCESS,False,TXN_00051129
ATM_0002641,SYN1000001725,ATM_SYN_3618,LOC_00445,2024-08-06T19:29:11+00:00,3000.0,SUCCESS,False,TXN_00051130
ATM_0002642,SYN1000002433,ATM_SYN_3719,LOC_00018,2024-08-29T01:36:38+00:00,5000.0,SUCCESS,False,TXN_00051131
ATM_0002643,SYN1000000040,ATM_SYN_6028,LOC_00403,2024-08-10T10:00:43+00:00,2000.0,SUCCESS,False,TXN_00051132
ATM_0002644,SYN1000000947,ATM_SYN_7757,LOC_00351,2024-08-11T16:57:28+00:00,15000.0,SUCCESS,False,TXN_00051133
ATM_0002645,SYN1000006685,ATM_SYN_1789,LOC_00350,2024-08-03T16:05:35+00:00,15000.0,SUCCESS,False,TXN_00051134
ATM_0002646,SYN1000007845,ATM_SYN_7215,LOC_00019,2024-09-09T05:33:15+00:00,5000.0,SUCCESS,False,TXN_00051135
ATM_0002647,SYN1000009856,ATM_SYN_6297,LOC_00267,2024-08-10T22:36:30+00:00,1000.0,SUCCESS,False,TXN_00051136
ATM_0002648,SYN1000000399,ATM_SYN_2616,LOC_00104,2024-08-13T06:22:11+00:00,15000.0,SUCCESS,False,TXN_00051137
ATM_0002649,SYN1000002143,ATM_SYN_8415,LOC_00293,2024-08-21T23:33:15+00:00,15000.0,SUCCESS,False,TXN_00051138
ATM_0002650,SYN1000007388,ATM_SYN_6133,LOC_00256,2024-08-21T00:12:02+00:00,3000.0,SUCCESS,False,TXN_00051139
ATM_0002651,SYN1000004195,ATM_SYN_7913,LOC_00046,2024-09-02T22:40:25+00:00,1000.0,SUCCESS,False,TXN_00051140
ATM_0002652,SYN1000003647,ATM_SYN_1099,LOC_00059,2024-08-17T21:12:41+00:00,1000.0,SUCCESS,False,TXN_00051141
ATM_0002653,SYN1000001521,ATM_SYN_1489,LOC_00065,2024-09-02T03:33:38+00:00,20000.0,SUCCESS,False,TXN_00051142
ATM_0002654,SYN1000009747,ATM_SYN_7204,LOC_00191,2024-08-29T03:10:27+00:00,20000.0,SUCCESS,False,TXN_00051143
ATM_0002655,SYN1000008074,ATM_SYN_3402,LOC_00335,2024-08-05T07:48:17+00:00,15000.0,SUCCESS,False,TXN_00051144
ATM_0002656,SYN1000001538,ATM_SYN_8778,LOC_00294,2024-09-01T23:18:00+00:00,2000.0,SUCCESS,False,TXN_00051145
ATM_0002657,SYN1000008641,ATM_SYN_1286,LOC_00055,2024-08-04T19:23:00+00:00,15000.0,SUCCESS,False,TXN_00051146
ATM_0002658,SYN1000009644,ATM_SYN_3252,LOC_00473,2024-09-03T20:47:19+00:00,5000.0,SUCCESS,False,TXN_00051147
ATM_0002659,SYN1000000558,ATM_SYN_8257,LOC_00059,2024-08-25T22:17:14+00:00,10000.0,SUCCESS,False,TXN_00051148
ATM_0002660,SYN1000009576,ATM_SYN_8232,LOC_00473,2024-08-02T03:20:06+00:00,1000.0,SUCCESS,False,TXN_00051149
ATM_0002661,SYN1000006003,ATM_SYN_2126,LOC_00231,2024-08-30T19:20:01+00:00,5000.0,SUCCESS,False,TXN_00051150
ATM_0002662,SYN1000005008,ATM_SYN_6228,LOC_00186,2024-09-05T02:49:43+00:00,2000.0,SUCCESS,False,TXN_00051151
ATM_0002663,SYN1000009406,ATM_SYN_2760,LOC_00284,2024-08-04T06:39:22+00:00,15000.0,SUCCESS,False,TXN_00051152
ATM_0002664,SYN1000001580,ATM_SYN_5830,LOC_00364,2024-08-28T00:51:05+00:00,3000.0,SUCCESS,False,TXN_00051153
ATM_0002665,SYN1000009190,ATM_SYN_6278,LOC_00493,2024-08-29T23:36:48+00:00,2000.0,SUCCESS,False,TXN_00051154
ATM_0002666,SYN1000006926,ATM_SYN_9175,LOC_00274,2024-08-15T16:36:15+00:00,2000.0,SUCCESS,False,TXN_00051155
ATM_0002667,SYN1000009220,ATM_SYN_9162,LOC_00296,2024-08-04T19:55:06+00:00,15000.0,SUCCESS,False,TXN_00051156
ATM_0002668,SYN1000001742,ATM_SYN_8636,LOC_00030,2024-08-08T04:34:09+00:00,20000.0,SUCCESS,False,TXN_00051157
ATM_0002669,SYN1000006153,ATM_SYN_8183,LOC_00465,2024-08-11T10:53:54+00:00,2000.0,SUCCESS,False,TXN_00051158
ATM_0002670,SYN1000001140,ATM_SYN_1653,LOC_00071,2024-08-17T17:46:22+00:00,5000.0,SUCCESS,False,TXN_00051159
ATM_0002671,SYN1000002902,ATM_SYN_5062,LOC_00123,2024-08-02T12:55:44+00:00,3000.0,SUCCESS,False,TXN_00051160
ATM_0002672,SYN1000004693,ATM_SYN_1094,LOC_00062,2024-08-29T18:28:14+00:00,15000.0,SUCCESS,False,TXN_00051161
ATM_0002673,SYN1000009948,ATM_SYN_7828,LOC_00327,2024-09-03T16:44:28+00:00,5000.0,SUCCESS,False,TXN_00051162
ATM_0002674,SYN1000008506,ATM_SYN_9470,LOC_00359,2024-08-06T04:52:52+00:00,2000.0,SUCCESS,False,TXN_00051163
ATM_0002675,SYN1000009791,ATM_SYN_8335,LOC_00404,2024-08-17T13:50:19+00:00,15000.0,SUCCESS,False,TXN_00051164
ATM_0002676,SYN1000009875,ATM_SYN_1987,LOC_00357,2024-08-25T00:41:57+00:00,10000.0,SUCCESS,False,TXN_00051165
ATM_0002677,SYN1000007992,ATM_SYN_3255,LOC_00226,2024-08-16T12:18:42+00:00,2000.0,SUCCESS,False,TXN_00051166
ATM_0002678,SYN1000005381,ATM_SYN_2717,LOC_00401,2024-08-12T09:40:46+00:00,1000.0,SUCCESS,False,TXN_00051167
ATM_0002679,SYN1000009103,ATM_SYN_8620,LOC_00179,2024-08-16T08:57:56+00:00,2000.0,SUCCESS,False,TXN_00051168
ATM_0002680,SYN1000004327,ATM_SYN_9599,LOC_00359,2024-08-08T09:17:24+00:00,5000.0,SUCCESS,False,TXN_00051169
ATM_0002681,SYN1000002795,ATM_SYN_9697,LOC_00343,2024-08-18T03:25:52+00:00,10000.0,SUCCESS,False,TXN_00051170
ATM_0002682,SYN1000008924,ATM_SYN_9625,LOC_00342,2024-08-13T11:07:04+00:00,1000.0,SUCCESS,False,TXN_00051171
ATM_0002683,SYN1000008688,ATM_SYN_7265,LOC_00403,2024-08-07T01:13:36+00:00,2000.0,SUCCESS,False,TXN_00051172
ATM_0002684,SYN1000006834,ATM_SYN_6133,LOC_00079,2024-09-09T02:08:41+00:00,1000.0,SUCCESS,False,TXN_00051173
ATM_0002685,SYN1000003129,ATM_SYN_1694,LOC_00282,2024-09-02T20:07:55+00:00,5000.0,SUCCESS,False,TXN_00051174
ATM_0002686,SYN1000006395,ATM_SYN_7360,LOC_00338,2024-08-16T03:56:50+00:00,5000.0,SUCCESS,False,TXN_00051175
ATM_0002687,SYN1000005721,ATM_SYN_8394,LOC_00500,2024-09-02T20:09:05+00:00,1000.0,SUCCESS,False,TXN_00051176
ATM_0002688,SYN1000003990,ATM_SYN_7033,LOC_00202,2024-09-02T00:56:04+00:00,15000.0,SUCCESS,False,TXN_00051177
ATM_0002689,SYN1000001689,ATM_SYN_5281,LOC_00247,2024-08-12T08:19:06+00:00,10000.0,SUCCESS,False,TXN_00051178
ATM_0002690,SYN1000009521,ATM_SYN_7620,LOC_00149,2024-08-21T14:39:04+00:00,2000.0,SUCCESS,False,TXN_00051179
ATM_0002691,SYN1000006799,ATM_SYN_8255,LOC_00474,2024-09-04T04:12:26+00:00,10000.0,SUCCESS,False,TXN_00051180
ATM_0002692,SYN1000001017,ATM_SYN_5218,LOC_00014,2024-08-12T01:18:48+00:00,2000.0,SUCCESS,False,TXN_00051181
ATM_0002693,SYN1000008647,ATM_SYN_4636,LOC_00442,2024-09-01T14:54:27+00:00,1000.0,SUCCESS,False,TXN_00051182
ATM_0002694,SYN1000003830,ATM_SYN_5802,LOC_00062,2024-08-09T07:12:18+00:00,5000.0,SUCCESS,False,TXN_00051183
ATM_0002695,SYN1000000819,ATM_SYN_1587,LOC_00226,2024-08-17T06:13:42+00:00,5000.0,SUCCESS,False,TXN_00051184
ATM_0002696,SYN1000003011,ATM_SYN_1854,LOC_00251,2024-08-15T03:17:00+00:00,20000.0,SUCCESS,False,TXN_00051185
ATM_0002697,SYN1000005694,ATM_SYN_7008,LOC_00380,2024-09-01T07:50:03+00:00,2000.0,SUCCESS,False,TXN_00051186
ATM_0002698,SYN1000003250,ATM_SYN_2606,LOC_00315,2024-08-12T10:52:14+00:00,10000.0,SUCCESS,False,TXN_00051187
ATM_0002699,SYN1000009420,ATM_SYN_8928,LOC_00455,2024-08-26T16:23:59+00:00,1000.0,SUCCESS,False,TXN_00051188
ATM_0002700,SYN1000004688,ATM_SYN_1852,LOC_00302,2024-08-04T09:37:38+00:00,10000.0,SUCCESS,False,TXN_00051189
ATM_0002701,SYN1000003777,ATM_SYN_8093,LOC_00489,2024-09-03T23:07:29+00:00,5000.0,SUCCESS,False,TXN_00051190
ATM_0002702,SYN1000007652,ATM_SYN_8356,LOC_00127,2024-09-05T15:04:46+00:00,2000.0,SUCCESS,False,TXN_00051191
ATM_0002703,SYN1000002895,ATM_SYN_2171,LOC_00444,2024-08-20T09:07:20+00:00,20000.0,SUCCESS,False,TXN_00051192
ATM_0002704,SYN1000008632,ATM_SYN_3856,LOC_00159,2024-09-06T13:44:15+00:00,5000.0,SUCCESS,False,TXN_00051193
ATM_0002705,SYN1000005788,ATM_SYN_8827,LOC_00343,2024-08-12T09:28:08+00:00,15000.0,SUCCESS,False,TXN_00051194
ATM_0002706,SYN1000007841,ATM_SYN_2429,LOC_00057,2024-08-19T17:37:51+00:00,15000.0,SUCCESS,False,TXN_00051195
ATM_0002707,SYN1000002871,ATM_SYN_2426,LOC_00076,2024-08-19T03:16:09+00:00,3000.0,SUCCESS,False,TXN_00051196
ATM_0002708,SYN1000003791,ATM_SYN_4734,LOC_00273,2024-08-21T21:06:29+00:00,5000.0,SUCCESS,False,TXN_00051197
ATM_0002709,SYN1000006820,ATM_SYN_3831,LOC_00466,2024-08-20T19:00:24+00:00,1000.0,SUCCESS,False,TXN_00051198
ATM_0002710,SYN1000009447,ATM_SYN_7391,LOC_00355,2024-08-13T06:27:21+00:00,1000.0,SUCCESS,False,TXN_00051199
ATM_0002711,SYN1000002367,ATM_SYN_9636,LOC_00305,2024-08-28T01:39:05+00:00,2000.0,SUCCESS,False,TXN_00051200
ATM_0002712,SYN1000009450,ATM_SYN_1905,LOC_00174,2024-09-05T11:57:58+00:00,20000.0,SUCCESS,False,TXN_00051201
ATM_0002713,SYN1000009809,ATM_SYN_1188,LOC_00436,2024-09-04T08:15:52+00:00,3000.0,SUCCESS,False,TXN_00051202
ATM_0002714,SYN1000000184,ATM_SYN_3256,LOC_00097,2024-09-05T05:18:16+00:00,15000.0,SUCCESS,False,TXN_00051203
ATM_0002715,SYN1000005363,ATM_SYN_3556,LOC_00306,2024-08-10T22:11:03+00:00,20000.0,SUCCESS,False,TXN_00051204
ATM_0002716,SYN1000009913,ATM_SYN_2297,LOC_00439,2024-09-04T07:52:41+00:00,20000.0,SUCCESS,False,TXN_00051205
ATM_0002717,SYN1000005323,ATM_SYN_8209,LOC_00034,2024-08-28T22:08:24+00:00,1000.0,SUCCESS,False,TXN_00051206
ATM_0002718,SYN1000004939,ATM_SYN_8669,LOC_00214,2024-08-08T11:43:39+00:00,15000.0,SUCCESS,False,TXN_00051207
ATM_0002719,SYN1000000151,ATM_SYN_4872,LOC_00345,2024-08-28T05:27:34+00:00,2000.0,SUCCESS,False,TXN_00051208
ATM_0002720,SYN1000005000,ATM_SYN_8322,LOC_00350,2024-09-04T01:07:59+00:00,20000.0,SUCCESS,False,TXN_00051209
ATM_0002721,SYN1000006657,ATM_SYN_1184,LOC_00208,2024-08-16T22:43:08+00:00,1000.0,SUCCESS,False,TXN_00051210
ATM_0002722,SYN1000005034,ATM_SYN_5051,LOC_00171,2024-08-18T19:13:19+00:00,2000.0,SUCCESS,False,TXN_00051211
ATM_0002723,SYN1000000475,ATM_SYN_8816,LOC_00313,2024-08-03T19:31:16+00:00,3000.0,SUCCESS,False,TXN_00051212
ATM_0002724,SYN1000002436,ATM_SYN_1401,LOC_00182,2024-09-01T02:52:08+00:00,20000.0,SUCCESS,False,TXN_00051213
ATM_0002725,SYN1000004074,ATM_SYN_7202,LOC_00327,2024-08-21T19:32:03+00:00,2000.0,SUCCESS,False,TXN_00051214
ATM_0002726,SYN1000002587,ATM_SYN_2567,LOC_00470,2024-09-05T15:30:51+00:00,1000.0,SUCCESS,False,TXN_00051215
ATM_0002727,SYN1000004853,ATM_SYN_1334,LOC_00359,2024-09-01T20:03:33+00:00,5000.0,SUCCESS,False,TXN_00051216
ATM_0002728,SYN1000008570,ATM_SYN_5344,LOC_00214,2024-09-07T11:30:22+00:00,1000.0,SUCCESS,False,TXN_00051217
ATM_0002729,SYN1000001098,ATM_SYN_9281,LOC_00351,2024-08-04T04:33:49+00:00,15000.0,SUCCESS,False,TXN_00051218
ATM_0002730,SYN1000005582,ATM_SYN_7836,LOC_00378,2024-08-04T06:52:02+00:00,20000.0,SUCCESS,False,TXN_00051219
ATM_0002731,SYN1000001018,ATM_SYN_7402,LOC_00436,2024-08-13T00:37:51+00:00,3000.0,SUCCESS,False,TXN_00051220
ATM_0002732,SYN1000000911,ATM_SYN_2356,LOC_00133,2024-08-05T21:20:53+00:00,5000.0,SUCCESS,False,TXN_00051221
ATM_0002733,SYN1000009858,ATM_SYN_5729,LOC_00485,2024-08-20T03:48:46+00:00,5000.0,SUCCESS,False,TXN_00051222
ATM_0002734,SYN1000000123,ATM_SYN_3031,LOC_00032,2024-08-26T23:58:54+00:00,10000.0,SUCCESS,False,TXN_00051223
ATM_0002735,SYN1000008893,ATM_SYN_3790,LOC_00061,2024-09-02T11:41:36+00:00,2000.0,SUCCESS,False,TXN_00051224
ATM_0002736,SYN1000008580,ATM_SYN_1395,LOC_00433,2024-09-03T12:11:22+00:00,5000.0,SUCCESS,False,TXN_00051225
ATM_0002737,SYN1000006422,ATM_SYN_5581,LOC_00096,2024-08-19T11:00:23+00:00,10000.0,SUCCESS,False,TXN_00051226
ATM_0002738,SYN1000004966,ATM_SYN_3438,LOC_00288,2024-08-05T12:58:40+00:00,15000.0,SUCCESS,False,TXN_00051227
ATM_0002739,SYN1000006412,ATM_SYN_2784,LOC_00449,2024-08-04T04:42:43+00:00,10000.0,SUCCESS,False,TXN_00051228
ATM_0002740,SYN1000006588,ATM_SYN_5818,LOC_00266,2024-08-25T02:55:40+00:00,20000.0,SUCCESS,False,TXN_00051229
ATM_0002741,SYN1000007158,ATM_SYN_6622,LOC_00434,2024-08-20T12:17:19+00:00,20000.0,SUCCESS,False,TXN_00051230
ATM_0002742,SYN1000001594,ATM_SYN_8195,LOC_00488,2024-09-07T04:23:59+00:00,5000.0,SUCCESS,False,TXN_00051231
ATM_0002743,SYN1000003640,ATM_SYN_8227,LOC_00345,2024-08-16T04:56:05+00:00,1000.0,SUCCESS,False,TXN_00051232
ATM_0002744,SYN1000005485,ATM_SYN_7406,LOC_00141,2024-08-16T15:38:43+00:00,20000.0,SUCCESS,False,TXN_00051233
ATM_0002745,SYN1000004673,ATM_SYN_6137,LOC_00489,2024-08-07T07:13:56+00:00,10000.0,SUCCESS,False,TXN_00051234
ATM_0002746,SYN1000007816,ATM_SYN_8171,LOC_00199,2024-09-06T23:20:19+00:00,10000.0,SUCCESS,False,TXN_00051235
ATM_0002747,SYN1000006535,ATM_SYN_4989,LOC_00171,2024-08-21T03:07:18+00:00,3000.0,SUCCESS,False,TXN_00051236
ATM_0002748,SYN1000008433,ATM_SYN_7950,LOC_00438,2024-08-12T16:04:54+00:00,20000.0,SUCCESS,False,TXN_00051237
ATM_0002749,SYN1000005838,ATM_SYN_5446,LOC_00251,2024-09-01T22:23:48+00:00,10000.0,SUCCESS,False,TXN_00051238
ATM_0002750,SYN1000002388,ATM_SYN_7069,LOC_00225,2024-08-18T22:12:24+00:00,3000.0,SUCCESS,False,TXN_00051239
ATM_0002751,SYN1000006155,ATM_SYN_1364,LOC_00461,2024-08-31T09:17:22+00:00,20000.0,SUCCESS,False,TXN_00051240
ATM_0002752,SYN1000008395,ATM_SYN_3901,LOC_00193,2024-09-01T07:15:16+00:00,10000.0,SUCCESS,False,TXN_00051241
ATM_0002753,SYN1000003200,ATM_SYN_9646,LOC_00176,2024-08-21T11:42:58+00:00,1000.0,SUCCESS,False,TXN_00051242
ATM_0002754,SYN1000009023,ATM_SYN_6583,LOC_00342,2024-08-04T11:35:20+00:00,1000.0,SUCCESS,False,TXN_00051243
ATM_0002755,SYN1000005648,ATM_SYN_6847,LOC_00151,2024-08-13T03:21:17+00:00,2000.0,SUCCESS,False,TXN_00051244
ATM_0002756,SYN1000003769,ATM_SYN_5159,LOC_00449,2024-08-26T08:43:38+00:00,20000.0,SUCCESS,False,TXN_00051245
ATM_0002757,SYN1000004759,ATM_SYN_7077,LOC_00279,2024-08-08T03:47:14+00:00,3000.0,SUCCESS,False,TXN_00051246
ATM_0002758,SYN1000002862,ATM_SYN_5363,LOC_00046,2024-09-04T07:36:39+00:00,2000.0,SUCCESS,False,TXN_00051247
ATM_0002759,SYN1000009604,ATM_SYN_5682,LOC_00447,2024-08-20T05:28:10+00:00,10000.0,SUCCESS,False,TXN_00051248
ATM_0002760,SYN1000004644,ATM_SYN_7834,LOC_00483,2024-08-06T21:52:17+00:00,5000.0,SUCCESS,False,TXN_00051249
ATM_0002761,SYN1000004285,ATM_SYN_7780,LOC_00115,2024-09-09T21:03:46+00:00,2000.0,SUCCESS,False,TXN_00051250
ATM_0002762,SYN1000008829,ATM_SYN_5681,LOC_00276,2024-08-19T06:05:13+00:00,3000.0,SUCCESS,False,TXN_00051251
ATM_0002763,SYN1000005156,ATM_SYN_7200,LOC_00052,2024-08-20T08:51:59+00:00,10000.0,SUCCESS,False,TXN_00051252
ATM_0002764,SYN1000008967,ATM_SYN_6391,LOC_00228,2024-09-08T00:15:48+00:00,15000.0,SUCCESS,False,TXN_00051253
ATM_0002765,SYN1000006766,ATM_SYN_4473,LOC_00009,2024-08-21T09:49:45+00:00,15000.0,SUCCESS,False,TXN_00051254
ATM_0002766,SYN1000008644,ATM_SYN_6891,LOC_00470,2024-08-02T02:55:54+00:00,20000.0,SUCCESS,False,TXN_00051255
ATM_0002767,SYN1000008256,ATM_SYN_8644,LOC_00074,2024-08-03T01:38:45+00:00,1000.0,SUCCESS,False,TXN_00051256
ATM_0002768,SYN1000002107,ATM_SYN_9115,LOC_00090,2024-08-28T02:58:35+00:00,2000.0,SUCCESS,False,TXN_00051257
ATM_0002769,SYN1000000466,ATM_SYN_5790,LOC_00390,2024-08-19T04:48:35+00:00,10000.0,SUCCESS,False,TXN_00051258
ATM_0002770,SYN1000003945,ATM_SYN_3906,LOC_00051,2024-09-08T10:33:05+00:00,20000.0,SUCCESS,False,TXN_00051259
ATM_0002771,SYN1000000918,ATM_SYN_2838,LOC_00057,2024-09-05T08:37:24+00:00,5000.0,SUCCESS,False,TXN_00051260
ATM_0002772,SYN1000004973,ATM_SYN_4990,LOC_00414,2024-09-07T21:16:14+00:00,5000.0,SUCCESS,False,TXN_00051261
ATM_0002773,SYN1000008257,ATM_SYN_3647,LOC_00291,2024-08-27T01:14:50+00:00,15000.0,SUCCESS,False,TXN_00051262
ATM_0002774,SYN1000009139,ATM_SYN_6551,LOC_00159,2024-08-05T06:56:13+00:00,3000.0,SUCCESS,False,TXN_00051263
ATM_0002775,SYN1000004604,ATM_SYN_4155,LOC_00019,2024-08-02T18:18:09+00:00,15000.0,SUCCESS,False,TXN_00051264
ATM_0002776,SYN1000002952,ATM_SYN_6282,LOC_00080,2024-08-10T10:08:39+00:00,10000.0,SUCCESS,False,TXN_00051265
ATM_0002777,SYN1000005427,ATM_SYN_5005,LOC_00198,2024-09-07T05:31:25+00:00,2000.0,SUCCESS,False,TXN_00051266
ATM_0002778,SYN1000004848,ATM_SYN_5535,LOC_00483,2024-08-07T20:46:52+00:00,3000.0,SUCCESS,False,TXN_00051267
ATM_0002779,SYN1000007691,ATM_SYN_4341,LOC_00490,2024-08-22T05:58:39+00:00,15000.0,SUCCESS,False,TXN_00051268
ATM_0002780,SYN1000006886,ATM_SYN_3021,LOC_00345,2024-08-12T02:37:19+00:00,5000.0,SUCCESS,False,TXN_00051269
ATM_0002781,SYN1000002673,ATM_SYN_3412,LOC_00317,2024-08-16T16:15:08+00:00,1000.0,SUCCESS,False,TXN_00051270
ATM_0002782,SYN1000002684,ATM_SYN_2573,LOC_00479,2024-08-03T06:38:37+00:00,2000.0,SUCCESS,False,TXN_00051271
ATM_0002783,SYN1000003425,ATM_SYN_4231,LOC_00217,2024-09-08T05:02:11+00:00,5000.0,SUCCESS,False,TXN_00051272
ATM_0002784,SYN1000007082,ATM_SYN_7097,LOC_00441,2024-08-02T00:27:48+00:00,3000.0,SUCCESS,False,TXN_00051273
ATM_0002785,SYN1000003703,ATM_SYN_8961,LOC_00392,2024-08-04T08:22:56+00:00,1000.0,SUCCESS,False,TXN_00051274
ATM_0002786,SYN1000003084,ATM_SYN_9847,LOC_00116,2024-08-06T09:20:17+00:00,20000.0,SUCCESS,False,TXN_00051275
ATM_0002787,SYN1000009694,ATM_SYN_6591,LOC_00401,2024-08-19T11:22:14+00:00,10000.0,SUCCESS,False,TXN_00051276
ATM_0002788,SYN1000007007,ATM_SYN_6738,LOC_00192,2024-08-30T19:40:25+00:00,3000.0,SUCCESS,False,TXN_00051277
ATM_0002789,SYN1000007549,ATM_SYN_4040,LOC_00122,2024-09-07T02:31:17+00:00,1000.0,SUCCESS,False,TXN_00051278
ATM_0002790,SYN1000009845,ATM_SYN_8260,LOC_00205,2024-09-10T01:28:12+00:00,20000.0,SUCCESS,False,TXN_00051279
ATM_0002791,SYN1000003129,ATM_SYN_5586,LOC_00370,2024-08-27T02:41:19+00:00,2000.0,SUCCESS,False,TXN_00051280
ATM_0002792,SYN1000002686,ATM_SYN_6274,LOC_00437,2024-08-23T21:38:25+00:00,2000.0,SUCCESS,False,TXN_00051281
ATM_0002793,SYN1000005268,ATM_SYN_9884,LOC_00059,2024-08-15T18:20:10+00:00,15000.0,SUCCESS,False,TXN_00051282
ATM_0002794,SYN1000009302,ATM_SYN_5409,LOC_00018,2024-08-12T13:54:34+00:00,1000.0,SUCCESS,False,TXN_00051283
ATM_0002795,SYN1000002189,ATM_SYN_9515,LOC_00154,2024-08-26T22:35:05+00:00,5000.0,SUCCESS,False,TXN_00051284
ATM_0002796,SYN1000005384,ATM_SYN_7886,LOC_00176,2024-08-25T13:59:18+00:00,1000.0,SUCCESS,False,TXN_00051285
ATM_0002797,SYN1000001129,ATM_SYN_6046,LOC_00389,2024-08-26T05:52:01+00:00,20000.0,SUCCESS,False,TXN_00051286
ATM_0002798,SYN1000005469,ATM_SYN_7207,LOC_00083,2024-08-02T05:22:34+00:00,1000.0,SUCCESS,False,TXN_00051287
ATM_0002799,SYN1000000408,ATM_SYN_6279,LOC_00238,2024-08-07T12:48:19+00:00,5000.0,SUCCESS,False,TXN_00051288
ATM_0002800,SYN1000004219,ATM_SYN_2198,LOC_00123,2024-08-09T23:53:53+00:00,1000.0,SUCCESS,False,TXN_00051289
ATM_0002801,SYN1000004442,ATM_SYN_8227,LOC_00121,2024-08-26T20:11:59+00:00,3000.0,SUCCESS,False,TXN_00051290
ATM_0002802,SYN1000006487,ATM_SYN_2776,LOC_00254,2024-09-06T19:33:40+00:00,10000.0,SUCCESS,False,TXN_00051291
ATM_0002803,SYN1000006693,ATM_SYN_1073,LOC_00260,2024-09-02T18:38:32+00:00,2000.0,SUCCESS,False,TXN_00051292
ATM_0002804,SYN1000009611,ATM_SYN_9972,LOC_00344,2024-08-05T08:19:24+00:00,10000.0,SUCCESS,False,TXN_00051293
ATM_0002805,SYN1000001180,ATM_SYN_1560,LOC_00052,2024-08-27T05:43:41+00:00,1000.0,SUCCESS,False,TXN_00051294
ATM_0002806,SYN1000006673,ATM_SYN_3025,LOC_00337,2024-08-15T13:15:38+00:00,10000.0,SUCCESS,False,TXN_00051295
ATM_0002807,SYN1000004420,ATM_SYN_3688,LOC_00009,2024-09-09T03:37:55+00:00,3000.0,SUCCESS,False,TXN_00051296
ATM_0002808,SYN1000008924,ATM_SYN_6501,LOC_00220,2024-09-10T13:50:07+00:00,2000.0,SUCCESS,False,TXN_00051297
ATM_0002809,SYN1000007684,ATM_SYN_2400,LOC_00082,2024-09-04T14:25:04+00:00,10000.0,SUCCESS,False,TXN_00051298
ATM_0002810,SYN1000008008,ATM_SYN_7901,LOC_00188,2024-08-25T00:07:42+00:00,15000.0,SUCCESS,False,TXN_00051299
ATM_0002811,SYN1000008641,ATM_SYN_1633,LOC_00230,2024-08-13T00:50:28+00:00,3000.0,SUCCESS,False,TXN_00051300
ATM_0002812,SYN1000004954,ATM_SYN_4254,LOC_00275,2024-09-04T19:33:23+00:00,3000.0,SUCCESS,False,TXN_00051301
ATM_0002813,SYN1000008090,ATM_SYN_1937,LOC_00420,2024-08-26T01:54:10+00:00,15000.0,SUCCESS,False,TXN_00051302
ATM_0002814,SYN1000006177,ATM_SYN_5626,LOC_00024,2024-08-15T05:56:52+00:00,2000.0,SUCCESS,False,TXN_00051303
ATM_0002815,SYN1000001350,ATM_SYN_9721,LOC_00275,2024-09-07T05:44:39+00:00,2000.0,SUCCESS,False,TXN_00051304
ATM_0002816,SYN1000008487,ATM_SYN_3403,LOC_00298,2024-09-01T11:54:36+00:00,20000.0,SUCCESS,False,TXN_00051305
ATM_0002817,SYN1000007285,ATM_SYN_2147,LOC_00427,2024-08-29T06:25:02+00:00,5000.0,SUCCESS,False,TXN_00051306
ATM_0002818,SYN1000003166,ATM_SYN_3628,LOC_00057,2024-08-13T00:53:21+00:00,1000.0,SUCCESS,False,TXN_00051307
ATM_0002819,SYN1000006574,ATM_SYN_2782,LOC_00352,2024-08-20T09:04:09+00:00,3000.0,SUCCESS,False,TXN_00051308
ATM_0002820,SYN1000003428,ATM_SYN_1463,LOC_00380,2024-08-31T09:08:05+00:00,3000.0,SUCCESS,False,TXN_00051309
ATM_0002821,SYN1000004065,ATM_SYN_5520,LOC_00085,2024-08-17T11:24:32+00:00,2000.0,SUCCESS,False,TXN_00051310
ATM_0002822,SYN1000006255,ATM_SYN_2769,LOC_00084,2024-08-30T03:00:29+00:00,2000.0,SUCCESS,False,TXN_00051311
ATM_0002823,SYN1000002012,ATM_SYN_1180,LOC_00298,2024-09-09T22:09:12+00:00,10000.0,SUCCESS,False,TXN_00051312
ATM_0002824,SYN1000000659,ATM_SYN_7636,LOC_00143,2024-08-26T23:00:11+00:00,3000.0,SUCCESS,False,TXN_00051313
ATM_0002825,SYN1000007710,ATM_SYN_2611,LOC_00036,2024-08-28T14:10:42+00:00,3000.0,SUCCESS,False,TXN_00051314
ATM_0002826,SYN1000006426,ATM_SYN_4825,LOC_00297,2024-09-01T09:57:08+00:00,10000.0,SUCCESS,False,TXN_00051315
ATM_0002827,SYN1000004583,ATM_SYN_4133,LOC_00360,2024-08-21T07:23:15+00:00,1000.0,SUCCESS,False,TXN_00051316
ATM_0002828,SYN1000000690,ATM_SYN_1381,LOC_00493,2024-08-13T18:32:54+00:00,1000.0,SUCCESS,False,TXN_00051317
ATM_0002829,SYN1000006256,ATM_SYN_6909,LOC_00249,2024-08-08T22:34:10+00:00,15000.0,SUCCESS,False,TXN_00051318
ATM_0002830,SYN1000008580,ATM_SYN_3595,LOC_00132,2024-09-04T20:19:01+00:00,2000.0,SUCCESS,False,TXN_00051319
ATM_0002831,SYN1000003151,ATM_SYN_9287,LOC_00239,2024-08-28T23:45:47+00:00,1000.0,SUCCESS,False,TXN_00051320
ATM_0002832,SYN1000007649,ATM_SYN_4968,LOC_00239,2024-08-26T13:27:27+00:00,3000.0,SUCCESS,False,TXN_00051321
ATM_0002833,SYN1000009056,ATM_SYN_1840,LOC_00238,2024-08-13T07:06:14+00:00,10000.0,SUCCESS,False,TXN_00051322
ATM_0002834,SYN1000008790,ATM_SYN_1763,LOC_00126,2024-08-03T22:00:01+00:00,15000.0,SUCCESS,False,TXN_00051323
ATM_0002835,SYN1000004042,ATM_SYN_3221,LOC_00436,2024-08-05T05:14:33+00:00,3000.0,SUCCESS,False,TXN_00051324
ATM_0002836,SYN1000005616,ATM_SYN_2496,LOC_00412,2024-09-01T17:02:52+00:00,15000.0,SUCCESS,False,TXN_00051325
ATM_0002837,SYN1000009734,ATM_SYN_6922,LOC_00270,2024-08-12T15:17:10+00:00,3000.0,SUCCESS,False,TXN_00051326
ATM_0002838,SYN1000009400,ATM_SYN_4914,LOC_00229,2024-09-09T21:09:02+00:00,1000.0,SUCCESS,False,TXN_00051327
ATM_0002839,SYN1000006952,ATM_SYN_1280,LOC_00065,2024-08-02T18:21:22+00:00,3000.0,SUCCESS,False,TXN_00051328
ATM_0002840,SYN1000008927,ATM_SYN_2977,LOC_00136,2024-08-17T10:57:16+00:00,1000.0,SUCCESS,False,TXN_00051329
ATM_0002841,SYN1000009777,ATM_SYN_8209,LOC_00462,2024-08-02T18:30:50+00:00,3000.0,SUCCESS,False,TXN_00051330
ATM_0002842,SYN1000005355,ATM_SYN_1911,LOC_00230,2024-08-09T10:30:33+00:00,15000.0,SUCCESS,False,TXN_00051331
ATM_0002843,SYN1000006341,ATM_SYN_1022,LOC_00493,2024-08-13T08:31:10+00:00,20000.0,SUCCESS,False,TXN_00051332
ATM_0002844,SYN1000002694,ATM_SYN_3339,LOC_00465,2024-09-06T18:25:39+00:00,15000.0,SUCCESS,False,TXN_00051333
ATM_0002845,SYN1000009222,ATM_SYN_4330,LOC_00105,2024-08-21T02:38:14+00:00,10000.0,SUCCESS,False,TXN_00051334
ATM_0002846,SYN1000001447,ATM_SYN_5015,LOC_00372,2024-08-25T10:50:14+00:00,10000.0,SUCCESS,False,TXN_00051335
ATM_0002847,SYN1000009375,ATM_SYN_9212,LOC_00453,2024-08-31T13:01:36+00:00,2000.0,SUCCESS,False,TXN_00051336
ATM_0002848,SYN1000001608,ATM_SYN_1719,LOC_00440,2024-09-01T15:47:19+00:00,20000.0,SUCCESS,False,TXN_00051337
ATM_0002849,SYN1000008758,ATM_SYN_1624,LOC_00494,2024-08-11T07:46:17+00:00,2000.0,SUCCESS,False,TXN_00051338
ATM_0002850,SYN1000004438,ATM_SYN_2812,LOC_00078,2024-08-30T09:15:43+00:00,2000.0,SUCCESS,False,TXN_00051339
ATM_0002851,SYN1000001723,ATM_SYN_2219,LOC_00180,2024-08-15T18:07:53+00:00,5000.0,SUCCESS,False,TXN_00051340
ATM_0002852,SYN1000005950,ATM_SYN_9268,LOC_00225,2024-08-22T17:31:57+00:00,3000.0,SUCCESS,False,TXN_00051341
ATM_0002853,SYN1000002920,ATM_SYN_4271,LOC_00118,2024-08-07T16:03:27+00:00,15000.0,SUCCESS,False,TXN_00051342
ATM_0002854,SYN1000001924,ATM_SYN_2486,LOC_00063,2024-08-31T15:58:10+00:00,15000.0,SUCCESS,False,TXN_00051343
ATM_0002855,SYN1000002888,ATM_SYN_4777,LOC_00268,2024-08-30T09:04:32+00:00,20000.0,SUCCESS,False,TXN_00051344
ATM_0002856,SYN1000006116,ATM_SYN_6132,LOC_00063,2024-09-07T20:42:09+00:00,20000.0,SUCCESS,False,TXN_00051345
ATM_0002857,SYN1000000857,ATM_SYN_2977,LOC_00454,2024-09-02T06:30:30+00:00,2000.0,SUCCESS,False,TXN_00051346
ATM_0002858,SYN1000007482,ATM_SYN_7528,LOC_00347,2024-08-20T20:52:21+00:00,1000.0,SUCCESS,False,TXN_00051347
ATM_0002859,SYN1000009265,ATM_SYN_7501,LOC_00254,2024-09-01T07:37:57+00:00,3000.0,SUCCESS,False,TXN_00051348
ATM_0002860,SYN1000003388,ATM_SYN_2227,LOC_00431,2024-08-16T18:44:45+00:00,2000.0,SUCCESS,False,TXN_00051349
ATM_0002861,SYN1000002832,ATM_SYN_6286,LOC_00089,2024-08-07T05:29:19+00:00,1000.0,SUCCESS,False,TXN_00051350
ATM_0002862,SYN1000001976,ATM_SYN_8946,LOC_00096,2024-08-09T18:11:14+00:00,10000.0,SUCCESS,False,TXN_00051351
ATM_0002863,SYN1000007324,ATM_SYN_8912,LOC_00044,2024-08-13T23:26:47+00:00,1000.0,SUCCESS,False,TXN_00051352
ATM_0002864,SYN1000000547,ATM_SYN_5142,LOC_00185,2024-09-03T02:14:02+00:00,5000.0,SUCCESS,False,TXN_00051353
ATM_0002865,SYN1000009845,ATM_SYN_5954,LOC_00159,2024-08-08T04:29:04+00:00,10000.0,SUCCESS,False,TXN_00051354
ATM_0002866,SYN1000009359,ATM_SYN_7350,LOC_00238,2024-08-27T02:32:17+00:00,10000.0,SUCCESS,False,TXN_00051355
ATM_0002867,SYN1000001924,ATM_SYN_1700,LOC_00382,2024-08-04T00:06:29+00:00,2000.0,SUCCESS,False,TXN_00051356
ATM_0002868,SYN1000000403,ATM_SYN_8786,LOC_00259,2024-09-10T16:01:13+00:00,10000.0,SUCCESS,False,TXN_00051357
ATM_0002869,SYN1000007725,ATM_SYN_8424,LOC_00199,2024-09-03T01:12:38+00:00,10000.0,SUCCESS,False,TXN_00051358
ATM_0002870,SYN1000000555,ATM_SYN_9091,LOC_00190,2024-09-09T03:04:52+00:00,1000.0,SUCCESS,False,TXN_00051359
ATM_0002871,SYN1000000144,ATM_SYN_8324,LOC_00247,2024-08-11T13:39:25+00:00,1000.0,SUCCESS,False,TXN_00051360
ATM_0002872,SYN1000004107,ATM_SYN_7329,LOC_00188,2024-08-12T17:21:50+00:00,10000.0,SUCCESS,False,TXN_00051361
ATM_0002873,SYN1000001826,ATM_SYN_4302,LOC_00196,2024-08-30T03:47:25+00:00,2000.0,SUCCESS,False,TXN_00051362
ATM_0002874,SYN1000005352,ATM_SYN_3205,LOC_00107,2024-08-25T13:53:05+00:00,10000.0,SUCCESS,False,TXN_00051363
ATM_0002875,SYN1000001909,ATM_SYN_7938,LOC_00045,2024-09-08T11:39:00+00:00,2000.0,SUCCESS,False,TXN_00051364
ATM_0002876,SYN1000002372,ATM_SYN_4754,LOC_00267,2024-09-03T04:47:09+00:00,15000.0,SUCCESS,False,TXN_00051365
ATM_0002877,SYN1000006303,ATM_SYN_7683,LOC_00090,2024-08-12T02:36:08+00:00,5000.0,SUCCESS,False,TXN_00051366
ATM_0002878,SYN1000006877,ATM_SYN_7757,LOC_00143,2024-08-29T01:13:30+00:00,1000.0,SUCCESS,False,TXN_00051367
ATM_0002879,SYN1000008836,ATM_SYN_3619,LOC_00218,2024-08-03T08:16:23+00:00,20000.0,SUCCESS,False,TXN_00051368
ATM_0002880,SYN1000008060,ATM_SYN_6310,LOC_00137,2024-08-16T01:39:24+00:00,5000.0,SUCCESS,False,TXN_00051369
ATM_0002881,SYN1000001872,ATM_SYN_6079,LOC_00317,2024-08-26T19:50:40+00:00,15000.0,SUCCESS,False,TXN_00051370
ATM_0002882,SYN1000005183,ATM_SYN_5169,LOC_00455,2024-08-15T23:31:11+00:00,15000.0,SUCCESS,False,TXN_00051371
ATM_0002883,SYN1000004149,ATM_SYN_8020,LOC_00495,2024-09-08T09:43:32+00:00,15000.0,SUCCESS,False,TXN_00051372
ATM_0002884,SYN1000008940,ATM_SYN_3135,LOC_00428,2024-08-13T21:40:19+00:00,2000.0,SUCCESS,False,TXN_00051373
ATM_0002885,SYN1000000838,ATM_SYN_5023,LOC_00345,2024-09-03T05:43:11+00:00,1000.0,SUCCESS,False,TXN_00051374
ATM_0002886,SYN1000002741,ATM_SYN_6429,LOC_00310,2024-08-18T10:22:09+00:00,15000.0,SUCCESS,False,TXN_00051375
ATM_0002887,SYN1000008192,ATM_SYN_6293,LOC_00195,2024-08-20T08:28:51+00:00,15000.0,SUCCESS,False,TXN_00051376
ATM_0002888,SYN1000006685,ATM_SYN_4000,LOC_00387,2024-08-03T22:09:30+00:00,3000.0,SUCCESS,False,TXN_00051377
ATM_0002889,SYN1000004660,ATM_SYN_4310,LOC_00170,2024-08-19T17:33:56+00:00,3000.0,SUCCESS,False,TXN_00051378
ATM_0002890,SYN1000002585,ATM_SYN_3734,LOC_00082,2024-08-29T23:58:28+00:00,20000.0,SUCCESS,False,TXN_00051379
ATM_0002891,SYN1000004134,ATM_SYN_3939,LOC_00229,2024-08-21T01:46:09+00:00,10000.0,SUCCESS,False,TXN_00051380
ATM_0002892,SYN1000003158,ATM_SYN_3712,LOC_00121,2024-08-22T05:28:53+00:00,20000.0,SUCCESS,False,TXN_00051381
ATM_0002893,SYN1000002614,ATM_SYN_2991,LOC_00374,2024-08-15T04:35:57+00:00,10000.0,SUCCESS,False,TXN_00051382
ATM_0002894,SYN1000001051,ATM_SYN_4746,LOC_00488,2024-09-01T21:52:46+00:00,20000.0,SUCCESS,False,TXN_00051383
ATM_0002895,SYN1000009584,ATM_SYN_1096,LOC_00122,2024-09-04T21:33:32+00:00,3000.0,SUCCESS,False,TXN_00051384
ATM_0002896,SYN1000005453,ATM_SYN_4049,LOC_00352,2024-08-20T17:23:15+00:00,3000.0,SUCCESS,False,TXN_00051385
ATM_0002897,SYN1000004673,ATM_SYN_3110,LOC_00459,2024-08-16T12:11:43+00:00,2000.0,SUCCESS,False,TXN_00051386
ATM_0002898,SYN1000004988,ATM_SYN_1614,LOC_00239,2024-09-01T19:44:42+00:00,10000.0,SUCCESS,False,TXN_00051387
ATM_0002899,SYN1000007512,ATM_SYN_4014,LOC_00307,2024-08-19T05:15:05+00:00,20000.0,SUCCESS,False,TXN_00051388
ATM_0002900,SYN1000003059,ATM_SYN_8564,LOC_00288,2024-08-21T05:07:40+00:00,20000.0,SUCCESS,False,TXN_00051389
ATM_0002901,SYN1000005713,ATM_SYN_5109,LOC_00300,2024-08-09T01:11:44+00:00,20000.0,SUCCESS,False,TXN_00051390
ATM_0002902,SYN1000008171,ATM_SYN_3442,LOC_00462,2024-08-12T22:38:42+00:00,20000.0,SUCCESS,False,TXN_00051391
ATM_0002903,SYN1000007167,ATM_SYN_7129,LOC_00331,2024-08-05T09:38:50+00:00,10000.0,SUCCESS,False,TXN_00051392
ATM_0002904,SYN1000009904,ATM_SYN_8856,LOC_00103,2024-08-20T02:04:25+00:00,15000.0,SUCCESS,False,TXN_00051393
ATM_0002905,SYN1000001977,ATM_SYN_4306,LOC_00171,2024-09-07T22:29:46+00:00,2000.0,SUCCESS,False,TXN_00051394
ATM_0002906,SYN1000008467,ATM_SYN_7034,LOC_00287,2024-08-16T12:03:14+00:00,1000.0,SUCCESS,False,TXN_00051395
ATM_0002907,SYN1000002306,ATM_SYN_3399,LOC_00424,2024-08-17T21:15:37+00:00,3000.0,SUCCESS,False,TXN_00051396
ATM_0002908,SYN1000003773,ATM_SYN_6867,LOC_00407,2024-08-02T08:33:37+00:00,3000.0,SUCCESS,False,TXN_00051397
ATM_0002909,SYN1000007731,ATM_SYN_8618,LOC_00288,2024-08-19T07:07:11+00:00,20000.0,SUCCESS,False,TXN_00051398
ATM_0002910,SYN1000003670,ATM_SYN_2308,LOC_00367,2024-09-04T13:44:46+00:00,10000.0,SUCCESS,False,TXN_00051399
ATM_0002911,SYN1000008658,ATM_SYN_7135,LOC_00466,2024-08-15T11:37:38+00:00,3000.0,SUCCESS,False,TXN_00051400
ATM_0002912,SYN1000002900,ATM_SYN_3331,LOC_00467,2024-08-03T02:53:45+00:00,5000.0,SUCCESS,False,TXN_00051401
ATM_0002913,SYN1000000127,ATM_SYN_8486,LOC_00066,2024-08-16T15:20:26+00:00,20000.0,SUCCESS,False,TXN_00051402
ATM_0002914,SYN1000004026,ATM_SYN_3801,LOC_00444,2024-08-10T03:42:45+00:00,15000.0,SUCCESS,False,TXN_00051403
ATM_0002915,SYN1000000280,ATM_SYN_6110,LOC_00171,2024-08-27T21:31:07+00:00,1000.0,SUCCESS,False,TXN_00051404
ATM_0002916,SYN1000005902,ATM_SYN_9089,LOC_00261,2024-09-10T20:50:08+00:00,20000.0,SUCCESS,False,TXN_00051405
ATM_0002917,SYN1000006811,ATM_SYN_7315,LOC_00285,2024-08-17T02:38:11+00:00,10000.0,SUCCESS,False,TXN_00051406
ATM_0002918,SYN1000008759,ATM_SYN_7396,LOC_00322,2024-08-02T00:44:15+00:00,10000.0,SUCCESS,False,TXN_00051407
ATM_0002919,SYN1000002538,ATM_SYN_7177,LOC_00190,2024-08-25T13:30:44+00:00,20000.0,SUCCESS,False,TXN_00051408
ATM_0002920,SYN1000008758,ATM_SYN_2272,LOC_00031,2024-08-17T11:01:18+00:00,20000.0,SUCCESS,False,TXN_00051409
ATM_0002921,SYN1000003838,ATM_SYN_2979,LOC_00433,2024-08-27T17:15:12+00:00,5000.0,SUCCESS,False,TXN_00051410
ATM_0002922,SYN1000008195,ATM_SYN_2598,LOC_00194,2024-09-05T00:01:33+00:00,2000.0,SUCCESS,False,TXN_00051411
ATM_0002923,SYN1000002921,ATM_SYN_3419,LOC_00365,2024-08-16T00:54:45+00:00,5000.0,SUCCESS,False,TXN_00051412
ATM_0002924,SYN1000009984,ATM_SYN_1608,LOC_00031,2024-08-20T22:21:37+00:00,3000.0,SUCCESS,False,TXN_00051413
ATM_0002925,SYN1000003574,ATM_SYN_3819,LOC_00424,2024-08-10T11:12:47+00:00,20000.0,SUCCESS,False,TXN_00051414
ATM_0002926,SYN1000004717,ATM_SYN_4218,LOC_00213,2024-09-07T00:22:05+00:00,15000.0,SUCCESS,False,TXN_00051415
ATM_0002927,SYN1000000994,ATM_SYN_7402,LOC_00422,2024-08-09T05:18:03+00:00,20000.0,SUCCESS,False,TXN_00051416
ATM_0002928,SYN1000001801,ATM_SYN_8212,LOC_00098,2024-08-06T21:10:54+00:00,2000.0,SUCCESS,False,TXN_00051417
ATM_0002929,SYN1000003085,ATM_SYN_9556,LOC_00415,2024-08-20T05:06:17+00:00,2000.0,SUCCESS,False,TXN_00051418
ATM_0002930,SYN1000007607,ATM_SYN_3623,LOC_00278,2024-08-20T10:56:20+00:00,10000.0,SUCCESS,False,TXN_00051419
ATM_0002931,SYN1000005162,ATM_SYN_1662,LOC_00041,2024-08-24T17:04:28+00:00,3000.0,SUCCESS,False,TXN_00051420
ATM_0002932,SYN1000001209,ATM_SYN_7548,LOC_00088,2024-09-03T14:56:43+00:00,20000.0,SUCCESS,False,TXN_00051421
ATM_0002933,SYN1000008646,ATM_SYN_6674,LOC_00372,2024-08-03T21:31:06+00:00,2000.0,SUCCESS,False,TXN_00051422
ATM_0002934,SYN1000004996,ATM_SYN_4516,LOC_00353,2024-08-15T09:00:20+00:00,20000.0,SUCCESS,False,TXN_00051423
ATM_0002935,SYN1000001672,ATM_SYN_6219,LOC_00348,2024-08-24T07:59:44+00:00,3000.0,SUCCESS,False,TXN_00051424
ATM_0002936,SYN1000005925,ATM_SYN_7582,LOC_00247,2024-08-03T05:34:17+00:00,2000.0,SUCCESS,False,TXN_00051425
ATM_0002937,SYN1000004805,ATM_SYN_3491,LOC_00412,2024-09-02T05:08:39+00:00,5000.0,SUCCESS,False,TXN_00051426
ATM_0002938,SYN1000008132,ATM_SYN_9340,LOC_00271,2024-08-09T01:44:55+00:00,10000.0,SUCCESS,False,TXN_00051427
ATM_0002939,SYN1000005144,ATM_SYN_9085,LOC_00020,2024-09-10T20:37:44+00:00,20000.0,SUCCESS,False,TXN_00051428
ATM_0002940,SYN1000004207,ATM_SYN_7458,LOC_00016,2024-08-29T17:58:26+00:00,20000.0,SUCCESS,False,TXN_00051429
ATM_0002941,SYN1000005454,ATM_SYN_9880,LOC_00289,2024-09-09T12:06:46+00:00,5000.0,SUCCESS,False,TXN_00051430
ATM_0002942,SYN1000003963,ATM_SYN_5722,LOC_00091,2024-08-14T13:51:16+00:00,10000.0,SUCCESS,False,TXN_00051431
ATM_0002943,SYN1000006668,ATM_SYN_1621,LOC_00265,2024-09-03T09:31:43+00:00,20000.0,SUCCESS,False,TXN_00051432
ATM_0002944,SYN1000000578,ATM_SYN_2352,LOC_00317,2024-08-27T22:46:16+00:00,3000.0,SUCCESS,False,TXN_00051433
ATM_0002945,SYN1000009211,ATM_SYN_4675,LOC_00260,2024-08-17T11:16:09+00:00,3000.0,SUCCESS,False,TXN_00051434
ATM_0002946,SYN1000004710,ATM_SYN_8318,LOC_00251,2024-08-28T17:54:57+00:00,3000.0,SUCCESS,False,TXN_00051435
ATM_0002947,SYN1000002508,ATM_SYN_1075,LOC_00239,2024-08-31T07:22:16+00:00,2000.0,SUCCESS,False,TXN_00051436
ATM_0002948,SYN1000002035,ATM_SYN_8394,LOC_00466,2024-08-16T13:58:58+00:00,3000.0,SUCCESS,False,TXN_00051437
ATM_0002949,SYN1000005694,ATM_SYN_4012,LOC_00490,2024-08-27T18:28:06+00:00,3000.0,SUCCESS,False,TXN_00051438
ATM_0002950,SYN1000002548,ATM_SYN_2050,LOC_00425,2024-09-09T11:45:10+00:00,20000.0,SUCCESS,False,TXN_00051439
ATM_0002951,SYN1000000057,ATM_SYN_9157,LOC_00053,2024-08-14T03:54:17+00:00,1000.0,SUCCESS,False,TXN_00051440
ATM_0002952,SYN1000009933,ATM_SYN_4301,LOC_00472,2024-08-17T05:10:20+00:00,3000.0,SUCCESS,False,TXN_00051441
ATM_0002953,SYN1000006206,ATM_SYN_1954,LOC_00342,2024-08-17T13:43:41+00:00,1000.0,SUCCESS,False,TXN_00051442
ATM_0002954,SYN1000004527,ATM_SYN_2757,LOC_00429,2024-08-13T07:37:34+00:00,2000.0,SUCCESS,False,TXN_00051443
ATM_0002955,SYN1000001183,ATM_SYN_9385,LOC_00109,2024-08-31T12:36:53+00:00,10000.0,SUCCESS,False,TXN_00051444
ATM_0002956,SYN1000007695,ATM_SYN_7777,LOC_00144,2024-08-31T12:38:27+00:00,2000.0,SUCCESS,False,TXN_00051445
ATM_0002957,SYN1000004342,ATM_SYN_4943,LOC_00222,2024-08-25T18:34:13+00:00,10000.0,SUCCESS,False,TXN_00051446
ATM_0002958,SYN1000003054,ATM_SYN_8233,LOC_00119,2024-08-20T03:50:49+00:00,15000.0,SUCCESS,False,TXN_00051447
ATM_0002959,SYN1000000525,ATM_SYN_8082,LOC_00286,2024-08-27T01:20:30+00:00,5000.0,SUCCESS,False,TXN_00051448
ATM_0002960,SYN1000009184,ATM_SYN_4690,LOC_00133,2024-08-18T11:14:53+00:00,15000.0,SUCCESS,False,TXN_00051449
ATM_0002961,SYN1000003099,ATM_SYN_8873,LOC_00049,2024-09-09T01:49:56+00:00,15000.0,SUCCESS,False,TXN_00051450
ATM_0002962,SYN1000006981,ATM_SYN_9883,LOC_00057,2024-08-03T18:48:31+00:00,10000.0,SUCCESS,False,TXN_00051451
ATM_0002963,SYN1000000152,ATM_SYN_7012,LOC_00500,2024-08-08T01:18:17+00:00,20000.0,SUCCESS,False,TXN_00051452
ATM_0002964,SYN1000002233,ATM_SYN_8089,LOC_00315,2024-08-21T01:13:04+00:00,1000.0,SUCCESS,False,TXN_00051453
ATM_0002965,SYN1000002243,ATM_SYN_7720,LOC_00133,2024-09-02T09:00:49+00:00,20000.0,SUCCESS,False,TXN_00051454
ATM_0002966,SYN1000007113,ATM_SYN_6321,LOC_00017,2024-08-13T12:48:20+00:00,1000.0,SUCCESS,False,TXN_00051455
ATM_0002967,SYN1000009982,ATM_SYN_1349,LOC_00434,2024-08-06T17:10:25+00:00,1000.0,SUCCESS,False,TXN_00051456
ATM_0002968,SYN1000004366,ATM_SYN_8750,LOC_00118,2024-08-09T18:36:20+00:00,3000.0,SUCCESS,False,TXN_00051457
ATM_0002969,SYN1000002931,ATM_SYN_4797,LOC_00086,2024-08-31T07:25:15+00:00,20000.0,SUCCESS,False,TXN_00051458
ATM_0002970,SYN1000004064,ATM_SYN_1511,LOC_00090,2024-08-07T03:51:38+00:00,5000.0,SUCCESS,False,TXN_00051459
ATM_0002971,SYN1000009484,ATM_SYN_4670,LOC_00099,2024-08-20T23:09:26+00:00,20000.0,SUCCESS,False,TXN_00051460
ATM_0002972,SYN1000001461,ATM_SYN_3857,LOC_00301,2024-08-05T13:11:51+00:00,2000.0,SUCCESS,False,TXN_00051461
ATM_0002973,SYN1000009891,ATM_SYN_2490,LOC_00468,2024-08-31T19:54:15+00:00,1000.0,SUCCESS,False,TXN_00051462
ATM_0002974,SYN1000008991,ATM_SYN_6157,LOC_00352,2024-09-04T10:58:20+00:00,15000.0,SUCCESS,False,TXN_00051463
ATM_0002975,SYN1000002906,ATM_SYN_5634,LOC_00332,2024-08-22T15:31:17+00:00,10000.0,SUCCESS,False,TXN_00051464
ATM_0002976,SYN1000006742,ATM_SYN_8043,LOC_00212,2024-08-06T02:41:37+00:00,3000.0,SUCCESS,False,TXN_00051465
ATM_0002977,SYN1000008416,ATM_SYN_8020,LOC_00262,2024-08-29T01:14:20+00:00,15000.0,SUCCESS,False,TXN_00051466
ATM_0002978,SYN1000008131,ATM_SYN_4952,LOC_00157,2024-08-24T04:39:50+00:00,2000.0,SUCCESS,False,TXN_00051467
ATM_0002979,SYN1000000563,ATM_SYN_9518,LOC_00323,2024-09-10T06:18:09+00:00,20000.0,SUCCESS,False,TXN_00051468
ATM_0002980,SYN1000006740,ATM_SYN_5047,LOC_00199,2024-08-23T01:27:00+00:00,1000.0,SUCCESS,False,TXN_00051469
ATM_0002981,SYN1000008485,ATM_SYN_7732,LOC_00282,2024-08-06T06:19:32+00:00,2000.0,SUCCESS,False,TXN_00051470
ATM_0002982,SYN1000004067,ATM_SYN_8833,LOC_00234,2024-08-22T00:54:33+00:00,1000.0,SUCCESS,False,TXN_00051471
ATM_0002983,SYN1000004453,ATM_SYN_1769,LOC_00265,2024-09-09T05:43:33+00:00,5000.0,SUCCESS,False,TXN_00051472
ATM_0002984,SYN1000004406,ATM_SYN_3971,LOC_00017,2024-08-24T02:00:43+00:00,15000.0,SUCCESS,False,TXN_00051473
ATM_0002985,SYN1000000464,ATM_SYN_9822,LOC_00033,2024-08-10T04:02:00+00:00,20000.0,SUCCESS,False,TXN_00051474
ATM_0002986,SYN1000002705,ATM_SYN_5877,LOC_00466,2024-08-30T17:03:16+00:00,5000.0,SUCCESS,False,TXN_00051475
ATM_0002987,SYN1000003779,ATM_SYN_7446,LOC_00036,2024-08-08T05:32:28+00:00,10000.0,SUCCESS,False,TXN_00051476
ATM_0002988,SYN1000000904,ATM_SYN_4057,LOC_00256,2024-08-17T13:47:59+00:00,1000.0,SUCCESS,False,TXN_00051477
ATM_0002989,SYN1000002681,ATM_SYN_2628,LOC_00273,2024-08-28T09:06:05+00:00,1000.0,SUCCESS,False,TXN_00051478
ATM_0002990,SYN1000006182,ATM_SYN_4088,LOC_00015,2024-09-10T02:16:07+00:00,1000.0,SUCCESS,False,TXN_00051479
ATM_0002991,SYN1000000759,ATM_SYN_5907,LOC_00244,2024-08-02T22:31:00+00:00,1000.0,SUCCESS,False,TXN_00051480
ATM_0002992,SYN1000008766,ATM_SYN_2195,LOC_00215,2024-08-05T05:16:31+00:00,15000.0,SUCCESS,False,TXN_00051481
ATM_0002993,SYN1000005131,ATM_SYN_3717,LOC_00467,2024-08-16T11:42:54+00:00,3000.0,SUCCESS,False,TXN_00051482
ATM_0002994,SYN1000005610,ATM_SYN_2579,LOC_00324,2024-08-02T21:29:44+00:00,1000.0,SUCCESS,False,TXN_00051483
ATM_0002995,SYN1000006475,ATM_SYN_4949,LOC_00074,2024-08-20T07:13:15+00:00,5000.0,SUCCESS,False,TXN_00051484
ATM_0002996,SYN1000001190,ATM_SYN_9941,LOC_00134,2024-08-15T20:22:32+00:00,5000.0,SUCCESS,False,TXN_00051485
ATM_0002997,SYN1000009984,ATM_SYN_5299,LOC_00362,2024-08-12T18:43:07+00:00,10000.0,SUCCESS,False,TXN_00051486
ATM_0002998,SYN1000006147,ATM_SYN_4943,LOC_00293,2024-09-03T23:28:24+00:00,2000.0,SUCCESS,False,TXN_00051487
ATM_0002999,SYN1000009675,ATM_SYN_4636,LOC_00263,2024-08-14T17:30:17+00:00,10000.0,SUCCESS,False,TXN_00051488
ATM_0003000,SYN1000009201,ATM_SYN_4558,LOC_00440,2024-08-07T05:43:06+00:00,3000.0,SUCCESS,False,TXN_00051489
ATM_0003001,SYN1000004235,ATM_SYN_3528,LOC_00378,2024-08-23T02:20:34+00:00,20000.0,SUCCESS,False,TXN_00051490
ATM_0003002,SYN1000000684,ATM_SYN_4892,LOC_00239,2024-08-16T06:57:46+00:00,20000.0,SUCCESS,False,TXN_00051491
ATM_0003003,SYN1000002012,ATM_SYN_6542,LOC_00086,2024-09-01T19:19:04+00:00,15000.0,SUCCESS,False,TXN_00051492
ATM_0003004,SYN1000006657,ATM_SYN_9716,LOC_00208,2024-08-04T09:03:31+00:00,1000.0,SUCCESS,False,TXN_00051493
ATM_0003005,SYN1000004596,ATM_SYN_1649,LOC_00060,2024-08-04T06:57:03+00:00,10000.0,SUCCESS,False,TXN_00051494
ATM_0003006,SYN1000000044,ATM_SYN_3781,LOC_00332,2024-08-04T19:46:34+00:00,2000.0,SUCCESS,False,TXN_00051495
ATM_0003007,SYN1000007363,ATM_SYN_2987,LOC_00193,2024-09-03T12:34:57+00:00,2000.0,SUCCESS,False,TXN_00051496
ATM_0003008,SYN1000006162,ATM_SYN_9825,LOC_00207,2024-08-30T00:04:56+00:00,1000.0,SUCCESS,False,TXN_00051497
ATM_0003009,SYN1000001038,ATM_SYN_5372,LOC_00259,2024-08-05T12:05:16+00:00,15000.0,SUCCESS,False,TXN_00051498
ATM_0003010,SYN1000002317,ATM_SYN_6522,LOC_00058,2024-08-04T07:40:58+00:00,3000.0,SUCCESS,False,TXN_00051499
ATM_0003011,SYN1000000827,ATM_SYN_6469,LOC_00166,2024-08-26T21:07:14+00:00,10000.0,SUCCESS,False,TXN_00051500
ATM_0003012,SYN1000006749,ATM_SYN_4694,LOC_00255,2024-09-04T18:57:48+00:00,2000.0,SUCCESS,False,TXN_00051501
ATM_0003013,SYN1000005484,ATM_SYN_5198,LOC_00102,2024-09-04T11:21:14+00:00,1000.0,SUCCESS,False,TXN_00051502
ATM_0003014,SYN1000002264,ATM_SYN_1877,LOC_00200,2024-09-10T08:44:24+00:00,1000.0,SUCCESS,False,TXN_00051503
ATM_0003015,SYN1000009180,ATM_SYN_6938,LOC_00192,2024-08-30T11:02:24+00:00,10000.0,SUCCESS,False,TXN_00051504
ATM_0003016,SYN1000008724,ATM_SYN_2612,LOC_00344,2024-08-26T12:27:48+00:00,3000.0,SUCCESS,False,TXN_00051505
ATM_0003017,SYN1000000404,ATM_SYN_6029,LOC_00215,2024-08-04T23:26:07+00:00,5000.0,SUCCESS,False,TXN_00051506
ATM_0003018,SYN1000008149,ATM_SYN_5895,LOC_00271,2024-08-10T16:48:44+00:00,10000.0,SUCCESS,False,TXN_00051507
ATM_0003019,SYN1000004042,ATM_SYN_8098,LOC_00358,2024-08-08T20:29:03+00:00,5000.0,SUCCESS,False,TXN_00051508
ATM_0003020,SYN1000007859,ATM_SYN_9625,LOC_00421,2024-08-12T05:45:45+00:00,3000.0,SUCCESS,False,TXN_00051509
ATM_0003021,SYN1000002100,ATM_SYN_6274,LOC_00474,2024-08-17T16:14:12+00:00,10000.0,SUCCESS,False,TXN_00051510
ATM_0003022,SYN1000008292,ATM_SYN_4947,LOC_00339,2024-08-07T12:03:40+00:00,10000.0,SUCCESS,False,TXN_00051511
ATM_0003023,SYN1000007288,ATM_SYN_3618,LOC_00394,2024-08-29T03:05:43+00:00,2000.0,SUCCESS,False,TXN_00051512
ATM_0003024,SYN1000007028,ATM_SYN_9147,LOC_00320,2024-09-02T19:33:21+00:00,15000.0,SUCCESS,False,TXN_00051513
ATM_0003025,SYN1000007970,ATM_SYN_8933,LOC_00449,2024-08-27T16:30:13+00:00,20000.0,SUCCESS,False,TXN_00051514
ATM_0003026,SYN1000007447,ATM_SYN_5699,LOC_00220,2024-09-06T23:21:48+00:00,10000.0,SUCCESS,False,TXN_00051515
ATM_0003027,SYN1000000795,ATM_SYN_5648,LOC_00230,2024-08-26T22:36:28+00:00,15000.0,SUCCESS,False,TXN_00051516
ATM_0003028,SYN1000005793,ATM_SYN_2304,LOC_00160,2024-08-30T15:22:13+00:00,5000.0,SUCCESS,False,TXN_00051517
ATM_0003029,SYN1000004306,ATM_SYN_3275,LOC_00134,2024-08-21T07:31:31+00:00,20000.0,SUCCESS,False,TXN_00051518
ATM_0003030,SYN1000005124,ATM_SYN_5749,LOC_00026,2024-09-02T01:14:39+00:00,1000.0,SUCCESS,False,TXN_00051519
ATM_0003031,SYN1000002096,ATM_SYN_2754,LOC_00129,2024-09-01T07:03:04+00:00,20000.0,SUCCESS,False,TXN_00051520
ATM_0003032,SYN1000000370,ATM_SYN_8501,LOC_00474,2024-09-05T12:55:57+00:00,20000.0,SUCCESS,False,TXN_00051521
ATM_0003033,SYN1000006028,ATM_SYN_2448,LOC_00403,2024-08-07T11:20:19+00:00,5000.0,SUCCESS,False,TXN_00051522
ATM_0003034,SYN1000004916,ATM_SYN_3142,LOC_00172,2024-08-04T17:08:53+00:00,1000.0,SUCCESS,False,TXN_00051523
ATM_0003035,SYN1000001327,ATM_SYN_6314,LOC_00197,2024-08-03T20:32:34+00:00,2000.0,SUCCESS,False,TXN_00051524
ATM_0003036,SYN1000008774,ATM_SYN_8371,LOC_00472,2024-08-16T23:23:49+00:00,2000.0,SUCCESS,False,TXN_00051525
ATM_0003037,SYN1000005412,ATM_SYN_8909,LOC_00458,2024-08-05T08:39:16+00:00,5000.0,SUCCESS,False,TXN_00051526
ATM_0003038,SYN1000007294,ATM_SYN_5993,LOC_00067,2024-08-03T02:24:05+00:00,2000.0,SUCCESS,False,TXN_00051527
ATM_0003039,SYN1000003778,ATM_SYN_1169,LOC_00115,2024-08-17T13:40:44+00:00,2000.0,SUCCESS,False,TXN_00051528
ATM_0003040,SYN1000005124,ATM_SYN_9981,LOC_00295,2024-08-22T15:02:01+00:00,3000.0,SUCCESS,False,TXN_00051529
ATM_0003041,SYN1000007875,ATM_SYN_3081,LOC_00040,2024-08-27T19:53:01+00:00,1000.0,SUCCESS,False,TXN_00051530
ATM_0003042,SYN1000007343,ATM_SYN_7555,LOC_00028,2024-08-25T13:58:44+00:00,5000.0,SUCCESS,False,TXN_00051531
ATM_0003043,SYN1000003469,ATM_SYN_1662,LOC_00303,2024-08-22T22:26:09+00:00,10000.0,SUCCESS,False,TXN_00051532
ATM_0003044,SYN1000006978,ATM_SYN_1106,LOC_00258,2024-08-30T22:38:40+00:00,3000.0,SUCCESS,False,TXN_00051533
ATM_0003045,SYN1000007083,ATM_SYN_1111,LOC_00048,2024-08-08T20:04:38+00:00,3000.0,SUCCESS,False,TXN_00051534
ATM_0003046,SYN1000001201,ATM_SYN_2848,LOC_00351,2024-08-08T02:29:46+00:00,3000.0,SUCCESS,False,TXN_00051535
ATM_0003047,SYN1000000542,ATM_SYN_4235,LOC_00492,2024-09-09T18:55:32+00:00,2000.0,SUCCESS,False,TXN_00051536
ATM_0003048,SYN1000006918,ATM_SYN_2942,LOC_00194,2024-08-09T09:44:02+00:00,10000.0,SUCCESS,False,TXN_00051537
ATM_0003049,SYN1000005563,ATM_SYN_8450,LOC_00409,2024-08-25T04:51:08+00:00,20000.0,SUCCESS,False,TXN_00051538
ATM_0003050,SYN1000002292,ATM_SYN_6253,LOC_00235,2024-09-09T23:49:57+00:00,20000.0,SUCCESS,False,TXN_00051539
ATM_0003051,SYN1000003942,ATM_SYN_4292,LOC_00293,2024-08-16T02:16:52+00:00,15000.0,SUCCESS,False,TXN_00051540
ATM_0003052,SYN1000003741,ATM_SYN_6555,LOC_00055,2024-08-21T03:57:34+00:00,1000.0,SUCCESS,False,TXN_00051541
ATM_0003053,SYN1000001587,ATM_SYN_5097,LOC_00106,2024-08-16T02:02:15+00:00,15000.0,SUCCESS,False,TXN_00051542
ATM_0003054,SYN1000007445,ATM_SYN_7419,LOC_00446,2024-09-10T18:40:14+00:00,20000.0,SUCCESS,False,TXN_00051543
ATM_0003055,SYN1000005798,ATM_SYN_5172,LOC_00385,2024-08-08T03:34:41+00:00,20000.0,SUCCESS,False,TXN_00051544
ATM_0003056,SYN1000002607,ATM_SYN_3653,LOC_00291,2024-09-06T04:42:55+00:00,20000.0,SUCCESS,False,TXN_00051545
ATM_0003057,SYN1000005201,ATM_SYN_5650,LOC_00042,2024-08-28T04:30:50+00:00,2000.0,SUCCESS,False,TXN_00051546
ATM_0003058,SYN1000002419,ATM_SYN_5109,LOC_00336,2024-09-02T06:39:45+00:00,10000.0,SUCCESS,False,TXN_00051547
ATM_0003059,SYN1000007424,ATM_SYN_2571,LOC_00136,2024-08-05T12:21:17+00:00,5000.0,SUCCESS,False,TXN_00051548
ATM_0003060,SYN1000004603,ATM_SYN_6096,LOC_00440,2024-09-08T23:25:26+00:00,15000.0,SUCCESS,False,TXN_00051549
ATM_0003061,SYN1000005364,ATM_SYN_1658,LOC_00014,2024-08-10T05:08:23+00:00,5000.0,SUCCESS,False,TXN_00051550
ATM_0003062,SYN1000003625,ATM_SYN_4802,LOC_00417,2024-08-29T11:31:24+00:00,1000.0,SUCCESS,False,TXN_00051551
ATM_0003063,SYN1000001137,ATM_SYN_3185,LOC_00050,2024-09-08T18:30:26+00:00,5000.0,SUCCESS,False,TXN_00051552
ATM_0003064,SYN1000004133,ATM_SYN_8976,LOC_00127,2024-09-04T02:09:22+00:00,3000.0,SUCCESS,False,TXN_00051553
ATM_0003065,SYN1000003463,ATM_SYN_3987,LOC_00328,2024-08-27T05:38:47+00:00,20000.0,SUCCESS,False,TXN_00051554
ATM_0003066,SYN1000000794,ATM_SYN_1804,LOC_00342,2024-08-14T10:24:08+00:00,15000.0,SUCCESS,False,TXN_00051555
ATM_0003067,SYN1000008479,ATM_SYN_3733,LOC_00389,2024-08-09T00:00:13+00:00,2000.0,SUCCESS,False,TXN_00051556
ATM_0003068,SYN1000004479,ATM_SYN_8635,LOC_00164,2024-08-12T18:57:03+00:00,5000.0,SUCCESS,False,TXN_00051557
ATM_0003069,SYN1000006156,ATM_SYN_6002,LOC_00416,2024-08-21T09:01:54+00:00,20000.0,SUCCESS,False,TXN_00051558
ATM_0003070,SYN1000008312,ATM_SYN_2963,LOC_00168,2024-08-13T06:31:31+00:00,5000.0,SUCCESS,False,TXN_00051559
ATM_0003071,SYN1000001656,ATM_SYN_5989,LOC_00476,2024-08-08T10:13:43+00:00,1000.0,SUCCESS,False,TXN_00051560
ATM_0003072,SYN1000006068,ATM_SYN_2143,LOC_00072,2024-08-27T23:29:19+00:00,3000.0,SUCCESS,False,TXN_00051561
ATM_0003073,SYN1000000220,ATM_SYN_9746,LOC_00107,2024-08-24T07:22:38+00:00,15000.0,SUCCESS,False,TXN_00051562
ATM_0003074,SYN1000003324,ATM_SYN_8884,LOC_00346,2024-09-05T04:19:20+00:00,20000.0,SUCCESS,False,TXN_00051563
ATM_0003075,SYN1000005582,ATM_SYN_3070,LOC_00163,2024-08-22T21:23:05+00:00,15000.0,SUCCESS,False,TXN_00051564
ATM_0003076,SYN1000001119,ATM_SYN_9087,LOC_00456,2024-08-03T10:52:35+00:00,3000.0,SUCCESS,False,TXN_00051565
ATM_0003077,SYN1000003751,ATM_SYN_6675,LOC_00276,2024-08-23T19:58:26+00:00,5000.0,SUCCESS,False,TXN_00051566
ATM_0003078,SYN1000005618,ATM_SYN_4174,LOC_00262,2024-08-16T20:53:25+00:00,20000.0,SUCCESS,False,TXN_00051567
ATM_0003079,SYN1000004446,ATM_SYN_3849,LOC_00360,2024-09-09T03:00:27+00:00,20000.0,SUCCESS,False,TXN_00051568
ATM_0003080,SYN1000003221,ATM_SYN_8280,LOC_00062,2024-08-10T02:32:38+00:00,1000.0,SUCCESS,False,TXN_00051569
ATM_0003081,SYN1000005621,ATM_SYN_8341,LOC_00184,2024-08-26T02:12:52+00:00,20000.0,SUCCESS,False,TXN_00051570
ATM_0003082,SYN1000001341,ATM_SYN_8587,LOC_00287,2024-09-03T05:29:54+00:00,5000.0,SUCCESS,False,TXN_00051571
ATM_0003083,SYN1000003081,ATM_SYN_2973,LOC_00197,2024-08-06T10:42:31+00:00,15000.0,SUCCESS,False,TXN_00051572
ATM_0003084,SYN1000003912,ATM_SYN_3684,LOC_00425,2024-08-28T23:58:53+00:00,5000.0,SUCCESS,False,TXN_00051573
ATM_0003085,SYN1000006800,ATM_SYN_9475,LOC_00444,2024-08-18T09:43:29+00:00,1000.0,SUCCESS,False,TXN_00051574
ATM_0003086,SYN1000001539,ATM_SYN_6827,LOC_00174,2024-08-20T22:17:56+00:00,20000.0,SUCCESS,False,TXN_00051575
ATM_0003087,SYN1000002220,ATM_SYN_9148,LOC_00046,2024-09-10T22:55:38+00:00,2000.0,SUCCESS,False,TXN_00051576
ATM_0003088,SYN1000008346,ATM_SYN_4834,LOC_00189,2024-08-27T14:10:39+00:00,1000.0,SUCCESS,False,TXN_00051577
ATM_0003089,SYN1000006207,ATM_SYN_5313,LOC_00027,2024-09-06T15:32:11+00:00,15000.0,SUCCESS,False,TXN_00051578
ATM_0003090,SYN1000009583,ATM_SYN_5287,LOC_00136,2024-08-15T02:02:14+00:00,3000.0,SUCCESS,False,TXN_00051579
ATM_0003091,SYN1000009985,ATM_SYN_1355,LOC_00065,2024-08-18T11:52:02+00:00,5000.0,SUCCESS,False,TXN_00051580
ATM_0003092,SYN1000009551,ATM_SYN_7210,LOC_00054,2024-09-05T23:03:40+00:00,10000.0,SUCCESS,False,TXN_00051581
ATM_0003093,SYN1000008371,ATM_SYN_9959,LOC_00226,2024-08-24T06:33:38+00:00,2000.0,SUCCESS,False,TXN_00051582
ATM_0003094,SYN1000009155,ATM_SYN_8820,LOC_00073,2024-08-05T20:22:53+00:00,5000.0,SUCCESS,False,TXN_00051583
ATM_0003095,SYN1000000016,ATM_SYN_4602,LOC_00438,2024-08-06T09:38:14+00:00,2000.0,SUCCESS,False,TXN_00051584
ATM_0003096,SYN1000001519,ATM_SYN_7627,LOC_00265,2024-08-05T18:45:21+00:00,20000.0,SUCCESS,False,TXN_00051585
ATM_0003097,SYN1000000177,ATM_SYN_8763,LOC_00458,2024-08-09T14:47:58+00:00,20000.0,SUCCESS,False,TXN_00051586
ATM_0003098,SYN1000001032,ATM_SYN_9059,LOC_00340,2024-08-24T19:12:31+00:00,15000.0,SUCCESS,False,TXN_00051587
ATM_0003099,SYN1000002929,ATM_SYN_6709,LOC_00319,2024-09-04T02:53:28+00:00,2000.0,SUCCESS,False,TXN_00051588
ATM_0003100,SYN1000008960,ATM_SYN_4459,LOC_00405,2024-08-27T18:24:02+00:00,20000.0,SUCCESS,False,TXN_00051589
ATM_0003101,SYN1000006355,ATM_SYN_2464,LOC_00344,2024-08-29T07:59:54+00:00,1000.0,SUCCESS,False,TXN_00051590
ATM_0003102,SYN1000008724,ATM_SYN_7878,LOC_00490,2024-08-30T10:21:50+00:00,2000.0,SUCCESS,False,TXN_00051591
ATM_0003103,SYN1000006508,ATM_SYN_8133,LOC_00401,2024-08-04T07:27:11+00:00,10000.0,SUCCESS,False,TXN_00051592
ATM_0003104,SYN1000008495,ATM_SYN_1162,LOC_00446,2024-08-03T08:49:17+00:00,15000.0,SUCCESS,False,TXN_00051593
ATM_0003105,SYN1000005201,ATM_SYN_1767,LOC_00052,2024-09-07T03:21:04+00:00,20000.0,SUCCESS,False,TXN_00051594
ATM_0003106,SYN1000000198,ATM_SYN_9745,LOC_00347,2024-08-02T09:30:32+00:00,20000.0,SUCCESS,False,TXN_00051595
ATM_0003107,SYN1000003440,ATM_SYN_5867,LOC_00122,2024-08-21T04:16:06+00:00,3000.0,SUCCESS,False,TXN_00051596
ATM_0003108,SYN1000002930,ATM_SYN_4717,LOC_00055,2024-08-29T13:37:18+00:00,2000.0,SUCCESS,False,TXN_00051597
ATM_0003109,SYN1000001629,ATM_SYN_5614,LOC_00484,2024-08-29T19:38:15+00:00,1000.0,SUCCESS,False,TXN_00051598
ATM_0003110,SYN1000001057,ATM_SYN_8114,LOC_00432,2024-09-08T10:57:51+00:00,5000.0,SUCCESS,False,TXN_00051599
ATM_0003111,SYN1000003420,ATM_SYN_4061,LOC_00205,2024-08-22T04:46:00+00:00,2000.0,SUCCESS,False,TXN_00051600
ATM_0003112,SYN1000000832,ATM_SYN_6615,LOC_00420,2024-08-21T01:17:11+00:00,1000.0,SUCCESS,False,TXN_00051601
ATM_0003113,SYN1000003322,ATM_SYN_7287,LOC_00461,2024-09-04T18:45:00+00:00,2000.0,SUCCESS,False,TXN_00051602
ATM_0003114,SYN1000007712,ATM_SYN_6590,LOC_00370,2024-08-14T03:27:56+00:00,1000.0,SUCCESS,False,TXN_00051603
ATM_0003115,SYN1000006005,ATM_SYN_6493,LOC_00427,2024-08-21T06:01:21+00:00,2000.0,SUCCESS,False,TXN_00051604
ATM_0003116,SYN1000007777,ATM_SYN_4208,LOC_00353,2024-09-02T04:24:41+00:00,5000.0,SUCCESS,False,TXN_00051605
ATM_0003117,SYN1000002408,ATM_SYN_7737,LOC_00476,2024-09-06T17:02:00+00:00,10000.0,SUCCESS,False,TXN_00051606
ATM_0003118,SYN1000002924,ATM_SYN_7898,LOC_00452,2024-08-13T19:49:26+00:00,1000.0,SUCCESS,False,TXN_00051607
ATM_0003119,SYN1000007228,ATM_SYN_1511,LOC_00107,2024-08-09T09:14:41+00:00,10000.0,SUCCESS,False,TXN_00051608
ATM_0003120,SYN1000004384,ATM_SYN_6477,LOC_00497,2024-08-23T15:59:47+00:00,5000.0,SUCCESS,False,TXN_00051609
ATM_0003121,SYN1000008076,ATM_SYN_8206,LOC_00148,2024-09-08T15:22:38+00:00,2000.0,SUCCESS,False,TXN_00051610
ATM_0003122,SYN1000001714,ATM_SYN_5518,LOC_00115,2024-08-29T01:46:24+00:00,1000.0,SUCCESS,False,TXN_00051611
ATM_0003123,SYN1000005983,ATM_SYN_7805,LOC_00289,2024-08-26T02:16:49+00:00,5000.0,SUCCESS,False,TXN_00051612
ATM_0003124,SYN1000004000,ATM_SYN_5666,LOC_00130,2024-08-29T23:05:46+00:00,10000.0,SUCCESS,False,TXN_00051613
ATM_0003125,SYN1000007300,ATM_SYN_2304,LOC_00191,2024-09-01T15:55:16+00:00,1000.0,SUCCESS,False,TXN_00051614
ATM_0003126,SYN1000009693,ATM_SYN_8586,LOC_00207,2024-08-26T12:01:59+00:00,2000.0,SUCCESS,False,TXN_00051615
ATM_0003127,SYN1000003999,ATM_SYN_6845,LOC_00278,2024-09-10T01:01:48+00:00,3000.0,SUCCESS,False,TXN_00051616
ATM_0003128,SYN1000004510,ATM_SYN_1029,LOC_00155,2024-08-31T04:27:28+00:00,20000.0,SUCCESS,False,TXN_00051617
ATM_0003129,SYN1000005211,ATM_SYN_3353,LOC_00304,2024-08-23T09:10:44+00:00,20000.0,SUCCESS,False,TXN_00051618
ATM_0003130,SYN1000005181,ATM_SYN_3426,LOC_00296,2024-08-30T08:16:03+00:00,15000.0,SUCCESS,False,TXN_00051619
ATM_0003131,SYN1000005542,ATM_SYN_1108,LOC_00254,2024-08-31T15:04:56+00:00,15000.0,SUCCESS,False,TXN_00051620
ATM_0003132,SYN1000003093,ATM_SYN_4969,LOC_00213,2024-08-08T19:28:22+00:00,15000.0,SUCCESS,False,TXN_00051621
ATM_0003133,SYN1000007554,ATM_SYN_8905,LOC_00371,2024-08-30T10:56:39+00:00,5000.0,SUCCESS,False,TXN_00051622
ATM_0003134,SYN1000004074,ATM_SYN_5184,LOC_00423,2024-09-01T19:28:47+00:00,10000.0,SUCCESS,False,TXN_00051623
ATM_0003135,SYN1000009350,ATM_SYN_8282,LOC_00074,2024-08-07T12:32:45+00:00,15000.0,SUCCESS,False,TXN_00051624
ATM_0003136,SYN1000002813,ATM_SYN_2801,LOC_00289,2024-08-29T22:27:44+00:00,20000.0,SUCCESS,False,TXN_00051625
ATM_0003137,SYN1000004133,ATM_SYN_6803,LOC_00027,2024-09-02T22:56:58+00:00,20000.0,SUCCESS,False,TXN_00051626
ATM_0003138,SYN1000007470,ATM_SYN_2876,LOC_00392,2024-08-06T04:28:34+00:00,15000.0,SUCCESS,False,TXN_00051627
ATM_0003139,SYN1000005509,ATM_SYN_2223,LOC_00434,2024-08-29T15:05:22+00:00,1000.0,SUCCESS,False,TXN_00051628
ATM_0003140,SYN1000002395,ATM_SYN_3200,LOC_00384,2024-08-05T09:25:20+00:00,15000.0,SUCCESS,False,TXN_00051629
ATM_0003141,SYN1000004860,ATM_SYN_4122,LOC_00253,2024-08-12T12:49:43+00:00,10000.0,SUCCESS,False,TXN_00051630
ATM_0003142,SYN1000005937,ATM_SYN_5557,LOC_00077,2024-08-25T13:24:30+00:00,1000.0,SUCCESS,False,TXN_00051631
ATM_0003143,SYN1000007751,ATM_SYN_6744,LOC_00232,2024-09-09T19:21:12+00:00,1000.0,SUCCESS,False,TXN_00051632
ATM_0003144,SYN1000001060,ATM_SYN_8205,LOC_00048,2024-08-27T06:19:40+00:00,2000.0,SUCCESS,False,TXN_00051633
ATM_0003145,SYN1000000531,ATM_SYN_8641,LOC_00294,2024-08-29T12:05:31+00:00,15000.0,SUCCESS,False,TXN_00051634
ATM_0003146,SYN1000004756,ATM_SYN_4493,LOC_00193,2024-08-03T15:40:59+00:00,3000.0,SUCCESS,False,TXN_00051635
ATM_0003147,SYN1000009475,ATM_SYN_4479,LOC_00167,2024-09-08T20:33:00+00:00,20000.0,SUCCESS,False,TXN_00051636
ATM_0003148,SYN1000001357,ATM_SYN_7358,LOC_00081,2024-09-06T10:35:02+00:00,20000.0,SUCCESS,False,TXN_00051637
ATM_0003149,SYN1000001124,ATM_SYN_4725,LOC_00219,2024-08-08T14:33:19+00:00,5000.0,SUCCESS,False,TXN_00051638
ATM_0003150,SYN1000004266,ATM_SYN_1512,LOC_00258,2024-09-10T12:23:53+00:00,1000.0,SUCCESS,False,TXN_00051639
ATM_0003151,SYN1000003123,ATM_SYN_7225,LOC_00443,2024-08-21T18:51:25+00:00,3000.0,SUCCESS,False,TXN_00051640
ATM_0003152,SYN1000002180,ATM_SYN_7456,LOC_00392,2024-08-02T09:38:07+00:00,1000.0,SUCCESS,False,TXN_00051641
ATM_0003153,SYN1000008980,ATM_SYN_3480,LOC_00101,2024-09-10T14:34:11+00:00,3000.0,SUCCESS,False,TXN_00051642
ATM_0003154,SYN1000004821,ATM_SYN_9109,LOC_00261,2024-08-20T05:46:29+00:00,3000.0,SUCCESS,False,TXN_00051643
ATM_0003155,SYN1000000538,ATM_SYN_4836,LOC_00456,2024-09-03T16:06:24+00:00,2000.0,SUCCESS,False,TXN_00051644
ATM_0003156,SYN1000003073,ATM_SYN_4506,LOC_00162,2024-08-20T06:16:53+00:00,15000.0,SUCCESS,False,TXN_00051645
ATM_0003157,SYN1000007333,ATM_SYN_5048,LOC_00036,2024-08-19T19:13:01+00:00,10000.0,SUCCESS,False,TXN_00051646
ATM_0003158,SYN1000007344,ATM_SYN_8380,LOC_00125,2024-08-02T15:35:22+00:00,10000.0,SUCCESS,False,TXN_00051647
ATM_0003159,SYN1000001773,ATM_SYN_6737,LOC_00018,2024-09-03T20:40:51+00:00,10000.0,SUCCESS,False,TXN_00051648
ATM_0003160,SYN1000006664,ATM_SYN_1316,LOC_00291,2024-08-07T06:50:35+00:00,2000.0,SUCCESS,False,TXN_00051649
ATM_0003161,SYN1000000070,ATM_SYN_4233,LOC_00138,2024-09-10T12:08:49+00:00,5000.0,SUCCESS,False,TXN_00051650
ATM_0003162,SYN1000000676,ATM_SYN_9533,LOC_00164,2024-08-27T06:57:26+00:00,5000.0,SUCCESS,False,TXN_00051651
ATM_0003163,SYN1000008245,ATM_SYN_6447,LOC_00304,2024-08-27T23:24:17+00:00,10000.0,SUCCESS,False,TXN_00051652
ATM_0003164,SYN1000004817,ATM_SYN_2445,LOC_00423,2024-08-29T12:45:38+00:00,20000.0,SUCCESS,False,TXN_00051653
ATM_0003165,SYN1000008383,ATM_SYN_4893,LOC_00244,2024-08-02T17:00:08+00:00,20000.0,SUCCESS,False,TXN_00051654
ATM_0003166,SYN1000001355,ATM_SYN_2813,LOC_00217,2024-08-30T02:08:16+00:00,1000.0,SUCCESS,False,TXN_00051655
ATM_0003167,SYN1000005867,ATM_SYN_8877,LOC_00129,2024-08-20T10:06:07+00:00,1000.0,SUCCESS,False,TXN_00051656
ATM_0003168,SYN1000003079,ATM_SYN_4262,LOC_00016,2024-08-26T04:53:36+00:00,2000.0,SUCCESS,False,TXN_00051657
ATM_0003169,SYN1000009125,ATM_SYN_8636,LOC_00146,2024-08-12T19:21:58+00:00,3000.0,SUCCESS,False,TXN_00051658
ATM_0003170,SYN1000000151,ATM_SYN_7637,LOC_00083,2024-08-15T14:21:24+00:00,5000.0,SUCCESS,False,TXN_00051659
ATM_0003171,SYN1000005680,ATM_SYN_3453,LOC_00478,2024-08-26T22:25:07+00:00,1000.0,SUCCESS,False,TXN_00051660
ATM_0003172,SYN1000009842,ATM_SYN_5932,LOC_00467,2024-08-25T10:45:16+00:00,3000.0,SUCCESS,False,TXN_00051661
ATM_0003173,SYN1000003842,ATM_SYN_5923,LOC_00344,2024-09-07T20:49:03+00:00,1000.0,SUCCESS,False,TXN_00051662
ATM_0003174,SYN1000003765,ATM_SYN_5205,LOC_00073,2024-09-02T11:19:56+00:00,5000.0,SUCCESS,False,TXN_00051663
ATM_0003175,SYN1000003272,ATM_SYN_6174,LOC_00022,2024-08-05T17:34:23+00:00,20000.0,SUCCESS,False,TXN_00051664
ATM_0003176,SYN1000007669,ATM_SYN_8411,LOC_00017,2024-08-07T18:45:51+00:00,5000.0,SUCCESS,False,TXN_00051665
ATM_0003177,SYN1000009459,ATM_SYN_7301,LOC_00316,2024-09-06T10:10:22+00:00,1000.0,SUCCESS,False,TXN_00051666
ATM_0003178,SYN1000006509,ATM_SYN_9763,LOC_00294,2024-09-08T02:15:16+00:00,5000.0,SUCCESS,False,TXN_00051667
ATM_0003179,SYN1000007019,ATM_SYN_6676,LOC_00084,2024-09-07T14:41:10+00:00,2000.0,SUCCESS,False,TXN_00051668
ATM_0003180,SYN1000008385,ATM_SYN_2393,LOC_00114,2024-08-13T12:25:25+00:00,20000.0,SUCCESS,False,TXN_00051669
ATM_0003181,SYN1000003600,ATM_SYN_4784,LOC_00382,2024-08-18T17:38:25+00:00,2000.0,SUCCESS,False,TXN_00051670
ATM_0003182,SYN1000004305,ATM_SYN_9211,LOC_00354,2024-08-24T07:29:53+00:00,2000.0,SUCCESS,False,TXN_00051671
ATM_0003183,SYN1000008464,ATM_SYN_9386,LOC_00166,2024-08-11T15:25:20+00:00,2000.0,SUCCESS,False,TXN_00051672
ATM_0003184,SYN1000008994,ATM_SYN_3798,LOC_00271,2024-08-07T02:53:52+00:00,2000.0,SUCCESS,False,TXN_00051673
ATM_0003185,SYN1000003953,ATM_SYN_5070,LOC_00241,2024-09-08T04:37:37+00:00,15000.0,SUCCESS,False,TXN_00051674
ATM_0003186,SYN1000002688,ATM_SYN_7911,LOC_00257,2024-08-11T03:27:59+00:00,15000.0,SUCCESS,False,TXN_00051675
ATM_0003187,SYN1000000527,ATM_SYN_3152,LOC_00202,2024-08-11T20:41:29+00:00,1000.0,SUCCESS,False,TXN_00051676
ATM_0003188,SYN1000006878,ATM_SYN_5139,LOC_00139,2024-08-13T20:35:06+00:00,15000.0,SUCCESS,False,TXN_00051677
ATM_0003189,SYN1000000257,ATM_SYN_9061,LOC_00181,2024-08-07T07:24:55+00:00,5000.0,SUCCESS,False,TXN_00051678
ATM_0003190,SYN1000002501,ATM_SYN_9547,LOC_00094,2024-08-17T16:32:03+00:00,20000.0,SUCCESS,False,TXN_00051679
ATM_0003191,SYN1000004704,ATM_SYN_7432,LOC_00191,2024-08-27T02:58:18+00:00,1000.0,SUCCESS,False,TXN_00051680
ATM_0003192,SYN1000006858,ATM_SYN_4499,LOC_00392,2024-08-23T05:46:51+00:00,2000.0,SUCCESS,False,TXN_00051681
ATM_0003193,SYN1000006182,ATM_SYN_4958,LOC_00183,2024-08-20T00:04:30+00:00,20000.0,SUCCESS,False,TXN_00051682
ATM_0003194,SYN1000009178,ATM_SYN_1754,LOC_00270,2024-09-09T19:53:25+00:00,15000.0,SUCCESS,False,TXN_00051683
ATM_0003195,SYN1000008988,ATM_SYN_2719,LOC_00279,2024-08-29T11:07:55+00:00,20000.0,SUCCESS,False,TXN_00051684
ATM_0003196,SYN1000009609,ATM_SYN_3701,LOC_00423,2024-08-10T07:18:08+00:00,5000.0,SUCCESS,False,TXN_00051685
ATM_0003197,SYN1000008845,ATM_SYN_5056,LOC_00027,2024-08-06T16:29:23+00:00,1000.0,SUCCESS,False,TXN_00051686
ATM_0003198,SYN1000004160,ATM_SYN_3572,LOC_00394,2024-09-04T00:30:17+00:00,10000.0,SUCCESS,False,TXN_00051687
ATM_0003199,SYN1000004843,ATM_SYN_6091,LOC_00203,2024-09-03T16:14:07+00:00,1000.0,SUCCESS,False,TXN_00051688
ATM_0003200,SYN1000000539,ATM_SYN_6059,LOC_00122,2024-08-29T12:33:55+00:00,5000.0,SUCCESS,False,TXN_00051689
ATM_0003201,SYN1000006428,ATM_SYN_6220,LOC_00135,2024-08-12T12:15:12+00:00,10000.0,SUCCESS,False,TXN_00051690
ATM_0003202,SYN1000006660,ATM_SYN_3811,LOC_00029,2024-08-24T20:48:46+00:00,10000.0,SUCCESS,False,TXN_00051691
ATM_0003203,SYN1000008746,ATM_SYN_7413,LOC_00312,2024-08-20T10:06:39+00:00,15000.0,SUCCESS,False,TXN_00051692
ATM_0003204,SYN1000001442,ATM_SYN_9500,LOC_00353,2024-09-02T09:51:11+00:00,3000.0,SUCCESS,False,TXN_00051693
ATM_0003205,SYN1000000944,ATM_SYN_2354,LOC_00430,2024-08-17T01:25:57+00:00,15000.0,SUCCESS,False,TXN_00051694
ATM_0003206,SYN1000005791,ATM_SYN_4769,LOC_00027,2024-08-21T20:04:49+00:00,10000.0,SUCCESS,False,TXN_00051695
ATM_0003207,SYN1000002319,ATM_SYN_1226,LOC_00209,2024-09-04T12:19:48+00:00,5000.0,SUCCESS,False,TXN_00051696
ATM_0003208,SYN1000005233,ATM_SYN_6103,LOC_00040,2024-09-05T11:14:54+00:00,5000.0,SUCCESS,False,TXN_00051697
ATM_0003209,SYN1000006905,ATM_SYN_2205,LOC_00073,2024-08-27T02:25:31+00:00,15000.0,SUCCESS,False,TXN_00051698
ATM_0003210,SYN1000003798,ATM_SYN_9210,LOC_00027,2024-08-12T09:29:20+00:00,1000.0,SUCCESS,False,TXN_00051699
ATM_0003211,SYN1000004606,ATM_SYN_5586,LOC_00129,2024-08-30T04:35:21+00:00,3000.0,SUCCESS,False,TXN_00051700
ATM_0003212,SYN1000007622,ATM_SYN_6545,LOC_00189,2024-08-30T20:05:54+00:00,10000.0,SUCCESS,False,TXN_00051701
ATM_0003213,SYN1000007695,ATM_SYN_5486,LOC_00174,2024-08-02T11:13:16+00:00,5000.0,SUCCESS,False,TXN_00051702
ATM_0003214,SYN1000002159,ATM_SYN_5598,LOC_00131,2024-08-29T19:46:56+00:00,10000.0,SUCCESS,False,TXN_00051703
ATM_0003215,SYN1000008870,ATM_SYN_3806,LOC_00232,2024-09-05T03:10:40+00:00,1000.0,SUCCESS,False,TXN_00051704
ATM_0003216,SYN1000005378,ATM_SYN_2537,LOC_00425,2024-08-31T05:57:15+00:00,15000.0,SUCCESS,False,TXN_00051705
ATM_0003217,SYN1000005497,ATM_SYN_3915,LOC_00044,2024-08-19T05:58:14+00:00,15000.0,SUCCESS,False,TXN_00051706
ATM_0003218,SYN1000009800,ATM_SYN_1111,LOC_00449,2024-09-10T15:07:33+00:00,10000.0,SUCCESS,False,TXN_00051707
ATM_0003219,SYN1000006726,ATM_SYN_4978,LOC_00120,2024-09-04T10:17:04+00:00,20000.0,SUCCESS,False,TXN_00051708
ATM_0003220,SYN1000003064,ATM_SYN_4269,LOC_00218,2024-08-26T22:26:44+00:00,5000.0,SUCCESS,False,TXN_00051709
ATM_0003221,SYN1000000794,ATM_SYN_7600,LOC_00048,2024-08-19T00:14:20+00:00,20000.0,SUCCESS,False,TXN_00051710
ATM_0003222,SYN1000000170,ATM_SYN_3512,LOC_00121,2024-08-20T06:43:58+00:00,3000.0,SUCCESS,False,TXN_00051711
ATM_0003223,SYN1000005209,ATM_SYN_9788,LOC_00396,2024-09-07T18:25:11+00:00,5000.0,SUCCESS,False,TXN_00051712
ATM_0003224,SYN1000002048,ATM_SYN_7489,LOC_00057,2024-09-02T10:22:56+00:00,10000.0,SUCCESS,False,TXN_00051713
ATM_0003225,SYN1000004234,ATM_SYN_8739,LOC_00479,2024-08-14T23:27:51+00:00,1000.0,SUCCESS,False,TXN_00051714
ATM_0003226,SYN1000004962,ATM_SYN_2540,LOC_00184,2024-09-03T08:02:22+00:00,3000.0,SUCCESS,False,TXN_00051715
ATM_0003227,SYN1000009579,ATM_SYN_6833,LOC_00096,2024-08-04T16:01:54+00:00,2000.0,SUCCESS,False,TXN_00051716
ATM_0003228,SYN1000001705,ATM_SYN_9183,LOC_00086,2024-08-13T19:18:16+00:00,2000.0,SUCCESS,False,TXN_00051717
ATM_0003229,SYN1000007609,ATM_SYN_4062,LOC_00090,2024-09-01T12:39:42+00:00,10000.0,SUCCESS,False,TXN_00051718
ATM_0003230,SYN1000000778,ATM_SYN_8516,LOC_00171,2024-08-02T18:31:57+00:00,10000.0,SUCCESS,False,TXN_00051719
ATM_0003231,SYN1000001101,ATM_SYN_7206,LOC_00296,2024-09-04T13:58:23+00:00,20000.0,SUCCESS,False,TXN_00051720
ATM_0003232,SYN1000006789,ATM_SYN_5453,LOC_00148,2024-08-13T05:37:04+00:00,10000.0,SUCCESS,False,TXN_00051721
ATM_0003233,SYN1000003261,ATM_SYN_6375,LOC_00266,2024-09-05T10:07:31+00:00,3000.0,SUCCESS,False,TXN_00051722
ATM_0003234,SYN1000000168,ATM_SYN_8066,LOC_00072,2024-08-29T00:26:14+00:00,20000.0,SUCCESS,False,TXN_00051723
ATM_0003235,SYN1000004393,ATM_SYN_6164,LOC_00237,2024-09-04T07:09:19+00:00,1000.0,SUCCESS,False,TXN_00051724
ATM_0003236,SYN1000007640,ATM_SYN_4689,LOC_00413,2024-09-08T17:32:02+00:00,1000.0,SUCCESS,False,TXN_00051725
ATM_0003237,SYN1000007788,ATM_SYN_7318,LOC_00479,2024-08-26T15:12:18+00:00,5000.0,SUCCESS,False,TXN_00051726
ATM_0003238,SYN1000000861,ATM_SYN_3195,LOC_00491,2024-08-10T18:33:38+00:00,15000.0,SUCCESS,False,TXN_00051727
ATM_0003239,SYN1000006820,ATM_SYN_8826,LOC_00345,2024-08-06T07:59:23+00:00,5000.0,SUCCESS,False,TXN_00051728
ATM_0003240,SYN1000002359,ATM_SYN_7547,LOC_00301,2024-09-10T23:34:52+00:00,2000.0,SUCCESS,False,TXN_00051729
ATM_0003241,SYN1000002115,ATM_SYN_4269,LOC_00374,2024-08-21T22:59:37+00:00,10000.0,SUCCESS,False,TXN_00051730
ATM_0003242,SYN1000007743,ATM_SYN_9768,LOC_00430,2024-08-29T17:10:23+00:00,15000.0,SUCCESS,False,TXN_00051731
ATM_0003243,SYN1000004787,ATM_SYN_4460,LOC_00048,2024-09-05T02:59:54+00:00,10000.0,SUCCESS,False,TXN_00051732
ATM_0003244,SYN1000000952,ATM_SYN_3684,LOC_00403,2024-08-04T21:52:42+00:00,3000.0,SUCCESS,False,TXN_00051733
ATM_0003245,SYN1000005467,ATM_SYN_9280,LOC_00470,2024-08-11T11:04:18+00:00,20000.0,SUCCESS,False,TXN_00051734
ATM_0003246,SYN1000009332,ATM_SYN_6963,LOC_00201,2024-08-02T22:34:55+00:00,15000.0,SUCCESS,False,TXN_00051735
ATM_0003247,SYN1000001688,ATM_SYN_1585,LOC_00408,2024-08-21T02:55:47+00:00,5000.0,SUCCESS,False,TXN_00051736
ATM_0003248,SYN1000004730,ATM_SYN_4798,LOC_00025,2024-09-10T05:53:21+00:00,1000.0,SUCCESS,False,TXN_00051737
ATM_0003249,SYN1000008910,ATM_SYN_2088,LOC_00441,2024-08-27T02:19:02+00:00,1000.0,SUCCESS,False,TXN_00051738
ATM_0003250,SYN1000004430,ATM_SYN_1280,LOC_00356,2024-08-29T07:30:58+00:00,20000.0,SUCCESS,False,TXN_00051739
ATM_0003251,SYN1000002046,ATM_SYN_3296,LOC_00351,2024-08-12T08:01:12+00:00,20000.0,SUCCESS,False,TXN_00051740
ATM_0003252,SYN1000001950,ATM_SYN_4980,LOC_00288,2024-08-24T12:13:46+00:00,15000.0,SUCCESS,False,TXN_00051741
ATM_0003253,SYN1000001845,ATM_SYN_4928,LOC_00082,2024-08-30T01:11:23+00:00,15000.0,SUCCESS,False,TXN_00051742
ATM_0003254,SYN1000005256,ATM_SYN_2319,LOC_00045,2024-09-05T08:09:44+00:00,2000.0,SUCCESS,False,TXN_00051743
ATM_0003255,SYN1000006726,ATM_SYN_8512,LOC_00391,2024-09-03T16:41:33+00:00,15000.0,SUCCESS,False,TXN_00051744
ATM_0003256,SYN1000001707,ATM_SYN_3296,LOC_00406,2024-08-18T19:25:33+00:00,10000.0,SUCCESS,False,TXN_00051745
ATM_0003257,SYN1000006665,ATM_SYN_2047,LOC_00154,2024-08-20T02:08:15+00:00,3000.0,SUCCESS,False,TXN_00051746
ATM_0003258,SYN1000005998,ATM_SYN_7442,LOC_00174,2024-09-04T17:13:20+00:00,2000.0,SUCCESS,False,TXN_00051747
ATM_0003259,SYN1000008493,ATM_SYN_1796,LOC_00241,2024-09-08T03:56:16+00:00,10000.0,SUCCESS,False,TXN_00051748
ATM_0003260,SYN1000003472,ATM_SYN_9079,LOC_00420,2024-09-07T15:23:00+00:00,5000.0,SUCCESS,False,TXN_00051749
ATM_0003261,SYN1000008277,ATM_SYN_2732,LOC_00438,2024-08-10T16:52:20+00:00,5000.0,SUCCESS,False,TXN_00051750
ATM_0003262,SYN1000002449,ATM_SYN_5088,LOC_00347,2024-08-14T04:30:59+00:00,2000.0,SUCCESS,False,TXN_00051751
ATM_0003263,SYN1000004004,ATM_SYN_7291,LOC_00351,2024-08-15T23:04:05+00:00,2000.0,SUCCESS,False,TXN_00051752
ATM_0003264,SYN1000005893,ATM_SYN_4414,LOC_00490,2024-08-24T23:01:16+00:00,5000.0,SUCCESS,False,TXN_00051753
ATM_0003265,SYN1000007193,ATM_SYN_8640,LOC_00433,2024-08-10T00:08:34+00:00,10000.0,SUCCESS,False,TXN_00051754
ATM_0003266,SYN1000000591,ATM_SYN_1291,LOC_00364,2024-08-16T07:55:26+00:00,10000.0,SUCCESS,False,TXN_00051755
ATM_0003267,SYN1000002887,ATM_SYN_7643,LOC_00316,2024-08-09T05:09:54+00:00,1000.0,SUCCESS,False,TXN_00051756
ATM_0003268,SYN1000003632,ATM_SYN_6829,LOC_00178,2024-09-09T23:04:40+00:00,2000.0,SUCCESS,False,TXN_00051757
ATM_0003269,SYN1000009055,ATM_SYN_1641,LOC_00093,2024-08-04T03:28:51+00:00,3000.0,SUCCESS,False,TXN_00051758
ATM_0003270,SYN1000006392,ATM_SYN_9675,LOC_00078,2024-08-09T02:47:38+00:00,10000.0,SUCCESS,False,TXN_00051759
ATM_0003271,SYN1000009224,ATM_SYN_6692,LOC_00331,2024-08-10T12:00:27+00:00,10000.0,SUCCESS,False,TXN_00051760
ATM_0003272,SYN1000008813,ATM_SYN_3684,LOC_00145,2024-08-06T02:26:31+00:00,3000.0,SUCCESS,False,TXN_00051761
ATM_0003273,SYN1000004864,ATM_SYN_3075,LOC_00306,2024-08-12T22:37:32+00:00,2000.0,SUCCESS,False,TXN_00051762
ATM_0003274,SYN1000007546,ATM_SYN_9681,LOC_00125,2024-09-07T02:30:57+00:00,3000.0,SUCCESS,False,TXN_00051763
ATM_0003275,SYN1000007567,ATM_SYN_4149,LOC_00176,2024-08-20T14:02:58+00:00,20000.0,SUCCESS,False,TXN_00051764
ATM_0003276,SYN1000009343,ATM_SYN_8868,LOC_00378,2024-08-31T04:12:06+00:00,2000.0,SUCCESS,False,TXN_00051765
ATM_0003277,SYN1000008956,ATM_SYN_6468,LOC_00222,2024-08-12T13:50:18+00:00,10000.0,SUCCESS,False,TXN_00051766
ATM_0003278,SYN1000001595,ATM_SYN_9446,LOC_00398,2024-08-24T02:43:07+00:00,3000.0,SUCCESS,False,TXN_00051767
ATM_0003279,SYN1000002527,ATM_SYN_2708,LOC_00027,2024-09-03T22:23:54+00:00,3000.0,SUCCESS,False,TXN_00051768
ATM_0003280,SYN1000004726,ATM_SYN_9948,LOC_00074,2024-09-10T10:13:40+00:00,20000.0,SUCCESS,False,TXN_00051769
ATM_0003281,SYN1000008025,ATM_SYN_8073,LOC_00384,2024-08-24T01:04:58+00:00,3000.0,SUCCESS,False,TXN_00051770
ATM_0003282,SYN1000004893,ATM_SYN_3338,LOC_00016,2024-09-02T17:35:05+00:00,10000.0,SUCCESS,False,TXN_00051771
ATM_0003283,SYN1000005438,ATM_SYN_3216,LOC_00339,2024-08-28T10:25:21+00:00,3000.0,SUCCESS,False,TXN_00051772
ATM_0003284,SYN1000001491,ATM_SYN_4342,LOC_00461,2024-08-21T04:22:01+00:00,1000.0,SUCCESS,False,TXN_00051773
ATM_0003285,SYN1000005787,ATM_SYN_8914,LOC_00059,2024-08-11T18:48:24+00:00,15000.0,SUCCESS,False,TXN_00051774
ATM_0003286,SYN1000003412,ATM_SYN_8221,LOC_00044,2024-08-10T15:41:45+00:00,5000.0,SUCCESS,False,TXN_00051775
ATM_0003287,SYN1000001578,ATM_SYN_9043,LOC_00082,2024-08-08T05:29:08+00:00,2000.0,SUCCESS,False,TXN_00051776
ATM_0003288,SYN1000009518,ATM_SYN_3141,LOC_00385,2024-08-25T01:44:03+00:00,1000.0,SUCCESS,False,TXN_00051777
ATM_0003289,SYN1000000346,ATM_SYN_3172,LOC_00155,2024-08-24T22:18:56+00:00,1000.0,SUCCESS,False,TXN_00051778
ATM_0003290,SYN1000001298,ATM_SYN_3903,LOC_00150,2024-08-26T13:59:26+00:00,2000.0,SUCCESS,False,TXN_00051779
ATM_0003291,SYN1000001324,ATM_SYN_5678,LOC_00082,2024-09-09T03:07:44+00:00,5000.0,SUCCESS,False,TXN_00051780
ATM_0003292,SYN1000009461,ATM_SYN_1297,LOC_00283,2024-08-15T12:35:46+00:00,1000.0,SUCCESS,False,TXN_00051781
ATM_0003293,SYN1000009352,ATM_SYN_9025,LOC_00030,2024-09-08T22:46:53+00:00,1000.0,SUCCESS,False,TXN_00051782
ATM_0003294,SYN1000001322,ATM_SYN_6094,LOC_00061,2024-08-10T01:57:29+00:00,2000.0,SUCCESS,False,TXN_00051783
ATM_0003295,SYN1000005442,ATM_SYN_7175,LOC_00355,2024-08-26T07:23:26+00:00,15000.0,SUCCESS,False,TXN_00051784
ATM_0003296,SYN1000009363,ATM_SYN_8427,LOC_00213,2024-08-26T01:35:40+00:00,15000.0,SUCCESS,False,TXN_00051785
ATM_0003297,SYN1000001511,ATM_SYN_9557,LOC_00076,2024-09-01T17:26:43+00:00,10000.0,SUCCESS,False,TXN_00051786
ATM_0003298,SYN1000007160,ATM_SYN_9490,LOC_00451,2024-08-12T22:37:33+00:00,20000.0,SUCCESS,False,TXN_00051787
ATM_0003299,SYN1000009265,ATM_SYN_6031,LOC_00454,2024-09-05T10:09:57+00:00,10000.0,SUCCESS,False,TXN_00051788
ATM_0003300,SYN1000001923,ATM_SYN_9442,LOC_00377,2024-08-19T04:46:04+00:00,15000.0,SUCCESS,False,TXN_00051789
ATM_0003301,SYN1000003972,ATM_SYN_6411,LOC_00203,2024-08-10T21:58:41+00:00,1000.0,SUCCESS,False,TXN_00051790
ATM_0003302,SYN1000003826,ATM_SYN_9062,LOC_00152,2024-08-09T20:22:56+00:00,3000.0,SUCCESS,False,TXN_00051791
ATM_0003303,SYN1000007074,ATM_SYN_2527,LOC_00408,2024-08-28T01:52:59+00:00,20000.0,SUCCESS,False,TXN_00051792
ATM_0003304,SYN1000000328,ATM_SYN_7846,LOC_00245,2024-08-15T03:05:25+00:00,3000.0,SUCCESS,False,TXN_00051793
ATM_0003305,SYN1000000586,ATM_SYN_9447,LOC_00160,2024-08-05T21:17:42+00:00,2000.0,SUCCESS,False,TXN_00051794
ATM_0003306,SYN1000002409,ATM_SYN_1119,LOC_00417,2024-08-14T23:12:14+00:00,5000.0,SUCCESS,False,TXN_00051795
ATM_0003307,SYN1000006033,ATM_SYN_7215,LOC_00033,2024-08-04T19:32:34+00:00,3000.0,SUCCESS,False,TXN_00051796
ATM_0003308,SYN1000009803,ATM_SYN_2675,LOC_00033,2024-08-06T02:01:57+00:00,15000.0,SUCCESS,False,TXN_00051797
ATM_0003309,SYN1000001973,ATM_SYN_8114,LOC_00051,2024-08-10T02:35:51+00:00,3000.0,SUCCESS,False,TXN_00051798
ATM_0003310,SYN1000001647,ATM_SYN_9749,LOC_00455,2024-09-03T01:50:22+00:00,5000.0,SUCCESS,False,TXN_00051799
ATM_0003311,SYN1000006465,ATM_SYN_3142,LOC_00377,2024-08-23T14:42:57+00:00,15000.0,SUCCESS,False,TXN_00051800
ATM_0003312,SYN1000002229,ATM_SYN_3395,LOC_00349,2024-08-17T16:23:20+00:00,15000.0,SUCCESS,False,TXN_00051801
ATM_0003313,SYN1000002413,ATM_SYN_4947,LOC_00054,2024-08-30T21:10:24+00:00,20000.0,SUCCESS,False,TXN_00051802
ATM_0003314,SYN1000008383,ATM_SYN_2191,LOC_00083,2024-08-10T08:51:20+00:00,20000.0,SUCCESS,False,TXN_00051803
ATM_0003315,SYN1000005473,ATM_SYN_7979,LOC_00102,2024-09-01T15:43:19+00:00,3000.0,SUCCESS,False,TXN_00051804
ATM_0003316,SYN1000008657,ATM_SYN_8542,LOC_00136,2024-09-02T16:42:33+00:00,15000.0,SUCCESS,False,TXN_00051805
ATM_0003317,SYN1000007431,ATM_SYN_8683,LOC_00162,2024-08-09T06:55:40+00:00,10000.0,SUCCESS,False,TXN_00051806
ATM_0003318,SYN1000009361,ATM_SYN_1272,LOC_00095,2024-08-23T05:56:55+00:00,1000.0,SUCCESS,False,TXN_00051807
ATM_0003319,SYN1000006518,ATM_SYN_7218,LOC_00368,2024-08-08T06:03:42+00:00,3000.0,SUCCESS,False,TXN_00051808
ATM_0003320,SYN1000006713,ATM_SYN_5958,LOC_00234,2024-08-20T02:31:31+00:00,2000.0,SUCCESS,False,TXN_00051809
ATM_0003321,SYN1000005122,ATM_SYN_9083,LOC_00029,2024-08-13T21:54:56+00:00,20000.0,SUCCESS,False,TXN_00051810
ATM_0003322,SYN1000002017,ATM_SYN_7277,LOC_00042,2024-08-25T16:36:14+00:00,1000.0,SUCCESS,False,TXN_00051811
ATM_0003323,SYN1000007075,ATM_SYN_4181,LOC_00402,2024-09-05T07:04:29+00:00,2000.0,SUCCESS,False,TXN_00051812
ATM_0003324,SYN1000002681,ATM_SYN_6649,LOC_00017,2024-08-25T15:46:05+00:00,10000.0,SUCCESS,False,TXN_00051813
ATM_0003325,SYN1000003990,ATM_SYN_6757,LOC_00387,2024-08-26T06:58:03+00:00,1000.0,SUCCESS,False,TXN_00051814
ATM_0003326,SYN1000009382,ATM_SYN_3389,LOC_00131,2024-08-05T16:48:52+00:00,2000.0,SUCCESS,False,TXN_00051815
ATM_0003327,SYN1000008713,ATM_SYN_3236,LOC_00319,2024-08-12T21:30:15+00:00,15000.0,SUCCESS,False,TXN_00051816
ATM_0003328,SYN1000008172,ATM_SYN_7004,LOC_00223,2024-09-01T21:51:13+00:00,5000.0,SUCCESS,False,TXN_00051817
ATM_0003329,SYN1000007790,ATM_SYN_9778,LOC_00370,2024-08-09T14:28:53+00:00,2000.0,SUCCESS,False,TXN_00051818
ATM_0003330,SYN1000002613,ATM_SYN_8502,LOC_00271,2024-09-09T02:49:10+00:00,5000.0,SUCCESS,False,TXN_00051819
ATM_0003331,SYN1000008596,ATM_SYN_5654,LOC_00182,2024-08-27T06:38:43+00:00,1000.0,SUCCESS,False,TXN_00051820
ATM_0003332,SYN1000003340,ATM_SYN_1976,LOC_00083,2024-08-02T00:45:57+00:00,20000.0,SUCCESS,False,TXN_00051821
ATM_0003333,SYN1000001013,ATM_SYN_8537,LOC_00171,2024-08-10T18:53:05+00:00,15000.0,SUCCESS,False,TXN_00051822
ATM_0003334,SYN1000009701,ATM_SYN_2434,LOC_00407,2024-08-08T17:01:35+00:00,5000.0,SUCCESS,False,TXN_00051823
ATM_0003335,SYN1000006885,ATM_SYN_7927,LOC_00472,2024-08-03T03:26:28+00:00,1000.0,SUCCESS,False,TXN_00051824
ATM_0003336,SYN1000002237,ATM_SYN_6940,LOC_00408,2024-08-08T11:58:08+00:00,20000.0,SUCCESS,False,TXN_00051825
ATM_0003337,SYN1000008041,ATM_SYN_9104,LOC_00275,2024-08-16T07:01:32+00:00,20000.0,SUCCESS,False,TXN_00051826
ATM_0003338,SYN1000007330,ATM_SYN_4732,LOC_00331,2024-08-03T04:22:54+00:00,15000.0,SUCCESS,False,TXN_00051827
ATM_0003339,SYN1000009655,ATM_SYN_2695,LOC_00219,2024-08-03T03:47:39+00:00,1000.0,SUCCESS,False,TXN_00051828
ATM_0003340,SYN1000003303,ATM_SYN_3152,LOC_00117,2024-08-27T22:09:43+00:00,2000.0,SUCCESS,False,TXN_00051829
ATM_0003341,SYN1000004745,ATM_SYN_5819,LOC_00435,2024-08-30T03:34:57+00:00,20000.0,SUCCESS,False,TXN_00051830
ATM_0003342,SYN1000008521,ATM_SYN_8072,LOC_00326,2024-08-10T21:20:55+00:00,10000.0,SUCCESS,False,TXN_00051831
ATM_0003343,SYN1000004182,ATM_SYN_1725,LOC_00084,2024-09-10T20:14:46+00:00,15000.0,SUCCESS,False,TXN_00051832
ATM_0003344,SYN1000008204,ATM_SYN_9757,LOC_00112,2024-08-31T03:25:12+00:00,20000.0,SUCCESS,False,TXN_00051833
ATM_0003345,SYN1000006919,ATM_SYN_5669,LOC_00386,2024-09-03T08:33:54+00:00,2000.0,SUCCESS,False,TXN_00051834
ATM_0003346,SYN1000000036,ATM_SYN_8035,LOC_00088,2024-09-09T02:33:27+00:00,20000.0,SUCCESS,False,TXN_00051835
ATM_0003347,SYN1000006020,ATM_SYN_1150,LOC_00055,2024-08-07T23:33:42+00:00,10000.0,SUCCESS,False,TXN_00051836
ATM_0003348,SYN1000005127,ATM_SYN_3630,LOC_00244,2024-08-27T13:01:31+00:00,15000.0,SUCCESS,False,TXN_00051837
ATM_0003349,SYN1000003785,ATM_SYN_7265,LOC_00179,2024-08-15T22:42:50+00:00,1000.0,SUCCESS,False,TXN_00051838
ATM_0003350,SYN1000003532,ATM_SYN_6581,LOC_00477,2024-08-28T04:48:33+00:00,3000.0,SUCCESS,False,TXN_00051839
ATM_0003351,SYN1000003424,ATM_SYN_8190,LOC_00330,2024-09-07T11:01:38+00:00,15000.0,SUCCESS,False,TXN_00051840
ATM_0003352,SYN1000001116,ATM_SYN_7865,LOC_00113,2024-08-08T14:07:59+00:00,15000.0,SUCCESS,False,TXN_00051841
ATM_0003353,SYN1000007323,ATM_SYN_6812,LOC_00290,2024-08-08T06:30:35+00:00,10000.0,SUCCESS,False,TXN_00051842
ATM_0003354,SYN1000005013,ATM_SYN_9661,LOC_00187,2024-09-10T16:03:39+00:00,1000.0,SUCCESS,False,TXN_00051843
ATM_0003355,SYN1000002329,ATM_SYN_5199,LOC_00059,2024-08-22T05:40:16+00:00,10000.0,SUCCESS,False,TXN_00051844
ATM_0003356,SYN1000005312,ATM_SYN_3315,LOC_00090,2024-08-05T10:13:30+00:00,10000.0,SUCCESS,False,TXN_00051845
ATM_0003357,SYN1000008395,ATM_SYN_3845,LOC_00033,2024-09-01T22:35:04+00:00,10000.0,SUCCESS,False,TXN_00051846
ATM_0003358,SYN1000004819,ATM_SYN_7110,LOC_00261,2024-09-08T12:28:04+00:00,3000.0,SUCCESS,False,TXN_00051847
ATM_0003359,SYN1000001945,ATM_SYN_1503,LOC_00042,2024-09-01T08:19:07+00:00,20000.0,SUCCESS,False,TXN_00051848
ATM_0003360,SYN1000003622,ATM_SYN_5534,LOC_00451,2024-08-27T19:16:04+00:00,3000.0,SUCCESS,False,TXN_00051849
ATM_0003361,SYN1000000142,ATM_SYN_8375,LOC_00231,2024-08-04T10:23:51+00:00,20000.0,SUCCESS,False,TXN_00051850
ATM_0003362,SYN1000005379,ATM_SYN_8163,LOC_00188,2024-08-18T08:49:09+00:00,3000.0,SUCCESS,False,TXN_00051851
ATM_0003363,SYN1000008312,ATM_SYN_3969,LOC_00159,2024-08-16T04:11:11+00:00,3000.0,SUCCESS,False,TXN_00051852
ATM_0003364,SYN1000007278,ATM_SYN_9591,LOC_00095,2024-09-01T01:31:28+00:00,1000.0,SUCCESS,False,TXN_00051853
ATM_0003365,SYN1000009632,ATM_SYN_9825,LOC_00222,2024-08-14T03:26:42+00:00,3000.0,SUCCESS,False,TXN_00051854
ATM_0003366,SYN1000008397,ATM_SYN_4799,LOC_00398,2024-08-07T00:19:26+00:00,15000.0,SUCCESS,False,TXN_00051855
ATM_0003367,SYN1000008272,ATM_SYN_7406,LOC_00046,2024-08-12T21:33:15+00:00,2000.0,SUCCESS,False,TXN_00051856
ATM_0003368,SYN1000007794,ATM_SYN_5891,LOC_00305,2024-08-19T23:59:13+00:00,3000.0,SUCCESS,False,TXN_00051857
ATM_0003369,SYN1000004602,ATM_SYN_5359,LOC_00338,2024-08-17T12:13:28+00:00,10000.0,SUCCESS,False,TXN_00051858
ATM_0003370,SYN1000001724,ATM_SYN_1894,LOC_00071,2024-08-06T12:50:49+00:00,10000.0,SUCCESS,False,TXN_00051859
ATM_0003371,SYN1000006804,ATM_SYN_9325,LOC_00206,2024-09-02T22:38:33+00:00,2000.0,SUCCESS,False,TXN_00051860
ATM_0003372,SYN1000000147,ATM_SYN_8187,LOC_00017,2024-08-20T02:18:13+00:00,10000.0,SUCCESS,False,TXN_00051861
ATM_0003373,SYN1000005267,ATM_SYN_6226,LOC_00335,2024-08-10T17:50:27+00:00,5000.0,SUCCESS,False,TXN_00051862
ATM_0003374,SYN1000009035,ATM_SYN_4723,LOC_00188,2024-08-11T02:18:26+00:00,10000.0,SUCCESS,False,TXN_00051863
ATM_0003375,SYN1000009930,ATM_SYN_5573,LOC_00472,2024-08-24T19:34:58+00:00,20000.0,SUCCESS,False,TXN_00051864
ATM_0003376,SYN1000003808,ATM_SYN_1775,LOC_00192,2024-08-04T19:43:27+00:00,15000.0,SUCCESS,False,TXN_00051865
ATM_0003377,SYN1000000328,ATM_SYN_5272,LOC_00247,2024-09-02T08:07:38+00:00,1000.0,SUCCESS,False,TXN_00051866
ATM_0003378,SYN1000001100,ATM_SYN_4419,LOC_00148,2024-08-12T17:33:09+00:00,10000.0,SUCCESS,False,TXN_00051867
ATM_0003379,SYN1000001863,ATM_SYN_3216,LOC_00443,2024-08-25T23:51:39+00:00,5000.0,SUCCESS,False,TXN_00051868
ATM_0003380,SYN1000002915,ATM_SYN_4401,LOC_00189,2024-08-02T04:28:20+00:00,5000.0,SUCCESS,False,TXN_00051869
ATM_0003381,SYN1000008616,ATM_SYN_7629,LOC_00075,2024-08-07T07:36:09+00:00,10000.0,SUCCESS,False,TXN_00051870
ATM_0003382,SYN1000007407,ATM_SYN_5069,LOC_00173,2024-08-14T21:47:44+00:00,20000.0,SUCCESS,False,TXN_00051871
ATM_0003383,SYN1000003965,ATM_SYN_4273,LOC_00012,2024-08-12T20:01:05+00:00,15000.0,SUCCESS,False,TXN_00051872
ATM_0003384,SYN1000005151,ATM_SYN_1120,LOC_00174,2024-08-28T11:38:47+00:00,3000.0,SUCCESS,False,TXN_00051873
ATM_0003385,SYN1000001205,ATM_SYN_9572,LOC_00292,2024-08-09T02:08:39+00:00,5000.0,SUCCESS,False,TXN_00051874
ATM_0003386,SYN1000001490,ATM_SYN_4658,LOC_00181,2024-08-11T19:28:11+00:00,10000.0,SUCCESS,False,TXN_00051875
ATM_0003387,SYN1000008606,ATM_SYN_5900,LOC_00410,2024-08-04T12:39:46+00:00,1000.0,SUCCESS,False,TXN_00051876
ATM_0003388,SYN1000009396,ATM_SYN_4548,LOC_00372,2024-08-25T02:56:45+00:00,1000.0,SUCCESS,False,TXN_00051877
ATM_0003389,SYN1000003002,ATM_SYN_9819,LOC_00085,2024-08-17T00:53:18+00:00,10000.0,SUCCESS,False,TXN_00051878
ATM_0003390,SYN1000008921,ATM_SYN_4138,LOC_00082,2024-08-21T16:36:25+00:00,10000.0,SUCCESS,False,TXN_00051879
ATM_0003391,SYN1000008815,ATM_SYN_8276,LOC_00459,2024-08-17T20:04:22+00:00,10000.0,SUCCESS,False,TXN_00051880
ATM_0003392,SYN1000000893,ATM_SYN_6271,LOC_00119,2024-08-21T23:32:16+00:00,2000.0,SUCCESS,False,TXN_00051881
ATM_0003393,SYN1000006699,ATM_SYN_8105,LOC_00259,2024-08-26T12:31:29+00:00,3000.0,SUCCESS,False,TXN_00051882
ATM_0003394,SYN1000005467,ATM_SYN_5296,LOC_00262,2024-08-14T11:41:01+00:00,1000.0,SUCCESS,False,TXN_00051883
ATM_0003395,SYN1000004927,ATM_SYN_7728,LOC_00487,2024-08-27T08:28:25+00:00,10000.0,SUCCESS,False,TXN_00051884
ATM_0003396,SYN1000004795,ATM_SYN_4931,LOC_00228,2024-08-11T03:56:18+00:00,5000.0,SUCCESS,False,TXN_00051885
ATM_0003397,SYN1000004134,ATM_SYN_8423,LOC_00052,2024-08-02T06:20:11+00:00,15000.0,SUCCESS,False,TXN_00051886
ATM_0003398,SYN1000005236,ATM_SYN_9491,LOC_00423,2024-08-02T18:15:00+00:00,15000.0,SUCCESS,False,TXN_00051887
ATM_0003399,SYN1000006376,ATM_SYN_3065,LOC_00343,2024-08-03T00:55:09+00:00,3000.0,SUCCESS,False,TXN_00051888
ATM_0003400,SYN1000004062,ATM_SYN_5302,LOC_00197,2024-08-02T22:54:28+00:00,10000.0,SUCCESS,False,TXN_00051889
ATM_0003401,SYN1000004410,ATM_SYN_5208,LOC_00024,2024-09-06T00:02:25+00:00,15000.0,SUCCESS,False,TXN_00051890
ATM_0003402,SYN1000009678,ATM_SYN_1297,LOC_00482,2024-09-03T01:09:24+00:00,2000.0,SUCCESS,False,TXN_00051891
ATM_0003403,SYN1000004932,ATM_SYN_3720,LOC_00126,2024-09-01T11:33:52+00:00,10000.0,SUCCESS,False,TXN_00051892
ATM_0003404,SYN1000002031,ATM_SYN_1826,LOC_00256,2024-08-12T21:31:07+00:00,15000.0,SUCCESS,False,TXN_00051893
ATM_0003405,SYN1000009731,ATM_SYN_2911,LOC_00435,2024-08-19T04:01:28+00:00,10000.0,SUCCESS,False,TXN_00051894
ATM_0003406,SYN1000001722,ATM_SYN_7916,LOC_00322,2024-08-28T12:25:18+00:00,1000.0,SUCCESS,False,TXN_00051895
ATM_0003407,SYN1000005192,ATM_SYN_5128,LOC_00261,2024-08-11T02:55:23+00:00,15000.0,SUCCESS,False,TXN_00051896
ATM_0003408,SYN1000002590,ATM_SYN_5244,LOC_00381,2024-08-12T18:47:59+00:00,20000.0,SUCCESS,False,TXN_00051897
ATM_0003409,SYN1000003571,ATM_SYN_5099,LOC_00316,2024-09-06T03:11:27+00:00,5000.0,SUCCESS,False,TXN_00051898
ATM_0003410,SYN1000002175,ATM_SYN_4543,LOC_00081,2024-08-31T11:56:23+00:00,10000.0,SUCCESS,False,TXN_00051899
ATM_0003411,SYN1000003429,ATM_SYN_3525,LOC_00293,2024-08-16T04:36:38+00:00,20000.0,SUCCESS,False,TXN_00051900
ATM_0003412,SYN1000000217,ATM_SYN_4454,LOC_00442,2024-09-01T05:37:37+00:00,5000.0,SUCCESS,False,TXN_00051901
ATM_0003413,SYN1000003616,ATM_SYN_1172,LOC_00080,2024-09-04T19:47:27+00:00,3000.0,SUCCESS,False,TXN_00051902
ATM_0003414,SYN1000000114,ATM_SYN_9718,LOC_00180,2024-08-07T09:26:21+00:00,20000.0,SUCCESS,False,TXN_00051903
ATM_0003415,SYN1000001035,ATM_SYN_9822,LOC_00243,2024-08-16T22:55:42+00:00,20000.0,SUCCESS,False,TXN_00051904
ATM_0003416,SYN1000004260,ATM_SYN_4887,LOC_00055,2024-08-31T22:12:48+00:00,1000.0,SUCCESS,False,TXN_00051905
ATM_0003417,SYN1000007968,ATM_SYN_4703,LOC_00373,2024-08-19T23:53:59+00:00,15000.0,SUCCESS,False,TXN_00051906
ATM_0003418,SYN1000001277,ATM_SYN_9102,LOC_00367,2024-08-04T17:33:33+00:00,15000.0,SUCCESS,False,TXN_00051907
ATM_0003419,SYN1000009129,ATM_SYN_7445,LOC_00091,2024-09-04T04:11:26+00:00,1000.0,SUCCESS,False,TXN_00051908
ATM_0003420,SYN1000002951,ATM_SYN_7189,LOC_00470,2024-09-05T00:44:31+00:00,10000.0,SUCCESS,False,TXN_00051909
ATM_0003421,SYN1000003034,ATM_SYN_3006,LOC_00182,2024-09-09T21:14:43+00:00,20000.0,SUCCESS,False,TXN_00051910
ATM_0003422,SYN1000007715,ATM_SYN_7536,LOC_00484,2024-08-07T00:17:15+00:00,3000.0,SUCCESS,False,TXN_00051911
ATM_0003423,SYN1000008447,ATM_SYN_5505,LOC_00168,2024-09-09T05:31:15+00:00,3000.0,SUCCESS,False,TXN_00051912
ATM_0003424,SYN1000009178,ATM_SYN_6284,LOC_00245,2024-08-27T18:55:18+00:00,3000.0,SUCCESS,False,TXN_00051913
ATM_0003425,SYN1000005640,ATM_SYN_1313,LOC_00082,2024-08-08T19:57:09+00:00,20000.0,SUCCESS,False,TXN_00051914
ATM_0003426,SYN1000000403,ATM_SYN_2037,LOC_00414,2024-08-25T17:34:12+00:00,15000.0,SUCCESS,False,TXN_00051915
ATM_0003427,SYN1000007244,ATM_SYN_2209,LOC_00178,2024-08-15T07:02:37+00:00,1000.0,SUCCESS,False,TXN_00051916
ATM_0003428,SYN1000008422,ATM_SYN_3063,LOC_00327,2024-08-25T02:12:44+00:00,3000.0,SUCCESS,False,TXN_00051917
ATM_0003429,SYN1000006375,ATM_SYN_2612,LOC_00437,2024-08-05T15:02:35+00:00,15000.0,SUCCESS,False,TXN_00051918
ATM_0003430,SYN1000000685,ATM_SYN_7114,LOC_00092,2024-08-07T12:43:05+00:00,20000.0,SUCCESS,False,TXN_00051919
ATM_0003431,SYN1000004435,ATM_SYN_8336,LOC_00139,2024-08-29T14:17:22+00:00,10000.0,SUCCESS,False,TXN_00051920
ATM_0003432,SYN1000001642,ATM_SYN_8138,LOC_00210,2024-08-28T15:33:05+00:00,5000.0,SUCCESS,False,TXN_00051921
ATM_0003433,SYN1000001487,ATM_SYN_7014,LOC_00012,2024-08-03T14:34:28+00:00,1000.0,SUCCESS,False,TXN_00051922
ATM_0003434,SYN1000004943,ATM_SYN_7080,LOC_00405,2024-08-26T07:17:25+00:00,5000.0,SUCCESS,False,TXN_00051923
ATM_0003435,SYN1000001255,ATM_SYN_8743,LOC_00359,2024-08-22T23:38:19+00:00,10000.0,SUCCESS,False,TXN_00051924
ATM_0003436,SYN1000004400,ATM_SYN_1537,LOC_00056,2024-08-23T01:15:07+00:00,1000.0,SUCCESS,False,TXN_00051925
ATM_0003437,SYN1000006219,ATM_SYN_6263,LOC_00283,2024-09-06T19:58:27+00:00,20000.0,SUCCESS,False,TXN_00051926
ATM_0003438,SYN1000009919,ATM_SYN_9315,LOC_00161,2024-09-04T06:18:20+00:00,15000.0,SUCCESS,False,TXN_00051927
ATM_0003439,SYN1000006494,ATM_SYN_9670,LOC_00417,2024-09-01T10:22:39+00:00,5000.0,SUCCESS,False,TXN_00051928
ATM_0003440,SYN1000009610,ATM_SYN_6945,LOC_00335,2024-08-16T23:26:14+00:00,15000.0,SUCCESS,False,TXN_00051929
ATM_0003441,SYN1000006128,ATM_SYN_6803,LOC_00458,2024-09-09T11:37:33+00:00,1000.0,SUCCESS,False,TXN_00051930
ATM_0003442,SYN1000001883,ATM_SYN_2499,LOC_00397,2024-08-17T04:36:52+00:00,1000.0,SUCCESS,False,TXN_00051931
ATM_0003443,SYN1000005055,ATM_SYN_9433,LOC_00246,2024-08-25T16:56:46+00:00,3000.0,SUCCESS,False,TXN_00051932
ATM_0003444,SYN1000001031,ATM_SYN_1771,LOC_00177,2024-09-10T04:58:11+00:00,20000.0,SUCCESS,False,TXN_00051933
ATM_0003445,SYN1000009844,ATM_SYN_3162,LOC_00466,2024-08-25T09:17:04+00:00,20000.0,SUCCESS,False,TXN_00051934
ATM_0003446,SYN1000001422,ATM_SYN_2050,LOC_00203,2024-08-12T02:07:56+00:00,20000.0,SUCCESS,False,TXN_00051935
ATM_0003447,SYN1000002597,ATM_SYN_4335,LOC_00493,2024-09-03T13:52:35+00:00,10000.0,SUCCESS,False,TXN_00051936
ATM_0003448,SYN1000004415,ATM_SYN_7956,LOC_00451,2024-08-11T19:18:28+00:00,3000.0,SUCCESS,False,TXN_00051937
ATM_0003449,SYN1000008917,ATM_SYN_4657,LOC_00126,2024-08-06T09:52:31+00:00,15000.0,SUCCESS,False,TXN_00051938
ATM_0003450,SYN1000000591,ATM_SYN_7459,LOC_00273,2024-08-28T02:45:23+00:00,10000.0,SUCCESS,False,TXN_00051939
ATM_0003451,SYN1000005915,ATM_SYN_7120,LOC_00030,2024-08-11T08:17:35+00:00,5000.0,SUCCESS,False,TXN_00051940
ATM_0003452,SYN1000000513,ATM_SYN_9563,LOC_00312,2024-08-03T07:19:48+00:00,3000.0,SUCCESS,False,TXN_00051941
ATM_0003453,SYN1000005214,ATM_SYN_1430,LOC_00156,2024-08-02T04:19:59+00:00,2000.0,SUCCESS,False,TXN_00051942
ATM_0003454,SYN1000004433,ATM_SYN_6064,LOC_00039,2024-08-04T11:16:48+00:00,3000.0,SUCCESS,False,TXN_00051943
ATM_0003455,SYN1000005297,ATM_SYN_3047,LOC_00041,2024-08-15T10:05:12+00:00,1000.0,SUCCESS,False,TXN_00051944
ATM_0003456,SYN1000003572,ATM_SYN_7837,LOC_00065,2024-08-19T16:57:07+00:00,5000.0,SUCCESS,False,TXN_00051945
ATM_0003457,SYN1000003054,ATM_SYN_5462,LOC_00473,2024-08-07T15:09:08+00:00,1000.0,SUCCESS,False,TXN_00051946
ATM_0003458,SYN1000009317,ATM_SYN_3509,LOC_00227,2024-08-12T02:28:44+00:00,20000.0,SUCCESS,False,TXN_00051947
ATM_0003459,SYN1000006581,ATM_SYN_9360,LOC_00433,2024-08-31T19:56:47+00:00,1000.0,SUCCESS,False,TXN_00051948
ATM_0003460,SYN1000001021,ATM_SYN_7813,LOC_00312,2024-08-02T07:28:27+00:00,15000.0,SUCCESS,False,TXN_00051949
ATM_0003461,SYN1000008940,ATM_SYN_5532,LOC_00154,2024-09-01T10:49:19+00:00,15000.0,SUCCESS,False,TXN_00051950
ATM_0003462,SYN1000005366,ATM_SYN_7424,LOC_00206,2024-09-07T04:42:46+00:00,1000.0,SUCCESS,False,TXN_00051951
ATM_0003463,SYN1000007212,ATM_SYN_3771,LOC_00387,2024-08-25T10:38:08+00:00,1000.0,SUCCESS,False,TXN_00051952
ATM_0003464,SYN1000005846,ATM_SYN_6431,LOC_00082,2024-09-02T12:21:29+00:00,20000.0,SUCCESS,False,TXN_00051953
ATM_0003465,SYN1000001840,ATM_SYN_6939,LOC_00284,2024-08-13T23:35:19+00:00,1000.0,SUCCESS,False,TXN_00051954
ATM_0003466,SYN1000003535,ATM_SYN_6744,LOC_00282,2024-09-05T02:22:49+00:00,20000.0,SUCCESS,False,TXN_00051955
ATM_0003467,SYN1000006474,ATM_SYN_9319,LOC_00046,2024-08-04T12:59:05+00:00,2000.0,SUCCESS,False,TXN_00051956
ATM_0003468,SYN1000004382,ATM_SYN_6197,LOC_00459,2024-08-19T09:41:43+00:00,15000.0,SUCCESS,False,TXN_00051957
ATM_0003469,SYN1000008013,ATM_SYN_8489,LOC_00406,2024-08-13T10:14:10+00:00,15000.0,SUCCESS,False,TXN_00051958
ATM_0003470,SYN1000003390,ATM_SYN_7464,LOC_00099,2024-08-24T11:29:06+00:00,15000.0,SUCCESS,False,TXN_00051959
ATM_0003471,SYN1000008469,ATM_SYN_9032,LOC_00131,2024-08-21T21:58:55+00:00,20000.0,SUCCESS,False,TXN_00051960
ATM_0003472,SYN1000001472,ATM_SYN_5217,LOC_00465,2024-08-08T23:03:09+00:00,5000.0,SUCCESS,False,TXN_00051961
ATM_0003473,SYN1000008063,ATM_SYN_3232,LOC_00024,2024-09-01T00:23:51+00:00,1000.0,SUCCESS,False,TXN_00051962
ATM_0003474,SYN1000007825,ATM_SYN_1215,LOC_00019,2024-09-09T08:05:51+00:00,20000.0,SUCCESS,False,TXN_00051963
ATM_0003475,SYN1000001700,ATM_SYN_1608,LOC_00125,2024-08-03T13:16:46+00:00,1000.0,SUCCESS,False,TXN_00051964
ATM_0003476,SYN1000004962,ATM_SYN_1363,LOC_00321,2024-08-15T11:38:25+00:00,1000.0,SUCCESS,False,TXN_00051965
ATM_0003477,SYN1000005481,ATM_SYN_5027,LOC_00031,2024-08-06T17:23:29+00:00,20000.0,SUCCESS,False,TXN_00051966
ATM_0003478,SYN1000008758,ATM_SYN_2478,LOC_00343,2024-08-26T20:00:27+00:00,10000.0,SUCCESS,False,TXN_00051967
ATM_0003479,SYN1000005184,ATM_SYN_3506,LOC_00186,2024-08-09T05:42:06+00:00,5000.0,SUCCESS,False,TXN_00051968
ATM_0003480,SYN1000003313,ATM_SYN_5889,LOC_00405,2024-08-24T07:07:13+00:00,3000.0,SUCCESS,False,TXN_00051969
ATM_0003481,SYN1000003984,ATM_SYN_9982,LOC_00094,2024-09-01T06:37:42+00:00,15000.0,SUCCESS,False,TXN_00051970
ATM_0003482,SYN1000002365,ATM_SYN_7138,LOC_00474,2024-08-10T21:59:23+00:00,1000.0,SUCCESS,False,TXN_00051971
ATM_0003483,SYN1000008194,ATM_SYN_1624,LOC_00350,2024-09-03T06:03:18+00:00,3000.0,SUCCESS,False,TXN_00051972
ATM_0003484,SYN1000007781,ATM_SYN_6135,LOC_00352,2024-09-07T01:32:58+00:00,1000.0,SUCCESS,False,TXN_00051973
ATM_0003485,SYN1000007755,ATM_SYN_5430,LOC_00307,2024-08-17T06:24:21+00:00,10000.0,SUCCESS,False,TXN_00051974
ATM_0003486,SYN1000003360,ATM_SYN_3583,LOC_00407,2024-08-22T10:47:00+00:00,20000.0,SUCCESS,False,TXN_00051975
ATM_0003487,SYN1000009410,ATM_SYN_1879,LOC_00455,2024-08-06T03:23:03+00:00,5000.0,SUCCESS,False,TXN_00051976
ATM_0003488,SYN1000006010,ATM_SYN_3310,LOC_00063,2024-08-25T11:46:25+00:00,15000.0,SUCCESS,False,TXN_00051977
ATM_0003489,SYN1000001520,ATM_SYN_6559,LOC_00318,2024-08-28T15:20:50+00:00,1000.0,SUCCESS,False,TXN_00051978
ATM_0003490,SYN1000005112,ATM_SYN_8231,LOC_00321,2024-08-21T22:47:45+00:00,2000.0,SUCCESS,False,TXN_00051979
ATM_0003491,SYN1000003548,ATM_SYN_9351,LOC_00341,2024-08-10T04:59:23+00:00,15000.0,SUCCESS,False,TXN_00051980
ATM_0003492,SYN1000009623,ATM_SYN_8193,LOC_00272,2024-08-08T07:25:40+00:00,10000.0,SUCCESS,False,TXN_00051981
ATM_0003493,SYN1000009405,ATM_SYN_6657,LOC_00340,2024-08-12T23:42:42+00:00,2000.0,SUCCESS,False,TXN_00051982
ATM_0003494,SYN1000009906,ATM_SYN_2903,LOC_00270,2024-08-04T03:25:56+00:00,20000.0,SUCCESS,False,TXN_00051983
ATM_0003495,SYN1000006364,ATM_SYN_2914,LOC_00378,2024-08-21T13:45:13+00:00,5000.0,SUCCESS,False,TXN_00051984
ATM_0003496,SYN1000009754,ATM_SYN_5064,LOC_00121,2024-09-10T13:28:38+00:00,20000.0,SUCCESS,False,TXN_00051985
ATM_0003497,SYN1000005183,ATM_SYN_6402,LOC_00157,2024-09-09T14:50:22+00:00,1000.0,SUCCESS,False,TXN_00051986
ATM_0003498,SYN1000003193,ATM_SYN_8213,LOC_00479,2024-08-04T14:31:28+00:00,2000.0,SUCCESS,False,TXN_00051987
ATM_0003499,SYN1000002430,ATM_SYN_2712,LOC_00041,2024-09-07T04:30:42+00:00,2000.0,SUCCESS,False,TXN_00051988
ATM_0003500,SYN1000004095,ATM_SYN_7974,LOC_00112,2024-09-10T05:56:32+00:00,10000.0,SUCCESS,False,TXN_00051989
ATM_0003501,SYN1000002613,ATM_SYN_2553,LOC_00137,2024-08-15T04:57:19+00:00,20000.0,SUCCESS,False,TXN_00051990
ATM_0003502,SYN1000004881,ATM_SYN_4363,LOC_00428,2024-09-06T22:12:47+00:00,3000.0,SUCCESS,False,TXN_00051991
ATM_0003503,SYN1000000147,ATM_SYN_7325,LOC_00382,2024-09-08T17:22:31+00:00,1000.0,SUCCESS,False,TXN_00051992
ATM_0003504,SYN1000008485,ATM_SYN_3369,LOC_00303,2024-08-24T07:13:26+00:00,20000.0,SUCCESS,False,TXN_00051993
ATM_0003505,SYN1000000283,ATM_SYN_2251,LOC_00183,2024-09-07T17:12:33+00:00,5000.0,SUCCESS,False,TXN_00051994
ATM_0003506,SYN1000003411,ATM_SYN_6838,LOC_00120,2024-08-30T12:29:28+00:00,2000.0,SUCCESS,False,TXN_00051995
ATM_0003507,SYN1000008599,ATM_SYN_7687,LOC_00287,2024-09-03T22:35:26+00:00,5000.0,SUCCESS,False,TXN_00051996
ATM_0003508,SYN1000005337,ATM_SYN_9686,LOC_00197,2024-08-18T02:45:14+00:00,20000.0,SUCCESS,False,TXN_00051997
ATM_0003509,SYN1000008371,ATM_SYN_4313,LOC_00332,2024-09-05T22:07:53+00:00,10000.0,SUCCESS,False,TXN_00051998
ATM_0003510,SYN1000005853,ATM_SYN_1059,LOC_00186,2024-08-31T15:26:27+00:00,20000.0,SUCCESS,False,TXN_00051999
ATM_0003511,SYN1000000058,ATM_SYN_1125,LOC_00384,2024-08-20T12:29:23+00:00,2000.0,SUCCESS,False,TXN_00052000
ATM_0003512,SYN1000005261,ATM_SYN_7227,LOC_00258,2024-09-05T00:54:58+00:00,5000.0,SUCCESS,False,TXN_00052001
ATM_0003513,SYN1000009385,ATM_SYN_6300,LOC_00117,2024-08-26T00:32:47+00:00,20000.0,SUCCESS,False,TXN_00052002
ATM_0003514,SYN1000006008,ATM_SYN_9550,LOC_00319,2024-08-09T11:41:26+00:00,15000.0,SUCCESS,False,TXN_00052003
ATM_0003515,SYN1000003683,ATM_SYN_8382,LOC_00436,2024-09-08T18:22:27+00:00,2000.0,SUCCESS,False,TXN_00052004
ATM_0003516,SYN1000002810,ATM_SYN_3267,LOC_00078,2024-08-07T16:49:42+00:00,5000.0,SUCCESS,False,TXN_00052005
ATM_0003517,SYN1000000748,ATM_SYN_5460,LOC_00434,2024-08-12T22:11:45+00:00,1000.0,SUCCESS,False,TXN_00052006
ATM_0003518,SYN1000000422,ATM_SYN_7791,LOC_00038,2024-08-08T16:25:47+00:00,1000.0,SUCCESS,False,TXN_00052007
ATM_0003519,SYN1000006711,ATM_SYN_1504,LOC_00269,2024-08-19T23:58:37+00:00,2000.0,SUCCESS,False,TXN_00052008
ATM_0003520,SYN1000000476,ATM_SYN_3099,LOC_00060,2024-08-24T06:03:05+00:00,20000.0,SUCCESS,False,TXN_00052009
ATM_0003521,SYN1000003282,ATM_SYN_2723,LOC_00033,2024-08-25T01:09:46+00:00,10000.0,SUCCESS,False,TXN_00052010
ATM_0003522,SYN1000002718,ATM_SYN_2800,LOC_00387,2024-09-07T07:52:52+00:00,20000.0,SUCCESS,False,TXN_00052011
ATM_0003523,SYN1000000824,ATM_SYN_7906,LOC_00434,2024-08-29T09:25:08+00:00,20000.0,SUCCESS,False,TXN_00052012
ATM_0003524,SYN1000000178,ATM_SYN_4140,LOC_00351,2024-08-23T16:31:44+00:00,1000.0,SUCCESS,False,TXN_00052013
ATM_0003525,SYN1000007160,ATM_SYN_1019,LOC_00430,2024-08-27T13:57:16+00:00,1000.0,SUCCESS,False,TXN_00052014
ATM_0003526,SYN1000004457,ATM_SYN_8946,LOC_00211,2024-08-11T14:53:56+00:00,20000.0,SUCCESS,False,TXN_00052015
ATM_0003527,SYN1000008406,ATM_SYN_8766,LOC_00090,2024-08-05T03:36:53+00:00,15000.0,SUCCESS,False,TXN_00052016
ATM_0003528,SYN1000002507,ATM_SYN_7548,LOC_00196,2024-09-04T00:44:56+00:00,15000.0,SUCCESS,False,TXN_00052017
ATM_0003529,SYN1000007620,ATM_SYN_2442,LOC_00265,2024-09-05T14:22:09+00:00,20000.0,SUCCESS,False,TXN_00052018
ATM_0003530,SYN1000002367,ATM_SYN_8507,LOC_00445,2024-08-13T00:37:26+00:00,2000.0,SUCCESS,False,TXN_00052019
ATM_0003531,SYN1000005065,ATM_SYN_6723,LOC_00314,2024-08-24T02:01:59+00:00,1000.0,SUCCESS,False,TXN_00052020
ATM_0003532,SYN1000004235,ATM_SYN_2549,LOC_00078,2024-09-07T15:52:21+00:00,5000.0,SUCCESS,False,TXN_00052021
ATM_0003533,SYN1000003549,ATM_SYN_3501,LOC_00163,2024-08-09T07:10:01+00:00,1000.0,SUCCESS,False,TXN_00052022
ATM_0003534,SYN1000008599,ATM_SYN_7607,LOC_00188,2024-08-17T18:48:16+00:00,20000.0,SUCCESS,False,TXN_00052023
ATM_0003535,SYN1000003454,ATM_SYN_1978,LOC_00213,2024-09-10T15:08:32+00:00,15000.0,SUCCESS,False,TXN_00052024
ATM_0003536,SYN1000009325,ATM_SYN_9164,LOC_00162,2024-08-10T09:53:36+00:00,15000.0,SUCCESS,False,TXN_00052025
ATM_0003537,SYN1000003983,ATM_SYN_5605,LOC_00448,2024-09-07T14:29:59+00:00,1000.0,SUCCESS,False,TXN_00052026
ATM_0003538,SYN1000004147,ATM_SYN_4491,LOC_00445,2024-08-09T12:51:53+00:00,5000.0,SUCCESS,False,TXN_00052027
ATM_0003539,SYN1000008076,ATM_SYN_2449,LOC_00084,2024-08-02T06:20:06+00:00,3000.0,SUCCESS,False,TXN_00052028
ATM_0003540,SYN1000003735,ATM_SYN_1133,LOC_00245,2024-08-06T23:50:18+00:00,15000.0,SUCCESS,False,TXN_00052029
ATM_0003541,SYN1000003075,ATM_SYN_3393,LOC_00457,2024-08-05T19:09:54+00:00,1000.0,SUCCESS,False,TXN_00052030
ATM_0003542,SYN1000000809,ATM_SYN_1996,LOC_00176,2024-09-06T15:48:52+00:00,3000.0,SUCCESS,False,TXN_00052031
ATM_0003543,SYN1000000267,ATM_SYN_6113,LOC_00024,2024-08-08T14:04:58+00:00,3000.0,SUCCESS,False,TXN_00052032
ATM_0003544,SYN1000000304,ATM_SYN_6246,LOC_00443,2024-08-30T12:19:03+00:00,2000.0,SUCCESS,False,TXN_00052033
ATM_0003545,SYN1000002324,ATM_SYN_1739,LOC_00170,2024-08-07T10:35:32+00:00,3000.0,SUCCESS,False,TXN_00052034
ATM_0003546,SYN1000008570,ATM_SYN_8941,LOC_00408,2024-08-10T05:41:14+00:00,1000.0,SUCCESS,False,TXN_00052035
ATM_0003547,SYN1000008458,ATM_SYN_3105,LOC_00204,2024-08-30T22:05:12+00:00,1000.0,SUCCESS,False,TXN_00052036
ATM_0003548,SYN1000002950,ATM_SYN_4080,LOC_00330,2024-09-07T08:36:31+00:00,3000.0,SUCCESS,False,TXN_00052037
ATM_0003549,SYN1000002783,ATM_SYN_7016,LOC_00028,2024-08-03T09:09:35+00:00,5000.0,SUCCESS,False,TXN_00052038
ATM_0003550,SYN1000003106,ATM_SYN_7231,LOC_00221,2024-09-03T21:33:25+00:00,5000.0,SUCCESS,False,TXN_00052039
ATM_0003551,SYN1000003706,ATM_SYN_4067,LOC_00382,2024-08-12T18:28:44+00:00,1000.0,SUCCESS,False,TXN_00052040
ATM_0003552,SYN1000001881,ATM_SYN_5754,LOC_00232,2024-09-01T18:25:37+00:00,2000.0,SUCCESS,False,TXN_00052041
ATM_0003553,SYN1000009205,ATM_SYN_7330,LOC_00336,2024-08-30T04:35:14+00:00,5000.0,SUCCESS,False,TXN_00052042
ATM_0003554,SYN1000009815,ATM_SYN_4648,LOC_00400,2024-08-08T05:05:30+00:00,10000.0,SUCCESS,False,TXN_00052043
ATM_0003555,SYN1000005384,ATM_SYN_3142,LOC_00009,2024-09-02T07:02:58+00:00,10000.0,SUCCESS,False,TXN_00052044
ATM_0003556,SYN1000003080,ATM_SYN_7261,LOC_00261,2024-08-30T02:07:41+00:00,20000.0,SUCCESS,False,TXN_00052045
ATM_0003557,SYN1000009601,ATM_SYN_5938,LOC_00203,2024-09-02T19:36:40+00:00,5000.0,SUCCESS,False,TXN_00052046
ATM_0003558,SYN1000004375,ATM_SYN_2589,LOC_00289,2024-08-02T17:05:59+00:00,1000.0,SUCCESS,False,TXN_00052047
ATM_0003559,SYN1000008682,ATM_SYN_1795,LOC_00136,2024-08-15T00:07:26+00:00,20000.0,SUCCESS,False,TXN_00052048
ATM_0003560,SYN1000009996,ATM_SYN_3517,LOC_00170,2024-09-09T23:36:39+00:00,1000.0,SUCCESS,False,TXN_00052049
ATM_0003561,SYN1000004255,ATM_SYN_5134,LOC_00223,2024-08-30T02:27:40+00:00,15000.0,SUCCESS,False,TXN_00052050
ATM_0003562,SYN1000002255,ATM_SYN_4060,LOC_00453,2024-08-22T18:02:09+00:00,1000.0,SUCCESS,False,TXN_00052051
ATM_0003563,SYN1000008801,ATM_SYN_1676,LOC_00491,2024-08-23T08:00:07+00:00,10000.0,SUCCESS,False,TXN_00052052
ATM_0003564,SYN1000008280,ATM_SYN_6002,LOC_00453,2024-08-21T12:40:57+00:00,5000.0,SUCCESS,False,TXN_00052053
ATM_0003565,SYN1000000322,ATM_SYN_9685,LOC_00278,2024-08-09T22:37:27+00:00,15000.0,SUCCESS,False,TXN_00052054
ATM_0003566,SYN1000006271,ATM_SYN_8152,LOC_00292,2024-08-23T03:15:35+00:00,5000.0,SUCCESS,False,TXN_00052055
ATM_0003567,SYN1000008722,ATM_SYN_1243,LOC_00182,2024-08-08T22:09:27+00:00,2000.0,SUCCESS,False,TXN_00052056
ATM_0003568,SYN1000001966,ATM_SYN_6721,LOC_00126,2024-08-14T09:51:45+00:00,15000.0,SUCCESS,False,TXN_00052057
ATM_0003569,SYN1000006175,ATM_SYN_7178,LOC_00416,2024-08-29T09:28:32+00:00,3000.0,SUCCESS,False,TXN_00052058
ATM_0003570,SYN1000001493,ATM_SYN_9794,LOC_00445,2024-09-10T20:47:39+00:00,5000.0,SUCCESS,False,TXN_00052059
ATM_0003571,SYN1000002353,ATM_SYN_9185,LOC_00478,2024-09-06T15:53:13+00:00,5000.0,SUCCESS,False,TXN_00052060
ATM_0003572,SYN1000005784,ATM_SYN_8137,LOC_00210,2024-09-06T05:17:48+00:00,1000.0,SUCCESS,False,TXN_00052061
ATM_0003573,SYN1000009507,ATM_SYN_2348,LOC_00118,2024-09-02T23:07:52+00:00,2000.0,SUCCESS,False,TXN_00052062
ATM_0003574,SYN1000002587,ATM_SYN_7503,LOC_00198,2024-08-09T05:13:51+00:00,15000.0,SUCCESS,False,TXN_00052063
ATM_0003575,SYN1000005323,ATM_SYN_7585,LOC_00242,2024-08-17T01:04:33+00:00,1000.0,SUCCESS,False,TXN_00052064
ATM_0003576,SYN1000005756,ATM_SYN_6802,LOC_00037,2024-09-07T01:07:17+00:00,15000.0,SUCCESS,False,TXN_00052065
ATM_0003577,SYN1000002093,ATM_SYN_8107,LOC_00011,2024-09-10T03:51:11+00:00,3000.0,SUCCESS,False,TXN_00052066
ATM_0003578,SYN1000000455,ATM_SYN_5003,LOC_00372,2024-08-17T15:31:21+00:00,10000.0,SUCCESS,False,TXN_00052067
ATM_0003579,SYN1000009021,ATM_SYN_3229,LOC_00270,2024-09-09T12:42:27+00:00,5000.0,SUCCESS,False,TXN_00052068
ATM_0003580,SYN1000005062,ATM_SYN_3063,LOC_00424,2024-08-13T23:27:37+00:00,20000.0,SUCCESS,False,TXN_00052069
ATM_0003581,SYN1000009025,ATM_SYN_4450,LOC_00241,2024-08-12T10:30:00+00:00,5000.0,SUCCESS,False,TXN_00052070
ATM_0003582,SYN1000005593,ATM_SYN_3541,LOC_00333,2024-08-14T04:44:11+00:00,10000.0,SUCCESS,False,TXN_00052071
ATM_0003583,SYN1000008857,ATM_SYN_3436,LOC_00497,2024-08-24T05:12:36+00:00,20000.0,SUCCESS,False,TXN_00052072
ATM_0003584,SYN1000008174,ATM_SYN_7834,LOC_00178,2024-08-27T15:34:37+00:00,2000.0,SUCCESS,False,TXN_00052073
ATM_0003585,SYN1000003443,ATM_SYN_3855,LOC_00016,2024-09-02T23:22:28+00:00,3000.0,SUCCESS,False,TXN_00052074
ATM_0003586,SYN1000006059,ATM_SYN_1641,LOC_00158,2024-08-30T06:29:40+00:00,20000.0,SUCCESS,False,TXN_00052075
ATM_0003587,SYN1000000730,ATM_SYN_9446,LOC_00318,2024-08-21T07:17:36+00:00,5000.0,SUCCESS,False,TXN_00052076
ATM_0003588,SYN1000006340,ATM_SYN_7051,LOC_00276,2024-09-03T11:53:09+00:00,10000.0,SUCCESS,False,TXN_00052077
ATM_0003589,SYN1000004538,ATM_SYN_3170,LOC_00325,2024-08-02T02:53:13+00:00,15000.0,SUCCESS,False,TXN_00052078
ATM_0003590,SYN1000006267,ATM_SYN_5832,LOC_00467,2024-08-13T18:40:16+00:00,5000.0,SUCCESS,False,TXN_00052079
ATM_0003591,SYN1000001314,ATM_SYN_1390,LOC_00457,2024-08-10T19:08:34+00:00,20000.0,SUCCESS,False,TXN_00052080
ATM_0003592,SYN1000008023,ATM_SYN_1586,LOC_00401,2024-08-19T20:34:29+00:00,5000.0,SUCCESS,False,TXN_00052081
ATM_0003593,SYN1000003909,ATM_SYN_1484,LOC_00400,2024-08-04T18:33:08+00:00,20000.0,SUCCESS,False,TXN_00052082
ATM_0003594,SYN1000005777,ATM_SYN_9556,LOC_00354,2024-09-06T16:30:21+00:00,3000.0,SUCCESS,False,TXN_00052083
ATM_0003595,SYN1000003129,ATM_SYN_4655,LOC_00158,2024-09-03T00:06:59+00:00,10000.0,SUCCESS,False,TXN_00052084
ATM_0003596,SYN1000002752,ATM_SYN_8290,LOC_00124,2024-08-04T12:52:48+00:00,2000.0,SUCCESS,False,TXN_00052085
ATM_0003597,SYN1000004665,ATM_SYN_8696,LOC_00411,2024-08-28T18:35:39+00:00,3000.0,SUCCESS,False,TXN_00052086
ATM_0003598,SYN1000009014,ATM_SYN_3560,LOC_00373,2024-08-20T09:16:31+00:00,1000.0,SUCCESS,False,TXN_00052087
ATM_0003599,SYN1000005152,ATM_SYN_2230,LOC_00437,2024-08-08T11:39:43+00:00,20000.0,SUCCESS,False,TXN_00052088
ATM_0003600,SYN1000003620,ATM_SYN_3510,LOC_00468,2024-08-02T22:21:44+00:00,5000.0,SUCCESS,False,TXN_00052089
ATM_0003601,SYN1000001574,ATM_SYN_5900,LOC_00108,2024-08-08T02:21:13+00:00,20000.0,SUCCESS,False,TXN_00052090
ATM_0003602,SYN1000003061,ATM_SYN_2107,LOC_00184,2024-08-13T05:43:37+00:00,15000.0,SUCCESS,False,TXN_00052091
ATM_0003603,SYN1000007903,ATM_SYN_8051,LOC_00119,2024-08-17T16:03:57+00:00,5000.0,SUCCESS,False,TXN_00052092
ATM_0003604,SYN1000003416,ATM_SYN_5896,LOC_00366,2024-08-30T17:56:05+00:00,10000.0,SUCCESS,False,TXN_00052093
ATM_0003605,SYN1000006976,ATM_SYN_6391,LOC_00233,2024-08-04T14:20:24+00:00,2000.0,SUCCESS,False,TXN_00052094
ATM_0003606,SYN1000007547,ATM_SYN_6276,LOC_00178,2024-08-26T07:36:36+00:00,3000.0,SUCCESS,False,TXN_00052095
ATM_0003607,SYN1000004531,ATM_SYN_8668,LOC_00462,2024-09-07T18:10:06+00:00,5000.0,SUCCESS,False,TXN_00052096
ATM_0003608,SYN1000008060,ATM_SYN_7215,LOC_00061,2024-08-25T00:28:01+00:00,5000.0,SUCCESS,False,TXN_00052097
ATM_0003609,SYN1000005878,ATM_SYN_6968,LOC_00025,2024-08-12T02:03:21+00:00,2000.0,SUCCESS,False,TXN_00052098
ATM_0003610,SYN1000001090,ATM_SYN_5136,LOC_00115,2024-08-09T00:52:40+00:00,2000.0,SUCCESS,False,TXN_00052099
ATM_0003611,SYN1000006515,ATM_SYN_1967,LOC_00273,2024-08-31T19:03:47+00:00,1000.0,SUCCESS,False,TXN_00052100
ATM_0003612,SYN1000009168,ATM_SYN_5335,LOC_00229,2024-09-05T00:01:12+00:00,10000.0,SUCCESS,False,TXN_00052101
ATM_0003613,SYN1000009663,ATM_SYN_5824,LOC_00040,2024-08-03T06:21:11+00:00,5000.0,SUCCESS,False,TXN_00052102
ATM_0003614,SYN1000002130,ATM_SYN_5211,LOC_00323,2024-09-04T17:25:17+00:00,1000.0,SUCCESS,False,TXN_00052103
ATM_0003615,SYN1000008463,ATM_SYN_4359,LOC_00355,2024-08-25T03:32:01+00:00,5000.0,SUCCESS,False,TXN_00052104
ATM_0003616,SYN1000001462,ATM_SYN_3106,LOC_00433,2024-08-14T08:22:11+00:00,2000.0,SUCCESS,False,TXN_00052105
ATM_0003617,SYN1000008867,ATM_SYN_5656,LOC_00477,2024-08-16T17:39:34+00:00,2000.0,SUCCESS,False,TXN_00052106
ATM_0003618,SYN1000006197,ATM_SYN_7081,LOC_00421,2024-08-18T04:22:07+00:00,3000.0,SUCCESS,False,TXN_00052107
ATM_0003619,SYN1000000551,ATM_SYN_1292,LOC_00480,2024-08-06T19:06:00+00:00,1000.0,SUCCESS,False,TXN_00052108
ATM_0003620,SYN1000004089,ATM_SYN_3442,LOC_00375,2024-08-24T11:01:22+00:00,1000.0,SUCCESS,False,TXN_00052109
ATM_0003621,SYN1000002405,ATM_SYN_6942,LOC_00429,2024-08-20T10:31:59+00:00,5000.0,SUCCESS,False,TXN_00052110
ATM_0003622,SYN1000004213,ATM_SYN_9614,LOC_00057,2024-08-03T09:17:47+00:00,20000.0,SUCCESS,False,TXN_00052111
ATM_0003623,SYN1000002828,ATM_SYN_5373,LOC_00126,2024-08-11T16:31:58+00:00,5000.0,SUCCESS,False,TXN_00052112
ATM_0003624,SYN1000008733,ATM_SYN_5731,LOC_00439,2024-08-15T15:22:41+00:00,1000.0,SUCCESS,False,TXN_00052113
ATM_0003625,SYN1000005014,ATM_SYN_5284,LOC_00028,2024-08-02T16:55:13+00:00,1000.0,SUCCESS,False,TXN_00052114
ATM_0003626,SYN1000007648,ATM_SYN_9699,LOC_00316,2024-08-05T22:38:17+00:00,3000.0,SUCCESS,False,TXN_00052115
ATM_0003627,SYN1000004346,ATM_SYN_3402,LOC_00197,2024-08-26T04:07:06+00:00,3000.0,SUCCESS,False,TXN_00052116
ATM_0003628,SYN1000007223,ATM_SYN_7407,LOC_00394,2024-08-28T10:37:46+00:00,5000.0,SUCCESS,False,TXN_00052117
ATM_0003629,SYN1000006388,ATM_SYN_3165,LOC_00260,2024-08-19T03:23:43+00:00,3000.0,SUCCESS,False,TXN_00052118
ATM_0003630,SYN1000000060,ATM_SYN_3521,LOC_00169,2024-08-12T23:41:53+00:00,3000.0,SUCCESS,False,TXN_00052119
ATM_0003631,SYN1000000136,ATM_SYN_4369,LOC_00117,2024-08-18T03:29:48+00:00,10000.0,SUCCESS,False,TXN_00052120
ATM_0003632,SYN1000009427,ATM_SYN_9124,LOC_00465,2024-08-18T07:36:38+00:00,3000.0,SUCCESS,False,TXN_00052121
ATM_0003633,SYN1000003291,ATM_SYN_4295,LOC_00317,2024-08-29T22:20:52+00:00,3000.0,SUCCESS,False,TXN_00052122
ATM_0003634,SYN1000008315,ATM_SYN_7934,LOC_00265,2024-08-20T18:41:32+00:00,5000.0,SUCCESS,False,TXN_00052123
ATM_0003635,SYN1000005166,ATM_SYN_4405,LOC_00454,2024-09-04T16:11:13+00:00,5000.0,SUCCESS,False,TXN_00052124
ATM_0003636,SYN1000004798,ATM_SYN_3081,LOC_00015,2024-08-31T09:12:52+00:00,10000.0,SUCCESS,False,TXN_00052125
ATM_0003637,SYN1000006323,ATM_SYN_4780,LOC_00189,2024-08-12T07:59:54+00:00,3000.0,SUCCESS,False,TXN_00052126
ATM_0003638,SYN1000005851,ATM_SYN_4225,LOC_00455,2024-08-21T23:52:19+00:00,1000.0,SUCCESS,False,TXN_00052127
ATM_0003639,SYN1000003279,ATM_SYN_9774,LOC_00073,2024-08-05T03:20:08+00:00,3000.0,SUCCESS,False,TXN_00052128
ATM_0003640,SYN1000009077,ATM_SYN_6877,LOC_00197,2024-09-10T14:26:43+00:00,5000.0,SUCCESS,False,TXN_00052129
ATM_0003641,SYN1000001102,ATM_SYN_4893,LOC_00263,2024-08-19T19:05:49+00:00,5000.0,SUCCESS,False,TXN_00052130
ATM_0003642,SYN1000007605,ATM_SYN_1041,LOC_00355,2024-08-19T06:17:19+00:00,1000.0,SUCCESS,False,TXN_00052131
ATM_0003643,SYN1000002219,ATM_SYN_8475,LOC_00176,2024-08-25T15:54:05+00:00,2000.0,SUCCESS,False,TXN_00052132
ATM_0003644,SYN1000006593,ATM_SYN_4771,LOC_00333,2024-08-13T16:44:50+00:00,2000.0,SUCCESS,False,TXN_00052133
ATM_0003645,SYN1000005311,ATM_SYN_2512,LOC_00274,2024-09-03T11:13:03+00:00,20000.0,SUCCESS,False,TXN_00052134
ATM_0003646,SYN1000006363,ATM_SYN_3591,LOC_00097,2024-08-09T13:00:51+00:00,20000.0,SUCCESS,False,TXN_00052135
ATM_0003647,SYN1000002506,ATM_SYN_9758,LOC_00443,2024-09-04T09:59:39+00:00,5000.0,SUCCESS,False,TXN_00052136
ATM_0003648,SYN1000008728,ATM_SYN_8730,LOC_00371,2024-08-04T06:52:11+00:00,20000.0,SUCCESS,False,TXN_00052137
ATM_0003649,SYN1000003959,ATM_SYN_5170,LOC_00136,2024-09-02T06:25:27+00:00,2000.0,SUCCESS,False,TXN_00052138
ATM_0003650,SYN1000006852,ATM_SYN_6679,LOC_00043,2024-08-28T01:28:14+00:00,5000.0,SUCCESS,False,TXN_00052139
ATM_0003651,SYN1000004780,ATM_SYN_2932,LOC_00348,2024-08-25T10:58:01+00:00,3000.0,SUCCESS,False,TXN_00052140
ATM_0003652,SYN1000006905,ATM_SYN_8000,LOC_00154,2024-08-25T08:02:40+00:00,3000.0,SUCCESS,False,TXN_00052141
ATM_0003653,SYN1000004959,ATM_SYN_2421,LOC_00351,2024-09-06T10:35:52+00:00,1000.0,SUCCESS,False,TXN_00052142
ATM_0003654,SYN1000004417,ATM_SYN_9382,LOC_00163,2024-08-14T11:08:12+00:00,5000.0,SUCCESS,False,TXN_00052143
ATM_0003655,SYN1000000010,ATM_SYN_9887,LOC_00480,2024-08-15T18:26:01+00:00,1000.0,SUCCESS,False,TXN_00052144
ATM_0003656,SYN1000004433,ATM_SYN_6697,LOC_00328,2024-08-22T03:41:17+00:00,3000.0,SUCCESS,False,TXN_00052145
ATM_0003657,SYN1000004367,ATM_SYN_9358,LOC_00083,2024-09-07T13:31:00+00:00,2000.0,SUCCESS,False,TXN_00052146
ATM_0003658,SYN1000002769,ATM_SYN_1400,LOC_00440,2024-08-28T22:36:54+00:00,2000.0,SUCCESS,False,TXN_00052147
ATM_0003659,SYN1000003216,ATM_SYN_3462,LOC_00285,2024-08-27T16:59:24+00:00,1000.0,SUCCESS,False,TXN_00052148
ATM_0003660,SYN1000006304,ATM_SYN_9987,LOC_00394,2024-08-18T03:36:39+00:00,20000.0,SUCCESS,False,TXN_00052149
ATM_0003661,SYN1000003485,ATM_SYN_2651,LOC_00428,2024-08-11T06:02:51+00:00,5000.0,SUCCESS,False,TXN_00052150
ATM_0003662,SYN1000006224,ATM_SYN_3464,LOC_00394,2024-08-04T03:37:34+00:00,10000.0,SUCCESS,False,TXN_00052151
ATM_0003663,SYN1000005883,ATM_SYN_5104,LOC_00126,2024-08-02T21:21:13+00:00,10000.0,SUCCESS,False,TXN_00052152
ATM_0003664,SYN1000005276,ATM_SYN_9150,LOC_00252,2024-09-04T10:32:22+00:00,20000.0,SUCCESS,False,TXN_00052153
ATM_0003665,SYN1000005857,ATM_SYN_7025,LOC_00066,2024-09-10T17:50:18+00:00,20000.0,SUCCESS,False,TXN_00052154
ATM_0003666,SYN1000003362,ATM_SYN_6751,LOC_00231,2024-08-15T19:51:49+00:00,1000.0,SUCCESS,False,TXN_00052155
ATM_0003667,SYN1000000554,ATM_SYN_2011,LOC_00263,2024-08-26T18:38:15+00:00,15000.0,SUCCESS,False,TXN_00052156
ATM_0003668,SYN1000006666,ATM_SYN_8919,LOC_00076,2024-08-08T00:12:12+00:00,20000.0,SUCCESS,False,TXN_00052157
ATM_0003669,SYN1000007308,ATM_SYN_6698,LOC_00448,2024-08-21T11:42:04+00:00,10000.0,SUCCESS,False,TXN_00052158
ATM_0003670,SYN1000000136,ATM_SYN_3388,LOC_00361,2024-08-15T17:35:10+00:00,1000.0,SUCCESS,False,TXN_00052159
ATM_0003671,SYN1000006971,ATM_SYN_6129,LOC_00171,2024-09-02T23:07:14+00:00,1000.0,SUCCESS,False,TXN_00052160
ATM_0003672,SYN1000000885,ATM_SYN_1906,LOC_00198,2024-08-23T21:32:23+00:00,10000.0,SUCCESS,False,TXN_00052161
ATM_0003673,SYN1000000714,ATM_SYN_4145,LOC_00235,2024-09-01T07:28:05+00:00,20000.0,SUCCESS,False,TXN_00052162
ATM_0003674,SYN1000003366,ATM_SYN_1029,LOC_00484,2024-08-31T20:31:58+00:00,2000.0,SUCCESS,False,TXN_00052163
ATM_0003675,SYN1000004913,ATM_SYN_7692,LOC_00279,2024-08-16T21:41:30+00:00,10000.0,SUCCESS,False,TXN_00052164
ATM_0003676,SYN1000004906,ATM_SYN_4673,LOC_00081,2024-09-01T16:43:35+00:00,10000.0,SUCCESS,False,TXN_00052165
ATM_0003677,SYN1000009581,ATM_SYN_3825,LOC_00253,2024-09-02T07:07:34+00:00,20000.0,SUCCESS,False,TXN_00052166
ATM_0003678,SYN1000006922,ATM_SYN_7826,LOC_00257,2024-08-27T14:32:11+00:00,5000.0,SUCCESS,False,TXN_00052167
ATM_0003679,SYN1000001387,ATM_SYN_1578,LOC_00033,2024-09-09T12:30:07+00:00,15000.0,SUCCESS,False,TXN_00052168
ATM_0003680,SYN1000008441,ATM_SYN_9704,LOC_00492,2024-08-08T06:35:03+00:00,15000.0,SUCCESS,False,TXN_00052169
ATM_0003681,SYN1000007664,ATM_SYN_8301,LOC_00127,2024-08-15T08:43:29+00:00,10000.0,SUCCESS,False,TXN_00052170
ATM_0003682,SYN1000006452,ATM_SYN_6187,LOC_00101,2024-08-29T16:35:22+00:00,15000.0,SUCCESS,False,TXN_00052171
ATM_0003683,SYN1000005431,ATM_SYN_2077,LOC_00250,2024-08-24T01:23:44+00:00,20000.0,SUCCESS,False,TXN_00052172
ATM_0003684,SYN1000003698,ATM_SYN_7052,LOC_00418,2024-09-01T13:14:53+00:00,15000.0,SUCCESS,False,TXN_00052173
ATM_0003685,SYN1000009512,ATM_SYN_8085,LOC_00115,2024-08-27T23:58:16+00:00,10000.0,SUCCESS,False,TXN_00052174
ATM_0003686,SYN1000002102,ATM_SYN_3142,LOC_00311,2024-08-16T14:47:52+00:00,5000.0,SUCCESS,False,TXN_00052175
ATM_0003687,SYN1000005827,ATM_SYN_4819,LOC_00346,2024-08-05T02:28:06+00:00,5000.0,SUCCESS,False,TXN_00052176
ATM_0003688,SYN1000004198,ATM_SYN_8451,LOC_00322,2024-08-07T13:56:39+00:00,1000.0,SUCCESS,False,TXN_00052177
ATM_0003689,SYN1000001771,ATM_SYN_2487,LOC_00450,2024-08-21T20:22:56+00:00,1000.0,SUCCESS,False,TXN_00052178
ATM_0003690,SYN1000000406,ATM_SYN_6401,LOC_00390,2024-08-29T01:37:34+00:00,1000.0,SUCCESS,False,TXN_00052179
ATM_0003691,SYN1000001547,ATM_SYN_1908,LOC_00303,2024-08-24T23:45:46+00:00,3000.0,SUCCESS,False,TXN_00052180
ATM_0003692,SYN1000003917,ATM_SYN_2107,LOC_00322,2024-08-28T02:04:17+00:00,3000.0,SUCCESS,False,TXN_00052181
ATM_0003693,SYN1000006745,ATM_SYN_4986,LOC_00161,2024-09-09T19:24:17+00:00,15000.0,SUCCESS,False,TXN_00052182
ATM_0003694,SYN1000008928,ATM_SYN_7235,LOC_00415,2024-08-21T12:57:57+00:00,15000.0,SUCCESS,False,TXN_00052183
ATM_0003695,SYN1000007903,ATM_SYN_1632,LOC_00364,2024-08-17T21:28:28+00:00,2000.0,SUCCESS,False,TXN_00052184
ATM_0003696,SYN1000002863,ATM_SYN_7623,LOC_00296,2024-08-02T23:52:16+00:00,5000.0,SUCCESS,False,TXN_00052185
ATM_0003697,SYN1000007301,ATM_SYN_9699,LOC_00163,2024-08-24T21:59:52+00:00,20000.0,SUCCESS,False,TXN_00052186
ATM_0003698,SYN1000002217,ATM_SYN_4044,LOC_00270,2024-08-23T19:32:04+00:00,20000.0,SUCCESS,False,TXN_00052187
ATM_0003699,SYN1000009022,ATM_SYN_8368,LOC_00338,2024-08-22T19:17:06+00:00,2000.0,SUCCESS,False,TXN_00052188
ATM_0003700,SYN1000003911,ATM_SYN_3245,LOC_00128,2024-08-26T06:48:57+00:00,15000.0,SUCCESS,False,TXN_00052189
ATM_0003701,SYN1000000240,ATM_SYN_1219,LOC_00422,2024-09-03T11:16:24+00:00,5000.0,SUCCESS,False,TXN_00052190
ATM_0003702,SYN1000004898,ATM_SYN_1543,LOC_00229,2024-08-19T11:22:32+00:00,20000.0,SUCCESS,False,TXN_00052191
ATM_0003703,SYN1000003674,ATM_SYN_7988,LOC_00010,2024-08-18T00:37:45+00:00,10000.0,SUCCESS,False,TXN_00052192
ATM_0003704,SYN1000006878,ATM_SYN_6625,LOC_00380,2024-09-10T19:49:23+00:00,10000.0,SUCCESS,False,TXN_00052193
ATM_0003705,SYN1000007766,ATM_SYN_6017,LOC_00479,2024-09-10T11:58:38+00:00,1000.0,SUCCESS,False,TXN_00052194
ATM_0003706,SYN1000003677,ATM_SYN_2396,LOC_00047,2024-08-29T07:58:59+00:00,10000.0,SUCCESS,False,TXN_00052195
ATM_0003707,SYN1000001213,ATM_SYN_8116,LOC_00331,2024-08-19T06:51:36+00:00,1000.0,SUCCESS,False,TXN_00052196
ATM_0003708,SYN1000009318,ATM_SYN_3445,LOC_00438,2024-09-07T13:02:08+00:00,10000.0,SUCCESS,False,TXN_00052197
ATM_0003709,SYN1000003622,ATM_SYN_6551,LOC_00246,2024-08-18T08:48:31+00:00,1000.0,SUCCESS,False,TXN_00052198
ATM_0003710,SYN1000001465,ATM_SYN_6503,LOC_00260,2024-08-27T08:26:18+00:00,20000.0,SUCCESS,False,TXN_00052199
ATM_0003711,SYN1000001403,ATM_SYN_7526,LOC_00331,2024-08-08T17:52:14+00:00,1000.0,SUCCESS,False,TXN_00052200
ATM_0003712,SYN1000001141,ATM_SYN_3975,LOC_00144,2024-08-02T23:30:10+00:00,3000.0,SUCCESS,False,TXN_00052201
ATM_0003713,SYN1000004386,ATM_SYN_4717,LOC_00024,2024-09-08T18:43:15+00:00,10000.0,SUCCESS,False,TXN_00052202
ATM_0003714,SYN1000008089,ATM_SYN_8888,LOC_00466,2024-09-09T18:03:55+00:00,15000.0,SUCCESS,False,TXN_00052203
ATM_0003715,SYN1000003916,ATM_SYN_8298,LOC_00192,2024-09-09T06:22:15+00:00,10000.0,SUCCESS,False,TXN_00052204
ATM_0003716,SYN1000009928,ATM_SYN_7109,LOC_00189,2024-08-10T00:44:53+00:00,10000.0,SUCCESS,False,TXN_00052205
ATM_0003717,SYN1000000669,ATM_SYN_2257,LOC_00102,2024-08-10T01:28:06+00:00,15000.0,SUCCESS,False,TXN_00052206
ATM_0003718,SYN1000007714,ATM_SYN_7252,LOC_00037,2024-08-06T11:57:19+00:00,10000.0,SUCCESS,False,TXN_00052207
ATM_0003719,SYN1000002261,ATM_SYN_3770,LOC_00016,2024-08-11T11:03:43+00:00,1000.0,SUCCESS,False,TXN_00052208
ATM_0003720,SYN1000003978,ATM_SYN_9355,LOC_00357,2024-08-28T07:36:00+00:00,15000.0,SUCCESS,False,TXN_00052209
ATM_0003721,SYN1000003444,ATM_SYN_3653,LOC_00473,2024-09-10T11:46:02+00:00,2000.0,SUCCESS,False,TXN_00052210
ATM_0003722,SYN1000006823,ATM_SYN_5513,LOC_00255,2024-08-22T22:28:36+00:00,15000.0,SUCCESS,False,TXN_00052211
ATM_0003723,SYN1000001332,ATM_SYN_5657,LOC_00055,2024-08-28T04:03:35+00:00,5000.0,SUCCESS,False,TXN_00052212
ATM_0003724,SYN1000001128,ATM_SYN_2640,LOC_00272,2024-08-03T05:27:32+00:00,15000.0,SUCCESS,False,TXN_00052213
ATM_0003725,SYN1000006137,ATM_SYN_7324,LOC_00356,2024-08-27T15:25:13+00:00,1000.0,SUCCESS,False,TXN_00052214
ATM_0003726,SYN1000008079,ATM_SYN_6046,LOC_00169,2024-08-08T04:28:49+00:00,5000.0,SUCCESS,False,TXN_00052215
ATM_0003727,SYN1000005659,ATM_SYN_1949,LOC_00428,2024-08-11T09:56:04+00:00,10000.0,SUCCESS,False,TXN_00052216
ATM_0003728,SYN1000001543,ATM_SYN_9873,LOC_00403,2024-08-13T07:39:20+00:00,2000.0,SUCCESS,False,TXN_00052217
ATM_0003729,SYN1000006255,ATM_SYN_4160,LOC_00480,2024-08-20T00:53:06+00:00,2000.0,SUCCESS,False,TXN_00052218
ATM_0003730,SYN1000002877,ATM_SYN_2717,LOC_00421,2024-08-30T22:41:03+00:00,3000.0,SUCCESS,False,TXN_00052219
ATM_0003731,SYN1000000815,ATM_SYN_7723,LOC_00091,2024-08-06T11:24:57+00:00,2000.0,SUCCESS,False,TXN_00052220
ATM_0003732,SYN1000004288,ATM_SYN_9195,LOC_00127,2024-09-06T22:43:43+00:00,15000.0,SUCCESS,False,TXN_00052221
ATM_0003733,SYN1000006617,ATM_SYN_8921,LOC_00445,2024-08-19T07:23:37+00:00,10000.0,SUCCESS,False,TXN_00052222
ATM_0003734,SYN1000008686,ATM_SYN_9024,LOC_00108,2024-08-29T18:29:28+00:00,5000.0,SUCCESS,False,TXN_00052223
ATM_0003735,SYN1000009332,ATM_SYN_6725,LOC_00445,2024-09-08T02:38:36+00:00,10000.0,SUCCESS,False,TXN_00052224
ATM_0003736,SYN1000005371,ATM_SYN_2345,LOC_00263,2024-09-03T20:31:36+00:00,20000.0,SUCCESS,False,TXN_00052225
ATM_0003737,SYN1000005392,ATM_SYN_7518,LOC_00328,2024-08-20T08:04:21+00:00,20000.0,SUCCESS,False,TXN_00052226
ATM_0003738,SYN1000009675,ATM_SYN_8253,LOC_00336,2024-08-25T04:58:23+00:00,2000.0,SUCCESS,False,TXN_00052227
ATM_0003739,SYN1000000737,ATM_SYN_4807,LOC_00274,2024-08-23T19:08:43+00:00,15000.0,SUCCESS,False,TXN_00052228
ATM_0003740,SYN1000002977,ATM_SYN_2226,LOC_00016,2024-08-27T08:39:56+00:00,10000.0,SUCCESS,False,TXN_00052229
ATM_0003741,SYN1000004294,ATM_SYN_2938,LOC_00388,2024-09-04T22:45:23+00:00,5000.0,SUCCESS,False,TXN_00052230
ATM_0003742,SYN1000001513,ATM_SYN_2329,LOC_00031,2024-09-09T09:15:40+00:00,3000.0,SUCCESS,False,TXN_00052231
ATM_0003743,SYN1000002698,ATM_SYN_9753,LOC_00195,2024-08-17T12:39:17+00:00,2000.0,SUCCESS,False,TXN_00052232
ATM_0003744,SYN1000008655,ATM_SYN_6307,LOC_00012,2024-08-25T20:46:30+00:00,1000.0,SUCCESS,False,TXN_00052233
ATM_0003745,SYN1000008027,ATM_SYN_5787,LOC_00221,2024-08-04T15:11:02+00:00,5000.0,SUCCESS,False,TXN_00052234
ATM_0003746,SYN1000003203,ATM_SYN_3308,LOC_00035,2024-08-30T05:08:08+00:00,5000.0,SUCCESS,False,TXN_00052235
ATM_0003747,SYN1000003001,ATM_SYN_4432,LOC_00100,2024-08-19T15:35:47+00:00,3000.0,SUCCESS,False,TXN_00052236
ATM_0003748,SYN1000007897,ATM_SYN_9876,LOC_00455,2024-08-11T10:26:30+00:00,3000.0,SUCCESS,False,TXN_00052237
ATM_0003749,SYN1000002423,ATM_SYN_6053,LOC_00023,2024-09-09T03:36:01+00:00,2000.0,SUCCESS,False,TXN_00052238
ATM_0003750,SYN1000005955,ATM_SYN_7049,LOC_00398,2024-08-30T10:02:21+00:00,3000.0,SUCCESS,False,TXN_00052239
ATM_0003751,SYN1000006591,ATM_SYN_8242,LOC_00128,2024-08-27T08:24:09+00:00,3000.0,SUCCESS,False,TXN_00052240
ATM_0003752,SYN1000003233,ATM_SYN_7854,LOC_00135,2024-09-03T04:56:02+00:00,20000.0,SUCCESS,False,TXN_00052241
ATM_0003753,SYN1000008782,ATM_SYN_7064,LOC_00239,2024-08-30T23:58:13+00:00,15000.0,SUCCESS,False,TXN_00052242
ATM_0003754,SYN1000008069,ATM_SYN_4124,LOC_00193,2024-09-07T02:01:58+00:00,5000.0,SUCCESS,False,TXN_00052243
ATM_0003755,SYN1000004763,ATM_SYN_8958,LOC_00242,2024-09-02T02:24:05+00:00,3000.0,SUCCESS,False,TXN_00052244
ATM_0003756,SYN1000003278,ATM_SYN_2401,LOC_00462,2024-08-03T06:08:33+00:00,5000.0,SUCCESS,False,TXN_00052245
ATM_0003757,SYN1000005619,ATM_SYN_6143,LOC_00088,2024-08-08T18:34:08+00:00,3000.0,SUCCESS,False,TXN_00052246
ATM_0003758,SYN1000002681,ATM_SYN_3286,LOC_00118,2024-08-16T17:55:54+00:00,15000.0,SUCCESS,False,TXN_00052247
ATM_0003759,SYN1000006357,ATM_SYN_6244,LOC_00442,2024-09-07T05:27:01+00:00,10000.0,SUCCESS,False,TXN_00052248
ATM_0003760,SYN1000003661,ATM_SYN_6535,LOC_00136,2024-08-16T13:53:23+00:00,1000.0,SUCCESS,False,TXN_00052249
ATM_0003761,SYN1000003242,ATM_SYN_8985,LOC_00233,2024-08-31T00:49:19+00:00,20000.0,SUCCESS,False,TXN_00052250
ATM_0003762,SYN1000009982,ATM_SYN_7709,LOC_00097,2024-08-16T20:12:28+00:00,1000.0,SUCCESS,False,TXN_00052251
ATM_0003763,SYN1000009958,ATM_SYN_9989,LOC_00491,2024-08-08T10:40:42+00:00,1000.0,SUCCESS,False,TXN_00052252
ATM_0003764,SYN1000005663,ATM_SYN_2048,LOC_00049,2024-09-08T03:31:46+00:00,2000.0,SUCCESS,False,TXN_00052253
ATM_0003765,SYN1000001267,ATM_SYN_3149,LOC_00127,2024-08-23T10:33:40+00:00,1000.0,SUCCESS,False,TXN_00052254
ATM_0003766,SYN1000009380,ATM_SYN_5539,LOC_00024,2024-09-06T23:40:41+00:00,1000.0,SUCCESS,False,TXN_00052255
ATM_0003767,SYN1000001626,ATM_SYN_7974,LOC_00233,2024-09-10T23:11:44+00:00,20000.0,SUCCESS,False,TXN_00052256
ATM_0003768,SYN1000000750,ATM_SYN_4630,LOC_00038,2024-09-08T12:22:26+00:00,3000.0,SUCCESS,False,TXN_00052257
ATM_0003769,SYN1000004212,ATM_SYN_8360,LOC_00123,2024-08-13T19:14:37+00:00,5000.0,SUCCESS,False,TXN_00052258
ATM_0003770,SYN1000003692,ATM_SYN_6050,LOC_00022,2024-09-08T09:12:36+00:00,5000.0,SUCCESS,False,TXN_00052259
ATM_0003771,SYN1000004796,ATM_SYN_7328,LOC_00239,2024-08-02T02:26:59+00:00,20000.0,SUCCESS,False,TXN_00052260
ATM_0003772,SYN1000003541,ATM_SYN_1397,LOC_00329,2024-09-01T06:32:59+00:00,5000.0,SUCCESS,False,TXN_00052261
ATM_0003773,SYN1000009039,ATM_SYN_4378,LOC_00127,2024-09-05T01:49:24+00:00,1000.0,SUCCESS,False,TXN_00052262
ATM_0003774,SYN1000005244,ATM_SYN_2002,LOC_00290,2024-08-19T11:16:22+00:00,5000.0,SUCCESS,False,TXN_00052263
ATM_0003775,SYN1000008087,ATM_SYN_7726,LOC_00040,2024-08-16T00:27:57+00:00,15000.0,SUCCESS,False,TXN_00052264
ATM_0003776,SYN1000006833,ATM_SYN_3802,LOC_00281,2024-08-03T09:39:21+00:00,20000.0,SUCCESS,False,TXN_00052265
ATM_0003777,SYN1000001798,ATM_SYN_2698,LOC_00324,2024-08-19T20:44:20+00:00,1000.0,SUCCESS,False,TXN_00052266
ATM_0003778,SYN1000004317,ATM_SYN_9716,LOC_00447,2024-08-06T09:56:24+00:00,5000.0,SUCCESS,False,TXN_00052267
ATM_0003779,SYN1000003289,ATM_SYN_7577,LOC_00312,2024-08-20T09:21:17+00:00,5000.0,SUCCESS,False,TXN_00052268
ATM_0003780,SYN1000001263,ATM_SYN_3250,LOC_00281,2024-08-04T17:57:23+00:00,20000.0,SUCCESS,False,TXN_00052269
ATM_0003781,SYN1000002747,ATM_SYN_8978,LOC_00241,2024-09-04T10:58:43+00:00,5000.0,SUCCESS,False,TXN_00052270
ATM_0003782,SYN1000000812,ATM_SYN_6597,LOC_00311,2024-08-26T17:11:40+00:00,1000.0,SUCCESS,False,TXN_00052271
ATM_0003783,SYN1000006059,ATM_SYN_4193,LOC_00059,2024-08-13T06:12:48+00:00,1000.0,SUCCESS,False,TXN_00052272
ATM_0003784,SYN1000002350,ATM_SYN_7261,LOC_00486,2024-08-25T00:53:03+00:00,15000.0,SUCCESS,False,TXN_00052273
ATM_0003785,SYN1000008191,ATM_SYN_1856,LOC_00106,2024-08-28T06:43:30+00:00,10000.0,SUCCESS,False,TXN_00052274
ATM_0003786,SYN1000006427,ATM_SYN_8953,LOC_00301,2024-09-10T06:12:40+00:00,1000.0,SUCCESS,False,TXN_00052275
ATM_0003787,SYN1000002425,ATM_SYN_1054,LOC_00235,2024-09-03T12:08:03+00:00,20000.0,SUCCESS,False,TXN_00052276
ATM_0003788,SYN1000001659,ATM_SYN_3626,LOC_00458,2024-08-06T17:05:15+00:00,20000.0,SUCCESS,False,TXN_00052277
ATM_0003789,SYN1000009716,ATM_SYN_5212,LOC_00122,2024-08-05T19:17:26+00:00,15000.0,SUCCESS,False,TXN_00052278
ATM_0003790,SYN1000005930,ATM_SYN_3895,LOC_00041,2024-08-04T14:59:51+00:00,10000.0,SUCCESS,False,TXN_00052279
ATM_0003791,SYN1000000344,ATM_SYN_4770,LOC_00094,2024-09-01T10:26:53+00:00,1000.0,SUCCESS,False,TXN_00052280
ATM_0003792,SYN1000005447,ATM_SYN_2906,LOC_00445,2024-08-19T10:27:16+00:00,1000.0,SUCCESS,False,TXN_00052281
ATM_0003793,SYN1000001405,ATM_SYN_4134,LOC_00457,2024-08-06T14:58:29+00:00,5000.0,SUCCESS,False,TXN_00052282
ATM_0003794,SYN1000006862,ATM_SYN_9431,LOC_00375,2024-08-19T20:33:19+00:00,10000.0,SUCCESS,False,TXN_00052283
ATM_0003795,SYN1000003838,ATM_SYN_7753,LOC_00041,2024-08-17T22:02:17+00:00,10000.0,SUCCESS,False,TXN_00052284
ATM_0003796,SYN1000005697,ATM_SYN_6706,LOC_00063,2024-08-09T19:20:02+00:00,1000.0,SUCCESS,False,TXN_00052285
ATM_0003797,SYN1000002575,ATM_SYN_7883,LOC_00262,2024-08-26T09:25:43+00:00,20000.0,SUCCESS,False,TXN_00052286
ATM_0003798,SYN1000009302,ATM_SYN_1807,LOC_00086,2024-08-29T21:36:35+00:00,2000.0,SUCCESS,False,TXN_00052287
ATM_0003799,SYN1000006364,ATM_SYN_9761,LOC_00269,2024-08-22T14:35:05+00:00,20000.0,SUCCESS,False,TXN_00052288
ATM_0003800,SYN1000009684,ATM_SYN_5468,LOC_00463,2024-09-10T17:24:55+00:00,15000.0,SUCCESS,False,TXN_00052289
ATM_0003801,SYN1000001110,ATM_SYN_1285,LOC_00283,2024-09-01T21:58:36+00:00,5000.0,SUCCESS,False,TXN_00052290
ATM_0003802,SYN1000006648,ATM_SYN_8204,LOC_00358,2024-08-11T10:30:52+00:00,20000.0,SUCCESS,False,TXN_00052291
ATM_0003803,SYN1000002837,ATM_SYN_1331,LOC_00158,2024-08-07T08:19:30+00:00,1000.0,SUCCESS,False,TXN_00052292
ATM_0003804,SYN1000009838,ATM_SYN_5886,LOC_00065,2024-08-20T20:37:52+00:00,1000.0,SUCCESS,False,TXN_00052293
ATM_0003805,SYN1000006828,ATM_SYN_1744,LOC_00157,2024-08-10T00:10:49+00:00,10000.0,SUCCESS,False,TXN_00052294
ATM_0003806,SYN1000000678,ATM_SYN_3457,LOC_00031,2024-09-07T17:22:24+00:00,3000.0,SUCCESS,False,TXN_00052295
ATM_0003807,SYN1000001979,ATM_SYN_6750,LOC_00272,2024-09-07T09:04:40+00:00,5000.0,SUCCESS,False,TXN_00052296
ATM_0003808,SYN1000009889,ATM_SYN_8403,LOC_00112,2024-08-10T09:06:41+00:00,1000.0,SUCCESS,False,TXN_00052297
ATM_0003809,SYN1000000553,ATM_SYN_7235,LOC_00351,2024-08-07T12:42:41+00:00,10000.0,SUCCESS,False,TXN_00052298
ATM_0003810,SYN1000007392,ATM_SYN_3034,LOC_00420,2024-08-22T04:15:49+00:00,1000.0,SUCCESS,False,TXN_00052299
ATM_0003811,SYN1000006547,ATM_SYN_2544,LOC_00191,2024-08-20T01:51:22+00:00,2000.0,SUCCESS,False,TXN_00052300
ATM_0003812,SYN1000005537,ATM_SYN_4681,LOC_00399,2024-08-16T17:11:32+00:00,1000.0,SUCCESS,False,TXN_00052301
ATM_0003813,SYN1000005576,ATM_SYN_4273,LOC_00386,2024-08-07T05:05:05+00:00,3000.0,SUCCESS,False,TXN_00052302
ATM_0003814,SYN1000001663,ATM_SYN_2106,LOC_00167,2024-08-09T06:21:55+00:00,5000.0,SUCCESS,False,TXN_00052303
ATM_0003815,SYN1000005953,ATM_SYN_3582,LOC_00390,2024-08-02T07:39:18+00:00,10000.0,SUCCESS,False,TXN_00052304
ATM_0003816,SYN1000006290,ATM_SYN_1366,LOC_00139,2024-08-12T21:33:14+00:00,20000.0,SUCCESS,False,TXN_00052305
ATM_0003817,SYN1000007185,ATM_SYN_6052,LOC_00469,2024-08-10T05:21:25+00:00,2000.0,SUCCESS,False,TXN_00052306
ATM_0003818,SYN1000000162,ATM_SYN_2471,LOC_00269,2024-08-24T18:45:40+00:00,2000.0,SUCCESS,False,TXN_00052307
ATM_0003819,SYN1000006451,ATM_SYN_8558,LOC_00010,2024-08-10T06:03:41+00:00,5000.0,SUCCESS,False,TXN_00052308
ATM_0003820,SYN1000004452,ATM_SYN_2817,LOC_00031,2024-08-10T10:38:28+00:00,3000.0,SUCCESS,False,TXN_00052309
ATM_0003821,SYN1000002219,ATM_SYN_7832,LOC_00444,2024-08-08T13:37:55+00:00,1000.0,SUCCESS,False,TXN_00052310
ATM_0003822,SYN1000008486,ATM_SYN_5765,LOC_00440,2024-08-09T20:24:17+00:00,10000.0,SUCCESS,False,TXN_00052311
ATM_0003823,SYN1000005170,ATM_SYN_2538,LOC_00326,2024-08-21T14:59:49+00:00,20000.0,SUCCESS,False,TXN_00052312
ATM_0003824,SYN1000004321,ATM_SYN_6734,LOC_00415,2024-08-22T07:13:47+00:00,5000.0,SUCCESS,False,TXN_00052313
ATM_0003825,SYN1000002130,ATM_SYN_4825,LOC_00149,2024-09-03T18:12:00+00:00,20000.0,SUCCESS,False,TXN_00052314
ATM_0003826,SYN1000000958,ATM_SYN_4029,LOC_00084,2024-08-07T18:02:48+00:00,20000.0,SUCCESS,False,TXN_00052315
ATM_0003827,SYN1000000217,ATM_SYN_2114,LOC_00009,2024-08-06T22:31:05+00:00,5000.0,SUCCESS,False,TXN_00052316
ATM_0003828,SYN1000003438,ATM_SYN_7663,LOC_00316,2024-08-19T04:43:30+00:00,10000.0,SUCCESS,False,TXN_00052317
ATM_0003829,SYN1000001204,ATM_SYN_4000,LOC_00313,2024-08-10T08:12:08+00:00,1000.0,SUCCESS,False,TXN_00052318
ATM_0003830,SYN1000006636,ATM_SYN_3965,LOC_00498,2024-08-15T14:21:39+00:00,5000.0,SUCCESS,False,TXN_00052319
ATM_0003831,SYN1000007226,ATM_SYN_4368,LOC_00227,2024-08-14T11:27:30+00:00,15000.0,SUCCESS,False,TXN_00052320
ATM_0003832,SYN1000004131,ATM_SYN_5874,LOC_00098,2024-08-26T04:40:15+00:00,1000.0,SUCCESS,False,TXN_00052321
ATM_0003833,SYN1000004168,ATM_SYN_5137,LOC_00492,2024-08-25T00:50:03+00:00,2000.0,SUCCESS,False,TXN_00052322
ATM_0003834,SYN1000006316,ATM_SYN_1337,LOC_00354,2024-08-27T01:48:31+00:00,1000.0,SUCCESS,False,TXN_00052323
ATM_0003835,SYN1000007203,ATM_SYN_6461,LOC_00059,2024-08-02T13:11:24+00:00,3000.0,SUCCESS,False,TXN_00052324
ATM_0003836,SYN1000004985,ATM_SYN_5491,LOC_00112,2024-08-04T02:57:49+00:00,5000.0,SUCCESS,False,TXN_00052325
ATM_0003837,SYN1000002692,ATM_SYN_9758,LOC_00158,2024-08-23T03:10:37+00:00,10000.0,SUCCESS,False,TXN_00052326
ATM_0003838,SYN1000004751,ATM_SYN_1342,LOC_00081,2024-08-10T18:34:15+00:00,15000.0,SUCCESS,False,TXN_00052327
ATM_0003839,SYN1000008030,ATM_SYN_1700,LOC_00280,2024-09-08T23:50:26+00:00,15000.0,SUCCESS,False,TXN_00052328
ATM_0003840,SYN1000005733,ATM_SYN_4236,LOC_00378,2024-08-16T22:49:33+00:00,3000.0,SUCCESS,False,TXN_00052329
ATM_0003841,SYN1000009650,ATM_SYN_9560,LOC_00413,2024-08-05T21:06:47+00:00,3000.0,SUCCESS,False,TXN_00052330
ATM_0003842,SYN1000008119,ATM_SYN_7880,LOC_00304,2024-08-09T19:39:24+00:00,2000.0,SUCCESS,False,TXN_00052331
ATM_0003843,SYN1000002920,ATM_SYN_6208,LOC_00223,2024-09-06T07:05:03+00:00,10000.0,SUCCESS,False,TXN_00052332
ATM_0003844,SYN1000002168,ATM_SYN_7653,LOC_00157,2024-08-03T15:36:29+00:00,2000.0,SUCCESS,False,TXN_00052333
ATM_0003845,SYN1000008204,ATM_SYN_3310,LOC_00477,2024-09-08T21:45:14+00:00,20000.0,SUCCESS,False,TXN_00052334
ATM_0003846,SYN1000000919,ATM_SYN_7399,LOC_00403,2024-08-29T12:17:22+00:00,10000.0,SUCCESS,False,TXN_00052335
ATM_0003847,SYN1000001537,ATM_SYN_9542,LOC_00338,2024-09-02T22:47:50+00:00,20000.0,SUCCESS,False,TXN_00052336
ATM_0003848,SYN1000006489,ATM_SYN_4376,LOC_00438,2024-08-21T02:53:41+00:00,20000.0,SUCCESS,False,TXN_00052337
ATM_0003849,SYN1000002097,ATM_SYN_6824,LOC_00438,2024-09-09T08:08:17+00:00,5000.0,SUCCESS,False,TXN_00052338
ATM_0003850,SYN1000005790,ATM_SYN_7837,LOC_00428,2024-09-03T22:33:28+00:00,15000.0,SUCCESS,False,TXN_00052339
ATM_0003851,SYN1000007827,ATM_SYN_3258,LOC_00124,2024-09-10T03:24:29+00:00,15000.0,SUCCESS,False,TXN_00052340
ATM_0003852,SYN1000005561,ATM_SYN_7700,LOC_00259,2024-09-02T15:08:00+00:00,3000.0,SUCCESS,False,TXN_00052341
ATM_0003853,SYN1000000105,ATM_SYN_8870,LOC_00177,2024-08-27T06:41:58+00:00,3000.0,SUCCESS,False,TXN_00052342
ATM_0003854,SYN1000003347,ATM_SYN_4974,LOC_00188,2024-08-15T06:16:49+00:00,3000.0,SUCCESS,False,TXN_00052343
ATM_0003855,SYN1000001191,ATM_SYN_8794,LOC_00360,2024-08-29T20:38:32+00:00,2000.0,SUCCESS,False,TXN_00052344
ATM_0003856,SYN1000006356,ATM_SYN_4795,LOC_00227,2024-09-08T00:38:20+00:00,3000.0,SUCCESS,False,TXN_00052345
ATM_0003857,SYN1000003839,ATM_SYN_7120,LOC_00391,2024-08-13T13:46:03+00:00,10000.0,SUCCESS,False,TXN_00052346
ATM_0003858,SYN1000000652,ATM_SYN_3341,LOC_00496,2024-08-28T06:03:43+00:00,5000.0,SUCCESS,False,TXN_00052347
ATM_0003859,SYN1000004511,ATM_SYN_6915,LOC_00025,2024-09-07T09:36:05+00:00,3000.0,SUCCESS,False,TXN_00052348
ATM_0003860,SYN1000006339,ATM_SYN_3751,LOC_00192,2024-08-15T10:25:28+00:00,20000.0,SUCCESS,False,TXN_00052349
ATM_0003861,SYN1000004781,ATM_SYN_2033,LOC_00376,2024-08-27T22:46:19+00:00,2000.0,SUCCESS,False,TXN_00052350
ATM_0003862,SYN1000002876,ATM_SYN_6127,LOC_00136,2024-08-29T08:28:41+00:00,10000.0,SUCCESS,False,TXN_00052351
ATM_0003863,SYN1000001160,ATM_SYN_8589,LOC_00104,2024-08-11T20:21:54+00:00,10000.0,SUCCESS,False,TXN_00052352
ATM_0003864,SYN1000001631,ATM_SYN_5728,LOC_00470,2024-08-13T23:50:41+00:00,10000.0,SUCCESS,False,TXN_00052353
ATM_0003865,SYN1000007472,ATM_SYN_7029,LOC_00327,2024-08-31T22:16:17+00:00,3000.0,SUCCESS,False,TXN_00052354
ATM_0003866,SYN1000001585,ATM_SYN_8264,LOC_00283,2024-08-27T06:33:11+00:00,20000.0,SUCCESS,False,TXN_00052355
ATM_0003867,SYN1000006696,ATM_SYN_8211,LOC_00244,2024-09-06T04:21:20+00:00,1000.0,SUCCESS,False,TXN_00052356
ATM_0003868,SYN1000008666,ATM_SYN_2420,LOC_00465,2024-08-25T10:44:52+00:00,15000.0,SUCCESS,False,TXN_00052357
ATM_0003869,SYN1000006721,ATM_SYN_6204,LOC_00137,2024-08-14T20:51:47+00:00,20000.0,SUCCESS,False,TXN_00052358
ATM_0003870,SYN1000004187,ATM_SYN_4755,LOC_00406,2024-09-06T08:15:20+00:00,3000.0,SUCCESS,False,TXN_00052359
ATM_0003871,SYN1000003690,ATM_SYN_4998,LOC_00244,2024-08-09T02:48:49+00:00,5000.0,SUCCESS,False,TXN_00052360
ATM_0003872,SYN1000006725,ATM_SYN_8236,LOC_00332,2024-08-06T18:11:12+00:00,5000.0,SUCCESS,False,TXN_00052361
ATM_0003873,SYN1000004259,ATM_SYN_9130,LOC_00229,2024-08-28T15:13:42+00:00,2000.0,SUCCESS,False,TXN_00052362
ATM_0003874,SYN1000004181,ATM_SYN_9919,LOC_00128,2024-08-26T17:03:16+00:00,20000.0,SUCCESS,False,TXN_00052363
ATM_0003875,SYN1000007637,ATM_SYN_2444,LOC_00482,2024-09-06T05:00:55+00:00,1000.0,SUCCESS,False,TXN_00052364
ATM_0003876,SYN1000002315,ATM_SYN_2713,LOC_00473,2024-08-29T19:07:23+00:00,20000.0,SUCCESS,False,TXN_00052365
ATM_0003877,SYN1000005665,ATM_SYN_5023,LOC_00172,2024-09-08T18:38:09+00:00,20000.0,SUCCESS,False,TXN_00052366
ATM_0003878,SYN1000004450,ATM_SYN_4809,LOC_00249,2024-09-10T11:03:55+00:00,10000.0,SUCCESS,False,TXN_00052367
ATM_0003879,SYN1000008356,ATM_SYN_5495,LOC_00342,2024-09-06T08:33:13+00:00,1000.0,SUCCESS,False,TXN_00052368
ATM_0003880,SYN1000007579,ATM_SYN_8373,LOC_00427,2024-08-09T04:32:15+00:00,1000.0,SUCCESS,False,TXN_00052369
ATM_0003881,SYN1000003889,ATM_SYN_2324,LOC_00250,2024-08-27T15:19:34+00:00,2000.0,SUCCESS,False,TXN_00052370
ATM_0003882,SYN1000006630,ATM_SYN_9896,LOC_00457,2024-09-05T22:23:51+00:00,2000.0,SUCCESS,False,TXN_00052371
ATM_0003883,SYN1000009309,ATM_SYN_9946,LOC_00331,2024-09-05T03:44:17+00:00,2000.0,SUCCESS,False,TXN_00052372
ATM_0003884,SYN1000005252,ATM_SYN_8010,LOC_00265,2024-08-03T22:34:22+00:00,15000.0,SUCCESS,False,TXN_00052373
ATM_0003885,SYN1000001807,ATM_SYN_8605,LOC_00240,2024-08-15T04:24:16+00:00,20000.0,SUCCESS,False,TXN_00052374
ATM_0003886,SYN1000001700,ATM_SYN_4152,LOC_00462,2024-08-19T13:47:06+00:00,1000.0,SUCCESS,False,TXN_00052375
ATM_0003887,SYN1000002787,ATM_SYN_5155,LOC_00122,2024-08-28T02:31:33+00:00,5000.0,SUCCESS,False,TXN_00052376
ATM_0003888,SYN1000003718,ATM_SYN_4769,LOC_00434,2024-08-20T00:38:21+00:00,20000.0,SUCCESS,False,TXN_00052377
ATM_0003889,SYN1000001161,ATM_SYN_2235,LOC_00017,2024-09-09T01:39:13+00:00,10000.0,SUCCESS,False,TXN_00052378
ATM_0003890,SYN1000004766,ATM_SYN_3250,LOC_00267,2024-08-14T05:13:52+00:00,2000.0,SUCCESS,False,TXN_00052379
ATM_0003891,SYN1000006204,ATM_SYN_4205,LOC_00299,2024-08-05T16:21:52+00:00,15000.0,SUCCESS,False,TXN_00052380
ATM_0003892,SYN1000000629,ATM_SYN_5358,LOC_00134,2024-09-09T10:21:44+00:00,15000.0,SUCCESS,False,TXN_00052381
ATM_0003893,SYN1000008010,ATM_SYN_1854,LOC_00424,2024-08-03T16:55:28+00:00,2000.0,SUCCESS,False,TXN_00052382
ATM_0003894,SYN1000000196,ATM_SYN_5269,LOC_00053,2024-08-31T00:13:42+00:00,20000.0,SUCCESS,False,TXN_00052383
ATM_0003895,SYN1000009554,ATM_SYN_8352,LOC_00223,2024-08-10T15:27:09+00:00,2000.0,SUCCESS,False,TXN_00052384
ATM_0003896,SYN1000005683,ATM_SYN_8087,LOC_00162,2024-09-05T16:05:50+00:00,5000.0,SUCCESS,False,TXN_00052385
ATM_0003897,SYN1000003079,ATM_SYN_7297,LOC_00212,2024-08-22T17:59:13+00:00,15000.0,SUCCESS,False,TXN_00052386
ATM_0003898,SYN1000004765,ATM_SYN_8283,LOC_00303,2024-08-28T11:52:10+00:00,10000.0,SUCCESS,False,TXN_00052387
ATM_0003899,SYN1000003052,ATM_SYN_9956,LOC_00432,2024-08-15T18:06:17+00:00,10000.0,SUCCESS,False,TXN_00052388
ATM_0003900,SYN1000004410,ATM_SYN_9338,LOC_00434,2024-09-07T01:38:15+00:00,2000.0,SUCCESS,False,TXN_00052389
ATM_0003901,SYN1000001668,ATM_SYN_1524,LOC_00338,2024-08-25T22:43:25+00:00,10000.0,SUCCESS,False,TXN_00052390
ATM_0003902,SYN1000002435,ATM_SYN_7053,LOC_00222,2024-08-15T06:05:20+00:00,15000.0,SUCCESS,False,TXN_00052391
ATM_0003903,SYN1000002721,ATM_SYN_5267,LOC_00315,2024-08-03T06:20:00+00:00,1000.0,SUCCESS,False,TXN_00052392
ATM_0003904,SYN1000003881,ATM_SYN_4449,LOC_00362,2024-08-10T22:08:07+00:00,10000.0,SUCCESS,False,TXN_00052393
ATM_0003905,SYN1000006748,ATM_SYN_4786,LOC_00044,2024-08-11T17:55:48+00:00,1000.0,SUCCESS,False,TXN_00052394
ATM_0003906,SYN1000009568,ATM_SYN_2409,LOC_00390,2024-09-06T12:00:14+00:00,5000.0,SUCCESS,False,TXN_00052395
ATM_0003907,SYN1000008067,ATM_SYN_1959,LOC_00164,2024-08-16T03:27:20+00:00,20000.0,SUCCESS,False,TXN_00052396
ATM_0003908,SYN1000008658,ATM_SYN_2256,LOC_00462,2024-09-08T09:10:48+00:00,10000.0,SUCCESS,False,TXN_00052397
ATM_0003909,SYN1000009689,ATM_SYN_4598,LOC_00260,2024-09-04T23:06:30+00:00,2000.0,SUCCESS,False,TXN_00052398
ATM_0003910,SYN1000004053,ATM_SYN_9707,LOC_00367,2024-08-14T21:30:27+00:00,5000.0,SUCCESS,False,TXN_00052399
ATM_0003911,SYN1000005313,ATM_SYN_3370,LOC_00274,2024-09-06T22:08:55+00:00,5000.0,SUCCESS,False,TXN_00052400
ATM_0003912,SYN1000003542,ATM_SYN_4762,LOC_00242,2024-08-20T17:27:09+00:00,5000.0,SUCCESS,False,TXN_00052401
ATM_0003913,SYN1000008101,ATM_SYN_6631,LOC_00111,2024-08-20T05:15:08+00:00,3000.0,SUCCESS,False,TXN_00052402
ATM_0003914,SYN1000003917,ATM_SYN_6636,LOC_00068,2024-09-01T11:21:01+00:00,2000.0,SUCCESS,False,TXN_00052403
ATM_0003915,SYN1000005731,ATM_SYN_6540,LOC_00457,2024-08-05T15:58:02+00:00,20000.0,SUCCESS,False,TXN_00052404
ATM_0003916,SYN1000003695,ATM_SYN_2537,LOC_00205,2024-08-28T11:37:40+00:00,5000.0,SUCCESS,False,TXN_00052405
ATM_0003917,SYN1000009816,ATM_SYN_2108,LOC_00073,2024-08-21T15:48:14+00:00,2000.0,SUCCESS,False,TXN_00052406
ATM_0003918,SYN1000003744,ATM_SYN_6593,LOC_00398,2024-08-22T02:28:41+00:00,10000.0,SUCCESS,False,TXN_00052407
ATM_0003919,SYN1000000908,ATM_SYN_9049,LOC_00346,2024-08-19T10:45:47+00:00,20000.0,SUCCESS,False,TXN_00052408
ATM_0003920,SYN1000008533,ATM_SYN_4619,LOC_00494,2024-09-03T03:18:04+00:00,2000.0,SUCCESS,False,TXN_00052409
ATM_0003921,SYN1000003111,ATM_SYN_7385,LOC_00210,2024-08-03T15:33:10+00:00,15000.0,SUCCESS,False,TXN_00052410
ATM_0003922,SYN1000006374,ATM_SYN_1544,LOC_00151,2024-08-21T05:31:50+00:00,3000.0,SUCCESS,False,TXN_00052411
ATM_0003923,SYN1000001027,ATM_SYN_8350,LOC_00370,2024-08-11T22:18:22+00:00,1000.0,SUCCESS,False,TXN_00052412
ATM_0003924,SYN1000001590,ATM_SYN_7085,LOC_00245,2024-08-22T20:34:56+00:00,5000.0,SUCCESS,False,TXN_00052413
ATM_0003925,SYN1000009389,ATM_SYN_8406,LOC_00480,2024-09-04T00:29:29+00:00,5000.0,SUCCESS,False,TXN_00052414
ATM_0003926,SYN1000009977,ATM_SYN_7807,LOC_00121,2024-08-24T12:59:13+00:00,15000.0,SUCCESS,False,TXN_00052415
ATM_0003927,SYN1000001704,ATM_SYN_8821,LOC_00182,2024-08-05T15:58:02+00:00,1000.0,SUCCESS,False,TXN_00052416
ATM_0003928,SYN1000000343,ATM_SYN_7567,LOC_00403,2024-08-03T06:06:56+00:00,10000.0,SUCCESS,False,TXN_00052417
ATM_0003929,SYN1000000423,ATM_SYN_1477,LOC_00103,2024-08-07T14:05:07+00:00,20000.0,SUCCESS,False,TXN_00052418
ATM_0003930,SYN1000000090,ATM_SYN_5900,LOC_00382,2024-08-31T20:13:36+00:00,1000.0,SUCCESS,False,TXN_00052419
ATM_0003931,SYN1000001308,ATM_SYN_8694,LOC_00369,2024-09-06T22:30:01+00:00,10000.0,SUCCESS,False,TXN_00052420
ATM_0003932,SYN1000008084,ATM_SYN_1723,LOC_00163,2024-09-09T15:00:43+00:00,20000.0,SUCCESS,False,TXN_00052421
ATM_0003933,SYN1000003340,ATM_SYN_5976,LOC_00187,2024-08-04T08:22:03+00:00,20000.0,SUCCESS,False,TXN_00052422
ATM_0003934,SYN1000007861,ATM_SYN_7679,LOC_00428,2024-08-31T17:23:13+00:00,3000.0,SUCCESS,False,TXN_00052423
ATM_0003935,SYN1000009323,ATM_SYN_9005,LOC_00450,2024-08-26T22:38:42+00:00,1000.0,SUCCESS,False,TXN_00052424
ATM_0003936,SYN1000003542,ATM_SYN_5680,LOC_00294,2024-08-18T22:51:45+00:00,3000.0,SUCCESS,False,TXN_00052425
ATM_0003937,SYN1000006651,ATM_SYN_4312,LOC_00106,2024-08-31T04:10:52+00:00,1000.0,SUCCESS,False,TXN_00052426
ATM_0003938,SYN1000003469,ATM_SYN_4417,LOC_00318,2024-09-07T23:05:45+00:00,2000.0,SUCCESS,False,TXN_00052427
ATM_0003939,SYN1000007586,ATM_SYN_8682,LOC_00363,2024-08-18T09:38:58+00:00,3000.0,SUCCESS,False,TXN_00052428
ATM_0003940,SYN1000002411,ATM_SYN_2961,LOC_00193,2024-08-30T19:41:19+00:00,2000.0,SUCCESS,False,TXN_00052429
ATM_0003941,SYN1000009430,ATM_SYN_3836,LOC_00083,2024-08-03T00:43:32+00:00,3000.0,SUCCESS,False,TXN_00052430
ATM_0003942,SYN1000007694,ATM_SYN_1954,LOC_00175,2024-08-26T07:26:26+00:00,1000.0,SUCCESS,False,TXN_00052431
ATM_0003943,SYN1000002089,ATM_SYN_8058,LOC_00478,2024-08-17T17:13:19+00:00,1000.0,SUCCESS,False,TXN_00052432
ATM_0003944,SYN1000001372,ATM_SYN_4217,LOC_00187,2024-08-24T22:53:25+00:00,2000.0,SUCCESS,False,TXN_00052433
ATM_0003945,SYN1000001933,ATM_SYN_3613,LOC_00366,2024-08-18T13:51:43+00:00,5000.0,SUCCESS,False,TXN_00052434
ATM_0003946,SYN1000007525,ATM_SYN_9108,LOC_00261,2024-08-07T03:44:23+00:00,5000.0,SUCCESS,False,TXN_00052435
ATM_0003947,SYN1000008893,ATM_SYN_6396,LOC_00481,2024-08-21T17:22:18+00:00,1000.0,SUCCESS,False,TXN_00052436
ATM_0003948,SYN1000009353,ATM_SYN_9266,LOC_00359,2024-08-09T15:46:09+00:00,1000.0,SUCCESS,False,TXN_00052437
ATM_0003949,SYN1000003149,ATM_SYN_2239,LOC_00073,2024-08-12T11:19:58+00:00,2000.0,SUCCESS,False,TXN_00052438
ATM_0003950,SYN1000002089,ATM_SYN_8087,LOC_00099,2024-09-01T11:18:56+00:00,5000.0,SUCCESS,False,TXN_00052439
ATM_0003951,SYN1000003544,ATM_SYN_5850,LOC_00357,2024-09-09T09:56:07+00:00,15000.0,SUCCESS,False,TXN_00052440
ATM_0003952,SYN1000006028,ATM_SYN_6836,LOC_00318,2024-08-24T01:25:12+00:00,5000.0,SUCCESS,False,TXN_00052441
ATM_0003953,SYN1000003413,ATM_SYN_3135,LOC_00087,2024-09-10T16:18:30+00:00,1000.0,SUCCESS,False,TXN_00052442
ATM_0003954,SYN1000009841,ATM_SYN_2814,LOC_00161,2024-09-10T16:57:39+00:00,10000.0,SUCCESS,False,TXN_00052443
ATM_0003955,SYN1000000408,ATM_SYN_2874,LOC_00054,2024-08-10T13:26:19+00:00,2000.0,SUCCESS,False,TXN_00052444
ATM_0003956,SYN1000001416,ATM_SYN_8019,LOC_00009,2024-08-17T22:44:46+00:00,1000.0,SUCCESS,False,TXN_00052445
ATM_0003957,SYN1000008091,ATM_SYN_4717,LOC_00169,2024-08-19T03:24:57+00:00,2000.0,SUCCESS,False,TXN_00052446
ATM_0003958,SYN1000005123,ATM_SYN_9298,LOC_00298,2024-09-08T01:57:37+00:00,10000.0,SUCCESS,False,TXN_00052447
ATM_0003959,SYN1000005360,ATM_SYN_7495,LOC_00436,2024-08-02T09:17:24+00:00,10000.0,SUCCESS,False,TXN_00052448
ATM_0003960,SYN1000001800,ATM_SYN_5143,LOC_00016,2024-08-27T05:05:42+00:00,5000.0,SUCCESS,False,TXN_00052449
ATM_0003961,SYN1000003682,ATM_SYN_7948,LOC_00169,2024-08-09T03:52:23+00:00,2000.0,SUCCESS,False,TXN_00052450
ATM_0003962,SYN1000006157,ATM_SYN_8254,LOC_00171,2024-08-07T13:26:19+00:00,20000.0,SUCCESS,False,TXN_00052451
ATM_0003963,SYN1000007264,ATM_SYN_8655,LOC_00361,2024-08-31T23:35:55+00:00,20000.0,SUCCESS,False,TXN_00052452
ATM_0003964,SYN1000002169,ATM_SYN_2506,LOC_00234,2024-09-01T01:46:11+00:00,10000.0,SUCCESS,False,TXN_00052453
ATM_0003965,SYN1000000886,ATM_SYN_4797,LOC_00462,2024-09-10T14:13:02+00:00,1000.0,SUCCESS,False,TXN_00052454
ATM_0003966,SYN1000005014,ATM_SYN_2896,LOC_00138,2024-08-19T04:09:13+00:00,10000.0,SUCCESS,False,TXN_00052455
ATM_0003967,SYN1000008991,ATM_SYN_6781,LOC_00093,2024-09-06T10:14:44+00:00,5000.0,SUCCESS,False,TXN_00052456
ATM_0003968,SYN1000003375,ATM_SYN_6431,LOC_00087,2024-08-31T02:16:10+00:00,5000.0,SUCCESS,False,TXN_00052457
ATM_0003969,SYN1000001315,ATM_SYN_7480,LOC_00481,2024-09-02T22:54:54+00:00,1000.0,SUCCESS,False,TXN_00052458
ATM_0003970,SYN1000008874,ATM_SYN_4068,LOC_00117,2024-08-23T23:57:16+00:00,10000.0,SUCCESS,False,TXN_00052459
ATM_0003971,SYN1000007034,ATM_SYN_9039,LOC_00038,2024-08-20T12:34:28+00:00,15000.0,SUCCESS,False,TXN_00052460
ATM_0003972,SYN1000005153,ATM_SYN_8217,LOC_00338,2024-08-29T05:08:52+00:00,5000.0,SUCCESS,False,TXN_00052461
ATM_0003973,SYN1000009789,ATM_SYN_3722,LOC_00281,2024-08-19T04:52:47+00:00,5000.0,SUCCESS,False,TXN_00052462
ATM_0003974,SYN1000009451,ATM_SYN_8380,LOC_00473,2024-08-10T07:53:39+00:00,20000.0,SUCCESS,False,TXN_00052463
ATM_0003975,SYN1000002708,ATM_SYN_4593,LOC_00184,2024-09-08T19:18:11+00:00,5000.0,SUCCESS,False,TXN_00052464
ATM_0003976,SYN1000002443,ATM_SYN_6771,LOC_00497,2024-08-14T20:09:01+00:00,3000.0,SUCCESS,False,TXN_00052465
ATM_0003977,SYN1000009812,ATM_SYN_6350,LOC_00327,2024-08-26T09:33:19+00:00,1000.0,SUCCESS,False,TXN_00052466
ATM_0003978,SYN1000009650,ATM_SYN_5829,LOC_00263,2024-08-27T12:54:20+00:00,10000.0,SUCCESS,False,TXN_00052467
ATM_0003979,SYN1000001418,ATM_SYN_1874,LOC_00373,2024-09-01T00:22:18+00:00,20000.0,SUCCESS,False,TXN_00052468
ATM_0003980,SYN1000006726,ATM_SYN_4317,LOC_00321,2024-08-17T21:03:10+00:00,10000.0,SUCCESS,False,TXN_00052469
ATM_0003981,SYN1000001992,ATM_SYN_3772,LOC_00460,2024-08-21T21:45:50+00:00,5000.0,SUCCESS,False,TXN_00052470
ATM_0003982,SYN1000003541,ATM_SYN_7363,LOC_00377,2024-08-24T07:12:47+00:00,20000.0,SUCCESS,False,TXN_00052471
ATM_0003983,SYN1000003684,ATM_SYN_5515,LOC_00252,2024-08-18T14:25:09+00:00,20000.0,SUCCESS,False,TXN_00052472
ATM_0003984,SYN1000004159,ATM_SYN_4364,LOC_00385,2024-08-13T01:38:23+00:00,5000.0,SUCCESS,False,TXN_00052473
ATM_0003985,SYN1000001614,ATM_SYN_3614,LOC_00127,2024-08-09T08:47:46+00:00,15000.0,SUCCESS,False,TXN_00052474
ATM_0003986,SYN1000007662,ATM_SYN_5978,LOC_00482,2024-08-11T01:42:00+00:00,15000.0,SUCCESS,False,TXN_00052475
ATM_0003987,SYN1000003554,ATM_SYN_9272,LOC_00081,2024-09-03T23:20:42+00:00,10000.0,SUCCESS,False,TXN_00052476
ATM_0003988,SYN1000000819,ATM_SYN_7011,LOC_00032,2024-08-17T04:10:54+00:00,10000.0,SUCCESS,False,TXN_00052477
ATM_0003989,SYN1000008661,ATM_SYN_6856,LOC_00181,2024-09-07T14:13:20+00:00,2000.0,SUCCESS,False,TXN_00052478
ATM_0003990,SYN1000006087,ATM_SYN_9505,LOC_00404,2024-08-05T20:00:25+00:00,3000.0,SUCCESS,False,TXN_00052479
ATM_0003991,SYN1000009137,ATM_SYN_2322,LOC_00120,2024-08-05T07:53:01+00:00,10000.0,SUCCESS,False,TXN_00052480
ATM_0003992,SYN1000004966,ATM_SYN_6450,LOC_00343,2024-08-04T10:49:09+00:00,5000.0,SUCCESS,False,TXN_00052481
ATM_0003993,SYN1000003506,ATM_SYN_4387,LOC_00215,2024-08-15T19:59:38+00:00,3000.0,SUCCESS,False,TXN_00052482
ATM_0003994,SYN1000000575,ATM_SYN_3012,LOC_00054,2024-08-09T09:47:18+00:00,3000.0,SUCCESS,False,TXN_00052483
ATM_0003995,SYN1000004150,ATM_SYN_5198,LOC_00310,2024-08-13T13:23:49+00:00,1000.0,SUCCESS,False,TXN_00052484
ATM_0003996,SYN1000009113,ATM_SYN_1506,LOC_00086,2024-08-27T19:38:55+00:00,3000.0,SUCCESS,False,TXN_00052485
ATM_0003997,SYN1000009725,ATM_SYN_3995,LOC_00100,2024-09-09T09:39:04+00:00,3000.0,SUCCESS,False,TXN_00052486
ATM_0003998,SYN1000003421,ATM_SYN_6674,LOC_00050,2024-09-03T11:32:10+00:00,2000.0,SUCCESS,False,TXN_00052487
ATM_0003999,SYN1000007460,ATM_SYN_2455,LOC_00116,2024-09-05T17:59:42+00:00,10000.0,SUCCESS,False,TXN_00052488
ATM_0004000,SYN1000002834,ATM_SYN_7178,LOC_00293,2024-08-08T13:03:17+00:00,5000.0,SUCCESS,False,TXN_00052489
ATM_0004001,SYN1000004498,ATM_SYN_6339,LOC_00415,2024-08-31T16:19:02+00:00,20000.0,SUCCESS,False,TXN_00052490
ATM_0004002,SYN1000009987,ATM_SYN_9608,LOC_00467,2024-08-10T22:03:03+00:00,15000.0,SUCCESS,False,TXN_00052491
ATM_0004003,SYN1000007437,ATM_SYN_1841,LOC_00120,2024-08-18T16:22:13+00:00,3000.0,SUCCESS,False,TXN_00052492
ATM_0004004,SYN1000002250,ATM_SYN_8686,LOC_00394,2024-08-21T23:22:52+00:00,2000.0,SUCCESS,False,TXN_00052493
ATM_0004005,SYN1000002226,ATM_SYN_2280,LOC_00190,2024-08-08T09:35:55+00:00,1000.0,SUCCESS,False,TXN_00052494
ATM_0004006,SYN1000004563,ATM_SYN_9532,LOC_00170,2024-08-19T19:01:13+00:00,1000.0,SUCCESS,False,TXN_00052495
ATM_0004007,SYN1000003735,ATM_SYN_1303,LOC_00079,2024-08-21T19:27:45+00:00,20000.0,SUCCESS,False,TXN_00052496
ATM_0004008,SYN1000005500,ATM_SYN_2317,LOC_00169,2024-08-25T08:10:19+00:00,3000.0,SUCCESS,False,TXN_00052497
ATM_0004009,SYN1000004147,ATM_SYN_5574,LOC_00056,2024-08-06T17:14:25+00:00,20000.0,SUCCESS,False,TXN_00052498
ATM_0004010,SYN1000004966,ATM_SYN_9994,LOC_00370,2024-08-13T03:33:05+00:00,15000.0,SUCCESS,False,TXN_00052499
ATM_0004011,SYN1000002210,ATM_SYN_1073,LOC_00139,2024-09-09T09:09:04+00:00,10000.0,SUCCESS,False,TXN_00052500
ATM_0004012,SYN1000000585,ATM_SYN_4146,LOC_00462,2024-08-11T05:46:38+00:00,10000.0,SUCCESS,False,TXN_00052501
ATM_0004013,SYN1000007332,ATM_SYN_6459,LOC_00358,2024-09-04T14:15:39+00:00,1000.0,SUCCESS,False,TXN_00052502
ATM_0004014,SYN1000002764,ATM_SYN_5590,LOC_00457,2024-08-22T06:13:04+00:00,15000.0,SUCCESS,False,TXN_00052503
ATM_0004015,SYN1000000560,ATM_SYN_1959,LOC_00095,2024-08-28T06:33:32+00:00,3000.0,SUCCESS,False,TXN_00052504
ATM_0004016,SYN1000002500,ATM_SYN_5772,LOC_00354,2024-08-04T20:52:58+00:00,5000.0,SUCCESS,False,TXN_00052505
ATM_0004017,SYN1000006956,ATM_SYN_9122,LOC_00242,2024-08-19T09:49:39+00:00,2000.0,SUCCESS,False,TXN_00052506
ATM_0004018,SYN1000008820,ATM_SYN_7923,LOC_00482,2024-09-07T02:20:37+00:00,15000.0,SUCCESS,False,TXN_00052507
ATM_0004019,SYN1000004714,ATM_SYN_5534,LOC_00251,2024-08-19T01:06:20+00:00,15000.0,SUCCESS,False,TXN_00052508
ATM_0004020,SYN1000008155,ATM_SYN_4785,LOC_00042,2024-08-24T19:51:39+00:00,2000.0,SUCCESS,False,TXN_00052509
ATM_0004021,SYN1000002440,ATM_SYN_5141,LOC_00276,2024-08-20T10:38:46+00:00,2000.0,SUCCESS,False,TXN_00052510
ATM_0004022,SYN1000002066,ATM_SYN_9462,LOC_00410,2024-08-22T03:01:52+00:00,1000.0,SUCCESS,False,TXN_00052511
ATM_0004023,SYN1000001636,ATM_SYN_2085,LOC_00250,2024-09-04T05:08:14+00:00,5000.0,SUCCESS,False,TXN_00052512
ATM_0004024,SYN1000004602,ATM_SYN_7535,LOC_00164,2024-08-29T06:36:21+00:00,2000.0,SUCCESS,False,TXN_00052513
ATM_0004025,SYN1000004093,ATM_SYN_1969,LOC_00340,2024-08-18T23:12:16+00:00,1000.0,SUCCESS,False,TXN_00052514
ATM_0004026,SYN1000008323,ATM_SYN_2013,LOC_00486,2024-08-23T20:52:35+00:00,20000.0,SUCCESS,False,TXN_00052515
ATM_0004027,SYN1000007747,ATM_SYN_7479,LOC_00039,2024-08-10T19:18:52+00:00,1000.0,SUCCESS,False,TXN_00052516
ATM_0004028,SYN1000006166,ATM_SYN_6497,LOC_00145,2024-08-18T00:22:39+00:00,2000.0,SUCCESS,False,TXN_00052517
ATM_0004029,SYN1000002696,ATM_SYN_6504,LOC_00026,2024-09-07T06:24:13+00:00,5000.0,SUCCESS,False,TXN_00052518
ATM_0004030,SYN1000008282,ATM_SYN_4278,LOC_00243,2024-08-08T16:55:35+00:00,15000.0,SUCCESS,False,TXN_00052519
ATM_0004031,SYN1000000238,ATM_SYN_7542,LOC_00355,2024-08-26T11:36:18+00:00,2000.0,SUCCESS,False,TXN_00052520
ATM_0004032,SYN1000002220,ATM_SYN_7350,LOC_00477,2024-09-06T14:55:47+00:00,10000.0,SUCCESS,False,TXN_00052521
ATM_0004033,SYN1000006452,ATM_SYN_2353,LOC_00233,2024-08-19T04:31:22+00:00,2000.0,SUCCESS,False,TXN_00052522
ATM_0004034,SYN1000007716,ATM_SYN_4801,LOC_00477,2024-09-06T22:51:42+00:00,15000.0,SUCCESS,False,TXN_00052523
ATM_0004035,SYN1000007878,ATM_SYN_5762,LOC_00068,2024-08-10T14:29:47+00:00,1000.0,SUCCESS,False,TXN_00052524
ATM_0004036,SYN1000001424,ATM_SYN_6119,LOC_00153,2024-08-30T21:53:05+00:00,15000.0,SUCCESS,False,TXN_00052525
ATM_0004037,SYN1000008482,ATM_SYN_8191,LOC_00291,2024-08-03T03:05:02+00:00,10000.0,SUCCESS,False,TXN_00052526
ATM_0004038,SYN1000006039,ATM_SYN_9992,LOC_00381,2024-09-09T04:31:41+00:00,3000.0,SUCCESS,False,TXN_00052527
ATM_0004039,SYN1000008702,ATM_SYN_2824,LOC_00439,2024-09-09T23:52:30+00:00,10000.0,SUCCESS,False,TXN_00052528
ATM_0004040,SYN1000000389,ATM_SYN_4701,LOC_00425,2024-08-03T04:03:27+00:00,1000.0,SUCCESS,False,TXN_00052529
ATM_0004041,SYN1000007259,ATM_SYN_9257,LOC_00293,2024-08-20T23:17:37+00:00,3000.0,SUCCESS,False,TXN_00052530
ATM_0004042,SYN1000008958,ATM_SYN_8266,LOC_00481,2024-08-13T20:32:08+00:00,10000.0,SUCCESS,False,TXN_00052531
ATM_0004043,SYN1000002773,ATM_SYN_8866,LOC_00079,2024-08-27T08:26:32+00:00,3000.0,SUCCESS,False,TXN_00052532
ATM_0004044,SYN1000005055,ATM_SYN_3722,LOC_00262,2024-09-04T09:54:40+00:00,1000.0,SUCCESS,False,TXN_00052533
ATM_0004045,SYN1000003803,ATM_SYN_6375,LOC_00265,2024-08-30T09:24:04+00:00,5000.0,SUCCESS,False,TXN_00052534
ATM_0004046,SYN1000003601,ATM_SYN_4465,LOC_00479,2024-08-16T10:32:21+00:00,3000.0,SUCCESS,False,TXN_00052535
ATM_0004047,SYN1000001968,ATM_SYN_2230,LOC_00104,2024-08-30T19:18:06+00:00,3000.0,SUCCESS,False,TXN_00052536
ATM_0004048,SYN1000009275,ATM_SYN_6849,LOC_00479,2024-09-03T00:35:39+00:00,2000.0,SUCCESS,False,TXN_00052537
ATM_0004049,SYN1000001308,ATM_SYN_7519,LOC_00260,2024-08-09T00:16:16+00:00,20000.0,SUCCESS,False,TXN_00052538
ATM_0004050,SYN1000003805,ATM_SYN_5405,LOC_00100,2024-09-07T03:50:28+00:00,15000.0,SUCCESS,False,TXN_00052539
ATM_0004051,SYN1000003250,ATM_SYN_2697,LOC_00218,2024-08-27T02:37:04+00:00,2000.0,SUCCESS,False,TXN_00052540
ATM_0004052,SYN1000000403,ATM_SYN_1828,LOC_00343,2024-08-30T22:55:31+00:00,5000.0,SUCCESS,False,TXN_00052541
ATM_0004053,SYN1000000966,ATM_SYN_7768,LOC_00128,2024-08-18T23:10:48+00:00,5000.0,SUCCESS,False,TXN_00052542
ATM_0004054,SYN1000003667,ATM_SYN_4047,LOC_00495,2024-08-06T21:49:43+00:00,15000.0,SUCCESS,False,TXN_00052543
ATM_0004055,SYN1000009713,ATM_SYN_6070,LOC_00357,2024-08-29T05:16:10+00:00,5000.0,SUCCESS,False,TXN_00052544
ATM_0004056,SYN1000009540,ATM_SYN_5034,LOC_00310,2024-09-01T15:26:59+00:00,20000.0,SUCCESS,False,TXN_00052545
ATM_0004057,SYN1000003409,ATM_SYN_8579,LOC_00225,2024-08-25T04:37:30+00:00,10000.0,SUCCESS,False,TXN_00052546
ATM_0004058,SYN1000002332,ATM_SYN_1602,LOC_00133,2024-08-14T23:30:33+00:00,3000.0,SUCCESS,False,TXN_00052547
ATM_0004059,SYN1000007655,ATM_SYN_6654,LOC_00205,2024-08-15T22:26:40+00:00,2000.0,SUCCESS,False,TXN_00052548
ATM_0004060,SYN1000000668,ATM_SYN_4106,LOC_00454,2024-08-10T06:53:59+00:00,3000.0,SUCCESS,False,TXN_00052549
ATM_0004061,SYN1000004652,ATM_SYN_2309,LOC_00429,2024-08-22T01:12:23+00:00,3000.0,SUCCESS,False,TXN_00052550
ATM_0004062,SYN1000008975,ATM_SYN_6500,LOC_00109,2024-08-24T10:56:27+00:00,3000.0,SUCCESS,False,TXN_00052551
ATM_0004063,SYN1000000668,ATM_SYN_1238,LOC_00490,2024-09-05T22:11:34+00:00,15000.0,SUCCESS,False,TXN_00052552
ATM_0004064,SYN1000002197,ATM_SYN_9737,LOC_00366,2024-08-22T02:33:59+00:00,3000.0,SUCCESS,False,TXN_00052553
ATM_0004065,SYN1000007389,ATM_SYN_9180,LOC_00339,2024-08-18T20:14:12+00:00,10000.0,SUCCESS,False,TXN_00052554
ATM_0004066,SYN1000000776,ATM_SYN_1591,LOC_00038,2024-08-28T22:55:25+00:00,1000.0,SUCCESS,False,TXN_00052555
ATM_0004067,SYN1000008179,ATM_SYN_5426,LOC_00303,2024-08-08T22:03:41+00:00,10000.0,SUCCESS,False,TXN_00052556
ATM_0004068,SYN1000006877,ATM_SYN_7259,LOC_00296,2024-09-10T17:16:40+00:00,1000.0,SUCCESS,False,TXN_00052557
ATM_0004069,SYN1000004133,ATM_SYN_3463,LOC_00186,2024-08-24T11:59:08+00:00,2000.0,SUCCESS,False,TXN_00052558
ATM_0004070,SYN1000005202,ATM_SYN_7495,LOC_00215,2024-08-03T20:40:32+00:00,3000.0,SUCCESS,False,TXN_00052559
ATM_0004071,SYN1000007372,ATM_SYN_6296,LOC_00489,2024-09-10T22:08:06+00:00,5000.0,SUCCESS,False,TXN_00052560
ATM_0004072,SYN1000008225,ATM_SYN_6098,LOC_00487,2024-08-12T12:01:31+00:00,2000.0,SUCCESS,False,TXN_00052561
ATM_0004073,SYN1000007502,ATM_SYN_4696,LOC_00346,2024-08-13T23:59:44+00:00,2000.0,SUCCESS,False,TXN_00052562
ATM_0004074,SYN1000001701,ATM_SYN_9290,LOC_00468,2024-08-24T20:13:36+00:00,3000.0,SUCCESS,False,TXN_00052563
ATM_0004075,SYN1000007209,ATM_SYN_9870,LOC_00304,2024-08-17T23:34:39+00:00,15000.0,SUCCESS,False,TXN_00052564
ATM_0004076,SYN1000005568,ATM_SYN_4541,LOC_00305,2024-08-05T02:33:22+00:00,20000.0,SUCCESS,False,TXN_00052565
ATM_0004077,SYN1000003296,ATM_SYN_2242,LOC_00051,2024-08-09T13:57:54+00:00,20000.0,SUCCESS,False,TXN_00052566
ATM_0004078,SYN1000006617,ATM_SYN_5013,LOC_00072,2024-09-06T13:09:01+00:00,10000.0,SUCCESS,False,TXN_00052567
ATM_0004079,SYN1000006434,ATM_SYN_1075,LOC_00041,2024-08-06T09:02:44+00:00,10000.0,SUCCESS,False,TXN_00052568
ATM_0004080,SYN1000009426,ATM_SYN_9237,LOC_00061,2024-08-07T19:05:57+00:00,15000.0,SUCCESS,False,TXN_00052569
ATM_0004081,SYN1000009556,ATM_SYN_3930,LOC_00199,2024-08-02T10:23:03+00:00,15000.0,SUCCESS,False,TXN_00052570
ATM_0004082,SYN1000000057,ATM_SYN_8725,LOC_00178,2024-08-02T20:04:18+00:00,2000.0,SUCCESS,False,TXN_00052571
ATM_0004083,SYN1000009609,ATM_SYN_3520,LOC_00144,2024-08-17T17:48:56+00:00,20000.0,SUCCESS,False,TXN_00052572
ATM_0004084,SYN1000003834,ATM_SYN_3122,LOC_00378,2024-09-08T20:08:23+00:00,5000.0,SUCCESS,False,TXN_00052573
ATM_0004085,SYN1000002546,ATM_SYN_9782,LOC_00435,2024-08-10T11:42:53+00:00,3000.0,SUCCESS,False,TXN_00052574
ATM_0004086,SYN1000009337,ATM_SYN_7772,LOC_00230,2024-08-27T06:10:29+00:00,1000.0,SUCCESS,False,TXN_00052575
ATM_0004087,SYN1000008811,ATM_SYN_1076,LOC_00485,2024-08-10T18:22:21+00:00,3000.0,SUCCESS,False,TXN_00052576
ATM_0004088,SYN1000006244,ATM_SYN_9435,LOC_00176,2024-08-16T07:27:56+00:00,1000.0,SUCCESS,False,TXN_00052577
ATM_0004089,SYN1000000783,ATM_SYN_8937,LOC_00445,2024-09-09T23:58:52+00:00,1000.0,SUCCESS,False,TXN_00052578
ATM_0004090,SYN1000002208,ATM_SYN_7324,LOC_00205,2024-08-22T00:06:02+00:00,2000.0,SUCCESS,False,TXN_00052579
ATM_0004091,SYN1000006332,ATM_SYN_8606,LOC_00133,2024-08-12T05:01:25+00:00,2000.0,SUCCESS,False,TXN_00052580
ATM_0004092,SYN1000009074,ATM_SYN_8671,LOC_00450,2024-08-05T08:57:44+00:00,3000.0,SUCCESS,False,TXN_00052581
ATM_0004093,SYN1000008464,ATM_SYN_3769,LOC_00128,2024-09-09T01:46:45+00:00,2000.0,SUCCESS,False,TXN_00052582
ATM_0004094,SYN1000002725,ATM_SYN_4620,LOC_00404,2024-09-10T01:21:57+00:00,15000.0,SUCCESS,False,TXN_00052583
ATM_0004095,SYN1000006785,ATM_SYN_6672,LOC_00490,2024-08-19T16:17:42+00:00,20000.0,SUCCESS,False,TXN_00052584
ATM_0004096,SYN1000007274,ATM_SYN_6256,LOC_00273,2024-08-10T14:56:01+00:00,15000.0,SUCCESS,False,TXN_00052585
ATM_0004097,SYN1000001574,ATM_SYN_3452,LOC_00274,2024-08-07T17:16:26+00:00,15000.0,SUCCESS,False,TXN_00052586
ATM_0004098,SYN1000000639,ATM_SYN_4112,LOC_00444,2024-08-07T02:48:57+00:00,10000.0,SUCCESS,False,TXN_00052587
ATM_0004099,SYN1000007634,ATM_SYN_4323,LOC_00155,2024-08-20T08:56:08+00:00,15000.0,SUCCESS,False,TXN_00052588
ATM_0004100,SYN1000007070,ATM_SYN_7582,LOC_00200,2024-09-05T11:42:34+00:00,20000.0,SUCCESS,False,TXN_00052589
ATM_0004101,SYN1000004427,ATM_SYN_2863,LOC_00274,2024-08-29T06:08:08+00:00,5000.0,SUCCESS,False,TXN_00052590
ATM_0004102,SYN1000002884,ATM_SYN_5256,LOC_00388,2024-08-12T13:54:41+00:00,20000.0,SUCCESS,False,TXN_00052591
ATM_0004103,SYN1000005665,ATM_SYN_5916,LOC_00447,2024-08-20T14:36:02+00:00,5000.0,SUCCESS,False,TXN_00052592
ATM_0004104,SYN1000003773,ATM_SYN_7215,LOC_00262,2024-08-23T04:15:55+00:00,1000.0,SUCCESS,False,TXN_00052593
ATM_0004105,SYN1000008868,ATM_SYN_9606,LOC_00158,2024-08-24T15:50:32+00:00,1000.0,SUCCESS,False,TXN_00052594
ATM_0004106,SYN1000001717,ATM_SYN_4293,LOC_00267,2024-08-25T02:25:03+00:00,20000.0,SUCCESS,False,TXN_00052595
ATM_0004107,SYN1000006517,ATM_SYN_3888,LOC_00338,2024-08-18T06:18:10+00:00,3000.0,SUCCESS,False,TXN_00052596
ATM_0004108,SYN1000006239,ATM_SYN_6783,LOC_00048,2024-09-03T11:51:44+00:00,20000.0,SUCCESS,False,TXN_00052597
ATM_0004109,SYN1000008378,ATM_SYN_4076,LOC_00497,2024-09-09T09:51:47+00:00,2000.0,SUCCESS,False,TXN_00052598
ATM_0004110,SYN1000008848,ATM_SYN_9645,LOC_00496,2024-08-26T07:05:35+00:00,10000.0,SUCCESS,False,TXN_00052599
ATM_0004111,SYN1000007056,ATM_SYN_7903,LOC_00500,2024-08-03T06:02:24+00:00,20000.0,SUCCESS,False,TXN_00052600
ATM_0004112,SYN1000005917,ATM_SYN_9317,LOC_00126,2024-08-05T12:57:26+00:00,10000.0,SUCCESS,False,TXN_00052601
ATM_0004113,SYN1000005131,ATM_SYN_5291,LOC_00171,2024-08-20T08:45:59+00:00,20000.0,SUCCESS,False,TXN_00052602
ATM_0004114,SYN1000000958,ATM_SYN_3633,LOC_00074,2024-08-14T21:05:44+00:00,1000.0,SUCCESS,False,TXN_00052603
ATM_0004115,SYN1000007611,ATM_SYN_3297,LOC_00126,2024-08-30T02:28:11+00:00,2000.0,SUCCESS,False,TXN_00052604
ATM_0004116,SYN1000001001,ATM_SYN_7246,LOC_00374,2024-09-06T01:42:51+00:00,5000.0,SUCCESS,False,TXN_00052605
ATM_0004117,SYN1000007728,ATM_SYN_1738,LOC_00432,2024-08-24T02:45:58+00:00,5000.0,SUCCESS,False,TXN_00052606
ATM_0004118,SYN1000002454,ATM_SYN_8590,LOC_00344,2024-08-16T08:29:07+00:00,5000.0,SUCCESS,False,TXN_00052607
ATM_0004119,SYN1000003005,ATM_SYN_9903,LOC_00344,2024-08-05T04:13:00+00:00,3000.0,SUCCESS,False,TXN_00052608
ATM_0004120,SYN1000010000,ATM_SYN_8700,LOC_00362,2024-09-03T07:33:13+00:00,2000.0,SUCCESS,False,TXN_00052609
ATM_0004121,SYN1000002272,ATM_SYN_7140,LOC_00262,2024-08-15T06:19:26+00:00,5000.0,SUCCESS,False,TXN_00052610
ATM_0004122,SYN1000002858,ATM_SYN_7128,LOC_00342,2024-08-18T18:35:54+00:00,10000.0,SUCCESS,False,TXN_00052611
ATM_0004123,SYN1000002186,ATM_SYN_7892,LOC_00440,2024-09-07T08:04:27+00:00,15000.0,SUCCESS,False,TXN_00052612
ATM_0004124,SYN1000002280,ATM_SYN_8762,LOC_00367,2024-09-08T23:04:44+00:00,5000.0,SUCCESS,False,TXN_00052613
ATM_0004125,SYN1000002030,ATM_SYN_8413,LOC_00321,2024-09-09T04:12:18+00:00,20000.0,SUCCESS,False,TXN_00052614
ATM_0004126,SYN1000007303,ATM_SYN_6091,LOC_00131,2024-08-15T16:43:52+00:00,5000.0,SUCCESS,False,TXN_00052615
ATM_0004127,SYN1000008057,ATM_SYN_8756,LOC_00487,2024-08-19T08:00:05+00:00,15000.0,SUCCESS,False,TXN_00052616
ATM_0004128,SYN1000005387,ATM_SYN_5182,LOC_00185,2024-08-06T14:51:32+00:00,1000.0,SUCCESS,False,TXN_00052617
ATM_0004129,SYN1000005971,ATM_SYN_8383,LOC_00009,2024-09-10T12:27:43+00:00,5000.0,SUCCESS,False,TXN_00052618
ATM_0004130,SYN1000001158,ATM_SYN_2011,LOC_00274,2024-08-25T02:30:54+00:00,5000.0,SUCCESS,False,TXN_00052619
ATM_0004131,SYN1000000386,ATM_SYN_2339,LOC_00378,2024-09-06T11:00:17+00:00,5000.0,SUCCESS,False,TXN_00052620
ATM_0004132,SYN1000009910,ATM_SYN_1301,LOC_00131,2024-09-07T02:51:08+00:00,15000.0,SUCCESS,False,TXN_00052621
ATM_0004133,SYN1000007396,ATM_SYN_5618,LOC_00459,2024-08-20T10:41:51+00:00,2000.0,SUCCESS,False,TXN_00052622
ATM_0004134,SYN1000002808,ATM_SYN_8062,LOC_00245,2024-08-18T15:09:34+00:00,2000.0,SUCCESS,False,TXN_00052623
ATM_0004135,SYN1000001769,ATM_SYN_8882,LOC_00019,2024-08-11T07:15:21+00:00,2000.0,SUCCESS,False,TXN_00052624
ATM_0004136,SYN1000006296,ATM_SYN_2640,LOC_00378,2024-08-13T03:26:06+00:00,3000.0,SUCCESS,False,TXN_00052625
ATM_0004137,SYN1000005084,ATM_SYN_4995,LOC_00148,2024-08-21T00:19:44+00:00,5000.0,SUCCESS,False,TXN_00052626
ATM_0004138,SYN1000000542,ATM_SYN_8909,LOC_00056,2024-09-07T15:24:43+00:00,3000.0,SUCCESS,False,TXN_00052627
ATM_0004139,SYN1000007612,ATM_SYN_6507,LOC_00306,2024-08-29T07:34:14+00:00,15000.0,SUCCESS,False,TXN_00052628
ATM_0004140,SYN1000002511,ATM_SYN_9116,LOC_00081,2024-08-16T11:11:23+00:00,1000.0,SUCCESS,False,TXN_00052629
ATM_0004141,SYN1000001545,ATM_SYN_1293,LOC_00492,2024-08-06T17:11:59+00:00,1000.0,SUCCESS,False,TXN_00052630
ATM_0004142,SYN1000007523,ATM_SYN_9171,LOC_00287,2024-08-26T08:45:14+00:00,2000.0,SUCCESS,False,TXN_00052631
ATM_0004143,SYN1000005034,ATM_SYN_8031,LOC_00286,2024-08-05T00:14:32+00:00,10000.0,SUCCESS,False,TXN_00052632
ATM_0004144,SYN1000001008,ATM_SYN_8428,LOC_00399,2024-09-06T23:23:34+00:00,10000.0,SUCCESS,False,TXN_00052633
ATM_0004145,SYN1000001305,ATM_SYN_8433,LOC_00218,2024-08-09T23:48:22+00:00,10000.0,SUCCESS,False,TXN_00052634
ATM_0004146,SYN1000009912,ATM_SYN_4018,LOC_00247,2024-08-14T12:55:31+00:00,15000.0,SUCCESS,False,TXN_00052635
ATM_0004147,SYN1000001919,ATM_SYN_5596,LOC_00342,2024-08-04T13:01:48+00:00,2000.0,SUCCESS,False,TXN_00052636
ATM_0004148,SYN1000006338,ATM_SYN_9767,LOC_00174,2024-08-12T20:58:42+00:00,2000.0,SUCCESS,False,TXN_00052637
ATM_0004149,SYN1000003805,ATM_SYN_3961,LOC_00093,2024-09-07T20:54:24+00:00,5000.0,SUCCESS,False,TXN_00052638
ATM_0004150,SYN1000005648,ATM_SYN_8144,LOC_00095,2024-08-02T06:19:29+00:00,3000.0,SUCCESS,False,TXN_00052639
ATM_0004151,SYN1000001758,ATM_SYN_3922,LOC_00217,2024-09-02T08:56:34+00:00,1000.0,SUCCESS,False,TXN_00052640
ATM_0004152,SYN1000006242,ATM_SYN_6263,LOC_00103,2024-08-11T23:45:35+00:00,3000.0,SUCCESS,False,TXN_00052641
ATM_0004153,SYN1000003981,ATM_SYN_2653,LOC_00038,2024-08-23T22:56:52+00:00,5000.0,SUCCESS,False,TXN_00052642
ATM_0004154,SYN1000002980,ATM_SYN_8758,LOC_00202,2024-09-07T16:35:06+00:00,15000.0,SUCCESS,False,TXN_00052643
ATM_0004155,SYN1000006398,ATM_SYN_6445,LOC_00247,2024-08-20T07:07:17+00:00,2000.0,SUCCESS,False,TXN_00052644
ATM_0004156,SYN1000004677,ATM_SYN_3115,LOC_00377,2024-09-08T19:45:35+00:00,15000.0,SUCCESS,False,TXN_00052645
ATM_0004157,SYN1000000418,ATM_SYN_4415,LOC_00455,2024-08-06T11:26:26+00:00,15000.0,SUCCESS,False,TXN_00052646
ATM_0004158,SYN1000004827,ATM_SYN_4001,LOC_00055,2024-09-08T22:24:38+00:00,10000.0,SUCCESS,False,TXN_00052647
ATM_0004159,SYN1000007862,ATM_SYN_7185,LOC_00431,2024-08-05T07:00:48+00:00,20000.0,SUCCESS,False,TXN_00052648
ATM_0004160,SYN1000007349,ATM_SYN_9174,LOC_00055,2024-08-15T18:10:26+00:00,10000.0,SUCCESS,False,TXN_00052649
ATM_0004161,SYN1000009440,ATM_SYN_1847,LOC_00089,2024-09-10T22:31:39+00:00,3000.0,SUCCESS,False,TXN_00052650
ATM_0004162,SYN1000000484,ATM_SYN_4971,LOC_00322,2024-08-13T12:42:46+00:00,3000.0,SUCCESS,False,TXN_00052651
ATM_0004163,SYN1000008769,ATM_SYN_6998,LOC_00389,2024-08-06T22:57:39+00:00,15000.0,SUCCESS,False,TXN_00052652
ATM_0004164,SYN1000004137,ATM_SYN_9176,LOC_00463,2024-08-10T06:54:27+00:00,20000.0,SUCCESS,False,TXN_00052653
ATM_0004165,SYN1000000579,ATM_SYN_2348,LOC_00129,2024-08-16T18:54:32+00:00,20000.0,SUCCESS,False,TXN_00052654
ATM_0004166,SYN1000002323,ATM_SYN_9622,LOC_00066,2024-09-07T14:24:46+00:00,3000.0,SUCCESS,False,TXN_00052655
ATM_0004167,SYN1000008136,ATM_SYN_5399,LOC_00146,2024-08-10T19:36:40+00:00,10000.0,SUCCESS,False,TXN_00052656
ATM_0004168,SYN1000002585,ATM_SYN_7372,LOC_00140,2024-09-03T07:46:29+00:00,1000.0,SUCCESS,False,TXN_00052657
ATM_0004169,SYN1000004625,ATM_SYN_8351,LOC_00141,2024-09-04T08:19:34+00:00,15000.0,SUCCESS,False,TXN_00052658
ATM_0004170,SYN1000006534,ATM_SYN_6923,LOC_00458,2024-09-06T12:53:23+00:00,2000.0,SUCCESS,False,TXN_00052659
ATM_0004171,SYN1000004929,ATM_SYN_2488,LOC_00356,2024-08-26T04:45:26+00:00,10000.0,SUCCESS,False,TXN_00052660
ATM_0004172,SYN1000006419,ATM_SYN_7428,LOC_00416,2024-08-06T06:25:49+00:00,5000.0,SUCCESS,False,TXN_00052661
ATM_0004173,SYN1000002105,ATM_SYN_2318,LOC_00349,2024-08-03T22:11:10+00:00,1000.0,SUCCESS,False,TXN_00052662
ATM_0004174,SYN1000009156,ATM_SYN_8905,LOC_00061,2024-08-21T20:49:26+00:00,15000.0,SUCCESS,False,TXN_00052663
ATM_0004175,SYN1000008437,ATM_SYN_6545,LOC_00355,2024-08-03T16:07:11+00:00,20000.0,SUCCESS,False,TXN_00052664
ATM_0004176,SYN1000005898,ATM_SYN_9233,LOC_00112,2024-08-17T21:42:22+00:00,10000.0,SUCCESS,False,TXN_00052665
ATM_0004177,SYN1000008251,ATM_SYN_7148,LOC_00101,2024-08-13T01:20:45+00:00,3000.0,SUCCESS,False,TXN_00052666
ATM_0004178,SYN1000009355,ATM_SYN_4267,LOC_00161,2024-08-30T12:32:50+00:00,10000.0,SUCCESS,False,TXN_00052667
ATM_0004179,SYN1000002084,ATM_SYN_5808,LOC_00236,2024-08-13T03:01:18+00:00,15000.0,SUCCESS,False,TXN_00052668
ATM_0004180,SYN1000006132,ATM_SYN_5990,LOC_00305,2024-08-19T21:46:54+00:00,5000.0,SUCCESS,False,TXN_00052669
ATM_0004181,SYN1000000761,ATM_SYN_2326,LOC_00123,2024-08-06T21:16:21+00:00,2000.0,SUCCESS,False,TXN_00052670
ATM_0004182,SYN1000002692,ATM_SYN_2206,LOC_00114,2024-08-25T01:50:33+00:00,2000.0,SUCCESS,False,TXN_00052671
ATM_0004183,SYN1000006496,ATM_SYN_1715,LOC_00205,2024-08-14T16:18:22+00:00,3000.0,SUCCESS,False,TXN_00052672
ATM_0004184,SYN1000004153,ATM_SYN_6807,LOC_00164,2024-08-10T10:30:52+00:00,3000.0,SUCCESS,False,TXN_00052673
ATM_0004185,SYN1000001660,ATM_SYN_9987,LOC_00346,2024-08-17T07:33:54+00:00,2000.0,SUCCESS,False,TXN_00052674
ATM_0004186,SYN1000006820,ATM_SYN_7482,LOC_00286,2024-08-10T15:01:29+00:00,2000.0,SUCCESS,False,TXN_00052675
ATM_0004187,SYN1000009906,ATM_SYN_5363,LOC_00409,2024-09-03T01:12:42+00:00,1000.0,SUCCESS,False,TXN_00052676
ATM_0004188,SYN1000006023,ATM_SYN_2187,LOC_00184,2024-08-08T04:05:05+00:00,2000.0,SUCCESS,False,TXN_00052677
ATM_0004189,SYN1000006321,ATM_SYN_5606,LOC_00386,2024-09-01T03:03:53+00:00,2000.0,SUCCESS,False,TXN_00052678
ATM_0004190,SYN1000007856,ATM_SYN_1725,LOC_00127,2024-09-05T21:07:06+00:00,2000.0,SUCCESS,False,TXN_00052679
ATM_0004191,SYN1000008136,ATM_SYN_5477,LOC_00201,2024-08-12T16:35:19+00:00,15000.0,SUCCESS,False,TXN_00052680
ATM_0004192,SYN1000007713,ATM_SYN_9964,LOC_00074,2024-08-05T16:06:19+00:00,10000.0,SUCCESS,False,TXN_00052681
ATM_0004193,SYN1000009403,ATM_SYN_4250,LOC_00378,2024-08-06T18:50:02+00:00,1000.0,SUCCESS,False,TXN_00052682
ATM_0004194,SYN1000005559,ATM_SYN_5639,LOC_00081,2024-09-09T02:51:51+00:00,10000.0,SUCCESS,False,TXN_00052683
ATM_0004195,SYN1000009576,ATM_SYN_2862,LOC_00257,2024-08-02T22:39:39+00:00,15000.0,SUCCESS,False,TXN_00052684
ATM_0004196,SYN1000001776,ATM_SYN_9551,LOC_00066,2024-08-15T19:17:43+00:00,20000.0,SUCCESS,False,TXN_00052685
ATM_0004197,SYN1000000869,ATM_SYN_9192,LOC_00330,2024-08-10T23:18:59+00:00,10000.0,SUCCESS,False,TXN_00052686
ATM_0004198,SYN1000000088,ATM_SYN_9899,LOC_00234,2024-09-05T23:05:44+00:00,10000.0,SUCCESS,False,TXN_00052687
ATM_0004199,SYN1000002563,ATM_SYN_7544,LOC_00424,2024-08-17T13:56:53+00:00,5000.0,SUCCESS,False,TXN_00052688
ATM_0004200,SYN1000003653,ATM_SYN_5918,LOC_00476,2024-08-06T15:14:38+00:00,20000.0,SUCCESS,False,TXN_00052689
ATM_0004201,SYN1000004575,ATM_SYN_3845,LOC_00443,2024-08-11T22:25:30+00:00,2000.0,SUCCESS,False,TXN_00052690
ATM_0004202,SYN1000009852,ATM_SYN_5712,LOC_00066,2024-08-02T23:01:49+00:00,1000.0,SUCCESS,False,TXN_00052691
ATM_0004203,SYN1000005157,ATM_SYN_6182,LOC_00141,2024-08-26T20:21:40+00:00,1000.0,SUCCESS,False,TXN_00052692
ATM_0004204,SYN1000000312,ATM_SYN_4231,LOC_00478,2024-08-30T09:45:57+00:00,1000.0,SUCCESS,False,TXN_00052693
ATM_0004205,SYN1000009256,ATM_SYN_3057,LOC_00322,2024-08-05T13:23:41+00:00,10000.0,SUCCESS,False,TXN_00052694
ATM_0004206,SYN1000006216,ATM_SYN_5232,LOC_00185,2024-08-29T00:21:21+00:00,5000.0,SUCCESS,False,TXN_00052695
ATM_0004207,SYN1000005285,ATM_SYN_7430,LOC_00092,2024-08-17T16:10:27+00:00,2000.0,SUCCESS,False,TXN_00052696
ATM_0004208,SYN1000003191,ATM_SYN_7941,LOC_00275,2024-08-02T20:06:40+00:00,1000.0,SUCCESS,False,TXN_00052697
ATM_0004209,SYN1000000119,ATM_SYN_9580,LOC_00196,2024-08-24T23:32:23+00:00,3000.0,SUCCESS,False,TXN_00052698
ATM_0004210,SYN1000002648,ATM_SYN_7911,LOC_00412,2024-08-14T18:10:20+00:00,5000.0,SUCCESS,False,TXN_00052699
ATM_0004211,SYN1000001403,ATM_SYN_8258,LOC_00197,2024-09-04T20:21:09+00:00,10000.0,SUCCESS,False,TXN_00052700
ATM_0004212,SYN1000000607,ATM_SYN_2336,LOC_00369,2024-08-29T22:11:45+00:00,10000.0,SUCCESS,False,TXN_00052701
ATM_0004213,SYN1000006718,ATM_SYN_5276,LOC_00407,2024-08-17T00:45:39+00:00,15000.0,SUCCESS,False,TXN_00052702
ATM_0004214,SYN1000004406,ATM_SYN_6925,LOC_00457,2024-08-14T20:56:29+00:00,3000.0,SUCCESS,False,TXN_00052703
ATM_0004215,SYN1000000657,ATM_SYN_6876,LOC_00278,2024-08-21T17:17:26+00:00,10000.0,SUCCESS,False,TXN_00052704
ATM_0004216,SYN1000003080,ATM_SYN_9807,LOC_00237,2024-08-05T05:42:06+00:00,10000.0,SUCCESS,False,TXN_00052705
ATM_0004217,SYN1000002134,ATM_SYN_8376,LOC_00158,2024-09-01T20:55:05+00:00,10000.0,SUCCESS,False,TXN_00052706
ATM_0004218,SYN1000000804,ATM_SYN_6875,LOC_00159,2024-08-11T00:04:01+00:00,10000.0,SUCCESS,False,TXN_00052707
ATM_0004219,SYN1000006793,ATM_SYN_8474,LOC_00333,2024-09-04T14:22:30+00:00,15000.0,SUCCESS,False,TXN_00052708
ATM_0004220,SYN1000000046,ATM_SYN_5432,LOC_00375,2024-08-12T19:26:12+00:00,15000.0,SUCCESS,False,TXN_00052709
ATM_0004221,SYN1000008432,ATM_SYN_3912,LOC_00486,2024-08-02T03:52:49+00:00,20000.0,SUCCESS,False,TXN_00052710
ATM_0004222,SYN1000005745,ATM_SYN_8897,LOC_00364,2024-09-05T11:03:03+00:00,20000.0,SUCCESS,False,TXN_00052711
ATM_0004223,SYN1000000306,ATM_SYN_5900,LOC_00179,2024-08-30T13:42:36+00:00,1000.0,SUCCESS,False,TXN_00052712
ATM_0004224,SYN1000003812,ATM_SYN_4230,LOC_00188,2024-09-10T05:00:17+00:00,2000.0,SUCCESS,False,TXN_00052713
ATM_0004225,SYN1000008368,ATM_SYN_6723,LOC_00480,2024-08-23T11:26:19+00:00,20000.0,SUCCESS,False,TXN_00052714
ATM_0004226,SYN1000005730,ATM_SYN_2123,LOC_00233,2024-08-19T21:43:15+00:00,15000.0,SUCCESS,False,TXN_00052715
ATM_0004227,SYN1000001492,ATM_SYN_7783,LOC_00253,2024-08-02T17:13:34+00:00,3000.0,SUCCESS,False,TXN_00052716
ATM_0004228,SYN1000002850,ATM_SYN_9743,LOC_00212,2024-09-09T04:37:17+00:00,10000.0,SUCCESS,False,TXN_00052717
ATM_0004229,SYN1000003021,ATM_SYN_5675,LOC_00370,2024-08-09T18:09:23+00:00,1000.0,SUCCESS,False,TXN_00052718
ATM_0004230,SYN1000003973,ATM_SYN_8388,LOC_00308,2024-09-06T16:57:51+00:00,20000.0,SUCCESS,False,TXN_00052719
ATM_0004231,SYN1000008918,ATM_SYN_7346,LOC_00214,2024-08-04T22:04:59+00:00,20000.0,SUCCESS,False,TXN_00052720
ATM_0004232,SYN1000000538,ATM_SYN_7698,LOC_00055,2024-08-03T11:56:54+00:00,20000.0,SUCCESS,False,TXN_00052721
ATM_0004233,SYN1000003310,ATM_SYN_2808,LOC_00125,2024-08-27T16:33:53+00:00,5000.0,SUCCESS,False,TXN_00052722
ATM_0004234,SYN1000001031,ATM_SYN_8118,LOC_00082,2024-08-29T12:28:58+00:00,1000.0,SUCCESS,False,TXN_00052723
ATM_0004235,SYN1000004718,ATM_SYN_9741,LOC_00112,2024-08-04T07:50:23+00:00,5000.0,SUCCESS,False,TXN_00052724
ATM_0004236,SYN1000002807,ATM_SYN_1236,LOC_00440,2024-08-16T05:05:56+00:00,1000.0,SUCCESS,False,TXN_00052725
ATM_0004237,SYN1000004107,ATM_SYN_5728,LOC_00102,2024-08-10T13:45:10+00:00,1000.0,SUCCESS,False,TXN_00052726
ATM_0004238,SYN1000005708,ATM_SYN_2517,LOC_00029,2024-08-09T00:33:12+00:00,2000.0,SUCCESS,False,TXN_00052727
ATM_0004239,SYN1000009244,ATM_SYN_5079,LOC_00351,2024-08-29T16:15:33+00:00,20000.0,SUCCESS,False,TXN_00052728
ATM_0004240,SYN1000004398,ATM_SYN_5863,LOC_00061,2024-09-05T17:49:01+00:00,3000.0,SUCCESS,False,TXN_00052729
ATM_0004241,SYN1000000009,ATM_SYN_8481,LOC_00114,2024-08-31T21:16:49+00:00,1000.0,SUCCESS,False,TXN_00052730
ATM_0004242,SYN1000000189,ATM_SYN_7372,LOC_00422,2024-08-30T19:07:58+00:00,20000.0,SUCCESS,False,TXN_00052731
ATM_0004243,SYN1000005497,ATM_SYN_6316,LOC_00270,2024-08-05T12:47:30+00:00,1000.0,SUCCESS,False,TXN_00052732
ATM_0004244,SYN1000004873,ATM_SYN_8362,LOC_00393,2024-09-08T13:50:18+00:00,10000.0,SUCCESS,False,TXN_00052733
ATM_0004245,SYN1000003097,ATM_SYN_8768,LOC_00056,2024-08-05T21:24:54+00:00,10000.0,SUCCESS,False,TXN_00052734
ATM_0004246,SYN1000005400,ATM_SYN_4766,LOC_00318,2024-08-20T03:14:56+00:00,2000.0,SUCCESS,False,TXN_00052735
ATM_0004247,SYN1000003200,ATM_SYN_5331,LOC_00177,2024-08-10T21:42:44+00:00,2000.0,SUCCESS,False,TXN_00052736
ATM_0004248,SYN1000009050,ATM_SYN_8990,LOC_00380,2024-08-31T02:31:53+00:00,3000.0,SUCCESS,False,TXN_00052737
ATM_0004249,SYN1000003116,ATM_SYN_1904,LOC_00275,2024-09-10T14:09:24+00:00,5000.0,SUCCESS,False,TXN_00052738
ATM_0004250,SYN1000008818,ATM_SYN_4581,LOC_00223,2024-08-24T01:20:24+00:00,20000.0,SUCCESS,False,TXN_00052739
ATM_0004251,SYN1000003611,ATM_SYN_9253,LOC_00429,2024-09-07T05:16:22+00:00,3000.0,SUCCESS,False,TXN_00052740
ATM_0004252,SYN1000005635,ATM_SYN_8268,LOC_00333,2024-08-07T21:54:19+00:00,1000.0,SUCCESS,False,TXN_00052741
ATM_0004253,SYN1000000985,ATM_SYN_1623,LOC_00033,2024-09-08T10:21:38+00:00,1000.0,SUCCESS,False,TXN_00052742
ATM_0004254,SYN1000001782,ATM_SYN_7680,LOC_00229,2024-08-13T04:26:10+00:00,1000.0,SUCCESS,False,TXN_00052743
ATM_0004255,SYN1000003842,ATM_SYN_4135,LOC_00415,2024-09-02T16:59:50+00:00,1000.0,SUCCESS,False,TXN_00052744
ATM_0004256,SYN1000006581,ATM_SYN_4937,LOC_00204,2024-08-21T22:52:30+00:00,15000.0,SUCCESS,False,TXN_00052745
ATM_0004257,SYN1000007285,ATM_SYN_1222,LOC_00332,2024-08-18T21:57:52+00:00,5000.0,SUCCESS,False,TXN_00052746
ATM_0004258,SYN1000009082,ATM_SYN_7723,LOC_00360,2024-08-15T05:12:38+00:00,10000.0,SUCCESS,False,TXN_00052747
ATM_0004259,SYN1000001194,ATM_SYN_7966,LOC_00257,2024-09-06T16:29:47+00:00,15000.0,SUCCESS,False,TXN_00052748
ATM_0004260,SYN1000008778,ATM_SYN_9151,LOC_00199,2024-08-23T01:55:28+00:00,5000.0,SUCCESS,False,TXN_00052749
ATM_0004261,SYN1000000038,ATM_SYN_4041,LOC_00399,2024-08-21T01:01:00+00:00,3000.0,SUCCESS,False,TXN_00052750
ATM_0004262,SYN1000003516,ATM_SYN_3138,LOC_00464,2024-08-08T19:42:47+00:00,5000.0,SUCCESS,False,TXN_00052751
ATM_0004263,SYN1000003888,ATM_SYN_2950,LOC_00217,2024-09-01T22:56:53+00:00,3000.0,SUCCESS,False,TXN_00052752
ATM_0004264,SYN1000000139,ATM_SYN_6685,LOC_00018,2024-09-04T04:04:58+00:00,2000.0,SUCCESS,False,TXN_00052753
ATM_0004265,SYN1000004713,ATM_SYN_1529,LOC_00055,2024-08-13T20:52:18+00:00,10000.0,SUCCESS,False,TXN_00052754
ATM_0004266,SYN1000005701,ATM_SYN_9712,LOC_00174,2024-09-05T06:19:41+00:00,15000.0,SUCCESS,False,TXN_00052755
ATM_0004267,SYN1000008361,ATM_SYN_3716,LOC_00015,2024-09-03T22:28:12+00:00,20000.0,SUCCESS,False,TXN_00052756
ATM_0004268,SYN1000003466,ATM_SYN_1848,LOC_00393,2024-08-03T18:30:48+00:00,2000.0,SUCCESS,False,TXN_00052757
ATM_0004269,SYN1000001918,ATM_SYN_9708,LOC_00282,2024-08-03T05:26:12+00:00,15000.0,SUCCESS,False,TXN_00052758
ATM_0004270,SYN1000006544,ATM_SYN_1606,LOC_00058,2024-08-13T22:32:57+00:00,20000.0,SUCCESS,False,TXN_00052759
ATM_0004271,SYN1000009511,ATM_SYN_9291,LOC_00434,2024-08-07T17:29:32+00:00,15000.0,SUCCESS,False,TXN_00052760
ATM_0004272,SYN1000007214,ATM_SYN_9999,LOC_00090,2024-08-02T03:49:01+00:00,15000.0,SUCCESS,False,TXN_00052761
ATM_0004273,SYN1000001723,ATM_SYN_1335,LOC_00340,2024-08-02T09:06:45+00:00,2000.0,SUCCESS,False,TXN_00052762
ATM_0004274,SYN1000000824,ATM_SYN_6970,LOC_00201,2024-08-18T12:20:08+00:00,10000.0,SUCCESS,False,TXN_00052763
ATM_0004275,SYN1000001739,ATM_SYN_9378,LOC_00045,2024-08-15T16:18:29+00:00,5000.0,SUCCESS,False,TXN_00052764
ATM_0004276,SYN1000001662,ATM_SYN_3085,LOC_00371,2024-08-10T04:16:39+00:00,5000.0,SUCCESS,False,TXN_00052765
ATM_0004277,SYN1000007065,ATM_SYN_2202,LOC_00121,2024-08-16T02:15:59+00:00,2000.0,SUCCESS,False,TXN_00052766
ATM_0004278,SYN1000005537,ATM_SYN_4086,LOC_00153,2024-08-14T01:54:04+00:00,10000.0,SUCCESS,False,TXN_00052767
ATM_0004279,SYN1000001983,ATM_SYN_5879,LOC_00298,2024-08-06T16:24:32+00:00,20000.0,SUCCESS,False,TXN_00052768
ATM_0004280,SYN1000004506,ATM_SYN_1903,LOC_00092,2024-08-03T20:52:17+00:00,3000.0,SUCCESS,False,TXN_00052769
ATM_0004281,SYN1000000423,ATM_SYN_6705,LOC_00494,2024-08-05T00:03:44+00:00,15000.0,SUCCESS,False,TXN_00052770
ATM_0004282,SYN1000006990,ATM_SYN_7351,LOC_00266,2024-08-03T12:46:47+00:00,2000.0,SUCCESS,False,TXN_00052771
ATM_0004283,SYN1000000937,ATM_SYN_1325,LOC_00202,2024-08-28T15:16:30+00:00,5000.0,SUCCESS,False,TXN_00052772
ATM_0004284,SYN1000005506,ATM_SYN_4465,LOC_00249,2024-09-02T10:33:56+00:00,15000.0,SUCCESS,False,TXN_00052773
ATM_0004285,SYN1000008167,ATM_SYN_3682,LOC_00220,2024-08-30T16:09:16+00:00,15000.0,SUCCESS,False,TXN_00052774
ATM_0004286,SYN1000000918,ATM_SYN_3688,LOC_00278,2024-08-21T03:38:02+00:00,15000.0,SUCCESS,False,TXN_00052775
ATM_0004287,SYN1000003079,ATM_SYN_2228,LOC_00062,2024-08-14T08:31:57+00:00,2000.0,SUCCESS,False,TXN_00052776
ATM_0004288,SYN1000006131,ATM_SYN_6762,LOC_00323,2024-09-05T12:27:43+00:00,2000.0,SUCCESS,False,TXN_00052777
ATM_0004289,SYN1000000082,ATM_SYN_6342,LOC_00252,2024-09-02T21:00:24+00:00,5000.0,SUCCESS,False,TXN_00052778
ATM_0004290,SYN1000004992,ATM_SYN_8869,LOC_00148,2024-09-05T05:11:58+00:00,20000.0,SUCCESS,False,TXN_00052779
ATM_0004291,SYN1000007789,ATM_SYN_2318,LOC_00310,2024-08-08T04:23:11+00:00,2000.0,SUCCESS,False,TXN_00052780
ATM_0004292,SYN1000005385,ATM_SYN_9509,LOC_00454,2024-08-05T13:47:18+00:00,10000.0,SUCCESS,False,TXN_00052781
ATM_0004293,SYN1000001722,ATM_SYN_7733,LOC_00040,2024-09-04T18:00:26+00:00,3000.0,SUCCESS,False,TXN_00052782
ATM_0004294,SYN1000000258,ATM_SYN_9041,LOC_00134,2024-08-18T08:30:26+00:00,2000.0,SUCCESS,False,TXN_00052783
ATM_0004295,SYN1000001201,ATM_SYN_1664,LOC_00483,2024-08-20T00:37:02+00:00,20000.0,SUCCESS,False,TXN_00052784
ATM_0004296,SYN1000008845,ATM_SYN_3017,LOC_00118,2024-09-07T20:40:47+00:00,1000.0,SUCCESS,False,TXN_00052785
ATM_0004297,SYN1000000892,ATM_SYN_4193,LOC_00352,2024-08-06T15:04:19+00:00,1000.0,SUCCESS,False,TXN_00052786
ATM_0004298,SYN1000003466,ATM_SYN_1704,LOC_00403,2024-08-30T15:55:35+00:00,20000.0,SUCCESS,False,TXN_00052787
ATM_0004299,SYN1000003646,ATM_SYN_1569,LOC_00126,2024-08-06T21:19:43+00:00,1000.0,SUCCESS,False,TXN_00052788
ATM_0004300,SYN1000006200,ATM_SYN_4618,LOC_00024,2024-09-04T06:35:15+00:00,3000.0,SUCCESS,False,TXN_00052789
ATM_0004301,SYN1000009372,ATM_SYN_1466,LOC_00336,2024-09-01T14:34:34+00:00,20000.0,SUCCESS,False,TXN_00052790
ATM_0004302,SYN1000004766,ATM_SYN_6586,LOC_00369,2024-08-14T02:00:34+00:00,5000.0,SUCCESS,False,TXN_00052791
ATM_0004303,SYN1000006344,ATM_SYN_1975,LOC_00365,2024-08-22T05:35:49+00:00,20000.0,SUCCESS,False,TXN_00052792
ATM_0004304,SYN1000004184,ATM_SYN_2666,LOC_00346,2024-09-03T21:00:22+00:00,10000.0,SUCCESS,False,TXN_00052793
ATM_0004305,SYN1000008358,ATM_SYN_1794,LOC_00190,2024-08-08T03:07:56+00:00,5000.0,SUCCESS,False,TXN_00052794
ATM_0004306,SYN1000004030,ATM_SYN_2749,LOC_00399,2024-09-05T23:11:37+00:00,10000.0,SUCCESS,False,TXN_00052795
ATM_0004307,SYN1000006205,ATM_SYN_9305,LOC_00046,2024-09-08T18:01:30+00:00,15000.0,SUCCESS,False,TXN_00052796
ATM_0004308,SYN1000008925,ATM_SYN_3647,LOC_00482,2024-09-09T20:07:21+00:00,1000.0,SUCCESS,False,TXN_00052797
ATM_0004309,SYN1000004327,ATM_SYN_5078,LOC_00283,2024-08-20T16:28:58+00:00,3000.0,SUCCESS,False,TXN_00052798
ATM_0004310,SYN1000008492,ATM_SYN_4385,LOC_00019,2024-08-25T16:58:43+00:00,10000.0,SUCCESS,False,TXN_00052799
ATM_0004311,SYN1000004088,ATM_SYN_3009,LOC_00417,2024-08-08T07:51:14+00:00,1000.0,SUCCESS,False,TXN_00052800
ATM_0004312,SYN1000004746,ATM_SYN_5868,LOC_00362,2024-08-26T14:47:37+00:00,5000.0,SUCCESS,False,TXN_00052801
ATM_0004313,SYN1000004426,ATM_SYN_8084,LOC_00200,2024-09-01T04:44:07+00:00,1000.0,SUCCESS,False,TXN_00052802
ATM_0004314,SYN1000008569,ATM_SYN_4399,LOC_00498,2024-09-08T08:36:50+00:00,15000.0,SUCCESS,False,TXN_00052803
ATM_0004315,SYN1000005605,ATM_SYN_7521,LOC_00052,2024-08-09T23:55:14+00:00,5000.0,SUCCESS,False,TXN_00052804
ATM_0004316,SYN1000003246,ATM_SYN_4003,LOC_00110,2024-08-23T21:39:22+00:00,10000.0,SUCCESS,False,TXN_00052805
ATM_0004317,SYN1000007223,ATM_SYN_3960,LOC_00489,2024-08-29T08:55:05+00:00,10000.0,SUCCESS,False,TXN_00052806
ATM_0004318,SYN1000008682,ATM_SYN_8906,LOC_00197,2024-08-04T10:39:54+00:00,15000.0,SUCCESS,False,TXN_00052807
ATM_0004319,SYN1000005115,ATM_SYN_2971,LOC_00191,2024-08-28T16:57:28+00:00,5000.0,SUCCESS,False,TXN_00052808
ATM_0004320,SYN1000001016,ATM_SYN_6284,LOC_00077,2024-08-04T18:33:57+00:00,20000.0,SUCCESS,False,TXN_00052809
ATM_0004321,SYN1000001345,ATM_SYN_3686,LOC_00014,2024-08-12T23:14:36+00:00,10000.0,SUCCESS,False,TXN_00052810
ATM_0004322,SYN1000007656,ATM_SYN_1866,LOC_00049,2024-08-10T08:56:40+00:00,15000.0,SUCCESS,False,TXN_00052811
ATM_0004323,SYN1000004824,ATM_SYN_3400,LOC_00361,2024-08-21T01:25:34+00:00,15000.0,SUCCESS,False,TXN_00052812
ATM_0004324,SYN1000008960,ATM_SYN_9636,LOC_00217,2024-08-20T14:20:52+00:00,2000.0,SUCCESS,False,TXN_00052813
ATM_0004325,SYN1000000508,ATM_SYN_7197,LOC_00206,2024-08-23T14:55:38+00:00,20000.0,SUCCESS,False,TXN_00052814
ATM_0004326,SYN1000002221,ATM_SYN_1557,LOC_00409,2024-08-08T07:26:44+00:00,15000.0,SUCCESS,False,TXN_00052815
ATM_0004327,SYN1000009090,ATM_SYN_3994,LOC_00467,2024-09-02T12:25:44+00:00,20000.0,SUCCESS,False,TXN_00052816
ATM_0004328,SYN1000007780,ATM_SYN_7809,LOC_00300,2024-08-15T14:47:23+00:00,1000.0,SUCCESS,False,TXN_00052817
ATM_0004329,SYN1000000543,ATM_SYN_9516,LOC_00367,2024-08-30T00:39:25+00:00,10000.0,SUCCESS,False,TXN_00052818
ATM_0004330,SYN1000006944,ATM_SYN_3382,LOC_00319,2024-08-24T09:29:37+00:00,1000.0,SUCCESS,False,TXN_00052819
ATM_0004331,SYN1000001004,ATM_SYN_4033,LOC_00320,2024-08-25T20:32:23+00:00,15000.0,SUCCESS,False,TXN_00052820
ATM_0004332,SYN1000003358,ATM_SYN_8412,LOC_00162,2024-09-07T23:18:56+00:00,2000.0,SUCCESS,False,TXN_00052821
ATM_0004333,SYN1000002927,ATM_SYN_5092,LOC_00137,2024-09-03T11:24:03+00:00,3000.0,SUCCESS,False,TXN_00052822
ATM_0004334,SYN1000006408,ATM_SYN_7683,LOC_00079,2024-08-04T23:49:50+00:00,3000.0,SUCCESS,False,TXN_00052823
ATM_0004335,SYN1000000564,ATM_SYN_1538,LOC_00294,2024-08-21T14:07:30+00:00,3000.0,SUCCESS,False,TXN_00052824
ATM_0004336,SYN1000004044,ATM_SYN_7278,LOC_00473,2024-08-20T04:22:27+00:00,5000.0,SUCCESS,False,TXN_00052825
ATM_0004337,SYN1000003545,ATM_SYN_1927,LOC_00088,2024-08-11T03:11:39+00:00,20000.0,SUCCESS,False,TXN_00052826
ATM_0004338,SYN1000003969,ATM_SYN_2902,LOC_00447,2024-08-16T05:45:34+00:00,1000.0,SUCCESS,False,TXN_00052827
ATM_0004339,SYN1000007074,ATM_SYN_7634,LOC_00159,2024-08-14T07:33:54+00:00,10000.0,SUCCESS,False,TXN_00052828
ATM_0004340,SYN1000009059,ATM_SYN_6886,LOC_00464,2024-09-04T01:43:57+00:00,1000.0,SUCCESS,False,TXN_00052829
ATM_0004341,SYN1000004944,ATM_SYN_8142,LOC_00326,2024-08-02T21:07:44+00:00,2000.0,SUCCESS,False,TXN_00052830
ATM_0004342,SYN1000009987,ATM_SYN_9217,LOC_00164,2024-09-07T09:40:45+00:00,20000.0,SUCCESS,False,TXN_00052831
ATM_0004343,SYN1000007137,ATM_SYN_2796,LOC_00351,2024-08-25T12:54:26+00:00,15000.0,SUCCESS,False,TXN_00052832
ATM_0004344,SYN1000002604,ATM_SYN_8926,LOC_00284,2024-09-06T04:10:31+00:00,20000.0,SUCCESS,False,TXN_00052833
ATM_0004345,SYN1000008377,ATM_SYN_9275,LOC_00179,2024-08-25T01:10:38+00:00,2000.0,SUCCESS,False,TXN_00052834
ATM_0004346,SYN1000000145,ATM_SYN_3797,LOC_00433,2024-08-12T17:05:55+00:00,20000.0,SUCCESS,False,TXN_00052835
ATM_0004347,SYN1000000644,ATM_SYN_3744,LOC_00358,2024-09-04T07:51:08+00:00,20000.0,SUCCESS,False,TXN_00052836
ATM_0004348,SYN1000006808,ATM_SYN_1768,LOC_00313,2024-08-31T20:45:49+00:00,20000.0,SUCCESS,False,TXN_00052837
ATM_0004349,SYN1000003468,ATM_SYN_4812,LOC_00249,2024-08-09T22:49:46+00:00,5000.0,SUCCESS,False,TXN_00052838
ATM_0004350,SYN1000008933,ATM_SYN_6256,LOC_00454,2024-08-29T11:12:39+00:00,20000.0,SUCCESS,False,TXN_00052839
ATM_0004351,SYN1000000090,ATM_SYN_6545,LOC_00250,2024-08-15T10:37:49+00:00,10000.0,SUCCESS,False,TXN_00052840
ATM_0004352,SYN1000000134,ATM_SYN_6062,LOC_00136,2024-09-02T04:33:51+00:00,15000.0,SUCCESS,False,TXN_00052841
ATM_0004353,SYN1000002255,ATM_SYN_6253,LOC_00495,2024-09-08T15:15:33+00:00,2000.0,SUCCESS,False,TXN_00052842
ATM_0004354,SYN1000006537,ATM_SYN_2166,LOC_00230,2024-08-16T07:48:01+00:00,1000.0,SUCCESS,False,TXN_00052843
ATM_0004355,SYN1000005280,ATM_SYN_8044,LOC_00408,2024-08-07T10:18:45+00:00,1000.0,SUCCESS,False,TXN_00052844
ATM_0004356,SYN1000006947,ATM_SYN_3826,LOC_00189,2024-09-05T05:12:00+00:00,1000.0,SUCCESS,False,TXN_00052845
ATM_0004357,SYN1000008245,ATM_SYN_5920,LOC_00346,2024-08-21T08:22:48+00:00,3000.0,SUCCESS,False,TXN_00052846
ATM_0004358,SYN1000007212,ATM_SYN_1431,LOC_00426,2024-08-19T09:57:15+00:00,5000.0,SUCCESS,False,TXN_00052847
ATM_0004359,SYN1000008727,ATM_SYN_4593,LOC_00189,2024-08-11T15:50:01+00:00,15000.0,SUCCESS,False,TXN_00052848
ATM_0004360,SYN1000007161,ATM_SYN_7723,LOC_00433,2024-08-12T16:18:00+00:00,15000.0,SUCCESS,False,TXN_00052849
ATM_0004361,SYN1000009755,ATM_SYN_5349,LOC_00094,2024-08-03T16:08:57+00:00,15000.0,SUCCESS,False,TXN_00052850
ATM_0004362,SYN1000009883,ATM_SYN_3541,LOC_00318,2024-08-31T13:56:30+00:00,10000.0,SUCCESS,False,TXN_00052851
ATM_0004363,SYN1000001964,ATM_SYN_4261,LOC_00100,2024-08-29T09:29:27+00:00,5000.0,SUCCESS,False,TXN_00052852
ATM_0004364,SYN1000001919,ATM_SYN_6662,LOC_00265,2024-08-27T08:32:23+00:00,5000.0,SUCCESS,False,TXN_00052853
ATM_0004365,SYN1000008039,ATM_SYN_6839,LOC_00225,2024-08-09T21:41:30+00:00,2000.0,SUCCESS,False,TXN_00052854
ATM_0004366,SYN1000003790,ATM_SYN_1482,LOC_00132,2024-08-09T03:14:49+00:00,15000.0,SUCCESS,False,TXN_00052855
ATM_0004367,SYN1000008363,ATM_SYN_1885,LOC_00032,2024-08-29T09:44:53+00:00,2000.0,SUCCESS,False,TXN_00052856
ATM_0004368,SYN1000004472,ATM_SYN_7919,LOC_00016,2024-08-24T11:44:09+00:00,5000.0,SUCCESS,False,TXN_00052857
ATM_0004369,SYN1000004696,ATM_SYN_9807,LOC_00016,2024-09-01T17:52:55+00:00,5000.0,SUCCESS,False,TXN_00052858
ATM_0004370,SYN1000008752,ATM_SYN_9062,LOC_00391,2024-08-18T16:58:38+00:00,15000.0,SUCCESS,False,TXN_00052859
ATM_0004371,SYN1000003822,ATM_SYN_1397,LOC_00222,2024-08-05T01:48:51+00:00,5000.0,SUCCESS,False,TXN_00052860
ATM_0004372,SYN1000001147,ATM_SYN_5448,LOC_00416,2024-08-14T22:42:27+00:00,20000.0,SUCCESS,False,TXN_00052861
ATM_0004373,SYN1000004847,ATM_SYN_3385,LOC_00128,2024-08-08T21:58:19+00:00,15000.0,SUCCESS,False,TXN_00052862
ATM_0004374,SYN1000007296,ATM_SYN_1704,LOC_00468,2024-08-06T14:52:32+00:00,2000.0,SUCCESS,False,TXN_00052863
ATM_0004375,SYN1000005125,ATM_SYN_5199,LOC_00372,2024-09-07T00:16:12+00:00,1000.0,SUCCESS,False,TXN_00052864
ATM_0004376,SYN1000004914,ATM_SYN_1134,LOC_00468,2024-08-03T10:40:16+00:00,1000.0,SUCCESS,False,TXN_00052865
ATM_0004377,SYN1000003814,ATM_SYN_6888,LOC_00418,2024-08-17T22:27:33+00:00,20000.0,SUCCESS,False,TXN_00052866
ATM_0004378,SYN1000002501,ATM_SYN_1924,LOC_00107,2024-08-05T00:13:47+00:00,15000.0,SUCCESS,False,TXN_00052867
ATM_0004379,SYN1000005162,ATM_SYN_4462,LOC_00047,2024-09-09T01:05:31+00:00,5000.0,SUCCESS,False,TXN_00052868
ATM_0004380,SYN1000008737,ATM_SYN_8825,LOC_00493,2024-09-04T14:14:48+00:00,3000.0,SUCCESS,False,TXN_00052869
ATM_0004381,SYN1000001647,ATM_SYN_2541,LOC_00319,2024-08-04T08:47:38+00:00,1000.0,SUCCESS,False,TXN_00052870
ATM_0004382,SYN1000004077,ATM_SYN_6844,LOC_00096,2024-09-03T17:02:40+00:00,1000.0,SUCCESS,False,TXN_00052871
ATM_0004383,SYN1000004028,ATM_SYN_8605,LOC_00175,2024-08-23T17:59:55+00:00,3000.0,SUCCESS,False,TXN_00052872
ATM_0004384,SYN1000004203,ATM_SYN_3941,LOC_00057,2024-08-16T13:58:52+00:00,20000.0,SUCCESS,False,TXN_00052873
ATM_0004385,SYN1000002679,ATM_SYN_4223,LOC_00389,2024-08-31T03:34:11+00:00,1000.0,SUCCESS,False,TXN_00052874
ATM_0004386,SYN1000000593,ATM_SYN_4577,LOC_00451,2024-08-12T09:08:39+00:00,5000.0,SUCCESS,False,TXN_00052875
ATM_0004387,SYN1000006154,ATM_SYN_7398,LOC_00032,2024-08-14T16:35:54+00:00,20000.0,SUCCESS,False,TXN_00052876
ATM_0004388,SYN1000004026,ATM_SYN_7026,LOC_00105,2024-09-03T07:30:17+00:00,3000.0,SUCCESS,False,TXN_00052877
ATM_0004389,SYN1000007329,ATM_SYN_4088,LOC_00475,2024-08-15T11:16:03+00:00,10000.0,SUCCESS,False,TXN_00052878
ATM_0004390,SYN1000000751,ATM_SYN_5254,LOC_00256,2024-08-30T00:14:45+00:00,15000.0,SUCCESS,False,TXN_00052879
ATM_0004391,SYN1000009220,ATM_SYN_2144,LOC_00216,2024-08-17T10:19:34+00:00,3000.0,SUCCESS,False,TXN_00052880
ATM_0004392,SYN1000005840,ATM_SYN_4675,LOC_00128,2024-09-09T13:31:22+00:00,2000.0,SUCCESS,False,TXN_00052881
ATM_0004393,SYN1000000815,ATM_SYN_3145,LOC_00142,2024-08-19T03:54:11+00:00,2000.0,SUCCESS,False,TXN_00052882
ATM_0004394,SYN1000001104,ATM_SYN_5857,LOC_00197,2024-09-04T09:28:31+00:00,3000.0,SUCCESS,False,TXN_00052883
ATM_0004395,SYN1000005875,ATM_SYN_8523,LOC_00289,2024-08-26T21:07:42+00:00,10000.0,SUCCESS,False,TXN_00052884
ATM_0004396,SYN1000004168,ATM_SYN_6384,LOC_00287,2024-08-21T16:34:21+00:00,1000.0,SUCCESS,False,TXN_00052885
ATM_0004397,SYN1000007365,ATM_SYN_1626,LOC_00394,2024-08-21T19:37:31+00:00,15000.0,SUCCESS,False,TXN_00052886
ATM_0004398,SYN1000007531,ATM_SYN_5772,LOC_00289,2024-08-17T21:00:03+00:00,10000.0,SUCCESS,False,TXN_00052887
ATM_0004399,SYN1000006730,ATM_SYN_8587,LOC_00086,2024-08-03T05:38:59+00:00,3000.0,SUCCESS,False,TXN_00052888
ATM_0004400,SYN1000002076,ATM_SYN_4817,LOC_00402,2024-08-04T13:37:51+00:00,2000.0,SUCCESS,False,TXN_00052889
ATM_0004401,SYN1000009605,ATM_SYN_5754,LOC_00105,2024-08-19T01:03:22+00:00,10000.0,SUCCESS,False,TXN_00052890
ATM_0004402,SYN1000001773,ATM_SYN_3089,LOC_00415,2024-08-08T14:16:45+00:00,2000.0,SUCCESS,False,TXN_00052891
ATM_0004403,SYN1000006770,ATM_SYN_8804,LOC_00395,2024-08-05T22:57:13+00:00,10000.0,SUCCESS,False,TXN_00052892
ATM_0004404,SYN1000008323,ATM_SYN_6049,LOC_00056,2024-08-13T21:50:06+00:00,5000.0,SUCCESS,False,TXN_00052893
ATM_0004405,SYN1000005882,ATM_SYN_9112,LOC_00146,2024-08-09T05:17:01+00:00,3000.0,SUCCESS,False,TXN_00052894
ATM_0004406,SYN1000003435,ATM_SYN_8283,LOC_00383,2024-08-16T13:03:42+00:00,10000.0,SUCCESS,False,TXN_00052895
ATM_0004407,SYN1000003106,ATM_SYN_6895,LOC_00034,2024-09-03T00:09:14+00:00,10000.0,SUCCESS,False,TXN_00052896
ATM_0004408,SYN1000009850,ATM_SYN_2183,LOC_00277,2024-08-13T17:01:59+00:00,10000.0,SUCCESS,False,TXN_00052897
ATM_0004409,SYN1000000054,ATM_SYN_7059,LOC_00180,2024-08-06T09:51:57+00:00,15000.0,SUCCESS,False,TXN_00052898
ATM_0004410,SYN1000007765,ATM_SYN_1922,LOC_00212,2024-09-03T09:29:54+00:00,1000.0,SUCCESS,False,TXN_00052899
ATM_0004411,SYN1000009361,ATM_SYN_3642,LOC_00296,2024-08-31T02:53:04+00:00,20000.0,SUCCESS,False,TXN_00052900
ATM_0004412,SYN1000003212,ATM_SYN_6260,LOC_00425,2024-08-04T21:01:34+00:00,20000.0,SUCCESS,False,TXN_00052901
ATM_0004413,SYN1000008286,ATM_SYN_4293,LOC_00268,2024-08-06T16:10:16+00:00,1000.0,SUCCESS,False,TXN_00052902
ATM_0004414,SYN1000000969,ATM_SYN_1155,LOC_00179,2024-08-04T09:35:35+00:00,10000.0,SUCCESS,False,TXN_00052903
ATM_0004415,SYN1000007322,ATM_SYN_5855,LOC_00067,2024-08-06T13:56:12+00:00,5000.0,SUCCESS,False,TXN_00052904
ATM_0004416,SYN1000003797,ATM_SYN_3234,LOC_00422,2024-08-22T15:46:03+00:00,3000.0,SUCCESS,False,TXN_00052905
ATM_0004417,SYN1000006530,ATM_SYN_5884,LOC_00388,2024-08-15T08:50:49+00:00,1000.0,SUCCESS,False,TXN_00052906
ATM_0004418,SYN1000004079,ATM_SYN_2069,LOC_00122,2024-08-15T05:59:50+00:00,2000.0,SUCCESS,False,TXN_00052907
ATM_0004419,SYN1000001648,ATM_SYN_4316,LOC_00414,2024-08-10T22:43:02+00:00,15000.0,SUCCESS,False,TXN_00052908
ATM_0004420,SYN1000006161,ATM_SYN_2843,LOC_00149,2024-08-18T17:39:01+00:00,10000.0,SUCCESS,False,TXN_00052909
ATM_0004421,SYN1000001049,ATM_SYN_6631,LOC_00072,2024-08-22T05:32:34+00:00,5000.0,SUCCESS,False,TXN_00052910
ATM_0004422,SYN1000000306,ATM_SYN_9703,LOC_00113,2024-08-12T01:32:17+00:00,15000.0,SUCCESS,False,TXN_00052911
ATM_0004423,SYN1000004487,ATM_SYN_4781,LOC_00280,2024-09-08T16:01:07+00:00,2000.0,SUCCESS,False,TXN_00052912
ATM_0004424,SYN1000006473,ATM_SYN_2560,LOC_00053,2024-09-02T05:52:53+00:00,5000.0,SUCCESS,False,TXN_00052913
ATM_0004425,SYN1000004506,ATM_SYN_4371,LOC_00477,2024-08-27T22:46:44+00:00,15000.0,SUCCESS,False,TXN_00052914
ATM_0004426,SYN1000006772,ATM_SYN_3751,LOC_00443,2024-08-21T00:32:44+00:00,5000.0,SUCCESS,False,TXN_00052915
ATM_0004427,SYN1000004993,ATM_SYN_8235,LOC_00140,2024-08-15T21:36:06+00:00,1000.0,SUCCESS,False,TXN_00052916
ATM_0004428,SYN1000000839,ATM_SYN_3737,LOC_00025,2024-08-31T00:28:53+00:00,2000.0,SUCCESS,False,TXN_00052917
ATM_0004429,SYN1000006270,ATM_SYN_8661,LOC_00185,2024-09-10T22:24:26+00:00,15000.0,SUCCESS,False,TXN_00052918
ATM_0004430,SYN1000004400,ATM_SYN_7142,LOC_00046,2024-08-25T20:54:10+00:00,5000.0,SUCCESS,False,TXN_00052919
ATM_0004431,SYN1000004918,ATM_SYN_9104,LOC_00464,2024-08-07T12:55:22+00:00,10000.0,SUCCESS,False,TXN_00052920
ATM_0004432,SYN1000008386,ATM_SYN_5531,LOC_00348,2024-08-23T23:06:06+00:00,2000.0,SUCCESS,False,TXN_00052921
ATM_0004433,SYN1000002483,ATM_SYN_3953,LOC_00396,2024-08-03T05:14:29+00:00,3000.0,SUCCESS,False,TXN_00052922
ATM_0004434,SYN1000006219,ATM_SYN_3623,LOC_00430,2024-08-25T11:10:39+00:00,10000.0,SUCCESS,False,TXN_00052923
ATM_0004435,SYN1000008672,ATM_SYN_6747,LOC_00419,2024-08-16T22:26:34+00:00,5000.0,SUCCESS,False,TXN_00052924
ATM_0004436,SYN1000006096,ATM_SYN_6629,LOC_00074,2024-08-23T02:29:40+00:00,10000.0,SUCCESS,False,TXN_00052925
ATM_0004437,SYN1000008474,ATM_SYN_2102,LOC_00137,2024-08-16T20:23:33+00:00,5000.0,SUCCESS,False,TXN_00052926
ATM_0004438,SYN1000000047,ATM_SYN_3642,LOC_00083,2024-08-09T18:34:41+00:00,5000.0,SUCCESS,False,TXN_00052927
ATM_0004439,SYN1000007014,ATM_SYN_6617,LOC_00346,2024-08-12T02:05:44+00:00,1000.0,SUCCESS,False,TXN_00052928
ATM_0004440,SYN1000009701,ATM_SYN_4736,LOC_00029,2024-08-07T10:08:00+00:00,10000.0,SUCCESS,False,TXN_00052929
ATM_0004441,SYN1000004004,ATM_SYN_6071,LOC_00279,2024-08-26T20:24:15+00:00,10000.0,SUCCESS,False,TXN_00052930
ATM_0004442,SYN1000001608,ATM_SYN_4383,LOC_00490,2024-08-13T02:06:03+00:00,5000.0,SUCCESS,False,TXN_00052931
ATM_0004443,SYN1000009328,ATM_SYN_2046,LOC_00143,2024-09-01T17:02:26+00:00,20000.0,SUCCESS,False,TXN_00052932
ATM_0004444,SYN1000005141,ATM_SYN_6508,LOC_00080,2024-08-21T08:35:49+00:00,1000.0,SUCCESS,False,TXN_00052933
ATM_0004445,SYN1000007927,ATM_SYN_4912,LOC_00462,2024-09-07T17:15:40+00:00,2000.0,SUCCESS,False,TXN_00052934
ATM_0004446,SYN1000006029,ATM_SYN_8958,LOC_00331,2024-08-10T13:38:51+00:00,1000.0,SUCCESS,False,TXN_00052935
ATM_0004447,SYN1000004477,ATM_SYN_2381,LOC_00112,2024-08-28T19:11:20+00:00,20000.0,SUCCESS,False,TXN_00052936
ATM_0004448,SYN1000005049,ATM_SYN_5038,LOC_00200,2024-08-02T17:35:38+00:00,3000.0,SUCCESS,False,TXN_00052937
ATM_0004449,SYN1000009952,ATM_SYN_1052,LOC_00226,2024-08-31T14:59:03+00:00,10000.0,SUCCESS,False,TXN_00052938
ATM_0004450,SYN1000004182,ATM_SYN_2978,LOC_00183,2024-08-25T01:04:42+00:00,1000.0,SUCCESS,False,TXN_00052939
ATM_0004451,SYN1000008228,ATM_SYN_4514,LOC_00223,2024-09-10T18:02:34+00:00,3000.0,SUCCESS,False,TXN_00052940
ATM_0004452,SYN1000006933,ATM_SYN_5983,LOC_00354,2024-09-02T19:35:27+00:00,5000.0,SUCCESS,False,TXN_00052941
ATM_0004453,SYN1000002431,ATM_SYN_5033,LOC_00200,2024-08-04T05:07:22+00:00,15000.0,SUCCESS,False,TXN_00052942
ATM_0004454,SYN1000009741,ATM_SYN_4473,LOC_00423,2024-09-08T11:23:37+00:00,20000.0,SUCCESS,False,TXN_00052943
ATM_0004455,SYN1000003757,ATM_SYN_4076,LOC_00447,2024-08-26T15:46:22+00:00,1000.0,SUCCESS,False,TXN_00052944
ATM_0004456,SYN1000002618,ATM_SYN_4037,LOC_00314,2024-08-18T08:05:51+00:00,10000.0,SUCCESS,False,TXN_00052945
ATM_0004457,SYN1000007981,ATM_SYN_9261,LOC_00463,2024-08-11T22:15:18+00:00,20000.0,SUCCESS,False,TXN_00052946
ATM_0004458,SYN1000001102,ATM_SYN_4204,LOC_00169,2024-08-04T14:25:03+00:00,3000.0,SUCCESS,False,TXN_00052947
ATM_0004459,SYN1000009493,ATM_SYN_2367,LOC_00159,2024-09-09T09:32:06+00:00,10000.0,SUCCESS,False,TXN_00052948
ATM_0004460,SYN1000002266,ATM_SYN_6014,LOC_00339,2024-09-08T03:00:23+00:00,1000.0,SUCCESS,False,TXN_00052949
ATM_0004461,SYN1000007187,ATM_SYN_1207,LOC_00302,2024-08-12T15:25:22+00:00,15000.0,SUCCESS,False,TXN_00052950
ATM_0004462,SYN1000001171,ATM_SYN_9349,LOC_00108,2024-08-10T05:11:56+00:00,1000.0,SUCCESS,False,TXN_00052951
ATM_0004463,SYN1000006890,ATM_SYN_3830,LOC_00062,2024-08-15T12:34:27+00:00,1000.0,SUCCESS,False,TXN_00052952
ATM_0004464,SYN1000002214,ATM_SYN_5143,LOC_00058,2024-09-10T18:43:50+00:00,5000.0,SUCCESS,False,TXN_00052953
ATM_0004465,SYN1000009298,ATM_SYN_5454,LOC_00352,2024-08-25T13:12:09+00:00,15000.0,SUCCESS,False,TXN_00052954
ATM_0004466,SYN1000008921,ATM_SYN_8703,LOC_00418,2024-09-08T10:12:35+00:00,2000.0,SUCCESS,False,TXN_00052955
ATM_0004467,SYN1000007498,ATM_SYN_6399,LOC_00371,2024-08-10T23:02:29+00:00,15000.0,SUCCESS,False,TXN_00052956
ATM_0004468,SYN1000009928,ATM_SYN_6996,LOC_00395,2024-08-06T13:18:58+00:00,20000.0,SUCCESS,False,TXN_00052957
ATM_0004469,SYN1000006498,ATM_SYN_1913,LOC_00189,2024-09-02T12:27:40+00:00,1000.0,SUCCESS,False,TXN_00052958
ATM_0004470,SYN1000006457,ATM_SYN_3628,LOC_00468,2024-08-14T23:19:43+00:00,2000.0,SUCCESS,False,TXN_00052959
ATM_0004471,SYN1000005788,ATM_SYN_2832,LOC_00345,2024-09-01T07:33:51+00:00,20000.0,SUCCESS,False,TXN_00052960
ATM_0004472,SYN1000009156,ATM_SYN_9854,LOC_00444,2024-08-26T23:00:30+00:00,2000.0,SUCCESS,False,TXN_00052961
ATM_0004473,SYN1000003378,ATM_SYN_8455,LOC_00244,2024-08-03T14:44:31+00:00,3000.0,SUCCESS,False,TXN_00052962
ATM_0004474,SYN1000002347,ATM_SYN_7348,LOC_00167,2024-08-03T23:53:12+00:00,20000.0,SUCCESS,False,TXN_00052963
ATM_0004475,SYN1000005500,ATM_SYN_9499,LOC_00010,2024-09-08T02:31:19+00:00,3000.0,SUCCESS,False,TXN_00052964
ATM_0004476,SYN1000007802,ATM_SYN_5433,LOC_00448,2024-09-09T19:15:27+00:00,2000.0,SUCCESS,False,TXN_00052965
ATM_0004477,SYN1000002630,ATM_SYN_6684,LOC_00323,2024-08-18T11:00:45+00:00,15000.0,SUCCESS,False,TXN_00052966
ATM_0004478,SYN1000002586,ATM_SYN_5555,LOC_00153,2024-08-20T14:08:13+00:00,20000.0,SUCCESS,False,TXN_00052967
ATM_0004479,SYN1000002768,ATM_SYN_3056,LOC_00414,2024-08-30T05:50:27+00:00,20000.0,SUCCESS,False,TXN_00052968
ATM_0004480,SYN1000007880,ATM_SYN_6948,LOC_00398,2024-08-29T08:03:38+00:00,10000.0,SUCCESS,False,TXN_00052969
ATM_0004481,SYN1000008060,ATM_SYN_6129,LOC_00500,2024-08-23T06:40:53+00:00,3000.0,SUCCESS,False,TXN_00052970
ATM_0004482,SYN1000009344,ATM_SYN_9760,LOC_00196,2024-08-27T20:27:23+00:00,2000.0,SUCCESS,False,TXN_00052971
ATM_0004483,SYN1000000092,ATM_SYN_7089,LOC_00319,2024-09-03T15:39:48+00:00,15000.0,SUCCESS,False,TXN_00052972
ATM_0004484,SYN1000001797,ATM_SYN_8254,LOC_00412,2024-09-08T18:10:36+00:00,5000.0,SUCCESS,False,TXN_00052973
ATM_0004485,SYN1000000144,ATM_SYN_1620,LOC_00076,2024-09-08T19:54:31+00:00,1000.0,SUCCESS,False,TXN_00052974
ATM_0004486,SYN1000001552,ATM_SYN_8143,LOC_00451,2024-08-12T15:51:56+00:00,1000.0,SUCCESS,False,TXN_00052975
ATM_0004487,SYN1000009677,ATM_SYN_7615,LOC_00135,2024-09-02T07:05:13+00:00,1000.0,SUCCESS,False,TXN_00052976
ATM_0004488,SYN1000001971,ATM_SYN_3761,LOC_00323,2024-08-05T09:38:53+00:00,2000.0,SUCCESS,False,TXN_00052977
ATM_0004489,SYN1000008561,ATM_SYN_6400,LOC_00408,2024-09-07T16:16:01+00:00,15000.0,SUCCESS,False,TXN_00052978
ATM_0004490,SYN1000000853,ATM_SYN_6792,LOC_00017,2024-08-11T02:35:16+00:00,1000.0,SUCCESS,False,TXN_00052979
ATM_0004491,SYN1000007668,ATM_SYN_1273,LOC_00387,2024-08-02T21:17:47+00:00,1000.0,SUCCESS,False,TXN_00052980
ATM_0004492,SYN1000007049,ATM_SYN_7467,LOC_00422,2024-08-05T20:13:04+00:00,1000.0,SUCCESS,False,TXN_00052981
ATM_0004493,SYN1000006295,ATM_SYN_8676,LOC_00345,2024-08-10T12:04:25+00:00,1000.0,SUCCESS,False,TXN_00052982
ATM_0004494,SYN1000005949,ATM_SYN_7257,LOC_00395,2024-08-07T07:37:01+00:00,1000.0,SUCCESS,False,TXN_00052983
ATM_0004495,SYN1000006834,ATM_SYN_9062,LOC_00276,2024-09-04T22:44:50+00:00,5000.0,SUCCESS,False,TXN_00052984
ATM_0004496,SYN1000008811,ATM_SYN_5236,LOC_00193,2024-08-05T17:22:37+00:00,1000.0,SUCCESS,False,TXN_00052985
ATM_0004497,SYN1000001364,ATM_SYN_4510,LOC_00329,2024-09-04T11:17:35+00:00,3000.0,SUCCESS,False,TXN_00052986
ATM_0004498,SYN1000005146,ATM_SYN_4522,LOC_00335,2024-08-14T07:31:42+00:00,2000.0,SUCCESS,False,TXN_00052987
ATM_0004499,SYN1000001922,ATM_SYN_2461,LOC_00301,2024-08-08T20:48:41+00:00,5000.0,SUCCESS,False,TXN_00052988
ATM_0004500,SYN1000005485,ATM_SYN_2424,LOC_00424,2024-08-03T03:42:04+00:00,10000.0,SUCCESS,False,TXN_00052989
ATM_0004501,SYN1000005613,ATM_SYN_6124,LOC_00282,2024-08-26T05:32:22+00:00,10000.0,SUCCESS,False,TXN_00052990
ATM_0004502,SYN1000006773,ATM_SYN_1022,LOC_00403,2024-08-12T06:06:48+00:00,1000.0,SUCCESS,False,TXN_00052991
ATM_0004503,SYN1000002232,ATM_SYN_3775,LOC_00368,2024-08-08T12:34:25+00:00,3000.0,SUCCESS,False,TXN_00052992
ATM_0004504,SYN1000009417,ATM_SYN_7599,LOC_00128,2024-08-14T15:30:58+00:00,1000.0,SUCCESS,False,TXN_00052993
ATM_0004505,SYN1000000432,ATM_SYN_9000,LOC_00095,2024-08-20T17:51:15+00:00,3000.0,SUCCESS,False,TXN_00052994
ATM_0004506,SYN1000006212,ATM_SYN_9722,LOC_00128,2024-08-28T16:01:24+00:00,5000.0,SUCCESS,False,TXN_00052995
ATM_0004507,SYN1000004115,ATM_SYN_4624,LOC_00103,2024-08-13T21:23:52+00:00,20000.0,SUCCESS,False,TXN_00052996
ATM_0004508,SYN1000006135,ATM_SYN_7667,LOC_00162,2024-08-11T12:06:28+00:00,1000.0,SUCCESS,False,TXN_00052997
ATM_0004509,SYN1000007594,ATM_SYN_7653,LOC_00052,2024-08-16T21:49:59+00:00,2000.0,SUCCESS,False,TXN_00052998
ATM_0004510,SYN1000007797,ATM_SYN_3832,LOC_00238,2024-08-02T10:04:31+00:00,20000.0,SUCCESS,False,TXN_00052999
ATM_0004511,SYN1000001018,ATM_SYN_6943,LOC_00388,2024-09-05T00:05:36+00:00,2000.0,SUCCESS,False,TXN_00053000
ATM_0004512,SYN1000005485,ATM_SYN_6533,LOC_00411,2024-08-21T21:26:23+00:00,10000.0,SUCCESS,False,TXN_00053001
ATM_0004513,SYN1000000058,ATM_SYN_5929,LOC_00407,2024-08-07T02:20:46+00:00,1000.0,SUCCESS,False,TXN_00053002
ATM_0004514,SYN1000009259,ATM_SYN_7356,LOC_00220,2024-08-24T19:12:11+00:00,2000.0,SUCCESS,False,TXN_00053003
ATM_0004515,SYN1000005785,ATM_SYN_8138,LOC_00061,2024-08-20T05:22:58+00:00,20000.0,SUCCESS,False,TXN_00053004
ATM_0004516,SYN1000001666,ATM_SYN_9007,LOC_00109,2024-09-07T00:36:29+00:00,10000.0,SUCCESS,False,TXN_00053005
ATM_0004517,SYN1000009894,ATM_SYN_1977,LOC_00053,2024-08-11T06:47:47+00:00,20000.0,SUCCESS,False,TXN_00053006
ATM_0004518,SYN1000007736,ATM_SYN_9815,LOC_00193,2024-09-02T14:00:15+00:00,5000.0,SUCCESS,False,TXN_00053007
ATM_0004519,SYN1000001604,ATM_SYN_7542,LOC_00089,2024-09-09T18:03:23+00:00,10000.0,SUCCESS,False,TXN_00053008
ATM_0004520,SYN1000004587,ATM_SYN_3510,LOC_00191,2024-08-24T17:33:28+00:00,5000.0,SUCCESS,False,TXN_00053009
ATM_0004521,SYN1000009558,ATM_SYN_3197,LOC_00352,2024-09-08T23:01:50+00:00,3000.0,SUCCESS,False,TXN_00053010
ATM_0004522,SYN1000003079,ATM_SYN_7519,LOC_00310,2024-08-06T12:42:13+00:00,2000.0,SUCCESS,False,TXN_00053011
ATM_0004523,SYN1000005468,ATM_SYN_1838,LOC_00163,2024-08-29T06:24:36+00:00,3000.0,SUCCESS,False,TXN_00053012
ATM_0004524,SYN1000009417,ATM_SYN_8701,LOC_00045,2024-08-27T06:04:45+00:00,3000.0,SUCCESS,False,TXN_00053013
ATM_0004525,SYN1000008244,ATM_SYN_3098,LOC_00093,2024-08-26T00:29:29+00:00,1000.0,SUCCESS,False,TXN_00053014
ATM_0004526,SYN1000001675,ATM_SYN_8774,LOC_00492,2024-08-13T01:56:22+00:00,10000.0,SUCCESS,False,TXN_00053015
ATM_0004527,SYN1000007262,ATM_SYN_3315,LOC_00111,2024-08-29T07:56:58+00:00,20000.0,SUCCESS,False,TXN_00053016
ATM_0004528,SYN1000009888,ATM_SYN_4564,LOC_00078,2024-09-02T12:27:17+00:00,10000.0,SUCCESS,False,TXN_00053017
ATM_0004529,SYN1000006602,ATM_SYN_7725,LOC_00011,2024-08-05T14:30:23+00:00,3000.0,SUCCESS,False,TXN_00053018
ATM_0004530,SYN1000005683,ATM_SYN_4232,LOC_00298,2024-08-31T18:05:51+00:00,20000.0,SUCCESS,False,TXN_00053019
ATM_0004531,SYN1000001144,ATM_SYN_5755,LOC_00294,2024-08-02T06:18:43+00:00,2000.0,SUCCESS,False,TXN_00053020
ATM_0004532,SYN1000008380,ATM_SYN_2393,LOC_00418,2024-08-25T05:13:38+00:00,10000.0,SUCCESS,False,TXN_00053021
ATM_0004533,SYN1000006126,ATM_SYN_8048,LOC_00040,2024-08-22T20:50:09+00:00,1000.0,SUCCESS,False,TXN_00053022
ATM_0004534,SYN1000005967,ATM_SYN_8116,LOC_00271,2024-08-08T13:16:12+00:00,20000.0,SUCCESS,False,TXN_00053023
ATM_0004535,SYN1000002022,ATM_SYN_9135,LOC_00115,2024-08-19T23:04:30+00:00,1000.0,SUCCESS,False,TXN_00053024
ATM_0004536,SYN1000004986,ATM_SYN_7076,LOC_00255,2024-08-25T23:58:31+00:00,5000.0,SUCCESS,False,TXN_00053025
ATM_0004537,SYN1000001422,ATM_SYN_3848,LOC_00161,2024-08-31T06:14:18+00:00,5000.0,SUCCESS,False,TXN_00053026
ATM_0004538,SYN1000003703,ATM_SYN_1627,LOC_00435,2024-08-18T10:01:12+00:00,5000.0,SUCCESS,False,TXN_00053027
ATM_0004539,SYN1000001145,ATM_SYN_1210,LOC_00200,2024-09-03T02:48:51+00:00,1000.0,SUCCESS,False,TXN_00053028
ATM_0004540,SYN1000002309,ATM_SYN_7649,LOC_00452,2024-08-17T15:09:14+00:00,15000.0,SUCCESS,False,TXN_00053029
ATM_0004541,SYN1000005898,ATM_SYN_6942,LOC_00026,2024-08-14T22:54:03+00:00,1000.0,SUCCESS,False,TXN_00053030
ATM_0004542,SYN1000007966,ATM_SYN_2520,LOC_00091,2024-08-08T17:16:37+00:00,15000.0,SUCCESS,False,TXN_00053031
ATM_0004543,SYN1000006312,ATM_SYN_7067,LOC_00160,2024-08-10T14:43:30+00:00,1000.0,SUCCESS,False,TXN_00053032
ATM_0004544,SYN1000003243,ATM_SYN_5595,LOC_00253,2024-08-09T01:16:17+00:00,1000.0,SUCCESS,False,TXN_00053033
ATM_0004545,SYN1000007721,ATM_SYN_2717,LOC_00249,2024-08-26T02:58:52+00:00,15000.0,SUCCESS,False,TXN_00053034
ATM_0004546,SYN1000005944,ATM_SYN_9215,LOC_00242,2024-08-22T09:48:09+00:00,3000.0,SUCCESS,False,TXN_00053035
ATM_0004547,SYN1000005823,ATM_SYN_4531,LOC_00352,2024-09-07T15:23:20+00:00,15000.0,SUCCESS,False,TXN_00053036
ATM_0004548,SYN1000000955,ATM_SYN_6647,LOC_00408,2024-08-17T11:23:23+00:00,5000.0,SUCCESS,False,TXN_00053037
ATM_0004549,SYN1000000618,ATM_SYN_4750,LOC_00482,2024-09-02T14:01:38+00:00,10000.0,SUCCESS,False,TXN_00053038
ATM_0004550,SYN1000000947,ATM_SYN_2230,LOC_00138,2024-08-02T05:36:38+00:00,1000.0,SUCCESS,False,TXN_00053039
ATM_0004551,SYN1000009089,ATM_SYN_9153,LOC_00384,2024-09-05T07:37:05+00:00,2000.0,SUCCESS,False,TXN_00053040
ATM_0004552,SYN1000003504,ATM_SYN_7123,LOC_00380,2024-08-12T18:53:26+00:00,15000.0,SUCCESS,False,TXN_00053041
ATM_0004553,SYN1000005654,ATM_SYN_5833,LOC_00303,2024-08-30T12:16:45+00:00,2000.0,SUCCESS,False,TXN_00053042
ATM_0004554,SYN1000007883,ATM_SYN_1092,LOC_00383,2024-08-31T15:20:24+00:00,10000.0,SUCCESS,False,TXN_00053043
ATM_0004555,SYN1000004264,ATM_SYN_7146,LOC_00429,2024-09-05T07:13:56+00:00,3000.0,SUCCESS,False,TXN_00053044
ATM_0004556,SYN1000005205,ATM_SYN_9179,LOC_00212,2024-08-07T19:09:14+00:00,3000.0,SUCCESS,False,TXN_00053045
ATM_0004557,SYN1000009987,ATM_SYN_3386,LOC_00218,2024-08-18T21:44:09+00:00,3000.0,SUCCESS,False,TXN_00053046
ATM_0004558,SYN1000002336,ATM_SYN_6988,LOC_00042,2024-08-12T06:19:05+00:00,2000.0,SUCCESS,False,TXN_00053047
ATM_0004559,SYN1000005770,ATM_SYN_8359,LOC_00097,2024-08-10T18:24:12+00:00,20000.0,SUCCESS,False,TXN_00053048
ATM_0004560,SYN1000004214,ATM_SYN_8583,LOC_00204,2024-08-17T05:25:18+00:00,5000.0,SUCCESS,False,TXN_00053049
ATM_0004561,SYN1000004559,ATM_SYN_7174,LOC_00402,2024-09-09T14:23:14+00:00,1000.0,SUCCESS,False,TXN_00053050
ATM_0004562,SYN1000005682,ATM_SYN_9008,LOC_00284,2024-09-06T13:46:45+00:00,10000.0,SUCCESS,False,TXN_00053051
ATM_0004563,SYN1000003524,ATM_SYN_4907,LOC_00275,2024-08-23T02:18:52+00:00,3000.0,SUCCESS,False,TXN_00053052
ATM_0004564,SYN1000003244,ATM_SYN_8348,LOC_00103,2024-08-29T09:57:50+00:00,3000.0,SUCCESS,False,TXN_00053053
ATM_0004565,SYN1000006561,ATM_SYN_8870,LOC_00148,2024-08-09T21:03:57+00:00,5000.0,SUCCESS,False,TXN_00053054
ATM_0004566,SYN1000002035,ATM_SYN_1275,LOC_00307,2024-08-07T04:15:58+00:00,3000.0,SUCCESS,False,TXN_00053055
ATM_0004567,SYN1000006424,ATM_SYN_7390,LOC_00465,2024-08-22T22:04:28+00:00,5000.0,SUCCESS,False,TXN_00053056
ATM_0004568,SYN1000003467,ATM_SYN_3082,LOC_00388,2024-09-08T01:03:50+00:00,10000.0,SUCCESS,False,TXN_00053057
ATM_0004569,SYN1000001013,ATM_SYN_8833,LOC_00386,2024-08-28T08:18:16+00:00,10000.0,SUCCESS,False,TXN_00053058
ATM_0004570,SYN1000003070,ATM_SYN_9788,LOC_00376,2024-08-27T03:47:52+00:00,3000.0,SUCCESS,False,TXN_00053059
ATM_0004571,SYN1000002138,ATM_SYN_8874,LOC_00255,2024-08-23T02:12:32+00:00,15000.0,SUCCESS,False,TXN_00053060
ATM_0004572,SYN1000008926,ATM_SYN_3756,LOC_00311,2024-09-05T19:06:39+00:00,5000.0,SUCCESS,False,TXN_00053061
ATM_0004573,SYN1000004172,ATM_SYN_7910,LOC_00477,2024-08-08T17:55:16+00:00,15000.0,SUCCESS,False,TXN_00053062
ATM_0004574,SYN1000007651,ATM_SYN_4012,LOC_00491,2024-09-03T05:17:48+00:00,3000.0,SUCCESS,False,TXN_00053063
ATM_0004575,SYN1000007192,ATM_SYN_7436,LOC_00033,2024-09-03T08:35:05+00:00,1000.0,SUCCESS,False,TXN_00053064
ATM_0004576,SYN1000002303,ATM_SYN_6030,LOC_00088,2024-08-26T17:42:35+00:00,2000.0,SUCCESS,False,TXN_00053065
ATM_0004577,SYN1000006806,ATM_SYN_2044,LOC_00393,2024-09-09T00:31:47+00:00,3000.0,SUCCESS,False,TXN_00053066
ATM_0004578,SYN1000001893,ATM_SYN_5132,LOC_00053,2024-09-05T04:12:13+00:00,1000.0,SUCCESS,False,TXN_00053067
ATM_0004579,SYN1000003848,ATM_SYN_3336,LOC_00496,2024-09-02T00:19:42+00:00,20000.0,SUCCESS,False,TXN_00053068
ATM_0004580,SYN1000001873,ATM_SYN_2953,LOC_00206,2024-09-03T05:02:06+00:00,10000.0,SUCCESS,False,TXN_00053069
ATM_0004581,SYN1000004964,ATM_SYN_1499,LOC_00216,2024-08-16T00:16:39+00:00,1000.0,SUCCESS,False,TXN_00053070
ATM_0004582,SYN1000009489,ATM_SYN_1134,LOC_00105,2024-08-19T10:13:16+00:00,10000.0,SUCCESS,False,TXN_00053071
ATM_0004583,SYN1000005002,ATM_SYN_3940,LOC_00249,2024-08-28T08:43:01+00:00,15000.0,SUCCESS,False,TXN_00053072
ATM_0004584,SYN1000001295,ATM_SYN_7378,LOC_00490,2024-08-19T20:09:44+00:00,5000.0,SUCCESS,False,TXN_00053073
ATM_0004585,SYN1000007179,ATM_SYN_8665,LOC_00386,2024-09-08T01:00:02+00:00,2000.0,SUCCESS,False,TXN_00053074
ATM_0004586,SYN1000005939,ATM_SYN_1118,LOC_00171,2024-08-12T05:38:18+00:00,1000.0,SUCCESS,False,TXN_00053075
ATM_0004587,SYN1000000132,ATM_SYN_3388,LOC_00403,2024-08-14T10:56:06+00:00,15000.0,SUCCESS,False,TXN_00053076
ATM_0004588,SYN1000002201,ATM_SYN_6541,LOC_00246,2024-09-08T10:10:59+00:00,2000.0,SUCCESS,False,TXN_00053077
ATM_0004589,SYN1000006382,ATM_SYN_2329,LOC_00236,2024-09-03T04:36:18+00:00,10000.0,SUCCESS,False,TXN_00053078
ATM_0004590,SYN1000001687,ATM_SYN_7326,LOC_00480,2024-08-18T16:43:40+00:00,2000.0,SUCCESS,False,TXN_00053079
ATM_0004591,SYN1000001073,ATM_SYN_3617,LOC_00354,2024-08-17T10:27:17+00:00,5000.0,SUCCESS,False,TXN_00053080
ATM_0004592,SYN1000005907,ATM_SYN_5101,LOC_00276,2024-08-17T02:03:55+00:00,10000.0,SUCCESS,False,TXN_00053081
ATM_0004593,SYN1000004459,ATM_SYN_8176,LOC_00142,2024-08-17T08:12:56+00:00,3000.0,SUCCESS,False,TXN_00053082
ATM_0004594,SYN1000004998,ATM_SYN_6367,LOC_00064,2024-08-07T03:51:16+00:00,20000.0,SUCCESS,False,TXN_00053083
ATM_0004595,SYN1000002800,ATM_SYN_7915,LOC_00180,2024-08-27T21:07:24+00:00,5000.0,SUCCESS,False,TXN_00053084
ATM_0004596,SYN1000003302,ATM_SYN_9232,LOC_00036,2024-08-02T08:16:03+00:00,1000.0,SUCCESS,False,TXN_00053085
ATM_0004597,SYN1000003390,ATM_SYN_4765,LOC_00386,2024-08-18T18:53:46+00:00,10000.0,SUCCESS,False,TXN_00053086
ATM_0004598,SYN1000000412,ATM_SYN_7924,LOC_00023,2024-08-17T07:39:20+00:00,1000.0,SUCCESS,False,TXN_00053087
ATM_0004599,SYN1000006502,ATM_SYN_2191,LOC_00183,2024-08-13T07:39:33+00:00,10000.0,SUCCESS,False,TXN_00053088
ATM_0004600,SYN1000001354,ATM_SYN_3946,LOC_00302,2024-08-14T07:23:33+00:00,1000.0,SUCCESS,False,TXN_00053089
ATM_0004601,SYN1000002923,ATM_SYN_6684,LOC_00342,2024-08-12T17:34:46+00:00,15000.0,SUCCESS,False,TXN_00053090
ATM_0004602,SYN1000007931,ATM_SYN_1702,LOC_00184,2024-09-06T12:11:39+00:00,3000.0,SUCCESS,False,TXN_00053091
ATM_0004603,SYN1000006689,ATM_SYN_6483,LOC_00089,2024-08-04T06:20:01+00:00,1000.0,SUCCESS,False,TXN_00053092
ATM_0004604,SYN1000003518,ATM_SYN_2338,LOC_00148,2024-08-17T13:07:00+00:00,3000.0,SUCCESS,False,TXN_00053093
ATM_0004605,SYN1000009022,ATM_SYN_7263,LOC_00415,2024-09-01T08:51:55+00:00,5000.0,SUCCESS,False,TXN_00053094
ATM_0004606,SYN1000004241,ATM_SYN_9084,LOC_00478,2024-08-12T09:48:59+00:00,5000.0,SUCCESS,False,TXN_00053095
ATM_0004607,SYN1000004218,ATM_SYN_4368,LOC_00052,2024-08-04T12:22:12+00:00,5000.0,SUCCESS,False,TXN_00053096
ATM_0004608,SYN1000004139,ATM_SYN_2980,LOC_00291,2024-08-25T17:56:17+00:00,1000.0,SUCCESS,False,TXN_00053097
ATM_0004609,SYN1000000055,ATM_SYN_3527,LOC_00207,2024-08-22T22:30:54+00:00,15000.0,SUCCESS,False,TXN_00053098
ATM_0004610,SYN1000008756,ATM_SYN_7888,LOC_00032,2024-08-22T03:39:28+00:00,10000.0,SUCCESS,False,TXN_00053099
ATM_0004611,SYN1000002961,ATM_SYN_2898,LOC_00020,2024-08-06T10:15:43+00:00,20000.0,SUCCESS,False,TXN_00053100
ATM_0004612,SYN1000003917,ATM_SYN_2938,LOC_00301,2024-09-08T03:53:32+00:00,3000.0,SUCCESS,False,TXN_00053101
ATM_0004613,SYN1000002624,ATM_SYN_7574,LOC_00419,2024-08-09T18:47:47+00:00,10000.0,SUCCESS,False,TXN_00053102
ATM_0004614,SYN1000007219,ATM_SYN_2525,LOC_00468,2024-08-07T03:15:36+00:00,20000.0,SUCCESS,False,TXN_00053103
ATM_0004615,SYN1000001604,ATM_SYN_6124,LOC_00033,2024-09-07T14:11:52+00:00,3000.0,SUCCESS,False,TXN_00053104
ATM_0004616,SYN1000006215,ATM_SYN_3897,LOC_00211,2024-08-31T01:54:06+00:00,5000.0,SUCCESS,False,TXN_00053105
ATM_0004617,SYN1000001488,ATM_SYN_6194,LOC_00296,2024-09-03T10:18:29+00:00,1000.0,SUCCESS,False,TXN_00053106
ATM_0004618,SYN1000008034,ATM_SYN_7731,LOC_00337,2024-08-21T10:31:58+00:00,5000.0,SUCCESS,False,TXN_00053107
ATM_0004619,SYN1000009562,ATM_SYN_9581,LOC_00458,2024-09-04T08:25:26+00:00,20000.0,SUCCESS,False,TXN_00053108
ATM_0004620,SYN1000003625,ATM_SYN_1437,LOC_00482,2024-08-23T21:42:09+00:00,20000.0,SUCCESS,False,TXN_00053109
ATM_0004621,SYN1000000754,ATM_SYN_1377,LOC_00430,2024-08-20T14:12:27+00:00,5000.0,SUCCESS,False,TXN_00053110
ATM_0004622,SYN1000009040,ATM_SYN_7306,LOC_00070,2024-08-15T23:02:49+00:00,15000.0,SUCCESS,False,TXN_00053111
ATM_0004623,SYN1000000216,ATM_SYN_9226,LOC_00469,2024-09-10T04:41:24+00:00,1000.0,SUCCESS,False,TXN_00053112
ATM_0004624,SYN1000004912,ATM_SYN_8352,LOC_00126,2024-08-07T20:01:24+00:00,2000.0,SUCCESS,False,TXN_00053113
ATM_0004625,SYN1000004298,ATM_SYN_4594,LOC_00092,2024-08-13T06:55:17+00:00,20000.0,SUCCESS,False,TXN_00053114
ATM_0004626,SYN1000003453,ATM_SYN_9883,LOC_00279,2024-09-05T14:33:04+00:00,1000.0,SUCCESS,False,TXN_00053115
ATM_0004627,SYN1000007104,ATM_SYN_8562,LOC_00189,2024-09-10T07:07:19+00:00,1000.0,SUCCESS,False,TXN_00053116
ATM_0004628,SYN1000003745,ATM_SYN_4184,LOC_00364,2024-08-21T01:28:09+00:00,1000.0,SUCCESS,False,TXN_00053117
ATM_0004629,SYN1000009372,ATM_SYN_1319,LOC_00207,2024-08-24T15:13:46+00:00,3000.0,SUCCESS,False,TXN_00053118
ATM_0004630,SYN1000009827,ATM_SYN_2702,LOC_00066,2024-08-23T22:04:27+00:00,3000.0,SUCCESS,False,TXN_00053119
ATM_0004631,SYN1000007275,ATM_SYN_6710,LOC_00431,2024-08-24T22:42:22+00:00,1000.0,SUCCESS,False,TXN_00053120
ATM_0004632,SYN1000003007,ATM_SYN_1894,LOC_00395,2024-08-23T16:56:31+00:00,2000.0,SUCCESS,False,TXN_00053121
ATM_0004633,SYN1000005475,ATM_SYN_1200,LOC_00191,2024-09-05T04:12:16+00:00,20000.0,SUCCESS,False,TXN_00053122
ATM_0004634,SYN1000004118,ATM_SYN_7518,LOC_00063,2024-08-28T00:34:26+00:00,10000.0,SUCCESS,False,TXN_00053123
ATM_0004635,SYN1000003521,ATM_SYN_1668,LOC_00197,2024-08-28T13:48:06+00:00,2000.0,SUCCESS,False,TXN_00053124
ATM_0004636,SYN1000008126,ATM_SYN_8395,LOC_00042,2024-09-07T10:25:38+00:00,15000.0,SUCCESS,False,TXN_00053125
ATM_0004637,SYN1000001767,ATM_SYN_5698,LOC_00175,2024-08-13T02:44:08+00:00,1000.0,SUCCESS,False,TXN_00053126
ATM_0004638,SYN1000003098,ATM_SYN_6388,LOC_00287,2024-08-25T23:32:42+00:00,5000.0,SUCCESS,False,TXN_00053127
ATM_0004639,SYN1000005374,ATM_SYN_9262,LOC_00371,2024-08-15T05:19:21+00:00,10000.0,SUCCESS,False,TXN_00053128
ATM_0004640,SYN1000003219,ATM_SYN_6766,LOC_00367,2024-09-09T23:39:26+00:00,1000.0,SUCCESS,False,TXN_00053129
ATM_0004641,SYN1000007996,ATM_SYN_4404,LOC_00314,2024-08-04T10:14:36+00:00,3000.0,SUCCESS,False,TXN_00053130
ATM_0004642,SYN1000005457,ATM_SYN_2349,LOC_00156,2024-08-07T04:12:58+00:00,20000.0,SUCCESS,False,TXN_00053131
ATM_0004643,SYN1000006690,ATM_SYN_2003,LOC_00142,2024-09-06T12:55:38+00:00,3000.0,SUCCESS,False,TXN_00053132
ATM_0004644,SYN1000001109,ATM_SYN_6979,LOC_00034,2024-09-02T07:21:22+00:00,5000.0,SUCCESS,False,TXN_00053133
ATM_0004645,SYN1000008938,ATM_SYN_9968,LOC_00319,2024-08-25T13:20:37+00:00,15000.0,SUCCESS,False,TXN_00053134
ATM_0004646,SYN1000000326,ATM_SYN_4403,LOC_00272,2024-08-04T07:23:51+00:00,1000.0,SUCCESS,False,TXN_00053135
ATM_0004647,SYN1000004260,ATM_SYN_5807,LOC_00396,2024-09-03T12:46:54+00:00,1000.0,SUCCESS,False,TXN_00053136
ATM_0004648,SYN1000007813,ATM_SYN_8359,LOC_00065,2024-08-18T11:59:19+00:00,3000.0,SUCCESS,False,TXN_00053137
ATM_0004649,SYN1000008447,ATM_SYN_4802,LOC_00453,2024-09-07T14:00:37+00:00,20000.0,SUCCESS,False,TXN_00053138
ATM_0004650,SYN1000009657,ATM_SYN_6183,LOC_00094,2024-09-04T11:57:37+00:00,15000.0,SUCCESS,False,TXN_00053139
ATM_0004651,SYN1000001383,ATM_SYN_3330,LOC_00070,2024-08-04T09:48:08+00:00,3000.0,SUCCESS,False,TXN_00053140
ATM_0004652,SYN1000007519,ATM_SYN_9203,LOC_00468,2024-08-23T14:37:54+00:00,15000.0,SUCCESS,False,TXN_00053141
ATM_0004653,SYN1000003643,ATM_SYN_7909,LOC_00018,2024-08-11T11:17:56+00:00,15000.0,SUCCESS,False,TXN_00053142
ATM_0004654,SYN1000005287,ATM_SYN_9261,LOC_00163,2024-09-03T11:06:13+00:00,2000.0,SUCCESS,False,TXN_00053143
ATM_0004655,SYN1000009812,ATM_SYN_3114,LOC_00123,2024-08-02T07:04:43+00:00,20000.0,SUCCESS,False,TXN_00053144
ATM_0004656,SYN1000006855,ATM_SYN_9277,LOC_00459,2024-08-29T15:14:43+00:00,3000.0,SUCCESS,False,TXN_00053145
ATM_0004657,SYN1000006534,ATM_SYN_4325,LOC_00140,2024-09-05T20:19:36+00:00,5000.0,SUCCESS,False,TXN_00053146
ATM_0004658,SYN1000000520,ATM_SYN_5304,LOC_00096,2024-08-30T22:32:43+00:00,20000.0,SUCCESS,False,TXN_00053147
ATM_0004659,SYN1000004114,ATM_SYN_3288,LOC_00341,2024-08-11T20:44:26+00:00,20000.0,SUCCESS,False,TXN_00053148
ATM_0004660,SYN1000008529,ATM_SYN_8764,LOC_00388,2024-08-30T06:14:28+00:00,1000.0,SUCCESS,False,TXN_00053149
ATM_0004661,SYN1000001584,ATM_SYN_5149,LOC_00260,2024-08-10T15:47:09+00:00,20000.0,SUCCESS,False,TXN_00053150
ATM_0004662,SYN1000001881,ATM_SYN_8469,LOC_00389,2024-08-12T16:45:16+00:00,1000.0,SUCCESS,False,TXN_00053151
ATM_0004663,SYN1000005798,ATM_SYN_8543,LOC_00270,2024-08-24T13:30:55+00:00,2000.0,SUCCESS,False,TXN_00053152
ATM_0004664,SYN1000008930,ATM_SYN_1814,LOC_00235,2024-09-07T06:49:27+00:00,15000.0,SUCCESS,False,TXN_00053153
ATM_0004665,SYN1000009186,ATM_SYN_8916,LOC_00081,2024-08-08T20:27:35+00:00,2000.0,SUCCESS,False,TXN_00053154
ATM_0004666,SYN1000007005,ATM_SYN_7114,LOC_00273,2024-08-25T04:01:43+00:00,3000.0,SUCCESS,False,TXN_00053155
ATM_0004667,SYN1000005249,ATM_SYN_8330,LOC_00008,2024-09-10T00:27:26+00:00,3000.0,SUCCESS,False,TXN_00053156
ATM_0004668,SYN1000009808,ATM_SYN_5377,LOC_00158,2024-09-05T20:13:35+00:00,10000.0,SUCCESS,False,TXN_00053157
ATM_0004669,SYN1000008272,ATM_SYN_3107,LOC_00018,2024-09-06T16:37:56+00:00,15000.0,SUCCESS,False,TXN_00053158
ATM_0004670,SYN1000003304,ATM_SYN_6246,LOC_00350,2024-08-08T03:20:43+00:00,2000.0,SUCCESS,False,TXN_00053159
ATM_0004671,SYN1000002512,ATM_SYN_2398,LOC_00086,2024-08-20T07:07:51+00:00,1000.0,SUCCESS,False,TXN_00053160
ATM_0004672,SYN1000001977,ATM_SYN_2128,LOC_00207,2024-08-02T22:15:27+00:00,2000.0,SUCCESS,False,TXN_00053161
ATM_0004673,SYN1000008898,ATM_SYN_4723,LOC_00453,2024-08-07T14:36:14+00:00,2000.0,SUCCESS,False,TXN_00053162
ATM_0004674,SYN1000008464,ATM_SYN_7301,LOC_00318,2024-08-18T09:32:11+00:00,3000.0,SUCCESS,False,TXN_00053163
ATM_0004675,SYN1000001017,ATM_SYN_4729,LOC_00398,2024-08-17T06:23:10+00:00,20000.0,SUCCESS,False,TXN_00053164
ATM_0004676,SYN1000006055,ATM_SYN_1228,LOC_00484,2024-09-04T07:52:06+00:00,2000.0,SUCCESS,False,TXN_00053165
ATM_0004677,SYN1000005705,ATM_SYN_7324,LOC_00035,2024-09-08T19:44:15+00:00,5000.0,SUCCESS,False,TXN_00053166
ATM_0004678,SYN1000000525,ATM_SYN_7502,LOC_00063,2024-08-15T22:14:10+00:00,15000.0,SUCCESS,False,TXN_00053167
ATM_0004679,SYN1000001451,ATM_SYN_9184,LOC_00265,2024-08-03T15:11:21+00:00,1000.0,SUCCESS,False,TXN_00053168
ATM_0004680,SYN1000007644,ATM_SYN_5799,LOC_00131,2024-08-14T22:47:37+00:00,1000.0,SUCCESS,False,TXN_00053169
ATM_0004681,SYN1000008791,ATM_SYN_8564,LOC_00152,2024-08-25T17:26:02+00:00,1000.0,SUCCESS,False,TXN_00053170
ATM_0004682,SYN1000005063,ATM_SYN_4439,LOC_00179,2024-09-02T18:19:08+00:00,20000.0,SUCCESS,False,TXN_00053171
ATM_0004683,SYN1000001994,ATM_SYN_5732,LOC_00415,2024-08-26T11:20:51+00:00,5000.0,SUCCESS,False,TXN_00053172
ATM_0004684,SYN1000009134,ATM_SYN_6531,LOC_00091,2024-09-02T06:29:01+00:00,20000.0,SUCCESS,False,TXN_00053173
ATM_0004685,SYN1000005249,ATM_SYN_7119,LOC_00208,2024-08-16T01:33:34+00:00,20000.0,SUCCESS,False,TXN_00053174
ATM_0004686,SYN1000006931,ATM_SYN_3214,LOC_00033,2024-08-07T09:08:02+00:00,10000.0,SUCCESS,False,TXN_00053175
ATM_0004687,SYN1000002070,ATM_SYN_3051,LOC_00207,2024-08-15T01:03:25+00:00,1000.0,SUCCESS,False,TXN_00053176
ATM_0004688,SYN1000009702,ATM_SYN_9302,LOC_00428,2024-08-04T16:52:21+00:00,20000.0,SUCCESS,False,TXN_00053177
ATM_0004689,SYN1000003645,ATM_SYN_1434,LOC_00223,2024-08-21T12:14:11+00:00,10000.0,SUCCESS,False,TXN_00053178
ATM_0004690,SYN1000008034,ATM_SYN_5937,LOC_00323,2024-08-31T01:59:29+00:00,1000.0,SUCCESS,False,TXN_00053179
ATM_0004691,SYN1000004573,ATM_SYN_1000,LOC_00273,2024-09-01T08:52:15+00:00,5000.0,SUCCESS,False,TXN_00053180
ATM_0004692,SYN1000008426,ATM_SYN_9653,LOC_00108,2024-09-04T09:48:16+00:00,20000.0,SUCCESS,False,TXN_00053181
ATM_0004693,SYN1000007142,ATM_SYN_8367,LOC_00234,2024-08-25T11:08:59+00:00,2000.0,SUCCESS,False,TXN_00053182
ATM_0004694,SYN1000007634,ATM_SYN_3631,LOC_00312,2024-08-08T05:59:32+00:00,2000.0,SUCCESS,False,TXN_00053183
ATM_0004695,SYN1000006846,ATM_SYN_1439,LOC_00393,2024-08-09T19:35:04+00:00,1000.0,SUCCESS,False,TXN_00053184
ATM_0004696,SYN1000000010,ATM_SYN_3715,LOC_00146,2024-08-30T04:44:02+00:00,2000.0,SUCCESS,False,TXN_00053185
ATM_0004697,SYN1000005656,ATM_SYN_7895,LOC_00087,2024-08-31T19:25:30+00:00,5000.0,SUCCESS,False,TXN_00053186
ATM_0004698,SYN1000009104,ATM_SYN_8432,LOC_00129,2024-08-28T00:45:58+00:00,15000.0,SUCCESS,False,TXN_00053187
ATM_0004699,SYN1000006100,ATM_SYN_5135,LOC_00292,2024-08-12T19:47:05+00:00,20000.0,SUCCESS,False,TXN_00053188
ATM_0004700,SYN1000001881,ATM_SYN_3466,LOC_00442,2024-08-12T20:33:31+00:00,10000.0,SUCCESS,False,TXN_00053189
ATM_0004701,SYN1000002244,ATM_SYN_2844,LOC_00479,2024-08-26T04:59:42+00:00,15000.0,SUCCESS,False,TXN_00053190
ATM_0004702,SYN1000000624,ATM_SYN_3927,LOC_00285,2024-08-16T00:07:53+00:00,10000.0,SUCCESS,False,TXN_00053191
ATM_0004703,SYN1000002156,ATM_SYN_3717,LOC_00177,2024-08-08T19:15:56+00:00,15000.0,SUCCESS,False,TXN_00053192
ATM_0004704,SYN1000005685,ATM_SYN_2849,LOC_00070,2024-09-01T04:08:52+00:00,3000.0,SUCCESS,False,TXN_00053193
ATM_0004705,SYN1000008531,ATM_SYN_4114,LOC_00052,2024-08-18T21:31:10+00:00,1000.0,SUCCESS,False,TXN_00053194
ATM_0004706,SYN1000000428,ATM_SYN_4729,LOC_00043,2024-09-03T10:53:50+00:00,10000.0,SUCCESS,False,TXN_00053195
ATM_0004707,SYN1000004636,ATM_SYN_5824,LOC_00067,2024-08-30T17:26:48+00:00,2000.0,SUCCESS,False,TXN_00053196
ATM_0004708,SYN1000007866,ATM_SYN_1921,LOC_00387,2024-08-14T18:22:06+00:00,2000.0,SUCCESS,False,TXN_00053197
ATM_0004709,SYN1000001328,ATM_SYN_1065,LOC_00047,2024-08-02T02:07:08+00:00,1000.0,SUCCESS,False,TXN_00053198
ATM_0004710,SYN1000006479,ATM_SYN_6763,LOC_00404,2024-08-07T05:52:40+00:00,2000.0,SUCCESS,False,TXN_00053199
ATM_0004711,SYN1000002049,ATM_SYN_4501,LOC_00457,2024-08-22T09:12:30+00:00,20000.0,SUCCESS,False,TXN_00053200
ATM_0004712,SYN1000005143,ATM_SYN_6601,LOC_00090,2024-08-26T06:59:20+00:00,2000.0,SUCCESS,False,TXN_00053201
ATM_0004713,SYN1000002017,ATM_SYN_2962,LOC_00207,2024-08-11T19:14:52+00:00,2000.0,SUCCESS,False,TXN_00053202
ATM_0004714,SYN1000002266,ATM_SYN_8995,LOC_00054,2024-08-08T17:25:03+00:00,5000.0,SUCCESS,False,TXN_00053203
ATM_0004715,SYN1000005280,ATM_SYN_8068,LOC_00064,2024-08-04T00:04:42+00:00,15000.0,SUCCESS,False,TXN_00053204
ATM_0004716,SYN1000004235,ATM_SYN_9214,LOC_00011,2024-09-10T18:07:32+00:00,1000.0,SUCCESS,False,TXN_00053205
ATM_0004717,SYN1000006821,ATM_SYN_5612,LOC_00050,2024-08-10T16:14:25+00:00,15000.0,SUCCESS,False,TXN_00053206
ATM_0004718,SYN1000004397,ATM_SYN_2172,LOC_00422,2024-08-10T13:15:59+00:00,5000.0,SUCCESS,False,TXN_00053207
ATM_0004719,SYN1000004329,ATM_SYN_2217,LOC_00224,2024-08-26T01:54:49+00:00,10000.0,SUCCESS,False,TXN_00053208
ATM_0004720,SYN1000006660,ATM_SYN_8019,LOC_00375,2024-08-28T19:17:07+00:00,1000.0,SUCCESS,False,TXN_00053209
ATM_0004721,SYN1000007079,ATM_SYN_5406,LOC_00197,2024-08-27T03:38:14+00:00,3000.0,SUCCESS,False,TXN_00053210
ATM_0004722,SYN1000005680,ATM_SYN_6189,LOC_00431,2024-08-03T20:42:24+00:00,5000.0,SUCCESS,False,TXN_00053211
ATM_0004723,SYN1000006735,ATM_SYN_2979,LOC_00121,2024-08-09T21:47:14+00:00,20000.0,SUCCESS,False,TXN_00053212
ATM_0004724,SYN1000004001,ATM_SYN_4061,LOC_00173,2024-09-07T05:25:26+00:00,1000.0,SUCCESS,False,TXN_00053213
ATM_0004725,SYN1000005899,ATM_SYN_4528,LOC_00314,2024-09-04T19:45:45+00:00,2000.0,SUCCESS,False,TXN_00053214
ATM_0004726,SYN1000008410,ATM_SYN_4808,LOC_00414,2024-09-09T08:00:26+00:00,15000.0,SUCCESS,False,TXN_00053215
ATM_0004727,SYN1000008232,ATM_SYN_2220,LOC_00144,2024-08-11T22:13:00+00:00,2000.0,SUCCESS,False,TXN_00053216
ATM_0004728,SYN1000007123,ATM_SYN_3585,LOC_00228,2024-08-29T03:24:23+00:00,20000.0,SUCCESS,False,TXN_00053217
ATM_0004729,SYN1000006530,ATM_SYN_1269,LOC_00447,2024-08-14T05:39:47+00:00,1000.0,SUCCESS,False,TXN_00053218
ATM_0004730,SYN1000009388,ATM_SYN_7308,LOC_00138,2024-08-23T03:51:37+00:00,15000.0,SUCCESS,False,TXN_00053219
ATM_0004731,SYN1000003021,ATM_SYN_8993,LOC_00094,2024-08-20T04:46:49+00:00,3000.0,SUCCESS,False,TXN_00053220
ATM_0004732,SYN1000007705,ATM_SYN_2797,LOC_00266,2024-09-04T11:57:38+00:00,20000.0,SUCCESS,False,TXN_00053221
ATM_0004733,SYN1000003396,ATM_SYN_9898,LOC_00248,2024-08-28T17:52:35+00:00,1000.0,SUCCESS,False,TXN_00053222
ATM_0004734,SYN1000003864,ATM_SYN_5834,LOC_00395,2024-08-29T14:20:40+00:00,2000.0,SUCCESS,False,TXN_00053223
ATM_0004735,SYN1000002272,ATM_SYN_6248,LOC_00138,2024-09-01T08:26:10+00:00,20000.0,SUCCESS,False,TXN_00053224
ATM_0004736,SYN1000009581,ATM_SYN_7727,LOC_00230,2024-08-19T02:07:41+00:00,20000.0,SUCCESS,False,TXN_00053225
ATM_0004737,SYN1000004386,ATM_SYN_2978,LOC_00344,2024-08-29T20:56:36+00:00,20000.0,SUCCESS,False,TXN_00053226
ATM_0004738,SYN1000002025,ATM_SYN_3543,LOC_00331,2024-09-10T17:12:27+00:00,1000.0,SUCCESS,False,TXN_00053227
ATM_0004739,SYN1000006766,ATM_SYN_2271,LOC_00070,2024-08-24T07:46:49+00:00,20000.0,SUCCESS,False,TXN_00053228
ATM_0004740,SYN1000006588,ATM_SYN_4353,LOC_00413,2024-08-06T11:28:41+00:00,20000.0,SUCCESS,False,TXN_00053229
ATM_0004741,SYN1000007318,ATM_SYN_4636,LOC_00332,2024-08-19T05:35:21+00:00,1000.0,SUCCESS,False,TXN_00053230
ATM_0004742,SYN1000000708,ATM_SYN_1856,LOC_00203,2024-08-27T06:13:50+00:00,2000.0,SUCCESS,False,TXN_00053231
ATM_0004743,SYN1000000871,ATM_SYN_3582,LOC_00379,2024-08-23T00:45:14+00:00,10000.0,SUCCESS,False,TXN_00053232
ATM_0004744,SYN1000007277,ATM_SYN_4489,LOC_00473,2024-08-14T15:56:23+00:00,1000.0,SUCCESS,False,TXN_00053233
ATM_0004745,SYN1000004722,ATM_SYN_8749,LOC_00483,2024-08-19T01:23:42+00:00,5000.0,SUCCESS,False,TXN_00053234
ATM_0004746,SYN1000001002,ATM_SYN_6070,LOC_00279,2024-08-29T05:38:23+00:00,15000.0,SUCCESS,False,TXN_00053235
ATM_0004747,SYN1000007391,ATM_SYN_9210,LOC_00252,2024-08-26T08:14:45+00:00,2000.0,SUCCESS,False,TXN_00053236
ATM_0004748,SYN1000008697,ATM_SYN_7725,LOC_00461,2024-08-30T22:11:33+00:00,15000.0,SUCCESS,False,TXN_00053237
ATM_0004749,SYN1000006667,ATM_SYN_5650,LOC_00123,2024-08-27T17:34:58+00:00,10000.0,SUCCESS,False,TXN_00053238
ATM_0004750,SYN1000006423,ATM_SYN_7301,LOC_00141,2024-08-03T19:54:03+00:00,15000.0,SUCCESS,False,TXN_00053239
ATM_0004751,SYN1000000708,ATM_SYN_5938,LOC_00271,2024-08-06T23:32:16+00:00,1000.0,SUCCESS,False,TXN_00053240
ATM_0004752,SYN1000006725,ATM_SYN_9370,LOC_00376,2024-08-26T21:28:49+00:00,20000.0,SUCCESS,False,TXN_00053241
ATM_0004753,SYN1000009504,ATM_SYN_6369,LOC_00105,2024-08-07T09:09:21+00:00,1000.0,SUCCESS,False,TXN_00053242
ATM_0004754,SYN1000001127,ATM_SYN_9025,LOC_00118,2024-09-01T09:38:17+00:00,2000.0,SUCCESS,False,TXN_00053243
ATM_0004755,SYN1000004624,ATM_SYN_1705,LOC_00244,2024-09-04T10:05:19+00:00,10000.0,SUCCESS,False,TXN_00053244
ATM_0004756,SYN1000001336,ATM_SYN_5993,LOC_00172,2024-08-24T14:12:24+00:00,1000.0,SUCCESS,False,TXN_00053245
ATM_0004757,SYN1000003825,ATM_SYN_8303,LOC_00484,2024-08-06T00:43:15+00:00,1000.0,SUCCESS,False,TXN_00053246
ATM_0004758,SYN1000000340,ATM_SYN_7341,LOC_00354,2024-08-22T19:11:08+00:00,2000.0,SUCCESS,False,TXN_00053247
ATM_0004759,SYN1000005673,ATM_SYN_6192,LOC_00428,2024-09-07T10:57:05+00:00,20000.0,SUCCESS,False,TXN_00053248
ATM_0004760,SYN1000003140,ATM_SYN_7020,LOC_00279,2024-08-14T06:40:00+00:00,5000.0,SUCCESS,False,TXN_00053249
ATM_0004761,SYN1000000372,ATM_SYN_7040,LOC_00456,2024-08-04T19:59:35+00:00,10000.0,SUCCESS,False,TXN_00053250
ATM_0004762,SYN1000004037,ATM_SYN_1437,LOC_00276,2024-08-08T21:06:21+00:00,3000.0,SUCCESS,False,TXN_00053251
ATM_0004763,SYN1000004850,ATM_SYN_6201,LOC_00043,2024-08-30T05:36:20+00:00,15000.0,SUCCESS,False,TXN_00053252
ATM_0004764,SYN1000004311,ATM_SYN_6915,LOC_00032,2024-08-03T19:23:41+00:00,1000.0,SUCCESS,False,TXN_00053253
ATM_0004765,SYN1000009194,ATM_SYN_1445,LOC_00328,2024-09-06T01:36:50+00:00,3000.0,SUCCESS,False,TXN_00053254
ATM_0004766,SYN1000006738,ATM_SYN_2439,LOC_00243,2024-08-25T05:31:58+00:00,2000.0,SUCCESS,False,TXN_00053255
ATM_0004767,SYN1000000681,ATM_SYN_6797,LOC_00305,2024-08-24T05:17:38+00:00,2000.0,SUCCESS,False,TXN_00053256
ATM_0004768,SYN1000008472,ATM_SYN_8209,LOC_00143,2024-08-09T10:24:07+00:00,15000.0,SUCCESS,False,TXN_00053257
ATM_0004769,SYN1000006202,ATM_SYN_5812,LOC_00210,2024-08-06T11:44:37+00:00,2000.0,SUCCESS,False,TXN_00053258
ATM_0004770,SYN1000000003,ATM_SYN_5529,LOC_00439,2024-09-06T17:08:34+00:00,20000.0,SUCCESS,False,TXN_00053259
ATM_0004771,SYN1000006091,ATM_SYN_8146,LOC_00317,2024-08-11T21:59:39+00:00,20000.0,SUCCESS,False,TXN_00053260
ATM_0004772,SYN1000001741,ATM_SYN_9612,LOC_00412,2024-08-17T18:53:58+00:00,2000.0,SUCCESS,False,TXN_00053261
ATM_0004773,SYN1000003989,ATM_SYN_3611,LOC_00395,2024-08-07T13:35:51+00:00,2000.0,SUCCESS,False,TXN_00053262
ATM_0004774,SYN1000009328,ATM_SYN_3194,LOC_00269,2024-08-11T06:46:59+00:00,15000.0,SUCCESS,False,TXN_00053263
ATM_0004775,SYN1000007952,ATM_SYN_7770,LOC_00195,2024-08-27T11:55:40+00:00,20000.0,SUCCESS,False,TXN_00053264
ATM_0004776,SYN1000004150,ATM_SYN_6120,LOC_00211,2024-08-28T18:41:46+00:00,15000.0,SUCCESS,False,TXN_00053265
ATM_0004777,SYN1000002047,ATM_SYN_6189,LOC_00240,2024-08-10T10:33:15+00:00,5000.0,SUCCESS,False,TXN_00053266
ATM_0004778,SYN1000000735,ATM_SYN_4270,LOC_00274,2024-08-23T07:19:31+00:00,5000.0,SUCCESS,False,TXN_00053267
ATM_0004779,SYN1000003667,ATM_SYN_5591,LOC_00327,2024-08-05T19:00:22+00:00,3000.0,SUCCESS,False,TXN_00053268
ATM_0004780,SYN1000001534,ATM_SYN_3371,LOC_00296,2024-09-09T08:15:36+00:00,2000.0,SUCCESS,False,TXN_00053269
ATM_0004781,SYN1000008826,ATM_SYN_1500,LOC_00135,2024-08-05T02:00:31+00:00,15000.0,SUCCESS,False,TXN_00053270
ATM_0004782,SYN1000000439,ATM_SYN_1069,LOC_00395,2024-08-02T04:08:08+00:00,2000.0,SUCCESS,False,TXN_00053271
ATM_0004783,SYN1000004732,ATM_SYN_4953,LOC_00140,2024-09-02T18:45:56+00:00,10000.0,SUCCESS,False,TXN_00053272
ATM_0004784,SYN1000005801,ATM_SYN_2963,LOC_00304,2024-09-03T07:52:57+00:00,5000.0,SUCCESS,False,TXN_00053273
ATM_0004785,SYN1000005114,ATM_SYN_6146,LOC_00250,2024-08-26T03:41:05+00:00,3000.0,SUCCESS,False,TXN_00053274
ATM_0004786,SYN1000006633,ATM_SYN_5881,LOC_00048,2024-09-10T08:35:25+00:00,2000.0,SUCCESS,False,TXN_00053275
ATM_0004787,SYN1000005573,ATM_SYN_6118,LOC_00486,2024-08-16T02:40:14+00:00,2000.0,SUCCESS,False,TXN_00053276
ATM_0004788,SYN1000004142,ATM_SYN_8074,LOC_00424,2024-08-10T07:40:28+00:00,5000.0,SUCCESS,False,TXN_00053277
ATM_0004789,SYN1000005553,ATM_SYN_4876,LOC_00108,2024-08-13T12:15:18+00:00,2000.0,SUCCESS,False,TXN_00053278
ATM_0004790,SYN1000001736,ATM_SYN_3320,LOC_00341,2024-08-19T04:14:00+00:00,3000.0,SUCCESS,False,TXN_00053279
ATM_0004791,SYN1000009514,ATM_SYN_8695,LOC_00245,2024-08-06T15:35:00+00:00,20000.0,SUCCESS,False,TXN_00053280
ATM_0004792,SYN1000005389,ATM_SYN_9802,LOC_00447,2024-08-15T06:37:11+00:00,3000.0,SUCCESS,False,TXN_00053281
ATM_0004793,SYN1000000566,ATM_SYN_7248,LOC_00452,2024-08-30T17:10:42+00:00,2000.0,SUCCESS,False,TXN_00053282
ATM_0004794,SYN1000001573,ATM_SYN_3433,LOC_00234,2024-08-28T10:59:53+00:00,2000.0,SUCCESS,False,TXN_00053283
ATM_0004795,SYN1000009400,ATM_SYN_2009,LOC_00344,2024-08-10T15:19:50+00:00,2000.0,SUCCESS,False,TXN_00053284
ATM_0004796,SYN1000003742,ATM_SYN_2076,LOC_00039,2024-08-28T11:26:23+00:00,2000.0,SUCCESS,False,TXN_00053285
ATM_0004797,SYN1000007708,ATM_SYN_3220,LOC_00419,2024-08-07T04:39:33+00:00,2000.0,SUCCESS,False,TXN_00053286
ATM_0004798,SYN1000006146,ATM_SYN_7407,LOC_00230,2024-08-23T08:34:50+00:00,10000.0,SUCCESS,False,TXN_00053287
ATM_0004799,SYN1000007730,ATM_SYN_8769,LOC_00373,2024-09-07T03:13:31+00:00,1000.0,SUCCESS,False,TXN_00053288
ATM_0004800,SYN1000003404,ATM_SYN_6638,LOC_00482,2024-08-24T20:54:15+00:00,2000.0,SUCCESS,False,TXN_00053289
ATM_0004801,SYN1000005629,ATM_SYN_7076,LOC_00096,2024-08-10T05:16:03+00:00,1000.0,SUCCESS,False,TXN_00053290
ATM_0004802,SYN1000000341,ATM_SYN_2090,LOC_00264,2024-08-19T16:35:32+00:00,2000.0,SUCCESS,False,TXN_00053291
ATM_0004803,SYN1000001207,ATM_SYN_9988,LOC_00106,2024-08-25T21:50:08+00:00,3000.0,SUCCESS,False,TXN_00053292
ATM_0004804,SYN1000004140,ATM_SYN_9321,LOC_00274,2024-08-04T07:48:48+00:00,3000.0,SUCCESS,False,TXN_00053293
ATM_0004805,SYN1000001773,ATM_SYN_4926,LOC_00379,2024-08-14T20:34:27+00:00,15000.0,SUCCESS,False,TXN_00053294
ATM_0004806,SYN1000005558,ATM_SYN_1615,LOC_00476,2024-09-05T21:33:27+00:00,1000.0,SUCCESS,False,TXN_00053295
ATM_0004807,SYN1000006313,ATM_SYN_9959,LOC_00037,2024-08-16T17:22:03+00:00,10000.0,SUCCESS,False,TXN_00053296
ATM_0004808,SYN1000001246,ATM_SYN_5387,LOC_00218,2024-08-22T03:25:55+00:00,1000.0,SUCCESS,False,TXN_00053297
ATM_0004809,SYN1000001157,ATM_SYN_6099,LOC_00325,2024-08-05T22:45:30+00:00,1000.0,SUCCESS,False,TXN_00053298
ATM_0004810,SYN1000003160,ATM_SYN_3198,LOC_00280,2024-08-31T13:08:20+00:00,1000.0,SUCCESS,False,TXN_00053299
ATM_0004811,SYN1000000759,ATM_SYN_1704,LOC_00228,2024-08-31T12:55:22+00:00,5000.0,SUCCESS,False,TXN_00053300
ATM_0004812,SYN1000004769,ATM_SYN_1487,LOC_00346,2024-08-05T22:27:57+00:00,20000.0,SUCCESS,False,TXN_00053301
ATM_0004813,SYN1000003118,ATM_SYN_1490,LOC_00034,2024-08-19T18:08:35+00:00,20000.0,SUCCESS,False,TXN_00053302
ATM_0004814,SYN1000009324,ATM_SYN_2273,LOC_00030,2024-08-17T02:13:30+00:00,3000.0,SUCCESS,False,TXN_00053303
ATM_0004815,SYN1000006232,ATM_SYN_4710,LOC_00438,2024-09-03T05:52:14+00:00,2000.0,SUCCESS,False,TXN_00053304
ATM_0004816,SYN1000006711,ATM_SYN_7719,LOC_00266,2024-08-05T02:54:19+00:00,15000.0,SUCCESS,False,TXN_00053305
ATM_0004817,SYN1000004133,ATM_SYN_2501,LOC_00200,2024-08-05T11:17:28+00:00,1000.0,SUCCESS,False,TXN_00053306
ATM_0004818,SYN1000005209,ATM_SYN_6612,LOC_00369,2024-09-09T06:09:28+00:00,10000.0,SUCCESS,False,TXN_00053307
ATM_0004819,SYN1000004701,ATM_SYN_9260,LOC_00188,2024-08-26T23:40:43+00:00,5000.0,SUCCESS,False,TXN_00053308
ATM_0004820,SYN1000000375,ATM_SYN_1031,LOC_00192,2024-08-19T13:06:11+00:00,3000.0,SUCCESS,False,TXN_00053309
ATM_0004821,SYN1000006436,ATM_SYN_5323,LOC_00359,2024-08-14T07:57:33+00:00,2000.0,SUCCESS,False,TXN_00053310
ATM_0004822,SYN1000006119,ATM_SYN_8691,LOC_00377,2024-08-10T19:35:58+00:00,1000.0,SUCCESS,False,TXN_00053311
ATM_0004823,SYN1000006559,ATM_SYN_2666,LOC_00396,2024-09-09T16:49:44+00:00,10000.0,SUCCESS,False,TXN_00053312
ATM_0004824,SYN1000005295,ATM_SYN_3385,LOC_00198,2024-09-06T10:49:37+00:00,1000.0,SUCCESS,False,TXN_00053313
ATM_0004825,SYN1000001830,ATM_SYN_1537,LOC_00139,2024-08-03T08:10:03+00:00,5000.0,SUCCESS,False,TXN_00053314
ATM_0004826,SYN1000006296,ATM_SYN_4808,LOC_00113,2024-08-14T04:43:53+00:00,20000.0,SUCCESS,False,TXN_00053315
ATM_0004827,SYN1000000544,ATM_SYN_3310,LOC_00437,2024-08-15T13:29:19+00:00,20000.0,SUCCESS,False,TXN_00053316
ATM_0004828,SYN1000002804,ATM_SYN_7873,LOC_00496,2024-08-29T23:13:07+00:00,15000.0,SUCCESS,False,TXN_00053317
ATM_0004829,SYN1000002109,ATM_SYN_9524,LOC_00016,2024-08-21T08:22:59+00:00,2000.0,SUCCESS,False,TXN_00053318
ATM_0004830,SYN1000007888,ATM_SYN_8887,LOC_00433,2024-08-19T01:24:57+00:00,5000.0,SUCCESS,False,TXN_00053319
ATM_0004831,SYN1000005169,ATM_SYN_8581,LOC_00217,2024-08-03T21:10:28+00:00,10000.0,SUCCESS,False,TXN_00053320
ATM_0004832,SYN1000003492,ATM_SYN_5722,LOC_00107,2024-08-03T02:16:39+00:00,20000.0,SUCCESS,False,TXN_00053321
ATM_0004833,SYN1000003396,ATM_SYN_6303,LOC_00482,2024-08-22T11:01:44+00:00,1000.0,SUCCESS,False,TXN_00053322
ATM_0004834,SYN1000006812,ATM_SYN_8753,LOC_00168,2024-08-31T23:02:42+00:00,1000.0,SUCCESS,False,TXN_00053323
ATM_0004835,SYN1000007365,ATM_SYN_8436,LOC_00132,2024-09-10T16:43:52+00:00,10000.0,SUCCESS,False,TXN_00053324
ATM_0004836,SYN1000004391,ATM_SYN_9442,LOC_00454,2024-09-07T03:21:31+00:00,20000.0,SUCCESS,False,TXN_00053325
ATM_0004837,SYN1000001505,ATM_SYN_6897,LOC_00450,2024-09-07T02:02:40+00:00,15000.0,SUCCESS,False,TXN_00053326
ATM_0004838,SYN1000007797,ATM_SYN_5808,LOC_00248,2024-08-07T20:53:47+00:00,10000.0,SUCCESS,False,TXN_00053327
ATM_0004839,SYN1000004034,ATM_SYN_4684,LOC_00342,2024-08-02T12:37:49+00:00,20000.0,SUCCESS,False,TXN_00053328
ATM_0004840,SYN1000006185,ATM_SYN_3376,LOC_00162,2024-09-03T18:37:16+00:00,10000.0,SUCCESS,False,TXN_00053329
ATM_0004841,SYN1000009940,ATM_SYN_2645,LOC_00147,2024-09-09T08:55:34+00:00,20000.0,SUCCESS,False,TXN_00053330
ATM_0004842,SYN1000007875,ATM_SYN_4860,LOC_00229,2024-09-09T23:50:00+00:00,5000.0,SUCCESS,False,TXN_00053331
ATM_0004843,SYN1000006005,ATM_SYN_1574,LOC_00167,2024-08-20T08:26:43+00:00,10000.0,SUCCESS,False,TXN_00053332
ATM_0004844,SYN1000005863,ATM_SYN_9327,LOC_00323,2024-08-04T20:44:42+00:00,10000.0,SUCCESS,False,TXN_00053333
ATM_0004845,SYN1000004211,ATM_SYN_2600,LOC_00359,2024-08-08T23:37:49+00:00,20000.0,SUCCESS,False,TXN_00053334
ATM_0004846,SYN1000003888,ATM_SYN_1229,LOC_00106,2024-09-01T00:08:18+00:00,15000.0,SUCCESS,False,TXN_00053335
ATM_0004847,SYN1000008258,ATM_SYN_2091,LOC_00320,2024-09-08T20:46:10+00:00,2000.0,SUCCESS,False,TXN_00053336
ATM_0004848,SYN1000007586,ATM_SYN_7405,LOC_00480,2024-09-09T01:49:22+00:00,2000.0,SUCCESS,False,TXN_00053337
ATM_0004849,SYN1000003777,ATM_SYN_2021,LOC_00067,2024-09-04T04:51:29+00:00,3000.0,SUCCESS,False,TXN_00053338
ATM_0004850,SYN1000007734,ATM_SYN_6686,LOC_00369,2024-08-11T01:11:19+00:00,15000.0,SUCCESS,False,TXN_00053339
ATM_0004851,SYN1000000256,ATM_SYN_4214,LOC_00428,2024-08-16T08:08:12+00:00,10000.0,SUCCESS,False,TXN_00053340
ATM_0004852,SYN1000003754,ATM_SYN_4291,LOC_00132,2024-08-24T11:41:52+00:00,15000.0,SUCCESS,False,TXN_00053341
ATM_0004853,SYN1000004814,ATM_SYN_1072,LOC_00430,2024-08-27T16:03:17+00:00,2000.0,SUCCESS,False,TXN_00053342
ATM_0004854,SYN1000008992,ATM_SYN_2589,LOC_00429,2024-08-21T12:14:37+00:00,5000.0,SUCCESS,False,TXN_00053343
ATM_0004855,SYN1000009294,ATM_SYN_4344,LOC_00469,2024-08-28T03:53:02+00:00,10000.0,SUCCESS,False,TXN_00053344
ATM_0004856,SYN1000000079,ATM_SYN_4619,LOC_00449,2024-08-27T14:05:43+00:00,2000.0,SUCCESS,False,TXN_00053345
ATM_0004857,SYN1000002526,ATM_SYN_7227,LOC_00194,2024-08-27T10:00:14+00:00,5000.0,SUCCESS,False,TXN_00053346
ATM_0004858,SYN1000009497,ATM_SYN_3608,LOC_00130,2024-08-26T12:47:32+00:00,3000.0,SUCCESS,False,TXN_00053347
ATM_0004859,SYN1000004339,ATM_SYN_4547,LOC_00362,2024-08-16T02:32:15+00:00,15000.0,SUCCESS,False,TXN_00053348
ATM_0004860,SYN1000003796,ATM_SYN_3555,LOC_00409,2024-09-10T03:04:04+00:00,3000.0,SUCCESS,False,TXN_00053349
ATM_0004861,SYN1000003559,ATM_SYN_6470,LOC_00094,2024-08-25T21:29:17+00:00,3000.0,SUCCESS,False,TXN_00053350
ATM_0004862,SYN1000005689,ATM_SYN_7788,LOC_00401,2024-08-27T12:08:53+00:00,20000.0,SUCCESS,False,TXN_00053351
ATM_0004863,SYN1000007295,ATM_SYN_3925,LOC_00151,2024-08-25T03:43:05+00:00,15000.0,SUCCESS,False,TXN_00053352
ATM_0004864,SYN1000006784,ATM_SYN_8991,LOC_00200,2024-08-31T22:59:30+00:00,20000.0,SUCCESS,False,TXN_00053353
ATM_0004865,SYN1000003461,ATM_SYN_4451,LOC_00086,2024-08-04T02:45:02+00:00,20000.0,SUCCESS,False,TXN_00053354
ATM_0004866,SYN1000001897,ATM_SYN_4322,LOC_00207,2024-08-05T11:57:24+00:00,20000.0,SUCCESS,False,TXN_00053355
ATM_0004867,SYN1000006821,ATM_SYN_7965,LOC_00458,2024-08-27T14:12:09+00:00,2000.0,SUCCESS,False,TXN_00053356
ATM_0004868,SYN1000002409,ATM_SYN_5337,LOC_00473,2024-08-06T16:55:19+00:00,1000.0,SUCCESS,False,TXN_00053357
ATM_0004869,SYN1000007205,ATM_SYN_5637,LOC_00194,2024-08-06T23:02:52+00:00,10000.0,SUCCESS,False,TXN_00053358
ATM_0004870,SYN1000003728,ATM_SYN_4662,LOC_00492,2024-08-02T23:24:38+00:00,3000.0,SUCCESS,False,TXN_00053359
ATM_0004871,SYN1000002394,ATM_SYN_8450,LOC_00373,2024-08-18T06:25:27+00:00,2000.0,SUCCESS,False,TXN_00053360
ATM_0004872,SYN1000001430,ATM_SYN_8831,LOC_00373,2024-08-02T12:30:14+00:00,10000.0,SUCCESS,False,TXN_00053361
ATM_0004873,SYN1000003134,ATM_SYN_4757,LOC_00366,2024-08-14T11:18:58+00:00,3000.0,SUCCESS,False,TXN_00053362
ATM_0004874,SYN1000003492,ATM_SYN_7088,LOC_00441,2024-08-19T01:49:46+00:00,3000.0,SUCCESS,False,TXN_00053363
ATM_0004875,SYN1000009376,ATM_SYN_4390,LOC_00109,2024-08-13T20:21:21+00:00,15000.0,SUCCESS,False,TXN_00053364
ATM_0004876,SYN1000001822,ATM_SYN_5000,LOC_00267,2024-08-24T01:18:21+00:00,3000.0,SUCCESS,False,TXN_00053365
ATM_0004877,SYN1000000134,ATM_SYN_7290,LOC_00143,2024-08-16T13:42:55+00:00,3000.0,SUCCESS,False,TXN_00053366
ATM_0004878,SYN1000001661,ATM_SYN_8497,LOC_00020,2024-08-07T11:28:22+00:00,1000.0,SUCCESS,False,TXN_00053367
ATM_0004879,SYN1000003722,ATM_SYN_5539,LOC_00424,2024-09-07T02:40:46+00:00,5000.0,SUCCESS,False,TXN_00053368
ATM_0004880,SYN1000006013,ATM_SYN_1531,LOC_00414,2024-09-01T10:27:39+00:00,20000.0,SUCCESS,False,TXN_00053369
ATM_0004881,SYN1000000662,ATM_SYN_7023,LOC_00312,2024-08-14T19:56:14+00:00,10000.0,SUCCESS,False,TXN_00053370
ATM_0004882,SYN1000005350,ATM_SYN_7251,LOC_00399,2024-08-12T15:32:03+00:00,5000.0,SUCCESS,False,TXN_00053371
ATM_0004883,SYN1000007437,ATM_SYN_5180,LOC_00436,2024-08-16T16:44:58+00:00,5000.0,SUCCESS,False,TXN_00053372
ATM_0004884,SYN1000000181,ATM_SYN_4193,LOC_00139,2024-08-08T19:40:14+00:00,15000.0,SUCCESS,False,TXN_00053373
ATM_0004885,SYN1000006270,ATM_SYN_5999,LOC_00341,2024-08-28T10:49:30+00:00,15000.0,SUCCESS,False,TXN_00053374
ATM_0004886,SYN1000000616,ATM_SYN_2031,LOC_00159,2024-08-26T06:20:53+00:00,20000.0,SUCCESS,False,TXN_00053375
ATM_0004887,SYN1000009406,ATM_SYN_6557,LOC_00407,2024-09-06T18:39:42+00:00,15000.0,SUCCESS,False,TXN_00053376
ATM_0004888,SYN1000000133,ATM_SYN_1402,LOC_00138,2024-08-07T07:17:35+00:00,1000.0,SUCCESS,False,TXN_00053377
ATM_0004889,SYN1000006601,ATM_SYN_4078,LOC_00019,2024-08-02T09:12:19+00:00,2000.0,SUCCESS,False,TXN_00053378
ATM_0004890,SYN1000009128,ATM_SYN_8970,LOC_00478,2024-08-08T13:40:42+00:00,5000.0,SUCCESS,False,TXN_00053379
ATM_0004891,SYN1000003238,ATM_SYN_6420,LOC_00461,2024-09-06T03:41:08+00:00,10000.0,SUCCESS,False,TXN_00053380
ATM_0004892,SYN1000001592,ATM_SYN_9390,LOC_00224,2024-09-03T12:51:30+00:00,10000.0,SUCCESS,False,TXN_00053381
ATM_0004893,SYN1000004506,ATM_SYN_5134,LOC_00034,2024-08-04T21:50:12+00:00,20000.0,SUCCESS,False,TXN_00053382
ATM_0004894,SYN1000003651,ATM_SYN_2564,LOC_00054,2024-08-07T10:07:49+00:00,1000.0,SUCCESS,False,TXN_00053383
ATM_0004895,SYN1000006073,ATM_SYN_6334,LOC_00231,2024-08-11T10:17:42+00:00,1000.0,SUCCESS,False,TXN_00053384
ATM_0004896,SYN1000004793,ATM_SYN_2265,LOC_00318,2024-09-09T10:35:45+00:00,1000.0,SUCCESS,False,TXN_00053385
ATM_0004897,SYN1000001544,ATM_SYN_6986,LOC_00429,2024-08-13T11:47:11+00:00,1000.0,SUCCESS,False,TXN_00053386
ATM_0004898,SYN1000007132,ATM_SYN_8496,LOC_00058,2024-09-04T01:20:48+00:00,1000.0,SUCCESS,False,TXN_00053387
ATM_0004899,SYN1000004369,ATM_SYN_6676,LOC_00106,2024-08-08T18:32:54+00:00,3000.0,SUCCESS,False,TXN_00053388
ATM_0004900,SYN1000009000,ATM_SYN_7121,LOC_00061,2024-08-13T11:21:58+00:00,3000.0,SUCCESS,False,TXN_00053389
ATM_0004901,SYN1000009101,ATM_SYN_1571,LOC_00359,2024-08-24T02:37:00+00:00,15000.0,SUCCESS,False,TXN_00053390
ATM_0004902,SYN1000005932,ATM_SYN_9922,LOC_00307,2024-08-31T00:37:14+00:00,3000.0,SUCCESS,False,TXN_00053391
ATM_0004903,SYN1000004137,ATM_SYN_6807,LOC_00490,2024-08-09T05:37:23+00:00,3000.0,SUCCESS,False,TXN_00053392
ATM_0004904,SYN1000001278,ATM_SYN_2011,LOC_00182,2024-08-31T10:59:04+00:00,3000.0,SUCCESS,False,TXN_00053393
ATM_0004905,SYN1000005304,ATM_SYN_6117,LOC_00414,2024-09-08T19:15:07+00:00,20000.0,SUCCESS,False,TXN_00053394
ATM_0004906,SYN1000002582,ATM_SYN_3798,LOC_00417,2024-08-13T20:54:28+00:00,15000.0,SUCCESS,False,TXN_00053395
ATM_0004907,SYN1000009748,ATM_SYN_7423,LOC_00370,2024-08-09T12:04:28+00:00,15000.0,SUCCESS,False,TXN_00053396
ATM_0004908,SYN1000000057,ATM_SYN_6930,LOC_00484,2024-08-16T23:10:15+00:00,10000.0,SUCCESS,False,TXN_00053397
ATM_0004909,SYN1000007616,ATM_SYN_3573,LOC_00453,2024-08-21T07:14:32+00:00,20000.0,SUCCESS,False,TXN_00053398
ATM_0004910,SYN1000000825,ATM_SYN_1379,LOC_00063,2024-08-12T22:15:46+00:00,10000.0,SUCCESS,False,TXN_00053399
ATM_0004911,SYN1000001965,ATM_SYN_5437,LOC_00040,2024-08-22T03:29:56+00:00,1000.0,SUCCESS,False,TXN_00053400
ATM_0004912,SYN1000009419,ATM_SYN_6964,LOC_00483,2024-09-03T06:49:59+00:00,20000.0,SUCCESS,False,TXN_00053401
ATM_0004913,SYN1000008039,ATM_SYN_9697,LOC_00198,2024-09-01T12:41:35+00:00,10000.0,SUCCESS,False,TXN_00053402
ATM_0004914,SYN1000001982,ATM_SYN_7002,LOC_00244,2024-08-25T03:25:57+00:00,1000.0,SUCCESS,False,TXN_00053403
ATM_0004915,SYN1000007834,ATM_SYN_9540,LOC_00453,2024-09-09T19:17:38+00:00,10000.0,SUCCESS,False,TXN_00053404
ATM_0004916,SYN1000000728,ATM_SYN_9771,LOC_00085,2024-08-18T19:26:44+00:00,1000.0,SUCCESS,False,TXN_00053405
ATM_0004917,SYN1000001260,ATM_SYN_1136,LOC_00220,2024-09-03T19:57:18+00:00,15000.0,SUCCESS,False,TXN_00053406
ATM_0004918,SYN1000001822,ATM_SYN_4782,LOC_00325,2024-08-21T19:17:56+00:00,15000.0,SUCCESS,False,TXN_00053407
ATM_0004919,SYN1000006270,ATM_SYN_4397,LOC_00222,2024-08-08T20:54:49+00:00,1000.0,SUCCESS,False,TXN_00053408
ATM_0004920,SYN1000006006,ATM_SYN_2531,LOC_00165,2024-08-30T16:06:55+00:00,2000.0,SUCCESS,False,TXN_00053409
ATM_0004921,SYN1000007681,ATM_SYN_9011,LOC_00269,2024-08-22T19:48:54+00:00,3000.0,SUCCESS,False,TXN_00053410
ATM_0004922,SYN1000005106,ATM_SYN_2356,LOC_00022,2024-09-08T16:23:33+00:00,2000.0,SUCCESS,False,TXN_00053411
ATM_0004923,SYN1000006384,ATM_SYN_8077,LOC_00365,2024-08-20T19:41:20+00:00,2000.0,SUCCESS,False,TXN_00053412
ATM_0004924,SYN1000002961,ATM_SYN_3393,LOC_00052,2024-09-06T12:14:11+00:00,10000.0,SUCCESS,False,TXN_00053413
ATM_0004925,SYN1000006354,ATM_SYN_1926,LOC_00118,2024-08-19T00:39:19+00:00,15000.0,SUCCESS,False,TXN_00053414
ATM_0004926,SYN1000007018,ATM_SYN_2115,LOC_00490,2024-08-27T17:02:49+00:00,15000.0,SUCCESS,False,TXN_00053415
ATM_0004927,SYN1000006874,ATM_SYN_5341,LOC_00468,2024-09-01T23:25:06+00:00,2000.0,SUCCESS,False,TXN_00053416
ATM_0004928,SYN1000008743,ATM_SYN_9749,LOC_00113,2024-09-01T19:00:56+00:00,15000.0,SUCCESS,False,TXN_00053417
ATM_0004929,SYN1000006309,ATM_SYN_5954,LOC_00114,2024-08-22T13:02:21+00:00,20000.0,SUCCESS,False,TXN_00053418
ATM_0004930,SYN1000000297,ATM_SYN_8433,LOC_00082,2024-08-26T02:51:52+00:00,10000.0,SUCCESS,False,TXN_00053419
ATM_0004931,SYN1000009530,ATM_SYN_9247,LOC_00350,2024-08-02T06:31:53+00:00,15000.0,SUCCESS,False,TXN_00053420
ATM_0004932,SYN1000009993,ATM_SYN_4755,LOC_00097,2024-08-16T19:40:46+00:00,3000.0,SUCCESS,False,TXN_00053421
ATM_0004933,SYN1000006882,ATM_SYN_7093,LOC_00324,2024-08-28T05:45:54+00:00,1000.0,SUCCESS,False,TXN_00053422
ATM_0004934,SYN1000004578,ATM_SYN_3885,LOC_00358,2024-08-06T19:24:04+00:00,20000.0,SUCCESS,False,TXN_00053423
ATM_0004935,SYN1000001188,ATM_SYN_3518,LOC_00317,2024-09-09T00:14:13+00:00,1000.0,SUCCESS,False,TXN_00053424
ATM_0004936,SYN1000004015,ATM_SYN_4791,LOC_00120,2024-08-07T23:23:09+00:00,2000.0,SUCCESS,False,TXN_00053425
ATM_0004937,SYN1000006369,ATM_SYN_1938,LOC_00125,2024-08-22T09:56:45+00:00,3000.0,SUCCESS,False,TXN_00053426
ATM_0004938,SYN1000009626,ATM_SYN_2503,LOC_00045,2024-08-08T00:02:11+00:00,1000.0,SUCCESS,False,TXN_00053427
ATM_0004939,SYN1000003560,ATM_SYN_1213,LOC_00381,2024-09-06T19:19:07+00:00,2000.0,SUCCESS,False,TXN_00053428
ATM_0004940,SYN1000008815,ATM_SYN_3668,LOC_00492,2024-08-08T06:35:01+00:00,1000.0,SUCCESS,False,TXN_00053429
ATM_0004941,SYN1000000962,ATM_SYN_3049,LOC_00500,2024-08-04T16:03:48+00:00,15000.0,SUCCESS,False,TXN_00053430
ATM_0004942,SYN1000001033,ATM_SYN_2395,LOC_00459,2024-08-25T01:04:54+00:00,10000.0,SUCCESS,False,TXN_00053431
ATM_0004943,SYN1000006453,ATM_SYN_2225,LOC_00498,2024-09-05T12:03:43+00:00,2000.0,SUCCESS,False,TXN_00053432
ATM_0004944,SYN1000004584,ATM_SYN_6118,LOC_00403,2024-08-08T19:51:38+00:00,1000.0,SUCCESS,False,TXN_00053433
ATM_0004945,SYN1000008198,ATM_SYN_4876,LOC_00067,2024-09-07T20:35:51+00:00,1000.0,SUCCESS,False,TXN_00053434
ATM_0004946,SYN1000007092,ATM_SYN_3811,LOC_00387,2024-09-02T16:42:51+00:00,20000.0,SUCCESS,False,TXN_00053435
ATM_0004947,SYN1000007400,ATM_SYN_3637,LOC_00069,2024-08-03T05:24:41+00:00,5000.0,SUCCESS,False,TXN_00053436
ATM_0004948,SYN1000005546,ATM_SYN_1872,LOC_00420,2024-08-11T21:12:49+00:00,15000.0,SUCCESS,False,TXN_00053437
ATM_0004949,SYN1000007978,ATM_SYN_8396,LOC_00062,2024-08-12T02:30:51+00:00,5000.0,SUCCESS,False,TXN_00053438
ATM_0004950,SYN1000003797,ATM_SYN_5064,LOC_00065,2024-08-20T03:35:12+00:00,1000.0,SUCCESS,False,TXN_00053439
ATM_0004951,SYN1000003757,ATM_SYN_1121,LOC_00390,2024-08-13T15:41:05+00:00,3000.0,SUCCESS,False,TXN_00053440
ATM_0004952,SYN1000002933,ATM_SYN_4958,LOC_00428,2024-09-08T00:04:34+00:00,1000.0,SUCCESS,False,TXN_00053441
ATM_0004953,SYN1000004502,ATM_SYN_6090,LOC_00295,2024-09-01T01:13:23+00:00,20000.0,SUCCESS,False,TXN_00053442
ATM_0004954,SYN1000005662,ATM_SYN_4667,LOC_00454,2024-08-04T10:44:05+00:00,1000.0,SUCCESS,False,TXN_00053443
ATM_0004955,SYN1000000827,ATM_SYN_3886,LOC_00075,2024-08-14T04:01:57+00:00,15000.0,SUCCESS,False,TXN_00053444
ATM_0004956,SYN1000002424,ATM_SYN_2460,LOC_00487,2024-08-10T13:53:42+00:00,1000.0,SUCCESS,False,TXN_00053445
ATM_0004957,SYN1000007405,ATM_SYN_9292,LOC_00387,2024-08-03T14:03:03+00:00,10000.0,SUCCESS,False,TXN_00053446
ATM_0004958,SYN1000001313,ATM_SYN_9249,LOC_00393,2024-08-18T16:19:07+00:00,10000.0,SUCCESS,False,TXN_00053447
ATM_0004959,SYN1000004009,ATM_SYN_8643,LOC_00460,2024-08-16T03:29:31+00:00,20000.0,SUCCESS,False,TXN_00053448
ATM_0004960,SYN1000008743,ATM_SYN_7967,LOC_00267,2024-09-02T07:40:38+00:00,10000.0,SUCCESS,False,TXN_00053449
ATM_0004961,SYN1000009504,ATM_SYN_6024,LOC_00116,2024-09-10T21:21:05+00:00,1000.0,SUCCESS,False,TXN_00053450
ATM_0004962,SYN1000001352,ATM_SYN_9078,LOC_00188,2024-08-13T00:59:46+00:00,5000.0,SUCCESS,False,TXN_00053451
ATM_0004963,SYN1000005914,ATM_SYN_3041,LOC_00014,2024-08-31T06:20:53+00:00,15000.0,SUCCESS,False,TXN_00053452
ATM_0004964,SYN1000000933,ATM_SYN_9757,LOC_00495,2024-08-13T01:54:43+00:00,2000.0,SUCCESS,False,TXN_00053453
ATM_0004965,SYN1000006504,ATM_SYN_7591,LOC_00367,2024-08-11T01:21:51+00:00,5000.0,SUCCESS,False,TXN_00053454
ATM_0004966,SYN1000002525,ATM_SYN_4386,LOC_00243,2024-09-06T11:56:57+00:00,1000.0,SUCCESS,False,TXN_00053455
ATM_0004967,SYN1000005422,ATM_SYN_6265,LOC_00232,2024-08-25T18:43:40+00:00,15000.0,SUCCESS,False,TXN_00053456
ATM_0004968,SYN1000005662,ATM_SYN_6331,LOC_00281,2024-09-06T11:32:23+00:00,20000.0,SUCCESS,False,TXN_00053457
ATM_0004969,SYN1000000860,ATM_SYN_4977,LOC_00126,2024-08-06T05:04:39+00:00,1000.0,SUCCESS,False,TXN_00053458
ATM_0004970,SYN1000002787,ATM_SYN_3586,LOC_00096,2024-08-28T22:46:58+00:00,20000.0,SUCCESS,False,TXN_00053459
ATM_0004971,SYN1000009522,ATM_SYN_5962,LOC_00156,2024-09-07T19:51:24+00:00,1000.0,SUCCESS,False,TXN_00053460
ATM_0004972,SYN1000003647,ATM_SYN_2609,LOC_00488,2024-08-16T13:01:25+00:00,2000.0,SUCCESS,False,TXN_00053461
ATM_0004973,SYN1000009118,ATM_SYN_3411,LOC_00080,2024-09-02T04:20:22+00:00,15000.0,SUCCESS,False,TXN_00053462
ATM_0004974,SYN1000007045,ATM_SYN_1896,LOC_00082,2024-08-27T18:21:53+00:00,10000.0,SUCCESS,False,TXN_00053463
ATM_0004975,SYN1000002022,ATM_SYN_3893,LOC_00251,2024-09-10T22:25:48+00:00,10000.0,SUCCESS,False,TXN_00053464
ATM_0004976,SYN1000001358,ATM_SYN_8478,LOC_00184,2024-08-26T22:44:20+00:00,1000.0,SUCCESS,False,TXN_00053465
ATM_0004977,SYN1000008724,ATM_SYN_2953,LOC_00176,2024-08-03T10:15:20+00:00,10000.0,SUCCESS,False,TXN_00053466
ATM_0004978,SYN1000006391,ATM_SYN_8951,LOC_00146,2024-08-08T10:40:08+00:00,15000.0,SUCCESS,False,TXN_00053467
ATM_0004979,SYN1000004922,ATM_SYN_4163,LOC_00361,2024-08-14T00:12:22+00:00,2000.0,SUCCESS,False,TXN_00053468
ATM_0004980,SYN1000001841,ATM_SYN_8870,LOC_00183,2024-08-04T07:40:16+00:00,5000.0,SUCCESS,False,TXN_00053469
ATM_0004981,SYN1000004151,ATM_SYN_2608,LOC_00190,2024-08-17T01:29:08+00:00,1000.0,SUCCESS,False,TXN_00053470
ATM_0004982,SYN1000001742,ATM_SYN_7461,LOC_00409,2024-08-09T23:13:23+00:00,3000.0,SUCCESS,False,TXN_00053471
ATM_0004983,SYN1000000868,ATM_SYN_5515,LOC_00307,2024-08-25T22:08:54+00:00,2000.0,SUCCESS,False,TXN_00053472
ATM_0004984,SYN1000000366,ATM_SYN_8461,LOC_00498,2024-08-02T21:47:48+00:00,2000.0,SUCCESS,False,TXN_00053473
ATM_0004985,SYN1000004958,ATM_SYN_3341,LOC_00403,2024-08-25T12:02:49+00:00,20000.0,SUCCESS,False,TXN_00053474
ATM_0004986,SYN1000009536,ATM_SYN_6080,LOC_00367,2024-09-03T02:36:01+00:00,20000.0,SUCCESS,False,TXN_00053475
ATM_0004987,SYN1000009320,ATM_SYN_4375,LOC_00217,2024-08-29T22:10:05+00:00,5000.0,SUCCESS,False,TXN_00053476
ATM_0004988,SYN1000000560,ATM_SYN_5896,LOC_00385,2024-09-03T07:09:05+00:00,10000.0,SUCCESS,False,TXN_00053477
ATM_0004989,SYN1000004936,ATM_SYN_9025,LOC_00485,2024-09-04T06:07:15+00:00,10000.0,SUCCESS,False,TXN_00053478
ATM_0004990,SYN1000000499,ATM_SYN_3805,LOC_00089,2024-08-22T00:09:34+00:00,10000.0,SUCCESS,False,TXN_00053479
ATM_0004991,SYN1000000520,ATM_SYN_1214,LOC_00201,2024-08-04T08:03:36+00:00,10000.0,SUCCESS,False,TXN_00053480
ATM_0004992,SYN1000008350,ATM_SYN_9179,LOC_00380,2024-09-01T13:55:44+00:00,2000.0,SUCCESS,False,TXN_00053481
ATM_0004993,SYN1000003231,ATM_SYN_1296,LOC_00233,2024-08-07T07:01:51+00:00,1000.0,SUCCESS,False,TXN_00053482
ATM_0004994,SYN1000005540,ATM_SYN_5405,LOC_00031,2024-08-08T19:58:30+00:00,10000.0,SUCCESS,False,TXN_00053483
ATM_0004995,SYN1000007053,ATM_SYN_1637,LOC_00164,2024-08-15T10:07:43+00:00,1000.0,SUCCESS,False,TXN_00053484
ATM_0004996,SYN1000004768,ATM_SYN_6195,LOC_00250,2024-08-09T08:22:25+00:00,3000.0,SUCCESS,False,TXN_00053485
ATM_0004997,SYN1000000252,ATM_SYN_5660,LOC_00024,2024-08-18T21:30:23+00:00,15000.0,SUCCESS,False,TXN_00053486
ATM_0004998,SYN1000004403,ATM_SYN_2907,LOC_00086,2024-08-06T22:23:01+00:00,2000.0,SUCCESS,False,TXN_00053487
ATM_0004999,SYN1000000931,ATM_SYN_9470,LOC_00192,2024-09-04T07:15:58+00:00,5000.0,SUCCESS,False,TXN_00053488
ATM_0005000,SYN1000009645,ATM_SYN_1831,LOC_00319,2024-09-10T05:52:03+00:00,5000.0,SUCCESS,False,TXN_00053489
ATM_0005001,SYN1000007591,ATM_SYN_6222,LOC_00165,2024-08-23T00:17:10+00:00,2000.0,SUCCESS,False,TXN_00053490
ATM_0005002,SYN1000000146,ATM_SYN_8513,LOC_00110,2024-08-02T18:22:49+00:00,10000.0,SUCCESS,False,TXN_00053491
ATM_0005003,SYN1000002261,ATM_SYN_1102,LOC_00291,2024-09-02T21:56:40+00:00,5000.0,SUCCESS,False,TXN_00053492
ATM_0005004,SYN1000004418,ATM_SYN_4624,LOC_00346,2024-08-12T16:24:03+00:00,10000.0,SUCCESS,False,TXN_00053493
ATM_0005005,SYN1000006786,ATM_SYN_6457,LOC_00117,2024-08-27T11:48:15+00:00,1000.0,SUCCESS,False,TXN_00053494
ATM_0005006,SYN1000006222,ATM_SYN_7640,LOC_00069,2024-08-13T03:25:20+00:00,5000.0,SUCCESS,False,TXN_00053495
ATM_0005007,SYN1000007218,ATM_SYN_3250,LOC_00143,2024-08-19T22:44:36+00:00,3000.0,SUCCESS,False,TXN_00053496
ATM_0005008,SYN1000000480,ATM_SYN_6032,LOC_00401,2024-08-26T14:04:19+00:00,10000.0,SUCCESS,False,TXN_00053497
ATM_0005009,SYN1000000150,ATM_SYN_2045,LOC_00129,2024-08-21T06:23:32+00:00,2000.0,SUCCESS,False,TXN_00053498
ATM_0005010,SYN1000003142,ATM_SYN_8009,LOC_00194,2024-08-18T22:52:21+00:00,5000.0,SUCCESS,False,TXN_00053499
ATM_0005011,SYN1000008087,ATM_SYN_5631,LOC_00065,2024-08-08T21:27:17+00:00,5000.0,SUCCESS,False,TXN_00053500
ATM_0005012,SYN1000004964,ATM_SYN_4277,LOC_00139,2024-08-16T12:37:07+00:00,20000.0,SUCCESS,False,TXN_00053501
ATM_0005013,SYN1000001859,ATM_SYN_8422,LOC_00038,2024-08-20T17:40:41+00:00,10000.0,SUCCESS,False,TXN_00053502
ATM_0005014,SYN1000008813,ATM_SYN_3507,LOC_00291,2024-08-22T16:30:32+00:00,1000.0,SUCCESS,False,TXN_00053503
ATM_0005015,SYN1000005729,ATM_SYN_4269,LOC_00297,2024-08-20T15:17:03+00:00,2000.0,SUCCESS,False,TXN_00053504
ATM_0005016,SYN1000000956,ATM_SYN_5738,LOC_00349,2024-09-04T02:53:14+00:00,2000.0,SUCCESS,False,TXN_00053505
ATM_0005017,SYN1000009390,ATM_SYN_4127,LOC_00228,2024-08-09T06:04:33+00:00,3000.0,SUCCESS,False,TXN_00053506
ATM_0005018,SYN1000004164,ATM_SYN_5761,LOC_00282,2024-08-06T04:03:44+00:00,2000.0,SUCCESS,False,TXN_00053507
ATM_0005019,SYN1000005375,ATM_SYN_2543,LOC_00132,2024-08-27T20:22:49+00:00,15000.0,SUCCESS,False,TXN_00053508
ATM_0005020,SYN1000006352,ATM_SYN_9999,LOC_00397,2024-08-11T22:38:50+00:00,10000.0,SUCCESS,False,TXN_00053509
ATM_0005021,SYN1000008092,ATM_SYN_6159,LOC_00350,2024-09-02T06:42:22+00:00,3000.0,SUCCESS,False,TXN_00053510
ATM_0005022,SYN1000006788,ATM_SYN_1421,LOC_00043,2024-09-04T09:51:34+00:00,1000.0,SUCCESS,False,TXN_00053511
ATM_0005023,SYN1000004936,ATM_SYN_5617,LOC_00054,2024-08-11T08:49:57+00:00,20000.0,SUCCESS,False,TXN_00053512
ATM_0005024,SYN1000006023,ATM_SYN_3497,LOC_00499,2024-08-18T01:36:15+00:00,1000.0,SUCCESS,False,TXN_00053513
ATM_0005025,SYN1000001421,ATM_SYN_9591,LOC_00284,2024-08-18T09:19:48+00:00,10000.0,SUCCESS,False,TXN_00053514
ATM_0005026,SYN1000008107,ATM_SYN_5993,LOC_00104,2024-09-08T21:04:22+00:00,10000.0,SUCCESS,False,TXN_00053515
ATM_0005027,SYN1000008964,ATM_SYN_7749,LOC_00110,2024-09-02T01:19:33+00:00,3000.0,SUCCESS,False,TXN_00053516
ATM_0005028,SYN1000004977,ATM_SYN_7436,LOC_00009,2024-08-21T18:26:37+00:00,3000.0,SUCCESS,False,TXN_00053517
ATM_0005029,SYN1000008934,ATM_SYN_1327,LOC_00308,2024-08-31T05:56:52+00:00,1000.0,SUCCESS,False,TXN_00053518
ATM_0005030,SYN1000008986,ATM_SYN_3530,LOC_00317,2024-08-15T23:15:57+00:00,20000.0,SUCCESS,False,TXN_00053519
ATM_0005031,SYN1000006749,ATM_SYN_9073,LOC_00163,2024-08-05T03:54:37+00:00,15000.0,SUCCESS,False,TXN_00053520
ATM_0005032,SYN1000005570,ATM_SYN_9629,LOC_00285,2024-08-16T11:45:43+00:00,10000.0,SUCCESS,False,TXN_00053521
ATM_0005033,SYN1000008422,ATM_SYN_9175,LOC_00451,2024-08-19T17:04:06+00:00,3000.0,SUCCESS,False,TXN_00053522
ATM_0005034,SYN1000002550,ATM_SYN_5879,LOC_00256,2024-08-03T02:45:56+00:00,20000.0,SUCCESS,False,TXN_00053523
ATM_0005035,SYN1000002432,ATM_SYN_1586,LOC_00066,2024-08-16T08:58:58+00:00,10000.0,SUCCESS,False,TXN_00053524
ATM_0005036,SYN1000002482,ATM_SYN_7575,LOC_00111,2024-08-31T21:45:35+00:00,2000.0,SUCCESS,False,TXN_00053525
ATM_0005037,SYN1000007991,ATM_SYN_3349,LOC_00482,2024-08-23T16:31:21+00:00,2000.0,SUCCESS,False,TXN_00053526
ATM_0005038,SYN1000003283,ATM_SYN_4241,LOC_00019,2024-09-10T06:24:14+00:00,1000.0,SUCCESS,False,TXN_00053527
ATM_0005039,SYN1000008531,ATM_SYN_4237,LOC_00079,2024-09-07T05:41:13+00:00,1000.0,SUCCESS,False,TXN_00053528
ATM_0005040,SYN1000008915,ATM_SYN_9299,LOC_00207,2024-08-16T13:44:21+00:00,5000.0,SUCCESS,False,TXN_00053529
ATM_0005041,SYN1000003935,ATM_SYN_8624,LOC_00212,2024-09-04T14:39:51+00:00,20000.0,SUCCESS,False,TXN_00053530
ATM_0005042,SYN1000009518,ATM_SYN_9669,LOC_00439,2024-08-18T13:56:17+00:00,10000.0,SUCCESS,False,TXN_00053531
ATM_0005043,SYN1000001148,ATM_SYN_6392,LOC_00355,2024-08-25T02:37:29+00:00,15000.0,SUCCESS,False,TXN_00053532
ATM_0005044,SYN1000008502,ATM_SYN_8238,LOC_00151,2024-08-22T12:02:10+00:00,15000.0,SUCCESS,False,TXN_00053533
ATM_0005045,SYN1000009848,ATM_SYN_9129,LOC_00182,2024-08-22T02:02:28+00:00,15000.0,SUCCESS,False,TXN_00053534
ATM_0005046,SYN1000001620,ATM_SYN_4928,LOC_00178,2024-09-01T07:13:36+00:00,5000.0,SUCCESS,False,TXN_00053535
ATM_0005047,SYN1000007065,ATM_SYN_7560,LOC_00389,2024-08-05T08:01:38+00:00,3000.0,SUCCESS,False,TXN_00053536
ATM_0005048,SYN1000008815,ATM_SYN_3608,LOC_00252,2024-09-04T11:54:16+00:00,3000.0,SUCCESS,False,TXN_00053537
ATM_0005049,SYN1000009764,ATM_SYN_1195,LOC_00354,2024-08-08T12:30:39+00:00,2000.0,SUCCESS,False,TXN_00053538
ATM_0005050,SYN1000005006,ATM_SYN_3600,LOC_00201,2024-08-12T23:45:41+00:00,3000.0,SUCCESS,False,TXN_00053539
ATM_0005051,SYN1000004146,ATM_SYN_9342,LOC_00270,2024-08-31T05:41:33+00:00,1000.0,SUCCESS,False,TXN_00053540
ATM_0005052,SYN1000002413,ATM_SYN_5703,LOC_00138,2024-08-16T13:52:23+00:00,3000.0,SUCCESS,False,TXN_00053541
ATM_0005053,SYN1000001279,ATM_SYN_5062,LOC_00142,2024-09-09T08:01:29+00:00,15000.0,SUCCESS,False,TXN_00053542
ATM_0005054,SYN1000009515,ATM_SYN_3642,LOC_00150,2024-09-09T04:27:59+00:00,5000.0,SUCCESS,False,TXN_00053543
ATM_0005055,SYN1000006763,ATM_SYN_9574,LOC_00145,2024-08-23T07:14:25+00:00,15000.0,SUCCESS,False,TXN_00053544
ATM_0005056,SYN1000004069,ATM_SYN_5629,LOC_00271,2024-08-05T04:55:31+00:00,15000.0,SUCCESS,False,TXN_00053545
ATM_0005057,SYN1000000586,ATM_SYN_6545,LOC_00216,2024-08-30T01:51:28+00:00,10000.0,SUCCESS,False,TXN_00053546
ATM_0005058,SYN1000004375,ATM_SYN_3861,LOC_00275,2024-08-31T13:09:16+00:00,20000.0,SUCCESS,False,TXN_00053547
ATM_0005059,SYN1000001403,ATM_SYN_5751,LOC_00149,2024-08-18T18:08:57+00:00,3000.0,SUCCESS,False,TXN_00053548
ATM_0005060,SYN1000007239,ATM_SYN_2109,LOC_00478,2024-09-02T13:27:10+00:00,1000.0,SUCCESS,False,TXN_00053549
ATM_0005061,SYN1000008877,ATM_SYN_4779,LOC_00321,2024-08-11T03:20:18+00:00,10000.0,SUCCESS,False,TXN_00053550
ATM_0005062,SYN1000002641,ATM_SYN_1714,LOC_00412,2024-08-12T02:47:34+00:00,5000.0,SUCCESS,False,TXN_00053551
ATM_0005063,SYN1000006826,ATM_SYN_2621,LOC_00363,2024-08-29T02:27:25+00:00,3000.0,SUCCESS,False,TXN_00053552
ATM_0005064,SYN1000006267,ATM_SYN_6017,LOC_00092,2024-09-06T15:14:24+00:00,5000.0,SUCCESS,False,TXN_00053553
ATM_0005065,SYN1000002919,ATM_SYN_5145,LOC_00233,2024-08-06T20:38:43+00:00,3000.0,SUCCESS,False,TXN_00053554
ATM_0005066,SYN1000001522,ATM_SYN_3077,LOC_00225,2024-08-21T09:16:14+00:00,10000.0,SUCCESS,False,TXN_00053555
ATM_0005067,SYN1000003289,ATM_SYN_6689,LOC_00097,2024-08-15T22:23:00+00:00,2000.0,SUCCESS,False,TXN_00053556
ATM_0005068,SYN1000001897,ATM_SYN_6304,LOC_00397,2024-08-19T04:48:14+00:00,3000.0,SUCCESS,False,TXN_00053557
ATM_0005069,SYN1000001494,ATM_SYN_7518,LOC_00487,2024-09-10T01:13:53+00:00,1000.0,SUCCESS,False,TXN_00053558
ATM_0005070,SYN1000004081,ATM_SYN_6619,LOC_00100,2024-09-05T00:21:44+00:00,10000.0,SUCCESS,False,TXN_00053559
ATM_0005071,SYN1000005844,ATM_SYN_1733,LOC_00128,2024-08-21T10:08:37+00:00,10000.0,SUCCESS,False,TXN_00053560
ATM_0005072,SYN1000003681,ATM_SYN_5360,LOC_00323,2024-08-23T02:54:08+00:00,5000.0,SUCCESS,False,TXN_00053561
ATM_0005073,SYN1000000069,ATM_SYN_7226,LOC_00431,2024-08-24T23:04:51+00:00,5000.0,SUCCESS,False,TXN_00053562
ATM_0005074,SYN1000007725,ATM_SYN_9283,LOC_00199,2024-09-09T12:59:20+00:00,10000.0,SUCCESS,False,TXN_00053563
ATM_0005075,SYN1000000701,ATM_SYN_8418,LOC_00115,2024-08-24T05:57:14+00:00,3000.0,SUCCESS,False,TXN_00053564
ATM_0005076,SYN1000005054,ATM_SYN_8337,LOC_00293,2024-08-19T18:46:30+00:00,5000.0,SUCCESS,False,TXN_00053565
ATM_0005077,SYN1000000741,ATM_SYN_4464,LOC_00023,2024-08-11T13:25:38+00:00,15000.0,SUCCESS,False,TXN_00053566
ATM_0005078,SYN1000007897,ATM_SYN_7611,LOC_00287,2024-08-16T02:44:11+00:00,5000.0,SUCCESS,False,TXN_00053567
ATM_0005079,SYN1000003589,ATM_SYN_8712,LOC_00389,2024-09-08T03:46:14+00:00,20000.0,SUCCESS,False,TXN_00053568
ATM_0005080,SYN1000009315,ATM_SYN_5806,LOC_00352,2024-08-26T08:03:37+00:00,15000.0,SUCCESS,False,TXN_00053569
ATM_0005081,SYN1000004360,ATM_SYN_1012,LOC_00272,2024-09-07T20:13:05+00:00,2000.0,SUCCESS,False,TXN_00053570
ATM_0005082,SYN1000003573,ATM_SYN_3413,LOC_00291,2024-09-02T22:33:26+00:00,15000.0,SUCCESS,False,TXN_00053571
ATM_0005083,SYN1000002586,ATM_SYN_7175,LOC_00365,2024-08-25T20:43:35+00:00,20000.0,SUCCESS,False,TXN_00053572
ATM_0005084,SYN1000003117,ATM_SYN_4443,LOC_00348,2024-09-01T00:01:04+00:00,20000.0,SUCCESS,False,TXN_00053573
ATM_0005085,SYN1000009054,ATM_SYN_3708,LOC_00305,2024-08-21T03:21:54+00:00,2000.0,SUCCESS,False,TXN_00053574
ATM_0005086,SYN1000002253,ATM_SYN_2371,LOC_00164,2024-08-09T04:36:48+00:00,3000.0,SUCCESS,False,TXN_00053575
ATM_0005087,SYN1000006735,ATM_SYN_3604,LOC_00031,2024-08-09T11:07:28+00:00,2000.0,SUCCESS,False,TXN_00053576
ATM_0005088,SYN1000000980,ATM_SYN_7997,LOC_00320,2024-08-15T15:18:20+00:00,20000.0,SUCCESS,False,TXN_00053577
ATM_0005089,SYN1000009032,ATM_SYN_3421,LOC_00407,2024-08-08T06:51:10+00:00,1000.0,SUCCESS,False,TXN_00053578
ATM_0005090,SYN1000009319,ATM_SYN_1065,LOC_00280,2024-09-02T08:27:21+00:00,2000.0,SUCCESS,False,TXN_00053579
ATM_0005091,SYN1000002914,ATM_SYN_8625,LOC_00498,2024-08-15T12:12:42+00:00,10000.0,SUCCESS,False,TXN_00053580
ATM_0005092,SYN1000008120,ATM_SYN_8836,LOC_00058,2024-08-27T06:23:30+00:00,1000.0,SUCCESS,False,TXN_00053581
ATM_0005093,SYN1000008785,ATM_SYN_5374,LOC_00195,2024-08-26T19:51:57+00:00,3000.0,SUCCESS,False,TXN_00053582
ATM_0005094,SYN1000006765,ATM_SYN_5901,LOC_00305,2024-08-25T01:54:51+00:00,20000.0,SUCCESS,False,TXN_00053583
ATM_0005095,SYN1000003993,ATM_SYN_9677,LOC_00446,2024-08-13T05:32:39+00:00,5000.0,SUCCESS,False,TXN_00053584
ATM_0005096,SYN1000000725,ATM_SYN_8707,LOC_00457,2024-08-21T15:26:56+00:00,2000.0,SUCCESS,False,TXN_00053585
ATM_0005097,SYN1000002615,ATM_SYN_4761,LOC_00038,2024-08-03T10:03:51+00:00,10000.0,SUCCESS,False,TXN_00053586
ATM_0005098,SYN1000005235,ATM_SYN_1403,LOC_00433,2024-08-30T14:02:20+00:00,5000.0,SUCCESS,False,TXN_00053587
ATM_0005099,SYN1000002135,ATM_SYN_5034,LOC_00212,2024-08-19T06:34:24+00:00,2000.0,SUCCESS,False,TXN_00053588
ATM_0005100,SYN1000005681,ATM_SYN_4119,LOC_00345,2024-09-08T17:44:44+00:00,3000.0,SUCCESS,False,TXN_00053589
ATM_0005101,SYN1000009947,ATM_SYN_2529,LOC_00439,2024-08-05T16:20:35+00:00,2000.0,SUCCESS,False,TXN_00053590
ATM_0005102,SYN1000000068,ATM_SYN_8625,LOC_00011,2024-08-26T18:09:44+00:00,20000.0,SUCCESS,False,TXN_00053591
ATM_0005103,SYN1000009469,ATM_SYN_5160,LOC_00029,2024-08-10T14:43:51+00:00,2000.0,SUCCESS,False,TXN_00053592
ATM_0005104,SYN1000004274,ATM_SYN_8216,LOC_00326,2024-08-12T20:09:25+00:00,2000.0,SUCCESS,False,TXN_00053593
ATM_0005105,SYN1000002370,ATM_SYN_9911,LOC_00310,2024-08-10T01:59:40+00:00,5000.0,SUCCESS,False,TXN_00053594
ATM_0005106,SYN1000001313,ATM_SYN_5262,LOC_00415,2024-08-15T11:35:18+00:00,5000.0,SUCCESS,False,TXN_00053595
ATM_0005107,SYN1000003053,ATM_SYN_9728,LOC_00425,2024-08-09T18:17:05+00:00,10000.0,SUCCESS,False,TXN_00053596
ATM_0005108,SYN1000002262,ATM_SYN_4009,LOC_00015,2024-08-22T18:02:43+00:00,3000.0,SUCCESS,False,TXN_00053597
ATM_0005109,SYN1000000713,ATM_SYN_5441,LOC_00048,2024-08-22T09:26:00+00:00,20000.0,SUCCESS,False,TXN_00053598
ATM_0005110,SYN1000008493,ATM_SYN_7290,LOC_00099,2024-08-15T16:22:24+00:00,15000.0,SUCCESS,False,TXN_00053599
ATM_0005111,SYN1000004479,ATM_SYN_1639,LOC_00127,2024-08-26T02:14:33+00:00,15000.0,SUCCESS,False,TXN_00053600
ATM_0005112,SYN1000001927,ATM_SYN_7253,LOC_00259,2024-08-09T08:28:24+00:00,5000.0,SUCCESS,False,TXN_00053601
ATM_0005113,SYN1000007531,ATM_SYN_8247,LOC_00261,2024-08-25T12:52:06+00:00,10000.0,SUCCESS,False,TXN_00053602
ATM_0005114,SYN1000006734,ATM_SYN_2219,LOC_00269,2024-08-31T19:37:56+00:00,2000.0,SUCCESS,False,TXN_00053603
ATM_0005115,SYN1000002261,ATM_SYN_7357,LOC_00397,2024-08-26T14:18:46+00:00,10000.0,SUCCESS,False,TXN_00053604
ATM_0005116,SYN1000008356,ATM_SYN_9200,LOC_00054,2024-09-04T00:55:28+00:00,3000.0,SUCCESS,False,TXN_00053605
ATM_0005117,SYN1000006070,ATM_SYN_6480,LOC_00167,2024-08-22T10:24:33+00:00,5000.0,SUCCESS,False,TXN_00053606
ATM_0005118,SYN1000008862,ATM_SYN_8995,LOC_00273,2024-09-05T20:22:21+00:00,10000.0,SUCCESS,False,TXN_00053607
ATM_0005119,SYN1000001947,ATM_SYN_6586,LOC_00105,2024-08-27T06:25:30+00:00,5000.0,SUCCESS,False,TXN_00053608
ATM_0005120,SYN1000006684,ATM_SYN_8003,LOC_00026,2024-09-05T06:39:58+00:00,10000.0,SUCCESS,False,TXN_00053609
ATM_0005121,SYN1000009045,ATM_SYN_4516,LOC_00150,2024-08-09T12:34:08+00:00,20000.0,SUCCESS,False,TXN_00053610
ATM_0005122,SYN1000008508,ATM_SYN_8072,LOC_00067,2024-09-02T09:06:57+00:00,2000.0,SUCCESS,False,TXN_00053611
ATM_0005123,SYN1000006849,ATM_SYN_7671,LOC_00427,2024-08-07T15:10:40+00:00,15000.0,SUCCESS,False,TXN_00053612
ATM_0005124,SYN1000004886,ATM_SYN_7064,LOC_00121,2024-08-14T12:57:24+00:00,10000.0,SUCCESS,False,TXN_00053613
ATM_0005125,SYN1000000548,ATM_SYN_8646,LOC_00439,2024-08-31T16:28:44+00:00,10000.0,SUCCESS,False,TXN_00053614
ATM_0005126,SYN1000009272,ATM_SYN_1502,LOC_00031,2024-08-24T16:13:36+00:00,20000.0,SUCCESS,False,TXN_00053615
ATM_0005127,SYN1000008921,ATM_SYN_9764,LOC_00316,2024-08-31T07:49:07+00:00,15000.0,SUCCESS,False,TXN_00053616
ATM_0005128,SYN1000005199,ATM_SYN_3700,LOC_00209,2024-08-26T15:16:21+00:00,5000.0,SUCCESS,False,TXN_00053617
ATM_0005129,SYN1000007920,ATM_SYN_9388,LOC_00193,2024-09-05T09:49:38+00:00,1000.0,SUCCESS,False,TXN_00053618
ATM_0005130,SYN1000000445,ATM_SYN_1564,LOC_00448,2024-08-04T12:29:06+00:00,15000.0,SUCCESS,False,TXN_00053619
ATM_0005131,SYN1000008019,ATM_SYN_2910,LOC_00398,2024-08-30T23:22:22+00:00,2000.0,SUCCESS,False,TXN_00053620
ATM_0005132,SYN1000008611,ATM_SYN_6082,LOC_00167,2024-08-11T04:39:25+00:00,20000.0,SUCCESS,False,TXN_00053621
ATM_0005133,SYN1000001145,ATM_SYN_9385,LOC_00239,2024-09-09T04:39:01+00:00,3000.0,SUCCESS,False,TXN_00053622
ATM_0005134,SYN1000004450,ATM_SYN_9655,LOC_00180,2024-09-07T19:47:04+00:00,1000.0,SUCCESS,False,TXN_00053623
ATM_0005135,SYN1000003530,ATM_SYN_1994,LOC_00404,2024-09-04T21:57:59+00:00,15000.0,SUCCESS,False,TXN_00053624
ATM_0005136,SYN1000004393,ATM_SYN_3385,LOC_00267,2024-08-27T04:39:14+00:00,1000.0,SUCCESS,False,TXN_00053625
ATM_0005137,SYN1000009253,ATM_SYN_5932,LOC_00165,2024-08-15T13:52:33+00:00,10000.0,SUCCESS,False,TXN_00053626
ATM_0005138,SYN1000007752,ATM_SYN_6235,LOC_00262,2024-09-06T23:14:19+00:00,5000.0,SUCCESS,False,TXN_00053627
ATM_0005139,SYN1000008642,ATM_SYN_2107,LOC_00183,2024-09-05T07:53:19+00:00,10000.0,SUCCESS,False,TXN_00053628
ATM_0005140,SYN1000003268,ATM_SYN_9140,LOC_00373,2024-09-02T10:56:58+00:00,3000.0,SUCCESS,False,TXN_00053629
ATM_0005141,SYN1000003243,ATM_SYN_9010,LOC_00152,2024-08-20T02:42:20+00:00,20000.0,SUCCESS,False,TXN_00053630
ATM_0005142,SYN1000004756,ATM_SYN_8013,LOC_00190,2024-09-05T10:27:24+00:00,15000.0,SUCCESS,False,TXN_00053631
ATM_0005143,SYN1000005938,ATM_SYN_5002,LOC_00082,2024-08-07T23:25:47+00:00,10000.0,SUCCESS,False,TXN_00053632
ATM_0005144,SYN1000001189,ATM_SYN_1019,LOC_00094,2024-09-02T08:41:56+00:00,20000.0,SUCCESS,False,TXN_00053633
ATM_0005145,SYN1000006462,ATM_SYN_2186,LOC_00157,2024-08-31T09:13:55+00:00,1000.0,SUCCESS,False,TXN_00053634
ATM_0005146,SYN1000002537,ATM_SYN_3392,LOC_00295,2024-09-05T03:08:25+00:00,2000.0,SUCCESS,False,TXN_00053635
ATM_0005147,SYN1000009320,ATM_SYN_9051,LOC_00267,2024-08-10T06:22:57+00:00,3000.0,SUCCESS,False,TXN_00053636
ATM_0005148,SYN1000001325,ATM_SYN_1869,LOC_00255,2024-08-19T22:44:30+00:00,2000.0,SUCCESS,False,TXN_00053637
ATM_0005149,SYN1000005191,ATM_SYN_7169,LOC_00264,2024-08-25T17:33:44+00:00,10000.0,SUCCESS,False,TXN_00053638
ATM_0005150,SYN1000008003,ATM_SYN_6824,LOC_00050,2024-09-10T08:34:53+00:00,1000.0,SUCCESS,False,TXN_00053639
ATM_0005151,SYN1000002209,ATM_SYN_4103,LOC_00451,2024-08-28T10:19:27+00:00,10000.0,SUCCESS,False,TXN_00053640
ATM_0005152,SYN1000000388,ATM_SYN_4640,LOC_00242,2024-08-22T19:06:31+00:00,3000.0,SUCCESS,False,TXN_00053641
ATM_0005153,SYN1000008034,ATM_SYN_7414,LOC_00075,2024-08-24T03:16:13+00:00,15000.0,SUCCESS,False,TXN_00053642
ATM_0005154,SYN1000006009,ATM_SYN_7076,LOC_00079,2024-08-13T10:08:07+00:00,3000.0,SUCCESS,False,TXN_00053643
ATM_0005155,SYN1000009811,ATM_SYN_5597,LOC_00408,2024-09-04T00:00:53+00:00,1000.0,SUCCESS,False,TXN_00053644
ATM_0005156,SYN1000008794,ATM_SYN_8559,LOC_00434,2024-08-17T19:09:41+00:00,10000.0,SUCCESS,False,TXN_00053645
ATM_0005157,SYN1000006470,ATM_SYN_8303,LOC_00491,2024-08-22T19:53:53+00:00,3000.0,SUCCESS,False,TXN_00053646
ATM_0005158,SYN1000001371,ATM_SYN_2346,LOC_00043,2024-08-22T07:08:13+00:00,15000.0,SUCCESS,False,TXN_00053647
ATM_0005159,SYN1000009119,ATM_SYN_1811,LOC_00294,2024-08-27T12:29:54+00:00,5000.0,SUCCESS,False,TXN_00053648
ATM_0005160,SYN1000004419,ATM_SYN_7139,LOC_00398,2024-08-03T08:42:51+00:00,3000.0,SUCCESS,False,TXN_00053649
ATM_0005161,SYN1000000184,ATM_SYN_1932,LOC_00037,2024-08-11T01:49:47+00:00,1000.0,SUCCESS,False,TXN_00053650
ATM_0005162,SYN1000006757,ATM_SYN_1200,LOC_00026,2024-09-05T19:27:34+00:00,1000.0,SUCCESS,False,TXN_00053651
ATM_0005163,SYN1000009549,ATM_SYN_2451,LOC_00211,2024-08-25T19:36:39+00:00,3000.0,SUCCESS,False,TXN_00053652
ATM_0005164,SYN1000006903,ATM_SYN_6295,LOC_00043,2024-08-21T22:48:21+00:00,1000.0,SUCCESS,False,TXN_00053653
ATM_0005165,SYN1000009068,ATM_SYN_4851,LOC_00049,2024-08-20T14:12:18+00:00,20000.0,SUCCESS,False,TXN_00053654
ATM_0005166,SYN1000008463,ATM_SYN_7218,LOC_00268,2024-08-03T02:52:30+00:00,15000.0,SUCCESS,False,TXN_00053655
ATM_0005167,SYN1000002012,ATM_SYN_1930,LOC_00138,2024-09-01T10:00:27+00:00,10000.0,SUCCESS,False,TXN_00053656
ATM_0005168,SYN1000009673,ATM_SYN_7424,LOC_00193,2024-09-05T03:41:58+00:00,15000.0,SUCCESS,False,TXN_00053657
ATM_0005169,SYN1000003452,ATM_SYN_7237,LOC_00290,2024-08-23T14:55:16+00:00,2000.0,SUCCESS,False,TXN_00053658
ATM_0005170,SYN1000002501,ATM_SYN_2047,LOC_00361,2024-08-08T19:54:35+00:00,20000.0,SUCCESS,False,TXN_00053659
ATM_0005171,SYN1000003436,ATM_SYN_8874,LOC_00284,2024-08-10T20:39:29+00:00,5000.0,SUCCESS,False,TXN_00053660
ATM_0005172,SYN1000006191,ATM_SYN_2597,LOC_00224,2024-08-23T11:15:16+00:00,1000.0,SUCCESS,False,TXN_00053661
ATM_0005173,SYN1000001278,ATM_SYN_3181,LOC_00065,2024-08-17T01:39:13+00:00,10000.0,SUCCESS,False,TXN_00053662
ATM_0005174,SYN1000009635,ATM_SYN_1262,LOC_00425,2024-08-19T06:23:50+00:00,10000.0,SUCCESS,False,TXN_00053663
ATM_0005175,SYN1000009163,ATM_SYN_7734,LOC_00278,2024-08-18T01:13:15+00:00,10000.0,SUCCESS,False,TXN_00053664
ATM_0005176,SYN1000005734,ATM_SYN_9757,LOC_00017,2024-08-11T12:51:11+00:00,3000.0,SUCCESS,False,TXN_00053665
ATM_0005177,SYN1000002862,ATM_SYN_4795,LOC_00086,2024-08-20T04:11:51+00:00,15000.0,SUCCESS,False,TXN_00053666
ATM_0005178,SYN1000007987,ATM_SYN_8125,LOC_00307,2024-08-18T18:57:43+00:00,5000.0,SUCCESS,False,TXN_00053667
ATM_0005179,SYN1000001217,ATM_SYN_8654,LOC_00314,2024-08-16T00:24:16+00:00,2000.0,SUCCESS,False,TXN_00053668
ATM_0005180,SYN1000006888,ATM_SYN_8630,LOC_00335,2024-08-20T14:58:50+00:00,2000.0,SUCCESS,False,TXN_00053669
ATM_0005181,SYN1000009776,ATM_SYN_5652,LOC_00013,2024-08-03T13:24:09+00:00,2000.0,SUCCESS,False,TXN_00053670
ATM_0005182,SYN1000006567,ATM_SYN_8493,LOC_00258,2024-08-05T05:34:56+00:00,2000.0,SUCCESS,False,TXN_00053671
ATM_0005183,SYN1000008018,ATM_SYN_5109,LOC_00144,2024-08-31T00:49:46+00:00,5000.0,SUCCESS,False,TXN_00053672
ATM_0005184,SYN1000005588,ATM_SYN_5963,LOC_00304,2024-08-03T03:49:16+00:00,20000.0,SUCCESS,False,TXN_00053673
ATM_0005185,SYN1000007520,ATM_SYN_8536,LOC_00427,2024-08-26T00:48:44+00:00,5000.0,SUCCESS,False,TXN_00053674
ATM_0005186,SYN1000000916,ATM_SYN_5088,LOC_00188,2024-08-30T20:20:34+00:00,15000.0,SUCCESS,False,TXN_00053675
ATM_0005187,SYN1000001197,ATM_SYN_8250,LOC_00052,2024-08-31T16:44:39+00:00,2000.0,SUCCESS,False,TXN_00053676
ATM_0005188,SYN1000005343,ATM_SYN_1462,LOC_00243,2024-08-13T00:07:54+00:00,15000.0,SUCCESS,False,TXN_00053677
ATM_0005189,SYN1000007641,ATM_SYN_3442,LOC_00417,2024-08-05T04:44:05+00:00,3000.0,SUCCESS,False,TXN_00053678
ATM_0005190,SYN1000008979,ATM_SYN_2348,LOC_00184,2024-08-07T03:04:52+00:00,10000.0,SUCCESS,False,TXN_00053679
ATM_0005191,SYN1000005222,ATM_SYN_3313,LOC_00052,2024-08-19T07:04:30+00:00,15000.0,SUCCESS,False,TXN_00053680
ATM_0005192,SYN1000004088,ATM_SYN_1350,LOC_00053,2024-08-07T07:29:16+00:00,5000.0,SUCCESS,False,TXN_00053681
ATM_0005193,SYN1000002656,ATM_SYN_6597,LOC_00421,2024-09-08T03:10:24+00:00,2000.0,SUCCESS,False,TXN_00053682
ATM_0005194,SYN1000006106,ATM_SYN_9175,LOC_00224,2024-09-06T18:01:20+00:00,15000.0,SUCCESS,False,TXN_00053683
ATM_0005195,SYN1000003048,ATM_SYN_6997,LOC_00030,2024-09-02T05:40:58+00:00,15000.0,SUCCESS,False,TXN_00053684
ATM_0005196,SYN1000008880,ATM_SYN_9045,LOC_00478,2024-08-12T18:25:40+00:00,15000.0,SUCCESS,False,TXN_00053685
ATM_0005197,SYN1000003101,ATM_SYN_3580,LOC_00095,2024-08-18T23:07:12+00:00,3000.0,SUCCESS,False,TXN_00053686
ATM_0005198,SYN1000009119,ATM_SYN_8795,LOC_00122,2024-08-28T12:55:35+00:00,5000.0,SUCCESS,False,TXN_00053687
ATM_0005199,SYN1000001938,ATM_SYN_9523,LOC_00047,2024-09-03T02:35:05+00:00,5000.0,SUCCESS,False,TXN_00053688
ATM_0005200,SYN1000007656,ATM_SYN_6697,LOC_00485,2024-09-09T23:15:19+00:00,15000.0,SUCCESS,False,TXN_00053689
ATM_0005201,SYN1000004590,ATM_SYN_3232,LOC_00480,2024-08-13T19:28:47+00:00,5000.0,SUCCESS,False,TXN_00053690
ATM_0005202,SYN1000003623,ATM_SYN_7748,LOC_00023,2024-08-13T02:07:12+00:00,20000.0,SUCCESS,False,TXN_00053691
ATM_0005203,SYN1000003613,ATM_SYN_5981,LOC_00089,2024-08-05T15:49:10+00:00,3000.0,SUCCESS,False,TXN_00053692
ATM_0005204,SYN1000009161,ATM_SYN_9353,LOC_00364,2024-09-08T11:13:17+00:00,20000.0,SUCCESS,False,TXN_00053693
ATM_0005205,SYN1000000119,ATM_SYN_1590,LOC_00134,2024-09-05T16:51:29+00:00,20000.0,SUCCESS,False,TXN_00053694
ATM_0005206,SYN1000006623,ATM_SYN_2107,LOC_00381,2024-08-20T00:31:15+00:00,20000.0,SUCCESS,False,TXN_00053695
ATM_0005207,SYN1000009941,ATM_SYN_7897,LOC_00159,2024-08-28T12:43:26+00:00,3000.0,SUCCESS,False,TXN_00053696
ATM_0005208,SYN1000001095,ATM_SYN_1422,LOC_00151,2024-08-11T19:51:52+00:00,15000.0,SUCCESS,False,TXN_00053697
ATM_0005209,SYN1000008806,ATM_SYN_9373,LOC_00319,2024-08-09T19:50:19+00:00,1000.0,SUCCESS,False,TXN_00053698
ATM_0005210,SYN1000002184,ATM_SYN_5345,LOC_00489,2024-08-21T03:15:52+00:00,20000.0,SUCCESS,False,TXN_00053699
ATM_0005211,SYN1000004288,ATM_SYN_7067,LOC_00357,2024-09-01T18:57:38+00:00,15000.0,SUCCESS,False,TXN_00053700
ATM_0005212,SYN1000004433,ATM_SYN_3238,LOC_00336,2024-08-27T02:59:26+00:00,2000.0,SUCCESS,False,TXN_00053701
ATM_0005213,SYN1000007760,ATM_SYN_5976,LOC_00224,2024-09-10T20:40:05+00:00,1000.0,SUCCESS,False,TXN_00053702
ATM_0005214,SYN1000008870,ATM_SYN_9560,LOC_00136,2024-08-06T19:42:26+00:00,2000.0,SUCCESS,False,TXN_00053703
ATM_0005215,SYN1000006065,ATM_SYN_5758,LOC_00195,2024-08-30T11:14:02+00:00,1000.0,SUCCESS,False,TXN_00053704
ATM_0005216,SYN1000008893,ATM_SYN_8417,LOC_00413,2024-09-04T23:54:38+00:00,5000.0,SUCCESS,False,TXN_00053705
ATM_0005217,SYN1000006318,ATM_SYN_2025,LOC_00192,2024-08-19T00:18:32+00:00,5000.0,SUCCESS,False,TXN_00053706
ATM_0005218,SYN1000008422,ATM_SYN_2872,LOC_00276,2024-08-19T05:51:55+00:00,5000.0,SUCCESS,False,TXN_00053707
ATM_0005219,SYN1000002756,ATM_SYN_9147,LOC_00485,2024-08-11T09:25:22+00:00,2000.0,SUCCESS,False,TXN_00053708
ATM_0005220,SYN1000009661,ATM_SYN_1295,LOC_00047,2024-09-09T14:04:45+00:00,15000.0,SUCCESS,False,TXN_00053709
ATM_0005221,SYN1000005337,ATM_SYN_1789,LOC_00022,2024-08-04T05:31:18+00:00,10000.0,SUCCESS,False,TXN_00053710
ATM_0005222,SYN1000002326,ATM_SYN_9698,LOC_00098,2024-08-07T04:47:56+00:00,10000.0,SUCCESS,False,TXN_00053711
ATM_0005223,SYN1000001769,ATM_SYN_7117,LOC_00474,2024-08-06T06:30:04+00:00,20000.0,SUCCESS,False,TXN_00053712
ATM_0005224,SYN1000003111,ATM_SYN_5149,LOC_00426,2024-08-17T11:10:30+00:00,1000.0,SUCCESS,False,TXN_00053713
ATM_0005225,SYN1000002595,ATM_SYN_4844,LOC_00418,2024-08-10T13:11:22+00:00,15000.0,SUCCESS,False,TXN_00053714
ATM_0005226,SYN1000003682,ATM_SYN_3447,LOC_00152,2024-08-07T01:59:07+00:00,15000.0,SUCCESS,False,TXN_00053715
ATM_0005227,SYN1000004293,ATM_SYN_8833,LOC_00054,2024-08-16T15:00:52+00:00,15000.0,SUCCESS,False,TXN_00053716
ATM_0005228,SYN1000001547,ATM_SYN_7322,LOC_00342,2024-08-04T15:57:00+00:00,10000.0,SUCCESS,False,TXN_00053717
ATM_0005229,SYN1000002845,ATM_SYN_9844,LOC_00481,2024-08-17T17:48:28+00:00,15000.0,SUCCESS,False,TXN_00053718
ATM_0005230,SYN1000005070,ATM_SYN_6437,LOC_00078,2024-08-04T21:09:53+00:00,3000.0,SUCCESS,False,TXN_00053719
ATM_0005231,SYN1000002306,ATM_SYN_4628,LOC_00237,2024-08-16T10:26:26+00:00,20000.0,SUCCESS,False,TXN_00053720
ATM_0005232,SYN1000006316,ATM_SYN_7389,LOC_00355,2024-08-05T01:23:37+00:00,15000.0,SUCCESS,False,TXN_00053721
ATM_0005233,SYN1000001631,ATM_SYN_2019,LOC_00280,2024-09-06T23:13:30+00:00,2000.0,SUCCESS,False,TXN_00053722
ATM_0005234,SYN1000000236,ATM_SYN_5244,LOC_00404,2024-09-04T10:11:58+00:00,2000.0,SUCCESS,False,TXN_00053723
ATM_0005235,SYN1000003274,ATM_SYN_8200,LOC_00493,2024-08-23T01:04:01+00:00,10000.0,SUCCESS,False,TXN_00053724
ATM_0005236,SYN1000003777,ATM_SYN_4970,LOC_00159,2024-09-01T13:27:07+00:00,3000.0,SUCCESS,False,TXN_00053725
ATM_0005237,SYN1000003306,ATM_SYN_4483,LOC_00148,2024-09-08T09:35:28+00:00,5000.0,SUCCESS,False,TXN_00053726
ATM_0005238,SYN1000002611,ATM_SYN_1650,LOC_00263,2024-09-09T06:35:38+00:00,20000.0,SUCCESS,False,TXN_00053727
ATM_0005239,SYN1000002294,ATM_SYN_7265,LOC_00341,2024-08-08T05:12:17+00:00,1000.0,SUCCESS,False,TXN_00053728
ATM_0005240,SYN1000001582,ATM_SYN_7750,LOC_00121,2024-09-03T20:00:53+00:00,15000.0,SUCCESS,False,TXN_00053729
ATM_0005241,SYN1000009378,ATM_SYN_6792,LOC_00382,2024-08-16T23:32:34+00:00,2000.0,SUCCESS,False,TXN_00053730
ATM_0005242,SYN1000001099,ATM_SYN_1443,LOC_00278,2024-08-19T22:01:06+00:00,20000.0,SUCCESS,False,TXN_00053731
ATM_0005243,SYN1000008337,ATM_SYN_5433,LOC_00469,2024-08-24T05:17:16+00:00,1000.0,SUCCESS,False,TXN_00053732
ATM_0005244,SYN1000002831,ATM_SYN_1427,LOC_00188,2024-09-03T13:37:25+00:00,5000.0,SUCCESS,False,TXN_00053733
ATM_0005245,SYN1000000703,ATM_SYN_8912,LOC_00211,2024-08-25T18:17:54+00:00,2000.0,SUCCESS,False,TXN_00053734
ATM_0005246,SYN1000005788,ATM_SYN_7776,LOC_00310,2024-09-05T07:36:23+00:00,3000.0,SUCCESS,False,TXN_00053735
ATM_0005247,SYN1000001558,ATM_SYN_3926,LOC_00280,2024-08-07T10:49:02+00:00,1000.0,SUCCESS,False,TXN_00053736
ATM_0005248,SYN1000006652,ATM_SYN_7938,LOC_00359,2024-08-06T19:11:32+00:00,3000.0,SUCCESS,False,TXN_00053737
ATM_0005249,SYN1000005354,ATM_SYN_3720,LOC_00464,2024-08-22T10:19:17+00:00,5000.0,SUCCESS,False,TXN_00053738
ATM_0005250,SYN1000002246,ATM_SYN_4184,LOC_00146,2024-09-06T19:58:51+00:00,5000.0,SUCCESS,False,TXN_00053739
ATM_0005251,SYN1000004816,ATM_SYN_8991,LOC_00051,2024-08-19T19:54:10+00:00,1000.0,SUCCESS,False,TXN_00053740
ATM_0005252,SYN1000006345,ATM_SYN_2829,LOC_00351,2024-09-05T10:43:45+00:00,1000.0,SUCCESS,False,TXN_00053741
ATM_0005253,SYN1000006006,ATM_SYN_3387,LOC_00080,2024-08-04T17:12:18+00:00,3000.0,SUCCESS,False,TXN_00053742
ATM_0005254,SYN1000004744,ATM_SYN_2994,LOC_00307,2024-08-03T13:47:57+00:00,15000.0,SUCCESS,False,TXN_00053743
ATM_0005255,SYN1000001480,ATM_SYN_1216,LOC_00485,2024-09-10T06:39:33+00:00,3000.0,SUCCESS,False,TXN_00053744
ATM_0005256,SYN1000000312,ATM_SYN_7073,LOC_00156,2024-08-29T13:12:30+00:00,15000.0,SUCCESS,False,TXN_00053745
ATM_0005257,SYN1000001722,ATM_SYN_7514,LOC_00341,2024-09-06T17:27:22+00:00,10000.0,SUCCESS,False,TXN_00053746
ATM_0005258,SYN1000009755,ATM_SYN_1342,LOC_00169,2024-08-09T03:16:59+00:00,10000.0,SUCCESS,False,TXN_00053747
ATM_0005259,SYN1000005783,ATM_SYN_2926,LOC_00216,2024-08-31T00:03:37+00:00,10000.0,SUCCESS,False,TXN_00053748
ATM_0005260,SYN1000007864,ATM_SYN_7681,LOC_00340,2024-09-05T02:51:36+00:00,1000.0,SUCCESS,False,TXN_00053749
ATM_0005261,SYN1000008575,ATM_SYN_9148,LOC_00277,2024-08-07T16:32:41+00:00,10000.0,SUCCESS,False,TXN_00053750
ATM_0005262,SYN1000001350,ATM_SYN_6584,LOC_00377,2024-08-17T16:52:15+00:00,2000.0,SUCCESS,False,TXN_00053751
ATM_0005263,SYN1000005942,ATM_SYN_9365,LOC_00337,2024-09-07T21:31:00+00:00,20000.0,SUCCESS,False,TXN_00053752
ATM_0005264,SYN1000008226,ATM_SYN_3630,LOC_00043,2024-08-27T11:56:36+00:00,15000.0,SUCCESS,False,TXN_00053753
ATM_0005265,SYN1000002860,ATM_SYN_7869,LOC_00362,2024-08-20T09:44:18+00:00,15000.0,SUCCESS,False,TXN_00053754
ATM_0005266,SYN1000002858,ATM_SYN_5791,LOC_00180,2024-08-31T13:45:04+00:00,1000.0,SUCCESS,False,TXN_00053755
ATM_0005267,SYN1000002083,ATM_SYN_7113,LOC_00371,2024-08-14T07:24:54+00:00,20000.0,SUCCESS,False,TXN_00053756
ATM_0005268,SYN1000001348,ATM_SYN_5302,LOC_00390,2024-08-28T05:21:55+00:00,1000.0,SUCCESS,False,TXN_00053757
ATM_0005269,SYN1000009525,ATM_SYN_3931,LOC_00291,2024-09-09T23:06:50+00:00,20000.0,SUCCESS,False,TXN_00053758
ATM_0005270,SYN1000003816,ATM_SYN_8073,LOC_00308,2024-08-25T14:05:57+00:00,15000.0,SUCCESS,False,TXN_00053759
ATM_0005271,SYN1000008354,ATM_SYN_2223,LOC_00036,2024-08-10T16:45:53+00:00,3000.0,SUCCESS,False,TXN_00053760
ATM_0005272,SYN1000005487,ATM_SYN_4947,LOC_00337,2024-09-01T14:31:58+00:00,10000.0,SUCCESS,False,TXN_00053761
ATM_0005273,SYN1000006299,ATM_SYN_5888,LOC_00347,2024-08-06T06:00:49+00:00,10000.0,SUCCESS,False,TXN_00053762
ATM_0005274,SYN1000008060,ATM_SYN_8491,LOC_00178,2024-08-11T06:12:05+00:00,10000.0,SUCCESS,False,TXN_00053763
ATM_0005275,SYN1000001657,ATM_SYN_3187,LOC_00336,2024-09-08T05:34:06+00:00,15000.0,SUCCESS,False,TXN_00053764
ATM_0005276,SYN1000006150,ATM_SYN_9196,LOC_00349,2024-08-07T07:20:02+00:00,10000.0,SUCCESS,False,TXN_00053765
ATM_0005277,SYN1000000490,ATM_SYN_6841,LOC_00082,2024-08-31T15:08:26+00:00,5000.0,SUCCESS,False,TXN_00053766
ATM_0005278,SYN1000008175,ATM_SYN_4461,LOC_00073,2024-08-11T06:48:20+00:00,3000.0,SUCCESS,False,TXN_00053767
ATM_0005279,SYN1000001354,ATM_SYN_2482,LOC_00296,2024-08-19T12:00:15+00:00,10000.0,SUCCESS,False,TXN_00053768
ATM_0005280,SYN1000003513,ATM_SYN_9207,LOC_00190,2024-08-08T04:10:51+00:00,3000.0,SUCCESS,False,TXN_00053769
ATM_0005281,SYN1000008067,ATM_SYN_5057,LOC_00403,2024-08-25T13:45:03+00:00,3000.0,SUCCESS,False,TXN_00053770
ATM_0005282,SYN1000007557,ATM_SYN_6707,LOC_00272,2024-08-04T21:33:25+00:00,1000.0,SUCCESS,False,TXN_00053771
ATM_0005283,SYN1000000501,ATM_SYN_2058,LOC_00153,2024-09-04T04:48:59+00:00,1000.0,SUCCESS,False,TXN_00053772
ATM_0005284,SYN1000008159,ATM_SYN_2515,LOC_00077,2024-08-15T05:55:47+00:00,5000.0,SUCCESS,False,TXN_00053773
ATM_0005285,SYN1000000484,ATM_SYN_8139,LOC_00259,2024-08-02T08:22:01+00:00,15000.0,SUCCESS,False,TXN_00053774
ATM_0005286,SYN1000009208,ATM_SYN_1449,LOC_00446,2024-08-05T13:46:15+00:00,2000.0,SUCCESS,False,TXN_00053775
ATM_0005287,SYN1000008889,ATM_SYN_3500,LOC_00494,2024-09-01T04:41:10+00:00,10000.0,SUCCESS,False,TXN_00053776
ATM_0005288,SYN1000002281,ATM_SYN_5464,LOC_00309,2024-08-17T08:03:05+00:00,3000.0,SUCCESS,False,TXN_00053777
ATM_0005289,SYN1000002185,ATM_SYN_4290,LOC_00320,2024-09-04T17:17:52+00:00,5000.0,SUCCESS,False,TXN_00053778
ATM_0005290,SYN1000007795,ATM_SYN_4761,LOC_00287,2024-08-09T19:18:29+00:00,15000.0,SUCCESS,False,TXN_00053779
ATM_0005291,SYN1000003175,ATM_SYN_9431,LOC_00196,2024-08-27T01:52:58+00:00,2000.0,SUCCESS,False,TXN_00053780
ATM_0005292,SYN1000003399,ATM_SYN_3587,LOC_00023,2024-08-29T16:01:46+00:00,5000.0,SUCCESS,False,TXN_00053781
ATM_0005293,SYN1000007878,ATM_SYN_5386,LOC_00020,2024-08-19T09:59:26+00:00,20000.0,SUCCESS,False,TXN_00053782
ATM_0005294,SYN1000003654,ATM_SYN_8864,LOC_00209,2024-08-06T04:45:45+00:00,5000.0,SUCCESS,False,TXN_00053783
ATM_0005295,SYN1000000874,ATM_SYN_7780,LOC_00241,2024-08-22T19:03:07+00:00,20000.0,SUCCESS,False,TXN_00053784
ATM_0005296,SYN1000009610,ATM_SYN_4750,LOC_00489,2024-08-20T18:57:51+00:00,20000.0,SUCCESS,False,TXN_00053785
ATM_0005297,SYN1000005497,ATM_SYN_7585,LOC_00142,2024-08-11T05:00:55+00:00,2000.0,SUCCESS,False,TXN_00053786
ATM_0005298,SYN1000002093,ATM_SYN_8730,LOC_00386,2024-08-07T23:17:59+00:00,3000.0,SUCCESS,False,TXN_00053787
ATM_0005299,SYN1000002452,ATM_SYN_6225,LOC_00209,2024-08-18T22:27:47+00:00,5000.0,SUCCESS,False,TXN_00053788
ATM_0005300,SYN1000004052,ATM_SYN_6960,LOC_00157,2024-09-05T09:26:10+00:00,5000.0,SUCCESS,False,TXN_00053789
ATM_0005301,SYN1000002638,ATM_SYN_9554,LOC_00162,2024-08-18T11:16:58+00:00,1000.0,SUCCESS,False,TXN_00053790
ATM_0005302,SYN1000008907,ATM_SYN_3851,LOC_00398,2024-08-05T18:14:11+00:00,15000.0,SUCCESS,False,TXN_00053791
ATM_0005303,SYN1000006407,ATM_SYN_9997,LOC_00355,2024-08-02T10:35:35+00:00,2000.0,SUCCESS,False,TXN_00053792
ATM_0005304,SYN1000006720,ATM_SYN_1376,LOC_00406,2024-09-09T03:47:04+00:00,3000.0,SUCCESS,False,TXN_00053793
ATM_0005305,SYN1000004444,ATM_SYN_2402,LOC_00140,2024-09-05T23:53:19+00:00,20000.0,SUCCESS,False,TXN_00053794
ATM_0005306,SYN1000005312,ATM_SYN_5859,LOC_00132,2024-08-16T18:21:37+00:00,10000.0,SUCCESS,False,TXN_00053795
ATM_0005307,SYN1000006754,ATM_SYN_7957,LOC_00312,2024-08-30T20:43:31+00:00,15000.0,SUCCESS,False,TXN_00053796
ATM_0005308,SYN1000003447,ATM_SYN_4044,LOC_00498,2024-08-06T09:09:30+00:00,5000.0,SUCCESS,False,TXN_00053797
ATM_0005309,SYN1000003966,ATM_SYN_8958,LOC_00323,2024-08-06T21:04:28+00:00,5000.0,SUCCESS,False,TXN_00053798
ATM_0005310,SYN1000007200,ATM_SYN_3568,LOC_00460,2024-09-05T07:16:54+00:00,5000.0,SUCCESS,False,TXN_00053799
ATM_0005311,SYN1000005207,ATM_SYN_7241,LOC_00475,2024-09-04T01:27:51+00:00,10000.0,SUCCESS,False,TXN_00053800
ATM_0005312,SYN1000005837,ATM_SYN_1648,LOC_00372,2024-09-06T14:50:47+00:00,1000.0,SUCCESS,False,TXN_00053801
ATM_0005313,SYN1000005027,ATM_SYN_6135,LOC_00353,2024-09-05T20:26:22+00:00,2000.0,SUCCESS,False,TXN_00053802
ATM_0005314,SYN1000002732,ATM_SYN_2999,LOC_00221,2024-08-27T09:23:54+00:00,15000.0,SUCCESS,False,TXN_00053803
ATM_0005315,SYN1000000646,ATM_SYN_2855,LOC_00321,2024-08-20T04:43:31+00:00,3000.0,SUCCESS,False,TXN_00053804
ATM_0005316,SYN1000003120,ATM_SYN_1489,LOC_00476,2024-09-05T05:55:52+00:00,2000.0,SUCCESS,False,TXN_00053805
ATM_0005317,SYN1000003926,ATM_SYN_6808,LOC_00075,2024-08-12T00:49:12+00:00,15000.0,SUCCESS,False,TXN_00053806
ATM_0005318,SYN1000009164,ATM_SYN_4575,LOC_00292,2024-08-17T06:51:42+00:00,15000.0,SUCCESS,False,TXN_00053807
ATM_0005319,SYN1000007657,ATM_SYN_7285,LOC_00134,2024-09-03T07:13:52+00:00,10000.0,SUCCESS,False,TXN_00053808
ATM_0005320,SYN1000009537,ATM_SYN_4384,LOC_00303,2024-08-31T17:42:27+00:00,15000.0,SUCCESS,False,TXN_00053809
ATM_0005321,SYN1000008785,ATM_SYN_9482,LOC_00363,2024-09-08T00:52:55+00:00,15000.0,SUCCESS,False,TXN_00053810
ATM_0005322,SYN1000006802,ATM_SYN_7690,LOC_00283,2024-08-07T17:03:57+00:00,1000.0,SUCCESS,False,TXN_00053811
ATM_0005323,SYN1000008177,ATM_SYN_8206,LOC_00102,2024-09-02T21:52:09+00:00,10000.0,SUCCESS,False,TXN_00053812
ATM_0005324,SYN1000005788,ATM_SYN_2698,LOC_00123,2024-08-30T23:39:42+00:00,15000.0,SUCCESS,False,TXN_00053813
ATM_0005325,SYN1000004058,ATM_SYN_2614,LOC_00109,2024-08-19T23:08:02+00:00,20000.0,SUCCESS,False,TXN_00053814
ATM_0005326,SYN1000006946,ATM_SYN_7818,LOC_00232,2024-08-04T01:37:31+00:00,3000.0,SUCCESS,False,TXN_00053815
ATM_0005327,SYN1000003149,ATM_SYN_6498,LOC_00135,2024-08-12T22:57:12+00:00,20000.0,SUCCESS,False,TXN_00053816
ATM_0005328,SYN1000003450,ATM_SYN_3040,LOC_00369,2024-09-07T08:10:06+00:00,5000.0,SUCCESS,False,TXN_00053817
ATM_0005329,SYN1000000869,ATM_SYN_6267,LOC_00217,2024-08-08T19:12:04+00:00,20000.0,SUCCESS,False,TXN_00053818
ATM_0005330,SYN1000000247,ATM_SYN_8746,LOC_00187,2024-08-03T20:53:33+00:00,15000.0,SUCCESS,False,TXN_00053819
ATM_0005331,SYN1000006749,ATM_SYN_2999,LOC_00106,2024-08-25T20:56:42+00:00,10000.0,SUCCESS,False,TXN_00053820
ATM_0005332,SYN1000007578,ATM_SYN_7163,LOC_00071,2024-08-13T05:05:42+00:00,1000.0,SUCCESS,False,TXN_00053821
ATM_0005333,SYN1000008411,ATM_SYN_9640,LOC_00429,2024-09-01T00:23:23+00:00,15000.0,SUCCESS,False,TXN_00053822
ATM_0005334,SYN1000005623,ATM_SYN_4572,LOC_00225,2024-08-15T02:17:59+00:00,2000.0,SUCCESS,False,TXN_00053823
ATM_0005335,SYN1000002058,ATM_SYN_9900,LOC_00196,2024-08-27T10:59:40+00:00,1000.0,SUCCESS,False,TXN_00053824
ATM_0005336,SYN1000001775,ATM_SYN_2501,LOC_00031,2024-08-30T20:42:14+00:00,2000.0,SUCCESS,False,TXN_00053825
ATM_0005337,SYN1000001762,ATM_SYN_5256,LOC_00340,2024-09-05T12:24:05+00:00,3000.0,SUCCESS,False,TXN_00053826
ATM_0005338,SYN1000009054,ATM_SYN_1166,LOC_00059,2024-09-06T11:45:39+00:00,1000.0,SUCCESS,False,TXN_00053827
ATM_0005339,SYN1000002772,ATM_SYN_1271,LOC_00012,2024-09-09T11:03:51+00:00,10000.0,SUCCESS,False,TXN_00053828
ATM_0005340,SYN1000000443,ATM_SYN_4016,LOC_00438,2024-08-30T09:27:24+00:00,3000.0,SUCCESS,False,TXN_00053829
ATM_0005341,SYN1000003520,ATM_SYN_9700,LOC_00264,2024-09-02T11:59:56+00:00,2000.0,SUCCESS,False,TXN_00053830
ATM_0005342,SYN1000008131,ATM_SYN_3115,LOC_00321,2024-08-19T12:45:54+00:00,5000.0,SUCCESS,False,TXN_00053831
ATM_0005343,SYN1000003014,ATM_SYN_8681,LOC_00496,2024-09-03T00:20:57+00:00,15000.0,SUCCESS,False,TXN_00053832
ATM_0005344,SYN1000004855,ATM_SYN_2383,LOC_00455,2024-08-03T04:05:55+00:00,5000.0,SUCCESS,False,TXN_00053833
ATM_0005345,SYN1000009599,ATM_SYN_9227,LOC_00055,2024-08-02T19:52:22+00:00,15000.0,SUCCESS,False,TXN_00053834
ATM_0005346,SYN1000005048,ATM_SYN_1378,LOC_00321,2024-09-01T22:07:47+00:00,1000.0,SUCCESS,False,TXN_00053835
ATM_0005347,SYN1000007251,ATM_SYN_5348,LOC_00019,2024-08-11T21:50:17+00:00,15000.0,SUCCESS,False,TXN_00053836
ATM_0005348,SYN1000006062,ATM_SYN_5508,LOC_00206,2024-09-06T01:21:53+00:00,3000.0,SUCCESS,False,TXN_00053837
ATM_0005349,SYN1000001276,ATM_SYN_9516,LOC_00024,2024-08-05T07:11:28+00:00,1000.0,SUCCESS,False,TXN_00053838
ATM_0005350,SYN1000004538,ATM_SYN_8184,LOC_00432,2024-08-27T07:04:53+00:00,2000.0,SUCCESS,False,TXN_00053839
ATM_0005351,SYN1000002279,ATM_SYN_4917,LOC_00130,2024-09-04T12:20:25+00:00,3000.0,SUCCESS,False,TXN_00053840
ATM_0005352,SYN1000006818,ATM_SYN_9467,LOC_00281,2024-09-09T22:14:29+00:00,20000.0,SUCCESS,False,TXN_00053841
ATM_0005353,SYN1000001757,ATM_SYN_8691,LOC_00200,2024-09-01T14:17:05+00:00,2000.0,SUCCESS,False,TXN_00053842
ATM_0005354,SYN1000007207,ATM_SYN_5865,LOC_00224,2024-08-28T00:12:04+00:00,3000.0,SUCCESS,False,TXN_00053843
ATM_0005355,SYN1000005102,ATM_SYN_1157,LOC_00482,2024-08-24T09:24:10+00:00,10000.0,SUCCESS,False,TXN_00053844
ATM_0005356,SYN1000009971,ATM_SYN_5961,LOC_00053,2024-08-11T11:21:28+00:00,3000.0,SUCCESS,False,TXN_00053845
ATM_0005357,SYN1000006226,ATM_SYN_4199,LOC_00151,2024-09-01T03:17:15+00:00,1000.0,SUCCESS,False,TXN_00053846
ATM_0005358,SYN1000005152,ATM_SYN_1331,LOC_00165,2024-08-20T16:51:08+00:00,3000.0,SUCCESS,False,TXN_00053847
ATM_0005359,SYN1000003335,ATM_SYN_1593,LOC_00364,2024-08-02T23:16:55+00:00,5000.0,SUCCESS,False,TXN_00053848
ATM_0005360,SYN1000001777,ATM_SYN_2844,LOC_00474,2024-08-21T21:48:12+00:00,15000.0,SUCCESS,False,TXN_00053849
ATM_0005361,SYN1000004660,ATM_SYN_3616,LOC_00358,2024-08-13T03:47:19+00:00,20000.0,SUCCESS,False,TXN_00053850
ATM_0005362,SYN1000004269,ATM_SYN_8371,LOC_00135,2024-08-03T13:31:04+00:00,1000.0,SUCCESS,False,TXN_00053851
ATM_0005363,SYN1000001207,ATM_SYN_3541,LOC_00186,2024-08-20T22:46:34+00:00,2000.0,SUCCESS,False,TXN_00053852
ATM_0005364,SYN1000000044,ATM_SYN_1002,LOC_00455,2024-08-06T13:52:51+00:00,3000.0,SUCCESS,False,TXN_00053853
ATM_0005365,SYN1000002527,ATM_SYN_4606,LOC_00340,2024-08-31T18:52:33+00:00,1000.0,SUCCESS,False,TXN_00053854
ATM_0005366,SYN1000007668,ATM_SYN_4343,LOC_00121,2024-08-17T09:45:02+00:00,10000.0,SUCCESS,False,TXN_00053855
ATM_0005367,SYN1000000341,ATM_SYN_1367,LOC_00224,2024-08-19T00:19:13+00:00,1000.0,SUCCESS,False,TXN_00053856
ATM_0005368,SYN1000004915,ATM_SYN_7652,LOC_00136,2024-09-06T19:20:20+00:00,2000.0,SUCCESS,False,TXN_00053857
ATM_0005369,SYN1000000371,ATM_SYN_3772,LOC_00156,2024-08-30T21:49:48+00:00,2000.0,SUCCESS,False,TXN_00053858
ATM_0005370,SYN1000009084,ATM_SYN_9864,LOC_00182,2024-08-13T15:30:27+00:00,15000.0,SUCCESS,False,TXN_00053859
ATM_0005371,SYN1000005211,ATM_SYN_5561,LOC_00025,2024-08-31T21:31:06+00:00,2000.0,SUCCESS,False,TXN_00053860
ATM_0005372,SYN1000006607,ATM_SYN_2698,LOC_00179,2024-08-03T19:34:58+00:00,3000.0,SUCCESS,False,TXN_00053861
ATM_0005373,SYN1000009858,ATM_SYN_4984,LOC_00370,2024-08-20T18:02:23+00:00,3000.0,SUCCESS,False,TXN_00053862
ATM_0005374,SYN1000004371,ATM_SYN_7285,LOC_00342,2024-09-02T10:12:25+00:00,5000.0,SUCCESS,False,TXN_00053863
ATM_0005375,SYN1000004711,ATM_SYN_5445,LOC_00188,2024-09-09T20:32:12+00:00,2000.0,SUCCESS,False,TXN_00053864
ATM_0005376,SYN1000001353,ATM_SYN_3528,LOC_00315,2024-08-17T20:29:20+00:00,10000.0,SUCCESS,False,TXN_00053865
ATM_0005377,SYN1000000419,ATM_SYN_3691,LOC_00063,2024-09-06T08:00:44+00:00,1000.0,SUCCESS,False,TXN_00053866
ATM_0005378,SYN1000002678,ATM_SYN_7145,LOC_00499,2024-08-12T10:05:54+00:00,2000.0,SUCCESS,False,TXN_00053867
ATM_0005379,SYN1000006477,ATM_SYN_4776,LOC_00479,2024-09-08T15:32:06+00:00,3000.0,SUCCESS,False,TXN_00053868
ATM_0005380,SYN1000008493,ATM_SYN_3689,LOC_00325,2024-08-28T21:16:19+00:00,5000.0,SUCCESS,False,TXN_00053869
ATM_0005381,SYN1000001451,ATM_SYN_8652,LOC_00207,2024-09-06T01:08:47+00:00,1000.0,SUCCESS,False,TXN_00053870
ATM_0005382,SYN1000007941,ATM_SYN_9885,LOC_00394,2024-08-05T04:50:57+00:00,2000.0,SUCCESS,False,TXN_00053871
ATM_0005383,SYN1000007422,ATM_SYN_3275,LOC_00037,2024-08-17T21:37:27+00:00,10000.0,SUCCESS,False,TXN_00053872
ATM_0005384,SYN1000001782,ATM_SYN_6676,LOC_00124,2024-08-04T12:21:44+00:00,3000.0,SUCCESS,False,TXN_00053873
ATM_0005385,SYN1000008059,ATM_SYN_5960,LOC_00079,2024-08-19T20:32:36+00:00,1000.0,SUCCESS,False,TXN_00053874
ATM_0005386,SYN1000006163,ATM_SYN_4589,LOC_00233,2024-08-21T07:28:39+00:00,3000.0,SUCCESS,False,TXN_00053875
ATM_0005387,SYN1000004856,ATM_SYN_8205,LOC_00357,2024-08-10T11:06:24+00:00,10000.0,SUCCESS,False,TXN_00053876
ATM_0005388,SYN1000000378,ATM_SYN_9895,LOC_00361,2024-08-07T23:34:13+00:00,10000.0,SUCCESS,False,TXN_00053877
ATM_0005389,SYN1000000821,ATM_SYN_5756,LOC_00084,2024-08-14T19:52:31+00:00,10000.0,SUCCESS,False,TXN_00053878
ATM_0005390,SYN1000002776,ATM_SYN_3231,LOC_00412,2024-08-27T14:31:33+00:00,10000.0,SUCCESS,False,TXN_00053879
ATM_0005391,SYN1000008244,ATM_SYN_4032,LOC_00241,2024-09-06T23:50:09+00:00,1000.0,SUCCESS,False,TXN_00053880
ATM_0005392,SYN1000009755,ATM_SYN_7599,LOC_00293,2024-09-04T14:02:14+00:00,20000.0,SUCCESS,False,TXN_00053881
ATM_0005393,SYN1000008345,ATM_SYN_5588,LOC_00043,2024-08-06T23:58:35+00:00,1000.0,SUCCESS,False,TXN_00053882
ATM_0005394,SYN1000006600,ATM_SYN_6022,LOC_00210,2024-08-16T03:28:23+00:00,1000.0,SUCCESS,False,TXN_00053883
ATM_0005395,SYN1000006001,ATM_SYN_9786,LOC_00161,2024-08-20T01:50:54+00:00,3000.0,SUCCESS,False,TXN_00053884
ATM_0005396,SYN1000004967,ATM_SYN_6732,LOC_00045,2024-09-05T19:14:39+00:00,1000.0,SUCCESS,False,TXN_00053885
ATM_0005397,SYN1000006021,ATM_SYN_3084,LOC_00452,2024-08-14T09:26:59+00:00,15000.0,SUCCESS,False,TXN_00053886
ATM_0005398,SYN1000003163,ATM_SYN_3306,LOC_00337,2024-08-28T05:17:57+00:00,5000.0,SUCCESS,False,TXN_00053887
ATM_0005399,SYN1000003326,ATM_SYN_9910,LOC_00284,2024-08-19T06:17:19+00:00,5000.0,SUCCESS,False,TXN_00053888
ATM_0005400,SYN1000001872,ATM_SYN_4795,LOC_00128,2024-08-29T14:21:23+00:00,3000.0,SUCCESS,False,TXN_00053889
ATM_0005401,SYN1000001256,ATM_SYN_8039,LOC_00392,2024-08-04T10:11:57+00:00,10000.0,SUCCESS,False,TXN_00053890
ATM_0005402,SYN1000005396,ATM_SYN_7496,LOC_00316,2024-08-17T09:07:51+00:00,3000.0,SUCCESS,False,TXN_00053891
ATM_0005403,SYN1000007504,ATM_SYN_2214,LOC_00492,2024-09-04T18:19:15+00:00,10000.0,SUCCESS,False,TXN_00053892
ATM_0005404,SYN1000000795,ATM_SYN_3367,LOC_00273,2024-08-28T19:19:30+00:00,1000.0,SUCCESS,False,TXN_00053893
ATM_0005405,SYN1000005795,ATM_SYN_9959,LOC_00441,2024-09-10T10:17:57+00:00,3000.0,SUCCESS,False,TXN_00053894
ATM_0005406,SYN1000003916,ATM_SYN_9969,LOC_00134,2024-08-20T00:34:06+00:00,20000.0,SUCCESS,False,TXN_00053895
ATM_0005407,SYN1000006912,ATM_SYN_1248,LOC_00302,2024-08-31T23:48:55+00:00,1000.0,SUCCESS,False,TXN_00053896
ATM_0005408,SYN1000001675,ATM_SYN_2810,LOC_00361,2024-08-15T07:01:36+00:00,20000.0,SUCCESS,False,TXN_00053897
ATM_0005409,SYN1000001610,ATM_SYN_2274,LOC_00191,2024-08-24T23:56:50+00:00,1000.0,SUCCESS,False,TXN_00053898
ATM_0005410,SYN1000002732,ATM_SYN_1047,LOC_00348,2024-08-10T00:14:17+00:00,20000.0,SUCCESS,False,TXN_00053899
ATM_0005411,SYN1000006181,ATM_SYN_9474,LOC_00484,2024-08-17T00:30:18+00:00,15000.0,SUCCESS,False,TXN_00053900
ATM_0005412,SYN1000005369,ATM_SYN_6580,LOC_00034,2024-09-03T07:39:13+00:00,2000.0,SUCCESS,False,TXN_00053901
ATM_0005413,SYN1000001339,ATM_SYN_8936,LOC_00114,2024-08-16T05:34:52+00:00,5000.0,SUCCESS,False,TXN_00053902
ATM_0005414,SYN1000003942,ATM_SYN_8084,LOC_00470,2024-09-02T19:20:57+00:00,3000.0,SUCCESS,False,TXN_00053903
ATM_0005415,SYN1000002931,ATM_SYN_1996,LOC_00043,2024-09-02T05:50:47+00:00,2000.0,SUCCESS,False,TXN_00053904
ATM_0005416,SYN1000009112,ATM_SYN_2378,LOC_00305,2024-08-04T16:07:48+00:00,10000.0,SUCCESS,False,TXN_00053905
ATM_0005417,SYN1000001134,ATM_SYN_7944,LOC_00268,2024-08-02T02:14:03+00:00,10000.0,SUCCESS,False,TXN_00053906
ATM_0005418,SYN1000008207,ATM_SYN_3208,LOC_00117,2024-08-10T00:43:05+00:00,5000.0,SUCCESS,False,TXN_00053907
ATM_0005419,SYN1000004040,ATM_SYN_1187,LOC_00075,2024-08-02T06:18:57+00:00,2000.0,SUCCESS,False,TXN_00053908
ATM_0005420,SYN1000009914,ATM_SYN_4494,LOC_00298,2024-08-05T17:24:54+00:00,15000.0,SUCCESS,False,TXN_00053909
ATM_0005421,SYN1000002520,ATM_SYN_5061,LOC_00019,2024-08-24T19:17:09+00:00,1000.0,SUCCESS,False,TXN_00053910
ATM_0005422,SYN1000006333,ATM_SYN_1207,LOC_00162,2024-08-27T16:21:11+00:00,5000.0,SUCCESS,False,TXN_00053911
ATM_0005423,SYN1000009700,ATM_SYN_7123,LOC_00079,2024-08-07T19:10:32+00:00,5000.0,SUCCESS,False,TXN_00053912
ATM_0005424,SYN1000005489,ATM_SYN_9659,LOC_00186,2024-08-09T02:28:21+00:00,1000.0,SUCCESS,False,TXN_00053913
ATM_0005425,SYN1000002354,ATM_SYN_2421,LOC_00217,2024-08-20T13:28:24+00:00,2000.0,SUCCESS,False,TXN_00053914
ATM_0005426,SYN1000005638,ATM_SYN_9932,LOC_00109,2024-08-17T21:43:29+00:00,3000.0,SUCCESS,False,TXN_00053915
ATM_0005427,SYN1000008747,ATM_SYN_4189,LOC_00118,2024-08-07T12:35:15+00:00,5000.0,SUCCESS,False,TXN_00053916
ATM_0005428,SYN1000005226,ATM_SYN_9331,LOC_00312,2024-08-04T03:41:46+00:00,1000.0,SUCCESS,False,TXN_00053917
ATM_0005429,SYN1000002524,ATM_SYN_4841,LOC_00479,2024-08-26T19:55:35+00:00,10000.0,SUCCESS,False,TXN_00053918
ATM_0005430,SYN1000003229,ATM_SYN_7942,LOC_00362,2024-08-04T13:16:25+00:00,2000.0,SUCCESS,False,TXN_00053919
ATM_0005431,SYN1000006349,ATM_SYN_2154,LOC_00045,2024-09-04T06:54:09+00:00,3000.0,SUCCESS,False,TXN_00053920
ATM_0005432,SYN1000008697,ATM_SYN_8771,LOC_00463,2024-09-10T03:13:10+00:00,3000.0,SUCCESS,False,TXN_00053921
ATM_0005433,SYN1000009528,ATM_SYN_5074,LOC_00046,2024-09-09T13:43:47+00:00,20000.0,SUCCESS,False,TXN_00053922
ATM_0005434,SYN1000000337,ATM_SYN_9153,LOC_00253,2024-08-25T06:17:05+00:00,1000.0,SUCCESS,False,TXN_00053923
ATM_0005435,SYN1000001177,ATM_SYN_4930,LOC_00070,2024-09-03T08:57:24+00:00,15000.0,SUCCESS,False,TXN_00053924
ATM_0005436,SYN1000004882,ATM_SYN_8405,LOC_00489,2024-08-13T15:22:55+00:00,5000.0,SUCCESS,False,TXN_00053925
ATM_0005437,SYN1000009265,ATM_SYN_9082,LOC_00142,2024-08-08T09:58:51+00:00,20000.0,SUCCESS,False,TXN_00053926
ATM_0005438,SYN1000004223,ATM_SYN_4974,LOC_00122,2024-08-22T21:00:18+00:00,2000.0,SUCCESS,False,TXN_00053927
ATM_0005439,SYN1000000232,ATM_SYN_4199,LOC_00427,2024-09-10T14:35:30+00:00,1000.0,SUCCESS,False,TXN_00053928
ATM_0005440,SYN1000004984,ATM_SYN_8286,LOC_00243,2024-08-19T09:13:13+00:00,5000.0,SUCCESS,False,TXN_00053929
ATM_0005441,SYN1000002965,ATM_SYN_4745,LOC_00025,2024-08-07T19:55:53+00:00,2000.0,SUCCESS,False,TXN_00053930
ATM_0005442,SYN1000007284,ATM_SYN_1164,LOC_00047,2024-08-02T14:46:22+00:00,20000.0,SUCCESS,False,TXN_00053931
ATM_0005443,SYN1000001919,ATM_SYN_2722,LOC_00137,2024-08-15T02:22:15+00:00,2000.0,SUCCESS,False,TXN_00053932
ATM_0005444,SYN1000008632,ATM_SYN_6086,LOC_00292,2024-08-21T17:32:30+00:00,3000.0,SUCCESS,False,TXN_00053933
ATM_0005445,SYN1000000254,ATM_SYN_8941,LOC_00010,2024-09-02T20:00:32+00:00,5000.0,SUCCESS,False,TXN_00053934
ATM_0005446,SYN1000008319,ATM_SYN_1726,LOC_00061,2024-09-09T13:53:44+00:00,15000.0,SUCCESS,False,TXN_00053935
ATM_0005447,SYN1000003477,ATM_SYN_4950,LOC_00335,2024-08-12T23:34:46+00:00,20000.0,SUCCESS,False,TXN_00053936
ATM_0005448,SYN1000004028,ATM_SYN_2787,LOC_00328,2024-08-04T12:03:46+00:00,5000.0,SUCCESS,False,TXN_00053937
ATM_0005449,SYN1000005001,ATM_SYN_7120,LOC_00244,2024-09-07T04:40:06+00:00,15000.0,SUCCESS,False,TXN_00053938
ATM_0005450,SYN1000009489,ATM_SYN_8414,LOC_00100,2024-09-05T16:44:10+00:00,1000.0,SUCCESS,False,TXN_00053939
ATM_0005451,SYN1000000050,ATM_SYN_7372,LOC_00132,2024-09-09T04:37:47+00:00,3000.0,SUCCESS,False,TXN_00053940
ATM_0005452,SYN1000008412,ATM_SYN_4818,LOC_00488,2024-08-28T01:21:24+00:00,5000.0,SUCCESS,False,TXN_00053941
ATM_0005453,SYN1000007834,ATM_SYN_7061,LOC_00472,2024-08-11T05:32:14+00:00,1000.0,SUCCESS,False,TXN_00053942
ATM_0005454,SYN1000007141,ATM_SYN_5100,LOC_00102,2024-09-02T21:38:17+00:00,1000.0,SUCCESS,False,TXN_00053943
ATM_0005455,SYN1000005659,ATM_SYN_8489,LOC_00489,2024-08-06T06:04:37+00:00,1000.0,SUCCESS,False,TXN_00053944
ATM_0005456,SYN1000002224,ATM_SYN_1491,LOC_00066,2024-09-03T07:37:49+00:00,2000.0,SUCCESS,False,TXN_00053945
ATM_0005457,SYN1000005505,ATM_SYN_6899,LOC_00339,2024-08-30T15:23:30+00:00,10000.0,SUCCESS,False,TXN_00053946
ATM_0005458,SYN1000002726,ATM_SYN_5229,LOC_00255,2024-08-07T00:36:28+00:00,3000.0,SUCCESS,False,TXN_00053947
ATM_0005459,SYN1000003310,ATM_SYN_5237,LOC_00341,2024-09-08T21:55:06+00:00,10000.0,SUCCESS,False,TXN_00053948
ATM_0005460,SYN1000007267,ATM_SYN_5001,LOC_00463,2024-09-01T12:40:45+00:00,1000.0,SUCCESS,False,TXN_00053949
ATM_0005461,SYN1000007408,ATM_SYN_7985,LOC_00039,2024-08-31T03:13:26+00:00,1000.0,SUCCESS,False,TXN_00053950
ATM_0005462,SYN1000007349,ATM_SYN_3957,LOC_00109,2024-08-05T23:23:01+00:00,15000.0,SUCCESS,False,TXN_00053951
ATM_0005463,SYN1000009172,ATM_SYN_2641,LOC_00060,2024-08-14T12:22:43+00:00,10000.0,SUCCESS,False,TXN_00053952
ATM_0005464,SYN1000006057,ATM_SYN_4190,LOC_00077,2024-09-03T02:18:49+00:00,10000.0,SUCCESS,False,TXN_00053953
ATM_0005465,SYN1000004998,ATM_SYN_6128,LOC_00136,2024-09-09T12:44:02+00:00,2000.0,SUCCESS,False,TXN_00053954
ATM_0005466,SYN1000009306,ATM_SYN_5385,LOC_00283,2024-08-24T02:30:20+00:00,2000.0,SUCCESS,False,TXN_00053955
ATM_0005467,SYN1000006231,ATM_SYN_1884,LOC_00378,2024-08-12T07:49:44+00:00,2000.0,SUCCESS,False,TXN_00053956
ATM_0005468,SYN1000000506,ATM_SYN_1114,LOC_00449,2024-08-25T22:48:48+00:00,20000.0,SUCCESS,False,TXN_00053957
ATM_0005469,SYN1000007317,ATM_SYN_2687,LOC_00497,2024-09-07T01:00:11+00:00,5000.0,SUCCESS,False,TXN_00053958
ATM_0005470,SYN1000008179,ATM_SYN_7921,LOC_00326,2024-08-11T07:46:47+00:00,20000.0,SUCCESS,False,TXN_00053959
ATM_0005471,SYN1000007532,ATM_SYN_9376,LOC_00176,2024-08-25T03:10:48+00:00,10000.0,SUCCESS,False,TXN_00053960
ATM_0005472,SYN1000004827,ATM_SYN_1297,LOC_00463,2024-08-18T17:33:22+00:00,1000.0,SUCCESS,False,TXN_00053961
ATM_0005473,SYN1000008657,ATM_SYN_1522,LOC_00415,2024-08-31T10:09:10+00:00,1000.0,SUCCESS,False,TXN_00053962
ATM_0005474,SYN1000006655,ATM_SYN_7167,LOC_00327,2024-08-24T11:54:09+00:00,5000.0,SUCCESS,False,TXN_00053963
ATM_0005475,SYN1000003487,ATM_SYN_3391,LOC_00167,2024-08-04T09:46:30+00:00,15000.0,SUCCESS,False,TXN_00053964
ATM_0005476,SYN1000005574,ATM_SYN_1903,LOC_00008,2024-09-07T02:38:33+00:00,1000.0,SUCCESS,False,TXN_00053965
ATM_0005477,SYN1000007500,ATM_SYN_3398,LOC_00378,2024-09-09T01:19:23+00:00,20000.0,SUCCESS,False,TXN_00053966
ATM_0005478,SYN1000001204,ATM_SYN_3878,LOC_00273,2024-09-05T12:57:01+00:00,5000.0,SUCCESS,False,TXN_00053967
ATM_0005479,SYN1000008593,ATM_SYN_4508,LOC_00043,2024-08-31T13:02:42+00:00,5000.0,SUCCESS,False,TXN_00053968
ATM_0005480,SYN1000008622,ATM_SYN_3648,LOC_00195,2024-08-14T13:58:06+00:00,20000.0,SUCCESS,False,TXN_00053969
ATM_0005481,SYN1000004986,ATM_SYN_7734,LOC_00287,2024-08-18T15:42:34+00:00,2000.0,SUCCESS,False,TXN_00053970
ATM_0005482,SYN1000006340,ATM_SYN_4119,LOC_00059,2024-08-19T19:38:41+00:00,3000.0,SUCCESS,False,TXN_00053971
ATM_0005483,SYN1000007267,ATM_SYN_2189,LOC_00319,2024-08-31T05:00:48+00:00,10000.0,SUCCESS,False,TXN_00053972
ATM_0005484,SYN1000003541,ATM_SYN_4233,LOC_00338,2024-09-07T12:36:22+00:00,2000.0,SUCCESS,False,TXN_00053973
ATM_0005485,SYN1000000693,ATM_SYN_9650,LOC_00016,2024-08-03T10:56:12+00:00,5000.0,SUCCESS,False,TXN_00053974
ATM_0005486,SYN1000009268,ATM_SYN_5901,LOC_00482,2024-08-24T06:50:47+00:00,15000.0,SUCCESS,False,TXN_00053975
ATM_0005487,SYN1000006555,ATM_SYN_3039,LOC_00054,2024-08-07T05:49:17+00:00,3000.0,SUCCESS,False,TXN_00053976
ATM_0005488,SYN1000006442,ATM_SYN_4758,LOC_00331,2024-08-02T09:57:42+00:00,10000.0,SUCCESS,False,TXN_00053977
ATM_0005489,SYN1000000422,ATM_SYN_7161,LOC_00378,2024-08-07T13:31:16+00:00,10000.0,SUCCESS,False,TXN_00053978
ATM_0005490,SYN1000003150,ATM_SYN_7045,LOC_00361,2024-08-10T16:40:54+00:00,3000.0,SUCCESS,False,TXN_00053979
ATM_0005491,SYN1000000243,ATM_SYN_7724,LOC_00113,2024-09-08T08:06:16+00:00,1000.0,SUCCESS,False,TXN_00053980
ATM_0005492,SYN1000000824,ATM_SYN_7143,LOC_00500,2024-08-30T13:52:43+00:00,10000.0,SUCCESS,False,TXN_00053981
ATM_0005493,SYN1000000360,ATM_SYN_7602,LOC_00482,2024-08-25T07:33:45+00:00,10000.0,SUCCESS,False,TXN_00053982
ATM_0005494,SYN1000007853,ATM_SYN_6237,LOC_00391,2024-09-10T23:20:09+00:00,3000.0,SUCCESS,False,TXN_00053983
ATM_0005495,SYN1000009528,ATM_SYN_9190,LOC_00253,2024-08-09T18:55:35+00:00,3000.0,SUCCESS,False,TXN_00053984
ATM_0005496,SYN1000000804,ATM_SYN_9939,LOC_00278,2024-08-10T04:26:50+00:00,10000.0,SUCCESS,False,TXN_00053985
ATM_0005497,SYN1000003029,ATM_SYN_6581,LOC_00331,2024-08-27T19:53:51+00:00,1000.0,SUCCESS,False,TXN_00053986
ATM_0005498,SYN1000001713,ATM_SYN_9874,LOC_00496,2024-08-15T08:16:39+00:00,3000.0,SUCCESS,False,TXN_00053987
ATM_0005499,SYN1000006382,ATM_SYN_5656,LOC_00408,2024-08-07T22:03:04+00:00,1000.0,SUCCESS,False,TXN_00053988
ATM_0005500,SYN1000009055,ATM_SYN_8931,LOC_00344,2024-08-18T13:21:10+00:00,10000.0,SUCCESS,False,TXN_00053989
