phone_number,operator,circle,customer_id,device_id,sim_activation_date,is_virtual_voip,is_suspect,cluster_id
+919811463196,Vodafone Idea (Vi),TS,CUST_0000001,DEV_0000001,2023-01-10,False,False,NONE
+919892712247,BSNL Mobile,DL,CUST_0000002,DEV_0000002,2023-01-10,False,False,NONE
+919863347695,Airtel India,TS,CUST_0000003,DEV_0000003,2023-01-10,False,False,NONE
+919847985429,BSNL Mobile,TS,CUST_0000004,DEV_0000004,2023-01-10,False,False,NONE
+919819353121,Jio 5G,DL,CUST_0000005,DEV_0000005,2023-01-10,False,False,NONE
+919842041978,Airtel India,RJ,CUST_0000006,DEV_0000006,2023-01-10,False,False,NONE
+919830086834,Vodafone Idea (Vi),KA,CUST_0000007,DEV_0000007,2023-01-10,False,False,NONE
+919813657012,BSNL Mobile,KA,CUST_0000008,DEV_0000008,2023-01-10,False,False,NONE
+919828910077,BSNL Mobile,WB,CUST_0000009,DEV_0000009,2023-01-10,False,False,NONE
+919818594320,BSNL Mobile,WB,CUST_0000010,DEV_0000010,2023-01-10,False,False,NONE
+919852225288,Jio 5G,TS,CUST_0000011,DEV_0000011,2023-01-10,False,False,NONE
+919860808889,BSNL Mobile,HR,CUST_0000012,DEV_0000012,2023-01-10,False,False,NONE
+919852081554,BSNL Mobile,MH,CUST_0000013,DEV_0000013,2023-01-10,False,False,NONE
+919887264047,Vodafone Idea (Vi),DL,CUST_0000014,DEV_0000014,2023-01-10,False,False,NONE
+919885784647,BSNL Mobile,TS,CUST_0000015,DEV_0000015,2023-01-10,False,False,NONE
+919882565870,Airtel India,KA,CUST_0000016,DEV_0000016,2023-01-10,False,False,NONE
+919857823315,Vodafone Idea (Vi),TS,CUST_0000017,DEV_0000017,2023-01-10,False,False,NONE
+919864301308,Airtel India,KA,CUST_0000018,DEV_0000018,2023-01-10,False,False,NONE
+919882729435,BSNL Mobile,JH,CUST_0000019,DEV_0000019,2023-01-10,False,False,NONE
+919892637129,Airtel India,JH,CUST_0000020,DEV_0000020,2023-01-10,False,False,NONE
+919849445577,Vodafone Idea (Vi),MH,CUST_0000021,DEV_0000021,2023-01-10,False,True,NONE
+919831994170,BSNL Mobile,JH,CUST_0000022,DEV_0000022,2023-01-10,False,False,NONE
+919831676237,Jio 5G,RJ,CUST_0000023,DEV_0000023,2023-01-10,False,False,NONE
+919850335010,Vodafone Idea (Vi),MH,CUST_0000024,DEV_0000024,2023-01-10,False,False,NONE
+919833318572,Airtel India,GJ,CUST_0000025,DEV_0000025,2023-01-10,False,False,NONE
+919824662661,Vodafone Idea (Vi),WB,CUST_0000026,DEV_0000026,2023-01-10,False,True,NONE
+919853952620,Vodafone Idea (Vi),RJ,CUST_0000027,DEV_0000027,2023-01-10,False,False,NONE
+919871824340,Jio 5G,RJ,CUST_0000028,DEV_0000028,2023-01-10,False,False,NONE
+919842969062,Vodafone Idea (Vi),RJ,CUST_0000029,DEV_0000029,2023-01-10,False,False,NONE
+919877708390,Airtel India,DL,CUST_0000030,DEV_0000030,2023-01-10,False,False,NONE
+919829918992,Jio 5G,GJ,CUST_0000031,DEV_0000031,2023-01-10,False,False,NONE
+919841685455,Jio 5G,WB,CUST_0000032,DEV_0000032,2023-01-10,False,False,NONE
+919830928092,Airtel India,HR,CUST_0000033,DEV_0000033,2023-01-10,False,False,NONE
+919810856561,Vodafone Idea (Vi),GJ,CUST_0000034,DEV_0000034,2023-01-10,False,True,NONE
+919829512970,Airtel India,TS,CUST_0000035,DEV_0000035,2023-01-10,False,False,NONE
+919825667795,Jio 5G,TS,CUST_0000036,DEV_0000036,2023-01-10,False,False,NONE
+919859397082,Vodafone Idea (Vi),RJ,CUST_0000037,DEV_0000037,2023-01-10,False,False,NONE
+919856071738,Jio 5G,KA,CUST_0000038,DEV_0000038,2023-01-10,False,False,NONE
+919835289998,Jio 5G,MH,CUST_0000039,DEV_0000039,2023-01-10,False,False,NONE
+919864381109,Vodafone Idea (Vi),DL,CUST_0000040,DEV_0000040,2023-01-10,False,False,NONE
+919824545228,Jio 5G,DL,CUST_0000041,DEV_0000041,2023-01-10,False,False,NONE
+919812793093,Airtel India,TS,CUST_0000042,DEV_0000042,2023-01-10,False,False,NONE
+919879960137,Airtel India,HR,CUST_0000043,DEV_0000043,2023-01-10,False,False,NONE
+919832459639,Airtel India,TS,CUST_0000044,DEV_0000044,2023-01-10,False,False,NONE
+919869132350,Vodafone Idea (Vi),TS,CUST_0000045,DEV_0000045,2023-01-10,False,False,NONE
+919839144702,Vodafone Idea (Vi),TS,CUST_0000046,DEV_0000046,2023-01-10,False,False,NONE
+919821801155,Airtel India,KA,CUST_0000047,DEV_0000047,2023-01-10,False,False,NONE
+919819657604,BSNL Mobile,KA,CUST_0000048,DEV_0000048,2023-01-10,False,False,NONE
+919889584929,Airtel India,GJ,CUST_0000049,DEV_0000049,2023-01-10,False,False,NONE
+919896432694,Airtel India,UP,CUST_0000050,DEV_0000050,2023-01-10,False,False,NONE
+919852291611,Jio 5G,DL,CUST_0000051,DEV_0000051,2023-01-10,False,False,NONE
+919812418443,Airtel India,WB,CUST_0000052,DEV_0000052,2023-01-10,False,False,NONE
+919819547867,Vodafone Idea (Vi),DL,CUST_0000053,DEV_0000053,2023-01-10,False,False,NONE
+919867567839,Vodafone Idea (Vi),WB,CUST_0000054,DEV_0000054,2023-01-10,False,False,NONE
+919857856164,Jio 5G,GJ,CUST_0000055,DEV_0000055,2023-01-10,False,False,NONE
+919824160307,Airtel India,WB,CUST_0000056,DEV_0000056,2023-01-10,False,False,NONE
+919884259144,Vodafone Idea (Vi),WB,CUST_0000057,DEV_0000057,2023-01-10,False,False,NONE
+919838559398,Airtel India,JH,CUST_0000058,DEV_0000058,2023-01-10,False,False,NONE
+919851041905,Vodafone Idea (Vi),JH,CUST_0000059,DEV_0000059,2023-01-10,False,False,NONE
+919884974762,Vodafone Idea (Vi),RJ,CUST_0000060,DEV_0000060,2023-01-10,False,False,NONE
+919898729071,Airtel India,HR,CUST_0000061,DEV_0000061,2023-01-10,False,False,NONE
+919825737297,Airtel India,MH,CUST_0000062,DEV_0000062,2023-01-10,False,False,NONE
+919853273987,Jio 5G,HR,CUST_0000063,DEV_0000063,2023-01-10,False,True,NONE
+919862454474,Vodafone Idea (Vi),MH,CUST_0000064,DEV_0000064,2023-01-10,False,False,NONE
+919816980800,Airtel India,MH,CUST_0000065,DEV_0000065,2023-01-10,False,True,NONE
+919811667924,Airtel India,DL,CUST_0000066,DEV_0000066,2023-01-10,False,False,NONE
+919814814714,Jio 5G,MH,CUST_0000067,DEV_0000067,2023-01-10,False,False,NONE
+919811304548,BSNL Mobile,TS,CUST_0000068,DEV_0000068,2023-01-10,False,False,NONE
+919848253303,Vodafone Idea (Vi),HR,CUST_0000069,DEV_0000069,2023-01-10,False,False,NONE
+919816686478,Vodafone Idea (Vi),UP,CUST_0000070,DEV_0000070,2023-01-10,False,False,NONE
+919832725195,Vodafone Idea (Vi),HR,CUST_0000071,DEV_0000071,2023-01-10,False,False,NONE
+919832663142,Airtel India,KA,CUST_0000072,DEV_0000072,2023-01-10,False,True,NONE
+919859698599,Vodafone Idea (Vi),GJ,CUST_0000073,DEV_0000073,2023-01-10,False,False,NONE
+919898472875,Airtel India,UP,CUST_0000074,DEV_0000074,2023-01-10,False,True,NONE
+919868887860,Vodafone Idea (Vi),HR,CUST_0000075,DEV_0000075,2023-01-10,False,False,NONE
+919849136138,Vodafone Idea (Vi),WB,CUST_0000076,DEV_0000076,2023-01-10,False,False,NONE
+919881078671,Airtel India,DL,CUST_0000077,DEV_0000077,2023-01-10,False,False,NONE
+919899423037,Airtel India,WB,CUST_0000078,DEV_0000078,2023-01-10,False,False,NONE
+919816594282,Airtel India,JH,CUST_0000079,DEV_0000079,2023-01-10,False,False,NONE
+919828952152,Jio 5G,KA,CUST_0000080,DEV_0000080,2023-01-10,False,False,NONE
+919847011431,Airtel India,DL,CUST_0000081,DEV_0000081,2023-01-10,False,False,NONE
+919826523059,Jio 5G,GJ,CUST_0000082,DEV_0000082,2023-01-10,False,False,NONE
+919818239792,Jio 5G,UP,CUST_0000083,DEV_0000083,2023-01-10,False,False,NONE
+919873061160,Jio 5G,UP,CUST_0000084,DEV_0000084,2023-01-10,False,False,NONE
+919885878283,BSNL Mobile,TS,CUST_0000085,DEV_0000085,2023-01-10,False,False,NONE
+919866357972,Vodafone Idea (Vi),DL,CUST_0000086,DEV_0000086,2023-01-10,False,False,NONE
+919856489978,Jio 5G,JH,CUST_0000087,DEV_0000087,2023-01-10,False,False,NONE
+919821593043,Vodafone Idea (Vi),MH,CUST_0000088,DEV_0000088,2023-01-10,False,False,NONE
+919850617466,BSNL Mobile,HR,CUST_0000089,DEV_0000089,2023-01-10,False,False,NONE
+919884600837,Airtel India,WB,CUST_0000090,DEV_0000090,2023-01-10,False,False,NONE
+919862131407,Vodafone Idea (Vi),TS,CUST_0000091,DEV_0000091,2023-01-10,False,False,NONE
+919850419790,Vodafone Idea (Vi),WB,CUST_0000092,DEV_0000092,2023-01-10,False,False,NONE
+919894200862,Airtel India,GJ,CUST_0000093,DEV_0000093,2023-01-10,False,False,NONE
+919842065774,Jio 5G,HR,CUST_0000094,DEV_0000094,2023-01-10,False,False,NONE
+919816979949,Vodafone Idea (Vi),TS,CUST_0000095,DEV_0000095,2023-01-10,False,False,NONE
+919872053011,Vodafone Idea (Vi),JH,CUST_0000096,DEV_0000096,2023-01-10,False,False,NONE
+919872455277,Airtel India,HR,CUST_0000097,DEV_0000097,2023-01-10,False,True,NONE
+919877289062,Jio 5G,GJ,CUST_0000098,DEV_0000098,2023-01-10,False,False,NONE
+919859095736,BSNL Mobile,KA,CUST_0000099,DEV_0000099,2023-01-10,False,False,NONE
+919869064843,Airtel India,DL,CUST_0000100,DEV_0000100,2023-01-10,False,False,NONE
+919826619700,Vodafone Idea (Vi),JH,CUST_0000101,DEV_0000101,2023-01-10,False,False,NONE
+919839805291,BSNL Mobile,UP,CUST_0000102,DEV_0000102,2023-01-10,False,False,NONE
+919879146368,BSNL Mobile,WB,CUST_0000103,DEV_0000103,2023-01-10,False,False,NONE
+919886479785,Vodafone Idea (Vi),GJ,CUST_0000104,DEV_0000104,2023-01-10,False,True,NONE
+919842218131,Vodafone Idea (Vi),GJ,CUST_0000105,DEV_0000105,2023-01-10,False,False,NONE
+919822987864,Airtel India,HR,CUST_0000106,DEV_0000106,2023-01-10,False,False,NONE
+919853046199,Jio 5G,DL,CUST_0000107,DEV_0000107,2023-01-10,False,False,NONE
+919838048829,BSNL Mobile,TS,CUST_0000108,DEV_0000108,2023-01-10,False,False,NONE
+919843636005,Jio 5G,HR,CUST_0000109,DEV_0000109,2023-01-10,False,False,NONE
+919819902380,BSNL Mobile,KA,CUST_0000110,DEV_0000110,2023-01-10,False,False,NONE
+919856302342,Jio 5G,UP,CUST_0000111,DEV_0000111,2023-01-10,False,False,NONE
+919896976228,Airtel India,MH,CUST_0000112,DEV_0000112,2023-01-10,False,False,NONE
+919888700706,Jio 5G,JH,CUST_0000113,DEV_0000113,2023-01-10,False,False,NONE
+919890653051,BSNL Mobile,UP,CUST_0000114,DEV_0000114,2023-01-10,False,False,NONE
+919880839698,Airtel India,TS,CUST_0000115,DEV_0000115,2023-01-10,False,False,NONE
+919865366593,BSNL Mobile,DL,CUST_0000116,DEV_0000116,2023-01-10,False,False,NONE
+919833761927,BSNL Mobile,RJ,CUST_0000117,DEV_0000117,2023-01-10,False,False,NONE
+919824234775,BSNL Mobile,RJ,CUST_0000118,DEV_0000118,2023-01-10,False,False,NONE
+919852267556,Airtel India,KA,CUST_0000119,DEV_0000119,2023-01-10,False,False,NONE
+919817343505,Airtel India,DL,CUST_0000120,DEV_0000120,2023-01-10,False,False,NONE
+919862413956,Airtel India,UP,CUST_0000121,DEV_0000121,2023-01-10,False,False,NONE
+919855780475,Vodafone Idea (Vi),GJ,CUST_0000122,DEV_0000122,2023-01-10,False,False,NONE
+919845046344,BSNL Mobile,WB,CUST_0000123,DEV_0000123,2023-01-10,False,False,NONE
+919869024173,Airtel India,TS,CUST_0000124,DEV_0000124,2023-01-10,False,False,NONE
+919879000858,BSNL Mobile,GJ,CUST_0000125,DEV_0000125,2023-01-10,False,False,NONE
+919828940222,Vodafone Idea (Vi),UP,CUST_0000126,DEV_0000126,2023-01-10,False,False,NONE
+919857492409,Airtel India,KA,CUST_0000127,DEV_0000127,2023-01-10,False,False,NONE
+919886922129,BSNL Mobile,MH,CUST_0000128,DEV_0000128,2023-01-10,True,True,NONE
+919831972117,Vodafone Idea (Vi),RJ,CUST_0000129,DEV_0000129,2023-01-10,False,False,NONE
+919882339458,Airtel India,HR,CUST_0000130,DEV_0000130,2023-01-10,False,False,NONE
+919863468819,Jio 5G,JH,CUST_0000131,DEV_0000131,2023-01-10,False,False,NONE
+919828027574,BSNL Mobile,GJ,CUST_0000132,DEV_0000132,2023-01-10,False,False,NONE
+919835027090,Airtel India,TS,CUST_0000133,DEV_0000133,2023-01-10,False,False,NONE
+919874602422,Vodafone Idea (Vi),MH,CUST_0000134,DEV_0000134,2023-01-10,False,False,NONE
+919881093539,Airtel India,TS,CUST_0000135,DEV_0000135,2023-01-10,False,False,NONE
+919852919694,Airtel India,GJ,CUST_0000136,DEV_0000136,2023-01-10,False,False,NONE
+919884043803,Jio 5G,UP,CUST_0000137,DEV_0000137,2023-01-10,False,False,NONE
+919815935558,Jio 5G,JH,CUST_0000138,DEV_0000138,2023-01-10,False,False,NONE
+919837760079,BSNL Mobile,JH,CUST_0000139,DEV_0000139,2023-01-10,False,False,NONE
+919849669568,BSNL Mobile,GJ,CUST_0000140,DEV_0000140,2023-01-10,False,False,NONE
+919833158296,Vodafone Idea (Vi),JH,CUST_0000141,DEV_0000141,2023-01-10,False,False,NONE
+919883195872,Airtel India,UP,CUST_0000142,DEV_0000142,2023-01-10,False,False,NONE
+919816078337,Airtel India,TS,CUST_0000143,DEV_0000143,2023-01-10,False,False,NONE
+919837880670,BSNL Mobile,MH,CUST_0000144,DEV_0000144,2023-01-10,False,False,NONE
+919873088768,BSNL Mobile,KA,CUST_0000145,DEV_0000145,2023-01-10,False,False,NONE
+919861438968,Airtel India,JH,CUST_0000146,DEV_0000146,2023-01-10,False,False,NONE
+919874463518,Airtel India,GJ,CUST_0000147,DEV_0000147,2023-01-10,False,False,NONE
+919856529007,Airtel India,TS,CUST_0000148,DEV_0000148,2023-01-10,False,False,NONE
+919876387407,Vodafone Idea (Vi),UP,CUST_0000149,DEV_0000149,2023-01-10,False,False,NONE
+919875781021,Airtel India,MH,CUST_0000150,DEV_0000150,2023-01-10,False,False,NONE
+919871814511,Vodafone Idea (Vi),KA,CUST_0000151,DEV_0000151,2023-01-10,False,False,NONE
+919849112912,Airtel India,KA,CUST_0000152,DEV_0000152,2023-01-10,False,False,NONE
+919885751444,Vodafone Idea (Vi),WB,CUST_0000153,DEV_0000153,2023-01-10,False,False,NONE
+919872372328,Vodafone Idea (Vi),JH,CUST_0000154,DEV_0000154,2023-01-10,False,False,NONE
+919823821822,Airtel India,KA,CUST_0000155,DEV_0000155,2023-01-10,False,False,NONE
+919844743014,Jio 5G,TS,CUST_0000156,DEV_0000156,2023-01-10,False,False,NONE
+919890023631,Vodafone Idea (Vi),KA,CUST_0000157,DEV_0000157,2023-01-10,False,False,NONE
+919859881545,Jio 5G,RJ,CUST_0000158,DEV_0000158,2023-01-10,False,False,NONE
+919821996072,Jio 5G,UP,CUST_0000159,DEV_0000159,2023-01-10,False,False,NONE
+919813239725,Vodafone Idea (Vi),TS,CUST_0000160,DEV_0000160,2023-01-10,False,False,NONE
+919815472089,Jio 5G,MH,CUST_0000161,DEV_0000161,2023-01-10,False,False,NONE
+919856964356,Jio 5G,WB,CUST_0000162,DEV_0000162,2023-01-10,False,False,NONE
+919888508582,Airtel India,RJ,CUST_0000163,DEV_0000163,2023-01-10,False,False,NONE
+919829910865,Jio 5G,DL,CUST_0000164,DEV_0000164,2023-01-10,False,False,NONE
+919828182207,Airtel India,WB,CUST_0000165,DEV_0000165,2023-01-10,False,True,NONE
+919877202248,Vodafone Idea (Vi),UP,CUST_0000166,DEV_0000166,2023-01-10,False,False,NONE
+919878597828,Vodafone Idea (Vi),KA,CUST_0000167,DEV_0000167,2023-01-10,False,True,NONE
+919834909265,Airtel India,MH,CUST_0000168,DEV_0000168,2023-01-10,False,False,NONE
+919842984490,Vodafone Idea (Vi),MH,CUST_0000169,DEV_0000169,2023-01-10,False,False,NONE
+919850683554,Jio 5G,MH,CUST_0000170,DEV_0000170,2023-01-10,False,False,NONE
+919850371967,Airtel India,KA,CUST_0000171,DEV_0000171,2023-01-10,False,False,NONE
+919834705971,BSNL Mobile,WB,CUST_0000172,DEV_0000172,2023-01-10,False,False,NONE
+919822299830,BSNL Mobile,WB,CUST_0000173,DEV_0000173,2023-01-10,False,False,NONE
+919828643913,Jio 5G,JH,CUST_0000174,DEV_0000174,2023-01-10,False,False,NONE
+919821890482,Airtel India,RJ,CUST_0000175,DEV_0000175,2023-01-10,False,True,NONE
+919860925633,Vodafone Idea (Vi),DL,CUST_0000176,DEV_0000176,2023-01-10,False,True,NONE
+919832950691,Airtel India,WB,CUST_0000177,DEV_0000177,2023-01-10,False,False,NONE
+919889168476,Airtel India,WB,CUST_0000178,DEV_0000178,2023-01-10,False,False,NONE
+919893679269,Airtel India,JH,CUST_0000179,DEV_0000179,2023-01-10,False,False,NONE
+919874640696,Vodafone Idea (Vi),DL,CUST_0000180,DEV_0000180,2023-01-10,False,False,NONE
+919816741615,BSNL Mobile,HR,CUST_0000181,DEV_0000181,2023-01-10,False,False,NONE
+919836378819,Jio 5G,GJ,CUST_0000182,DEV_0000182,2023-01-10,False,False,NONE
+919829663510,Airtel India,JH,CUST_0000183,DEV_0000183,2023-01-10,False,False,NONE
+919846821840,BSNL Mobile,GJ,CUST_0000184,DEV_0000184,2023-01-10,False,False,NONE
+919826185213,Vodafone Idea (Vi),KA,CUST_0000185,DEV_0000185,2023-01-10,False,False,NONE
+919862453233,Jio 5G,TS,CUST_0000186,DEV_0000186,2023-01-10,True,True,NONE
+919839033324,Jio 5G,HR,CUST_0000187,DEV_0000187,2023-01-10,False,False,NONE
+919841907354,BSNL Mobile,HR,CUST_0000188,DEV_0000188,2023-01-10,False,False,NONE
+919893049865,Jio 5G,UP,CUST_0000189,DEV_0000189,2023-01-10,False,False,NONE
+919897117095,BSNL Mobile,KA,CUST_0000190,DEV_0000190,2023-01-10,False,False,NONE
+919876390845,Jio 5G,GJ,CUST_0000191,DEV_0000191,2023-01-10,False,False,NONE
+919825607112,Airtel India,KA,CUST_0000192,DEV_0000192,2023-01-10,False,True,NONE
+919831533302,Jio 5G,UP,CUST_0000193,DEV_0000193,2023-01-10,True,True,NONE
+919869821727,Jio 5G,HR,CUST_0000194,DEV_0000194,2023-01-10,False,False,NONE
+919851334841,BSNL Mobile,DL,CUST_0000195,DEV_0000195,2023-01-10,False,False,NONE
+919855767976,BSNL Mobile,TS,CUST_0000196,DEV_0000196,2023-01-10,False,False,NONE
+919871398505,Jio 5G,GJ,CUST_0000197,DEV_0000197,2023-01-10,False,False,NONE
+919866954850,Airtel India,KA,CUST_0000198,DEV_0000198,2023-01-10,False,False,NONE
+919889861806,Airtel India,HR,CUST_0000199,DEV_0000199,2023-01-10,False,True,NONE
+919875003212,Jio 5G,MH,CUST_0000200,DEV_0000200,2023-01-10,False,False,NONE
+919859587425,Airtel India,GJ,CUST_0000201,DEV_0000201,2023-01-10,False,False,NONE
+919816992490,BSNL Mobile,DL,CUST_0000202,DEV_0000202,2023-01-10,False,False,NONE
+919815434176,Vodafone Idea (Vi),WB,CUST_0000203,DEV_0000203,2023-01-10,False,False,NONE
+919827880208,BSNL Mobile,HR,CUST_0000204,DEV_0000204,2023-01-10,False,False,NONE
+919854522214,Airtel India,UP,CUST_0000205,DEV_0000205,2023-01-10,False,False,NONE
+919826370428,Airtel India,TS,CUST_0000206,DEV_0000206,2023-01-10,False,False,NONE
+919830970390,BSNL Mobile,WB,CUST_0000207,DEV_0000207,2023-01-10,True,True,NONE
+919857295690,BSNL Mobile,GJ,CUST_0000208,DEV_0000208,2023-01-10,False,False,NONE
+919898537337,Airtel India,WB,CUST_0000209,DEV_0000209,2023-01-10,False,False,NONE
+919874319844,Jio 5G,UP,CUST_0000210,DEV_0000210,2023-01-10,False,False,NONE
+919880494166,BSNL Mobile,RJ,CUST_0000211,DEV_0000211,2023-01-10,False,False,NONE
+919848608702,Airtel India,JH,CUST_0000212,DEV_0000212,2023-01-10,False,False,NONE
+919887296009,Jio 5G,UP,CUST_0000213,DEV_0000213,2023-01-10,False,False,NONE
+919897073041,BSNL Mobile,GJ,CUST_0000214,DEV_0000214,2023-01-10,False,False,NONE
+919841322072,Airtel India,GJ,CUST_0000215,DEV_0000215,2023-01-10,False,False,NONE
+919897986472,BSNL Mobile,TS,CUST_0000216,DEV_0000216,2023-01-10,False,False,NONE
+919816283928,Vodafone Idea (Vi),TS,CUST_0000217,DEV_0000217,2023-01-10,False,False,NONE
+919814537479,BSNL Mobile,JH,CUST_0000218,DEV_0000218,2023-01-10,False,False,NONE
+919867418003,Airtel India,KA,CUST_0000219,DEV_0000219,2023-01-10,False,False,NONE
+919825411289,Vodafone Idea (Vi),UP,CUST_0000220,DEV_0000220,2023-01-10,False,False,NONE
+919821827661,BSNL Mobile,UP,CUST_0000221,DEV_0000221,2023-01-10,False,False,NONE
+919891236627,Jio 5G,HR,CUST_0000222,DEV_0000222,2023-01-10,False,False,NONE
+919853783664,Jio 5G,GJ,CUST_0000223,DEV_0000223,2023-01-10,False,False,NONE
+919886504748,Vodafone Idea (Vi),HR,CUST_0000224,DEV_0000224,2023-01-10,False,False,NONE
+919875776122,Jio 5G,GJ,CUST_0000225,DEV_0000225,2023-01-10,False,False,NONE
+919811660798,Vodafone Idea (Vi),JH,CUST_0000226,DEV_0000226,2023-01-10,False,False,NONE
+919811807550,Airtel India,DL,CUST_0000227,DEV_0000227,2023-01-10,False,True,NONE
+919839407641,Jio 5G,WB,CUST_0000228,DEV_0000228,2023-01-10,False,False,NONE
+919890428086,Airtel India,WB,CUST_0000229,DEV_0000229,2023-01-10,False,False,NONE
+919863911386,BSNL Mobile,GJ,CUST_0000230,DEV_0000230,2023-01-10,False,False,NONE
+919882131442,Vodafone Idea (Vi),RJ,CUST_0000231,DEV_0000231,2023-01-10,False,False,NONE
+919815135292,Jio 5G,GJ,CUST_0000232,DEV_0000232,2023-01-10,False,False,NONE
+919821323778,BSNL Mobile,GJ,CUST_0000233,DEV_0000233,2023-01-10,False,False,NONE
+919890777892,BSNL Mobile,MH,CUST_0000234,DEV_0000234,2023-01-10,False,False,NONE
+919867080050,Airtel India,JH,CUST_0000235,DEV_0000235,2023-01-10,False,False,NONE
+919811494081,BSNL Mobile,TS,CUST_0000236,DEV_0000236,2023-01-10,False,False,NONE
+919881685633,BSNL Mobile,UP,CUST_0000237,DEV_0000237,2023-01-10,False,False,NONE
+919874696303,Airtel India,GJ,CUST_0000238,DEV_0000238,2023-01-10,False,False,NONE
+919848856162,Jio 5G,UP,CUST_0000239,DEV_0000239,2023-01-10,False,False,NONE
+919873691498,Vodafone Idea (Vi),HR,CUST_0000240,DEV_0000240,2023-01-10,False,False,NONE
+919817523227,BSNL Mobile,UP,CUST_0000241,DEV_0000241,2023-01-10,False,False,NONE
+919842915568,Jio 5G,HR,CUST_0000242,DEV_0000242,2023-01-10,False,False,NONE
+919815312664,Jio 5G,TS,CUST_0000243,DEV_0000243,2023-01-10,False,False,NONE
+919833112083,Airtel India,WB,CUST_0000244,DEV_0000244,2023-01-10,False,False,NONE
+919899958997,Vodafone Idea (Vi),TS,CUST_0000245,DEV_0000245,2023-01-10,False,False,NONE
+919839913013,BSNL Mobile,MH,CUST_0000246,DEV_0000246,2023-01-10,False,False,NONE
+919820069733,Vodafone Idea (Vi),WB,CUST_0000247,DEV_0000247,2023-01-10,False,False,NONE
+919836685035,Airtel India,GJ,CUST_0000248,DEV_0000248,2023-01-10,False,False,NONE
+919830876558,BSNL Mobile,UP,CUST_0000249,DEV_0000249,2023-01-10,False,False,NONE
+919810265456,BSNL Mobile,KA,CUST_0000250,DEV_0000250,2023-01-10,False,False,NONE
+919850602027,Vodafone Idea (Vi),RJ,CUST_0000251,DEV_0000251,2023-01-10,False,False,NONE
+919827112501,Jio 5G,GJ,CUST_0000252,DEV_0000252,2023-01-10,False,False,NONE
+919845060591,Vodafone Idea (Vi),MH,CUST_0000253,DEV_0000253,2023-01-10,False,False,NONE
+919822786542,Airtel India,KA,CUST_0000254,DEV_0000254,2023-01-10,False,False,NONE
+919875839688,Jio 5G,MH,CUST_0000255,DEV_0000255,2023-01-10,False,False,NONE
+919846045536,Airtel India,WB,CUST_0000256,DEV_0000256,2023-01-10,False,False,NONE
+919873715928,Jio 5G,UP,CUST_0000257,DEV_0000257,2023-01-10,False,False,NONE
+919898268542,BSNL Mobile,UP,CUST_0000258,DEV_0000258,2023-01-10,False,False,NONE
+919843064197,BSNL Mobile,GJ,CUST_0000259,DEV_0000259,2023-01-10,False,False,NONE
+919829443856,BSNL Mobile,HR,CUST_0000260,DEV_0000260,2023-01-10,False,False,NONE
+919885952922,Vodafone Idea (Vi),WB,CUST_0000261,DEV_0000261,2023-01-10,False,False,NONE
+919819483167,Vodafone Idea (Vi),JH,CUST_0000262,DEV_0000262,2023-01-10,False,False,NONE
+919831968133,Vodafone Idea (Vi),KA,CUST_0000263,DEV_0000263,2023-01-10,False,False,NONE
+919868634285,Jio 5G,TS,CUST_0000264,DEV_0000264,2023-01-10,False,False,NONE
+919817064445,Jio 5G,MH,CUST_0000265,DEV_0000265,2023-01-10,False,False,NONE
+919877783984,Vodafone Idea (Vi),JH,CUST_0000266,DEV_0000266,2023-01-10,False,False,NONE
+919846362929,Vodafone Idea (Vi),RJ,CUST_0000267,DEV_0000267,2023-01-10,False,False,NONE
+919829515832,Airtel India,UP,CUST_0000268,DEV_0000268,2023-01-10,True,True,NONE
+919851105110,Airtel India,JH,CUST_0000269,DEV_0000269,2023-01-10,False,False,NONE
+919853739466,Vodafone Idea (Vi),MH,CUST_0000270,DEV_0000270,2023-01-10,False,False,NONE
+919855148436,Vodafone Idea (Vi),GJ,CUST_0000271,DEV_0000271,2023-01-10,False,False,NONE
+919819226016,BSNL Mobile,HR,CUST_0000272,DEV_0000272,2023-01-10,False,False,NONE
+919880269985,Vodafone Idea (Vi),RJ,CUST_0000273,DEV_0000273,2023-01-10,False,False,NONE
+919891593634,Airtel India,DL,CUST_0000274,DEV_0000274,2023-01-10,False,False,NONE
+919827731182,Airtel India,TS,CUST_0000275,DEV_0000275,2023-01-10,False,False,NONE
+919886588409,Vodafone Idea (Vi),DL,CUST_0000276,DEV_0000276,2023-01-10,False,True,NONE
+919879072102,Vodafone Idea (Vi),GJ,CUST_0000277,DEV_0000277,2023-01-10,False,False,NONE
+919847418578,Airtel India,DL,CUST_0000278,DEV_0000278,2023-01-10,False,False,NONE
+919819751950,Jio 5G,DL,CUST_0000279,DEV_0000279,2023-01-10,False,True,NONE
+919886523625,BSNL Mobile,HR,CUST_0000280,DEV_0000280,2023-01-10,False,False,NONE
+919842159965,Jio 5G,JH,CUST_0000281,DEV_0000281,2023-01-10,False,False,NONE
+919819508460,Vodafone Idea (Vi),KA,CUST_0000282,DEV_0000282,2023-01-10,False,False,NONE
+919835314118,BSNL Mobile,UP,CUST_0000283,DEV_0000283,2023-01-10,False,False,NONE
+919836674759,Airtel India,KA,CUST_0000284,DEV_0000284,2023-01-10,False,False,NONE
+919835630608,Airtel India,MH,CUST_0000285,DEV_0000285,2023-01-10,False,False,NONE
+919883415076,BSNL Mobile,KA,CUST_0000286,DEV_0000286,2023-01-10,False,False,NONE
+919846839332,BSNL Mobile,KA,CUST_0000287,DEV_0000287,2023-01-10,False,False,NONE
+919825711749,Vodafone Idea (Vi),RJ,CUST_0000288,DEV_0000288,2023-01-10,False,False,NONE
+919817083192,BSNL Mobile,DL,CUST_0000289,DEV_0000289,2023-01-10,False,False,NONE
+919873526260,Vodafone Idea (Vi),WB,CUST_0000290,DEV_0000290,2023-01-10,False,False,NONE
+919885565103,BSNL Mobile,RJ,CUST_0000291,DEV_0000291,2023-01-10,True,True,NONE
+919836642134,Jio 5G,HR,CUST_0000292,DEV_0000292,2023-01-10,False,True,NONE
+919833448664,Airtel India,DL,CUST_0000293,DEV_0000293,2023-01-10,True,True,NONE
+919865088494,BSNL Mobile,DL,CUST_0000294,DEV_0000294,2023-01-10,False,False,NONE
+919842761741,BSNL Mobile,JH,CUST_0000295,DEV_0000295,2023-01-10,False,False,NONE
+919885040686,Airtel India,HR,CUST_0000296,DEV_0000296,2023-01-10,False,False,NONE
+919874732216,Airtel India,WB,CUST_0000297,DEV_0000297,2023-01-10,False,False,NONE
+919886101267,Vodafone Idea (Vi),HR,CUST_0000298,DEV_0000298,2023-01-10,False,False,NONE
+919896494728,Airtel India,WB,CUST_0000299,DEV_0000299,2023-01-10,False,False,NONE
+919884068279,Jio 5G,JH,CUST_0000300,DEV_0000300,2023-01-10,False,False,NONE
+919839915780,Jio 5G,JH,CUST_0000301,DEV_0000301,2023-01-10,False,True,NONE
+919850642173,Airtel India,KA,CUST_0000302,DEV_0000302,2023-01-10,False,False,NONE
+919817565814,Vodafone Idea (Vi),MH,CUST_0000303,DEV_0000303,2023-01-10,False,False,NONE
+919888374944,Vodafone Idea (Vi),GJ,CUST_0000304,DEV_0000304,2023-01-10,False,False,NONE
+919817530703,Jio 5G,WB,CUST_0000305,DEV_0000305,2023-01-10,False,False,NONE
+919864918622,Airtel India,WB,CUST_0000306,DEV_0000306,2023-01-10,False,False,NONE
+919876288321,BSNL Mobile,RJ,CUST_0000307,DEV_0000307,2023-01-10,False,False,NONE
+919870759292,Jio 5G,KA,CUST_0000308,DEV_0000308,2023-01-10,False,False,NONE
+919847679970,Airtel India,MH,CUST_0000309,DEV_0000309,2023-01-10,False,False,NONE
+919814179736,Airtel India,JH,CUST_0000310,DEV_0000310,2023-01-10,False,False,NONE
+919829792813,Airtel India,KA,CUST_0000311,DEV_0000311,2023-01-10,False,True,NONE
+919851555349,Vodafone Idea (Vi),TS,CUST_0000312,DEV_0000312,2023-01-10,False,False,NONE
+919836756809,Vodafone Idea (Vi),RJ,CUST_0000313,DEV_0000313,2023-01-10,False,False,NONE
+919811702410,Vodafone Idea (Vi),JH,CUST_0000314,DEV_0000314,2023-01-10,False,True,NONE
+919853521780,BSNL Mobile,KA,CUST_0000315,DEV_0000315,2023-01-10,False,False,NONE
+919898208783,BSNL Mobile,WB,CUST_0000316,DEV_0000316,2023-01-10,False,False,NONE
+919863752796,Airtel India,UP,CUST_0000317,DEV_0000317,2023-01-10,False,True,NONE
+919822883237,BSNL Mobile,JH,CUST_0000318,DEV_0000318,2023-01-10,False,False,NONE
+919867626971,Jio 5G,TS,CUST_0000319,DEV_0000319,2023-01-10,True,True,NONE
+919833419133,BSNL Mobile,MH,CUST_0000320,DEV_0000320,2023-01-10,False,False,NONE
+919873632918,Airtel India,RJ,CUST_0000321,DEV_0000321,2023-01-10,False,False,NONE
+919891831554,Airtel India,HR,CUST_0000322,DEV_0000322,2023-01-10,False,False,NONE
+919843600469,Jio 5G,GJ,CUST_0000323,DEV_0000323,2023-01-10,False,False,NONE
+919839520442,Vodafone Idea (Vi),UP,CUST_0000324,DEV_0000324,2023-01-10,False,False,NONE
+919832438648,Vodafone Idea (Vi),MH,CUST_0000325,DEV_0000325,2023-01-10,False,False,NONE
+919889459940,Airtel India,WB,CUST_0000326,DEV_0000326,2023-01-10,False,False,NONE
+919844678725,Airtel India,DL,CUST_0000327,DEV_0000327,2023-01-10,False,False,NONE
+919812201238,BSNL Mobile,TS,CUST_0000328,DEV_0000328,2023-01-10,False,False,NONE
+919887412157,BSNL Mobile,MH,CUST_0000329,DEV_0000329,2023-01-10,False,False,NONE
+919881567894,Jio 5G,HR,CUST_0000330,DEV_0000330,2023-01-10,False,False,NONE
+919852855202,Jio 5G,GJ,CUST_0000331,DEV_0000331,2023-01-10,False,False,NONE
+919881063422,Jio 5G,KA,CUST_0000332,DEV_0000332,2023-01-10,False,False,NONE
+919816855111,Jio 5G,RJ,CUST_0000333,DEV_0000333,2023-01-10,False,False,NONE
+919824519080,Vodafone Idea (Vi),WB,CUST_0000334,DEV_0000334,2023-01-10,False,False,NONE
+919835893933,Airtel India,RJ,CUST_0000335,DEV_0000335,2023-01-10,False,False,NONE
+919857776511,Vodafone Idea (Vi),HR,CUST_0000336,DEV_0000336,2023-01-10,False,False,NONE
+919823430028,Jio 5G,JH,CUST_0000337,DEV_0000337,2023-01-10,False,False,NONE
+919838066462,BSNL Mobile,GJ,CUST_0000338,DEV_0000338,2023-01-10,False,True,NONE
+919872935684,BSNL Mobile,WB,CUST_0000339,DEV_0000339,2023-01-10,False,False,NONE
+919878751827,BSNL Mobile,RJ,CUST_0000340,DEV_0000340,2023-01-10,False,False,NONE
+919818461196,Vodafone Idea (Vi),DL,CUST_0000341,DEV_0000341,2023-01-10,False,False,NONE
+919896459000,Jio 5G,GJ,CUST_0000342,DEV_0000342,2023-01-10,False,False,NONE
+919899205855,Jio 5G,GJ,CUST_0000343,DEV_0000343,2023-01-10,False,False,NONE
+919832712346,Vodafone Idea (Vi),MH,CUST_0000344,DEV_0000344,2023-01-10,False,False,NONE
+919852599198,Airtel India,TS,CUST_0000345,DEV_0000345,2023-01-10,False,False,NONE
+919893931205,BSNL Mobile,WB,CUST_0000346,DEV_0000346,2023-01-10,False,False,NONE
+919869634801,Vodafone Idea (Vi),HR,CUST_0000347,DEV_0000347,2023-01-10,False,False,NONE
+919885413175,BSNL Mobile,RJ,CUST_0000348,DEV_0000348,2023-01-10,False,False,NONE
+919864368014,Jio 5G,DL,CUST_0000349,DEV_0000349,2023-01-10,True,True,NONE
+919850915835,Jio 5G,DL,CUST_0000350,DEV_0000350,2023-01-10,False,False,NONE
+919860428655,Jio 5G,GJ,CUST_0000351,DEV_0000351,2023-01-10,False,False,NONE
+919828030274,Vodafone Idea (Vi),MH,CUST_0000352,DEV_0000352,2023-01-10,False,False,NONE
+919832584700,Jio 5G,WB,CUST_0000353,DEV_0000353,2023-01-10,False,False,NONE
+919851464673,BSNL Mobile,DL,CUST_0000354,DEV_0000354,2023-01-10,False,False,NONE
+919815293077,Airtel India,MH,CUST_0000355,DEV_0000355,2023-01-10,False,False,NONE
+919816002599,Vodafone Idea (Vi),WB,CUST_0000356,DEV_0000356,2023-01-10,False,False,NONE
+919824390204,BSNL Mobile,RJ,CUST_0000357,DEV_0000357,2023-01-10,False,False,NONE
+919855190370,Jio 5G,GJ,CUST_0000358,DEV_0000358,2023-01-10,False,False,NONE
+919818437621,Jio 5G,RJ,CUST_0000359,DEV_0000359,2023-01-10,False,False,NONE
+919810614040,Airtel India,HR,CUST_0000360,DEV_0000360,2023-01-10,False,False,NONE
+919855674821,Vodafone Idea (Vi),GJ,CUST_0000361,DEV_0000361,2023-01-10,False,False,NONE
+919879462821,Vodafone Idea (Vi),TS,CUST_0000362,DEV_0000362,2023-01-10,False,False,NONE
+919884541436,Jio 5G,DL,CUST_0000363,DEV_0000363,2023-01-10,False,False,NONE
+919810120466,Jio 5G,RJ,CUST_0000364,DEV_0000364,2023-01-10,False,False,NONE
+919838760348,Vodafone Idea (Vi),DL,CUST_0000365,DEV_0000365,2023-01-10,False,False,NONE
+919824569962,Jio 5G,GJ,CUST_0000366,DEV_0000366,2023-01-10,False,False,NONE
+919857047215,BSNL Mobile,GJ,CUST_0000367,DEV_0000367,2023-01-10,False,False,NONE
+919869421438,Vodafone Idea (Vi),JH,CUST_0000368,DEV_0000368,2023-01-10,False,False,NONE
+919880430066,BSNL Mobile,WB,CUST_0000369,DEV_0000369,2023-01-10,False,False,NONE
+919899598371,Vodafone Idea (Vi),HR,CUST_0000370,DEV_0000370,2023-01-10,False,False,NONE
+919881222784,Vodafone Idea (Vi),TS,CUST_0000371,DEV_0000371,2023-01-10,False,False,NONE
+919812089729,BSNL Mobile,KA,CUST_0000372,DEV_0000372,2023-01-10,False,False,NONE
+919816715963,BSNL Mobile,KA,CUST_0000373,DEV_0000373,2023-01-10,False,False,NONE
+919832778206,BSNL Mobile,MH,CUST_0000374,DEV_0000374,2023-01-10,False,False,NONE
+919878169581,Vodafone Idea (Vi),KA,CUST_0000375,DEV_0000375,2023-01-10,False,False,NONE
+919815891615,Vodafone Idea (Vi),KA,CUST_0000376,DEV_0000376,2023-01-10,False,False,NONE
+919862891936,Jio 5G,UP,CUST_0000377,DEV_0000377,2023-01-10,False,True,NONE
+919836342943,Jio 5G,GJ,CUST_0000378,DEV_0000378,2023-01-10,False,False,NONE
+919823232206,Jio 5G,UP,CUST_0000379,DEV_0000379,2023-01-10,False,False,NONE
+919890610372,Airtel India,GJ,CUST_0000380,DEV_0000380,2023-01-10,False,False,NONE
+919836984993,Jio 5G,KA,CUST_0000381,DEV_0000381,2023-01-10,False,False,NONE
+919857512742,BSNL Mobile,HR,CUST_0000382,DEV_0000382,2023-01-10,False,False,NONE
+919839466282,Airtel India,DL,CUST_0000383,DEV_0000383,2023-01-10,False,False,NONE
+919868566858,BSNL Mobile,TS,CUST_0000384,DEV_0000384,2023-01-10,False,False,NONE
+919856528317,Jio 5G,JH,CUST_0000385,DEV_0000385,2023-01-10,False,False,NONE
+919873338041,Airtel India,RJ,CUST_0000386,DEV_0000386,2023-01-10,False,False,NONE
+919886425766,Airtel India,UP,CUST_0000387,DEV_0000387,2023-01-10,False,False,NONE
+919848349659,Vodafone Idea (Vi),KA,CUST_0000388,DEV_0000388,2023-01-10,False,False,NONE
+919876747936,Jio 5G,JH,CUST_0000389,DEV_0000389,2023-01-10,False,False,NONE
+919864896571,BSNL Mobile,HR,CUST_0000390,DEV_0000390,2023-01-10,False,False,NONE
+919895302736,Airtel India,KA,CUST_0000391,DEV_0000391,2023-01-10,False,False,NONE
+919834896801,BSNL Mobile,TS,CUST_0000392,DEV_0000392,2023-01-10,False,True,NONE
+919821986048,Airtel India,WB,CUST_0000393,DEV_0000393,2023-01-10,False,False,NONE
+919885712238,Jio 5G,RJ,CUST_0000394,DEV_0000394,2023-01-10,False,True,NONE
+919865866962,Airtel India,JH,CUST_0000395,DEV_0000395,2023-01-10,False,False,NONE
+919836885655,Vodafone Idea (Vi),JH,CUST_0000396,DEV_0000396,2023-01-10,False,False,NONE
+919842855719,Jio 5G,JH,CUST_0000397,DEV_0000397,2023-01-10,False,False,NONE
+919812343891,BSNL Mobile,DL,CUST_0000398,DEV_0000398,2023-01-10,False,True,NONE
+919879877983,Airtel India,GJ,CUST_0000399,DEV_0000399,2023-01-10,False,False,NONE
+919835478038,BSNL Mobile,RJ,CUST_0000400,DEV_0000400,2023-01-10,False,False,NONE
+919814445324,Vodafone Idea (Vi),RJ,CUST_0000401,DEV_0000401,2023-01-10,False,False,NONE
+919834752634,BSNL Mobile,DL,CUST_0000402,DEV_0000402,2023-01-10,False,False,NONE
+919895595114,Airtel India,KA,CUST_0000403,DEV_0000403,2023-01-10,False,False,NONE
+919881466722,BSNL Mobile,TS,CUST_0000404,DEV_0000404,2023-01-10,False,False,NONE
+919869869964,Vodafone Idea (Vi),TS,CUST_0000405,DEV_0000405,2023-01-10,False,False,NONE
+919853307573,Vodafone Idea (Vi),HR,CUST_0000406,DEV_0000406,2023-01-10,False,False,NONE
+919870128626,BSNL Mobile,KA,CUST_0000407,DEV_0000407,2023-01-10,False,False,NONE
+919863804433,Airtel India,JH,CUST_0000408,DEV_0000408,2023-01-10,False,False,NONE
+919850510815,BSNL Mobile,JH,CUST_0000409,DEV_0000409,2023-01-10,False,False,NONE
+919898103499,Jio 5G,WB,CUST_0000410,DEV_0000410,2023-01-10,False,False,NONE
+919893141832,Jio 5G,JH,CUST_0000411,DEV_0000411,2023-01-10,False,False,NONE
+919890542539,Vodafone Idea (Vi),MH,CUST_0000412,DEV_0000412,2023-01-10,False,False,NONE
+919850322379,BSNL Mobile,KA,CUST_0000413,DEV_0000413,2023-01-10,False,True,NONE
+919814066309,BSNL Mobile,KA,CUST_0000414,DEV_0000414,2023-01-10,False,True,NONE
+919818931905,BSNL Mobile,KA,CUST_0000415,DEV_0000415,2023-01-10,False,False,NONE
+919831856363,BSNL Mobile,HR,CUST_0000416,DEV_0000416,2023-01-10,False,False,NONE
+919879473912,Airtel India,TS,CUST_0000417,DEV_0000417,2023-01-10,False,False,NONE
+919843473612,BSNL Mobile,UP,CUST_0000418,DEV_0000418,2023-01-10,False,False,NONE
+919816830831,Jio 5G,JH,CUST_0000419,DEV_0000419,2023-01-10,False,False,NONE
+919842861177,BSNL Mobile,HR,CUST_0000420,DEV_0000420,2023-01-10,False,False,NONE
+919860467716,BSNL Mobile,MH,CUST_0000421,DEV_0000421,2023-01-10,False,False,NONE
+919841334384,Airtel India,KA,CUST_0000422,DEV_0000422,2023-01-10,False,False,NONE
+919864662063,Vodafone Idea (Vi),GJ,CUST_0000423,DEV_0000423,2023-01-10,False,False,NONE
+919898504929,Jio 5G,DL,CUST_0000424,DEV_0000424,2023-01-10,False,True,NONE
+919868870926,Vodafone Idea (Vi),MH,CUST_0000425,DEV_0000425,2023-01-10,False,False,NONE
+919860356492,Jio 5G,RJ,CUST_0000426,DEV_0000426,2023-01-10,False,False,NONE
+919893052053,Vodafone Idea (Vi),WB,CUST_0000427,DEV_0000427,2023-01-10,False,False,NONE
+919897582134,Jio 5G,HR,CUST_0000428,DEV_0000428,2023-01-10,False,False,NONE
+919857430295,BSNL Mobile,WB,CUST_0000429,DEV_0000429,2023-01-10,False,False,NONE
+919859509939,Airtel India,UP,CUST_0000430,DEV_0000430,2023-01-10,False,False,NONE
+919861901142,BSNL Mobile,WB,CUST_0000431,DEV_0000431,2023-01-10,False,False,NONE
+919848089756,Jio 5G,DL,CUST_0000432,DEV_0000432,2023-01-10,False,False,NONE
+919850317190,Airtel India,WB,CUST_0000433,DEV_0000433,2023-01-10,False,True,NONE
+919881876195,Jio 5G,RJ,CUST_0000434,DEV_0000434,2023-01-10,False,True,NONE
+919840830392,BSNL Mobile,RJ,CUST_0000435,DEV_0000435,2023-01-10,False,False,NONE
+919859900495,Jio 5G,UP,CUST_0000436,DEV_0000436,2023-01-10,False,False,NONE
+919897913334,Airtel India,TS,CUST_0000437,DEV_0000437,2023-01-10,False,False,NONE
+919871602151,BSNL Mobile,JH,CUST_0000438,DEV_0000438,2023-01-10,False,False,NONE
+919888853079,Vodafone Idea (Vi),JH,CUST_0000439,DEV_0000439,2023-01-10,False,False,NONE
+919878031356,Vodafone Idea (Vi),JH,CUST_0000440,DEV_0000440,2023-01-10,False,False,NONE
+919810418860,Jio 5G,JH,CUST_0000441,DEV_0000441,2023-01-10,False,False,NONE
+919841941378,Jio 5G,DL,CUST_0000442,DEV_0000442,2023-01-10,False,False,NONE
+919828445655,Jio 5G,WB,CUST_0000443,DEV_0000443,2023-01-10,False,False,NONE
+919857645033,Jio 5G,KA,CUST_0000444,DEV_0000444,2023-01-10,False,False,NONE
+919857008094,Airtel India,DL,CUST_0000445,DEV_0000445,2023-01-10,False,False,NONE
+919813256454,Airtel India,KA,CUST_0000446,DEV_0000446,2023-01-10,False,False,NONE
+919847688562,Airtel India,MH,CUST_0000447,DEV_0000447,2023-01-10,False,False,NONE
+919825853159,Vodafone Idea (Vi),JH,CUST_0000448,DEV_0000448,2023-01-10,False,False,NONE
+919870397820,Vodafone Idea (Vi),RJ,CUST_0000449,DEV_0000449,2023-01-10,False,False,NONE
+919870868080,Airtel India,GJ,CUST_0000450,DEV_0000450,2023-01-10,False,False,NONE
+919856148475,Jio 5G,TS,CUST_0000451,DEV_0000451,2023-01-10,False,False,NONE
+919884122990,Vodafone Idea (Vi),HR,CUST_0000452,DEV_0000452,2023-01-10,False,False,NONE
+919840857611,BSNL Mobile,MH,CUST_0000453,DEV_0000453,2023-01-10,False,False,NONE
+919835297739,Vodafone Idea (Vi),WB,CUST_0000454,DEV_0000454,2023-01-10,False,False,NONE
+919849241703,Jio 5G,TS,CUST_0000455,DEV_0000455,2023-01-10,False,False,NONE
+919846587549,BSNL Mobile,TS,CUST_0000456,DEV_0000456,2023-01-10,False,False,NONE
+919853066192,Jio 5G,JH,CUST_0000457,DEV_0000457,2023-01-10,False,False,NONE
+919894697395,BSNL Mobile,DL,CUST_0000458,DEV_0000458,2023-01-10,False,False,NONE
+919840182703,Jio 5G,WB,CUST_0000459,DEV_0000459,2023-01-10,False,True,NONE
+919872459816,Airtel India,WB,CUST_0000460,DEV_0000460,2023-01-10,False,False,NONE
+919815436804,Airtel India,UP,CUST_0000461,DEV_0000461,2023-01-10,False,False,NONE
+919810560784,Vodafone Idea (Vi),TS,CUST_0000462,DEV_0000462,2023-01-10,False,False,NONE
+919841375991,Jio 5G,RJ,CUST_0000463,DEV_0000463,2023-01-10,False,False,NONE
+919848434074,BSNL Mobile,JH,CUST_0000464,DEV_0000464,2023-01-10,False,False,NONE
+919856091981,Airtel India,GJ,CUST_0000465,DEV_0000465,2023-01-10,False,False,NONE
+919849702982,Jio 5G,KA,CUST_0000466,DEV_0000466,2023-01-10,False,False,NONE
+919835677213,BSNL Mobile,GJ,CUST_0000467,DEV_0000467,2023-01-10,False,False,NONE
+919837184399,Vodafone Idea (Vi),KA,CUST_0000468,DEV_0000468,2023-01-10,False,False,NONE
+919886872452,Airtel India,GJ,CUST_0000469,DEV_0000469,2023-01-10,False,False,NONE
+919855176668,Vodafone Idea (Vi),GJ,CUST_0000470,DEV_0000470,2023-01-10,False,False,NONE
+919888796254,Vodafone Idea (Vi),HR,CUST_0000471,DEV_0000471,2023-01-10,False,False,NONE
+919886603766,Vodafone Idea (Vi),KA,CUST_0000472,DEV_0000472,2023-01-10,False,False,NONE
+919851018392,BSNL Mobile,KA,CUST_0000473,DEV_0000473,2023-01-10,True,True,NONE
+919876796553,Airtel India,KA,CUST_0000474,DEV_0000474,2023-01-10,False,False,NONE
+919875899118,Vodafone Idea (Vi),HR,CUST_0000475,DEV_0000475,2023-01-10,False,False,NONE
+919830259786,Vodafone Idea (Vi),DL,CUST_0000476,DEV_0000476,2023-01-10,False,False,NONE
+919847682830,Airtel India,UP,CUST_0000477,DEV_0000477,2023-01-10,False,False,NONE
+919899216192,Jio 5G,GJ,CUST_0000478,DEV_0000478,2023-01-10,False,False,NONE
+919837192760,Airtel India,RJ,CUST_0000479,DEV_0000479,2023-01-10,False,True,NONE
+919812722735,Jio 5G,HR,CUST_0000480,DEV_0000480,2023-01-10,False,False,NONE
+919880562731,Airtel India,GJ,CUST_0000481,DEV_0000481,2023-01-10,False,False,NONE
+919812059180,Vodafone Idea (Vi),MH,CUST_0000482,DEV_0000482,2023-01-10,False,True,NONE
+919841528784,Vodafone Idea (Vi),WB,CUST_0000483,DEV_0000483,2023-01-10,False,False,NONE
+919840727463,BSNL Mobile,JH,CUST_0000484,DEV_0000484,2023-01-10,False,False,NONE
+919899131096,BSNL Mobile,HR,CUST_0000485,DEV_0000485,2023-01-10,False,False,NONE
+919869401671,Airtel India,WB,CUST_0000486,DEV_0000486,2023-01-10,False,False,NONE
+919849774913,BSNL Mobile,RJ,CUST_0000487,DEV_0000487,2023-01-10,False,False,NONE
+919883779578,Vodafone Idea (Vi),HR,CUST_0000488,DEV_0000488,2023-01-10,False,False,NONE
+919876977219,BSNL Mobile,DL,CUST_0000489,DEV_0000489,2023-01-10,True,True,NONE
+919894258688,BSNL Mobile,JH,CUST_0000490,DEV_0000490,2023-01-10,False,False,NONE
+919849776468,Airtel India,KA,CUST_0000491,DEV_0000491,2023-01-10,False,False,NONE
+919859060798,Vodafone Idea (Vi),HR,CUST_0000492,DEV_0000492,2023-01-10,False,False,NONE
+919883479462,Vodafone Idea (Vi),UP,CUST_0000493,DEV_0000493,2023-01-10,False,False,NONE
+919811448601,Vodafone Idea (Vi),JH,CUST_0000494,DEV_0000494,2023-01-10,False,False,NONE
+919832565852,BSNL Mobile,MH,CUST_0000495,DEV_0000495,2023-01-10,False,False,NONE
+919838821663,Vodafone Idea (Vi),UP,CUST_0000496,DEV_0000496,2023-01-10,False,False,NONE
+919879258498,Airtel India,HR,CUST_0000497,DEV_0000497,2023-01-10,False,False,NONE
+919877108558,Jio 5G,WB,CUST_0000498,DEV_0000498,2023-01-10,False,True,NONE
+919829811778,BSNL Mobile,JH,CUST_0000499,DEV_0000499,2023-01-10,False,False,NONE
+919899464386,Airtel India,RJ,CUST_0000500,DEV_0000500,2023-01-10,False,False,NONE
+919824022799,BSNL Mobile,UP,CUST_0000501,DEV_0000501,2023-01-10,False,False,NONE
+919822314357,Airtel India,DL,CUST_0000502,DEV_0000502,2023-01-10,False,False,NONE
+919872386339,Jio 5G,DL,CUST_0000503,DEV_0000503,2023-01-10,False,False,NONE
+919822039260,Vodafone Idea (Vi),RJ,CUST_0000504,DEV_0000504,2023-01-10,False,False,NONE
+919824717559,Vodafone Idea (Vi),GJ,CUST_0000505,DEV_0000505,2023-01-10,False,False,NONE
+919841028832,Airtel India,JH,CUST_0000506,DEV_0000506,2023-01-10,False,False,NONE
+919823128703,Vodafone Idea (Vi),GJ,CUST_0000507,DEV_0000507,2023-01-10,True,True,NONE
+919864381838,Airtel India,DL,CUST_0000508,DEV_0000508,2023-01-10,False,False,NONE
+919842064441,Jio 5G,RJ,CUST_0000509,DEV_0000509,2023-01-10,False,False,NONE
+919858693905,BSNL Mobile,HR,CUST_0000510,DEV_0000510,2023-01-10,False,False,NONE
+919833653942,BSNL Mobile,KA,CUST_0000511,DEV_0000511,2023-01-10,False,False,NONE
+919885539365,BSNL Mobile,RJ,CUST_0000512,DEV_0000512,2023-01-10,False,False,NONE
+919891365081,BSNL Mobile,JH,CUST_0000513,DEV_0000513,2023-01-10,False,False,NONE
+919866372482,Jio 5G,JH,CUST_0000514,DEV_0000514,2023-01-10,False,False,NONE
+919840895636,Jio 5G,RJ,CUST_0000515,DEV_0000515,2023-01-10,False,True,NONE
+919823060157,Vodafone Idea (Vi),JH,CUST_0000516,DEV_0000516,2023-01-10,False,False,NONE
+919874660632,Vodafone Idea (Vi),WB,CUST_0000517,DEV_0000517,2023-01-10,False,False,NONE
+919849359843,Airtel India,RJ,CUST_0000518,DEV_0000518,2023-01-10,False,False,NONE
+919861768521,Jio 5G,TS,CUST_0000519,DEV_0000519,2023-01-10,False,False,NONE
+919876053521,Vodafone Idea (Vi),DL,CUST_0000520,DEV_0000520,2023-01-10,False,False,NONE
+919846975476,Airtel India,MH,CUST_0000521,DEV_0000521,2023-01-10,False,False,NONE
+919881424226,Vodafone Idea (Vi),JH,CUST_0000522,DEV_0000522,2023-01-10,False,False,NONE
+919867193851,BSNL Mobile,TS,CUST_0000523,DEV_0000523,2023-01-10,False,False,NONE
+919893209541,Vodafone Idea (Vi),KA,CUST_0000524,DEV_0000524,2023-01-10,False,False,NONE
+919862201904,BSNL Mobile,UP,CUST_0000525,DEV_0000525,2023-01-10,False,False,NONE
+919837542632,Jio 5G,UP,CUST_0000526,DEV_0000526,2023-01-10,False,False,NONE
+919868585010,Jio 5G,TS,CUST_0000527,DEV_0000527,2023-01-10,False,False,NONE
+919866987020,Vodafone Idea (Vi),HR,CUST_0000528,DEV_0000528,2023-01-10,False,True,NONE
+919879577882,Vodafone Idea (Vi),TS,CUST_0000529,DEV_0000529,2023-01-10,False,False,NONE
+919857247359,Vodafone Idea (Vi),JH,CUST_0000530,DEV_0000530,2023-01-10,False,False,NONE
+919879088950,Jio 5G,WB,CUST_0000531,DEV_0000531,2023-01-10,False,False,NONE
+919826016322,Airtel India,TS,CUST_0000532,DEV_0000532,2023-01-10,False,False,NONE
+919865652015,Jio 5G,JH,CUST_0000533,DEV_0000533,2023-01-10,False,True,NONE
+919858870906,Jio 5G,TS,CUST_0000534,DEV_0000534,2023-01-10,False,False,NONE
+919842674674,Airtel India,UP,CUST_0000535,DEV_0000535,2023-01-10,False,False,NONE
+919885978864,Airtel India,KA,CUST_0000536,DEV_0000536,2023-01-10,False,False,NONE
+919826778977,Jio 5G,GJ,CUST_0000537,DEV_0000537,2023-01-10,False,False,NONE
+919812506861,Jio 5G,JH,CUST_0000538,DEV_0000538,2023-01-10,False,False,NONE
+919820664496,BSNL Mobile,UP,CUST_0000539,DEV_0000539,2023-01-10,False,False,NONE
+919887412371,Vodafone Idea (Vi),UP,CUST_0000540,DEV_0000540,2023-01-10,False,False,NONE
+919865743192,Airtel India,HR,CUST_0000541,DEV_0000541,2023-01-10,False,False,NONE
+919832932137,Airtel India,DL,CUST_0000542,DEV_0000542,2023-01-10,False,False,NONE
+919896446049,Airtel India,GJ,CUST_0000543,DEV_0000543,2023-01-10,False,False,NONE
+919821036307,Jio 5G,JH,CUST_0000544,DEV_0000544,2023-01-10,False,False,NONE
+919890162634,Jio 5G,MH,CUST_0000545,DEV_0000545,2023-01-10,False,False,NONE
+919894285875,Vodafone Idea (Vi),DL,CUST_0000546,DEV_0000546,2023-01-10,False,True,NONE
+919893662223,Jio 5G,WB,CUST_0000547,DEV_0000547,2023-01-10,False,False,NONE
+919873907395,BSNL Mobile,MH,CUST_0000548,DEV_0000548,2023-01-10,False,False,NONE
+919835654800,Airtel India,TS,CUST_0000549,DEV_0000549,2023-01-10,False,False,NONE
+919873582024,BSNL Mobile,DL,CUST_0000550,DEV_0000550,2023-01-10,False,False,NONE
+919842482455,BSNL Mobile,WB,CUST_0000551,DEV_0000551,2023-01-10,False,False,NONE
+919891619963,Jio 5G,RJ,CUST_0000552,DEV_0000552,2023-01-10,False,False,NONE
+919812854137,Airtel India,KA,CUST_0000553,DEV_0000553,2023-01-10,False,False,NONE
+919826212207,Vodafone Idea (Vi),TS,CUST_0000554,DEV_0000554,2023-01-10,False,False,NONE
+919820878084,Jio 5G,WB,CUST_0000555,DEV_0000555,2023-01-10,False,False,NONE
+919854483782,Airtel India,JH,CUST_0000556,DEV_0000556,2023-01-10,False,False,NONE
+919854566236,BSNL Mobile,WB,CUST_0000557,DEV_0000557,2023-01-10,False,False,NONE
+919846768193,BSNL Mobile,RJ,CUST_0000558,DEV_0000558,2023-01-10,False,False,NONE
+919854548325,Vodafone Idea (Vi),HR,CUST_0000559,DEV_0000559,2023-01-10,False,False,NONE
+919832915790,Vodafone Idea (Vi),JH,CUST_0000560,DEV_0000560,2023-01-10,False,False,NONE
+919879118483,Airtel India,TS,CUST_0000561,DEV_0000561,2023-01-10,False,False,NONE
+919896875158,BSNL Mobile,WB,CUST_0000562,DEV_0000562,2023-01-10,False,False,NONE
+919827130537,Jio 5G,UP,CUST_0000563,DEV_0000563,2023-01-10,False,False,NONE
+919886639295,Jio 5G,KA,CUST_0000564,DEV_0000564,2023-01-10,False,False,NONE
+919818269572,Airtel India,HR,CUST_0000565,DEV_0000565,2023-01-10,False,False,NONE
+919829634123,BSNL Mobile,DL,CUST_0000566,DEV_0000566,2023-01-10,False,False,NONE
+919831906408,Vodafone Idea (Vi),KA,CUST_0000567,DEV_0000567,2023-01-10,False,False,NONE
+919823399973,BSNL Mobile,RJ,CUST_0000568,DEV_0000568,2023-01-10,False,False,NONE
+919858298174,Jio 5G,DL,CUST_0000569,DEV_0000569,2023-01-10,False,False,NONE
+919866354308,Airtel India,HR,CUST_0000570,DEV_0000570,2023-01-10,False,False,NONE
+919815632959,Jio 5G,JH,CUST_0000571,DEV_0000571,2023-01-10,False,False,NONE
+919896719265,Vodafone Idea (Vi),GJ,CUST_0000572,DEV_0000572,2023-01-10,False,False,NONE
+919874398166,Vodafone Idea (Vi),MH,CUST_0000573,DEV_0000573,2023-01-10,False,False,NONE
+919898477755,Vodafone Idea (Vi),KA,CUST_0000574,DEV_0000574,2023-01-10,False,False,NONE
+919848729739,Vodafone Idea (Vi),TS,CUST_0000575,DEV_0000575,2023-01-10,False,False,NONE
+919823185918,Airtel India,UP,CUST_0000576,DEV_0000576,2023-01-10,False,False,NONE
+919870920770,Vodafone Idea (Vi),RJ,CUST_0000577,DEV_0000577,2023-01-10,True,True,NONE
+919839006553,Jio 5G,KA,CUST_0000578,DEV_0000578,2023-01-10,False,False,NONE
+919826583116,Jio 5G,MH,CUST_0000579,DEV_0000579,2023-01-10,False,False,NONE
+919813203136,Airtel India,MH,CUST_0000580,DEV_0000580,2023-01-10,False,False,NONE
+919876169589,Vodafone Idea (Vi),UP,CUST_0000581,DEV_0000581,2023-01-10,False,False,NONE
+919814561907,BSNL Mobile,WB,CUST_0000582,DEV_0000582,2023-01-10,False,True,NONE
+919827665804,Jio 5G,WB,CUST_0000583,DEV_0000583,2023-01-10,False,False,NONE
+919864510224,Vodafone Idea (Vi),DL,CUST_0000584,DEV_0000584,2023-01-10,False,False,NONE
+919875897545,Vodafone Idea (Vi),WB,CUST_0000585,DEV_0000585,2023-01-10,False,False,NONE
+919877879760,Vodafone Idea (Vi),WB,CUST_0000586,DEV_0000586,2023-01-10,False,False,NONE
+919859546300,Jio 5G,JH,CUST_0000587,DEV_0000587,2023-01-10,False,False,NONE
+919869289052,BSNL Mobile,TS,CUST_0000588,DEV_0000588,2023-01-10,False,False,NONE
+919856507292,Airtel India,KA,CUST_0000589,DEV_0000589,2023-01-10,False,False,NONE
+919854930090,Airtel India,HR,CUST_0000590,DEV_0000590,2023-01-10,False,False,NONE
+919888706968,Jio 5G,TS,CUST_0000591,DEV_0000591,2023-01-10,False,False,NONE
+919855699471,Jio 5G,TS,CUST_0000592,DEV_0000592,2023-01-10,False,False,NONE
+919838376800,Jio 5G,MH,CUST_0000593,DEV_0000593,2023-01-10,False,False,NONE
+919858153782,Vodafone Idea (Vi),DL,CUST_0000594,DEV_0000594,2023-01-10,False,True,NONE
+919845767529,Jio 5G,KA,CUST_0000595,DEV_0000595,2023-01-10,False,True,NONE
+919836044323,Airtel India,UP,CUST_0000596,DEV_0000596,2023-01-10,False,False,NONE
+919861051725,Jio 5G,TS,CUST_0000597,DEV_0000597,2023-01-10,False,True,NONE
+919892837334,Airtel India,JH,CUST_0000598,DEV_0000598,2023-01-10,False,False,NONE
+919832996712,Jio 5G,GJ,CUST_0000599,DEV_0000599,2023-01-10,False,False,NONE
+919859709067,Vodafone Idea (Vi),WB,CUST_0000600,DEV_0000600,2023-01-10,False,False,NONE
+919894462345,Jio 5G,MH,CUST_0000601,DEV_0000601,2023-01-10,False,False,NONE
+919873781206,BSNL Mobile,JH,CUST_0000602,DEV_0000602,2023-01-10,False,False,NONE
+919894719565,Jio 5G,RJ,CUST_0000603,DEV_0000603,2023-01-10,False,True,NONE
+919839060599,Jio 5G,WB,CUST_0000604,DEV_0000604,2023-01-10,False,True,NONE
+919884668993,BSNL Mobile,HR,CUST_0000605,DEV_0000605,2023-01-10,False,False,NONE
+919895125137,Vodafone Idea (Vi),MH,CUST_0000606,DEV_0000606,2023-01-10,False,False,NONE
+919893916079,Vodafone Idea (Vi),KA,CUST_0000607,DEV_0000607,2023-01-10,False,False,NONE
+919868163676,Vodafone Idea (Vi),MH,CUST_0000608,DEV_0000608,2023-01-10,False,False,NONE
+919814624976,Vodafone Idea (Vi),RJ,CUST_0000609,DEV_0000609,2023-01-10,False,False,NONE
+919832506099,Vodafone Idea (Vi),MH,CUST_0000610,DEV_0000610,2023-01-10,False,False,NONE
+919837981068,Jio 5G,MH,CUST_0000611,DEV_0000611,2023-01-10,False,True,NONE
+919852199521,Jio 5G,WB,CUST_0000612,DEV_0000612,2023-01-10,True,True,NONE
+919870863336,Airtel India,HR,CUST_0000613,DEV_0000613,2023-01-10,False,False,NONE
+919838637890,BSNL Mobile,JH,CUST_0000614,DEV_0000614,2023-01-10,False,False,NONE
+919846098151,BSNL Mobile,GJ,CUST_0000615,DEV_0000615,2023-01-10,False,False,NONE
+919855742855,Airtel India,UP,CUST_0000616,DEV_0000616,2023-01-10,False,False,NONE
+919811439389,Airtel India,UP,CUST_0000617,DEV_0000617,2023-01-10,False,False,NONE
+919875120599,Airtel India,WB,CUST_0000618,DEV_0000618,2023-01-10,False,False,NONE
+919852263394,Airtel India,GJ,CUST_0000619,DEV_0000619,2023-01-10,False,False,NONE
+919877200221,Airtel India,WB,CUST_0000620,DEV_0000620,2023-01-10,False,False,NONE
+919830770161,Jio 5G,RJ,CUST_0000621,DEV_0000621,2023-01-10,True,True,NONE
+919826015877,Jio 5G,HR,CUST_0000622,DEV_0000622,2023-01-10,False,False,NONE
+919829894367,Jio 5G,JH,CUST_0000623,DEV_0000623,2023-01-10,False,False,NONE
+919821129752,Jio 5G,RJ,CUST_0000624,DEV_0000624,2023-01-10,False,False,NONE
+919871444848,Airtel India,UP,CUST_0000625,DEV_0000625,2023-01-10,False,False,NONE
+919819905625,BSNL Mobile,WB,CUST_0000626,DEV_0000626,2023-01-10,False,False,NONE
+919892133509,Vodafone Idea (Vi),GJ,CUST_0000627,DEV_0000627,2023-01-10,False,True,NONE
+919824584279,Jio 5G,JH,CUST_0000628,DEV_0000628,2023-01-10,False,False,NONE
+919874266688,BSNL Mobile,DL,CUST_0000629,DEV_0000629,2023-01-10,False,False,NONE
+919840873899,Vodafone Idea (Vi),UP,CUST_0000630,DEV_0000630,2023-01-10,False,False,NONE
+919884367960,Airtel India,RJ,CUST_0000631,DEV_0000631,2023-01-10,False,False,NONE
+919824926276,Airtel India,UP,CUST_0000632,DEV_0000632,2023-01-10,False,False,NONE
+919874555929,Airtel India,MH,CUST_0000633,DEV_0000633,2023-01-10,False,True,NONE
+919810239906,Jio 5G,KA,CUST_0000634,DEV_0000634,2023-01-10,False,False,NONE
+919884180806,Airtel India,KA,CUST_0000635,DEV_0000635,2023-01-10,False,False,NONE
+919849275753,Jio 5G,RJ,CUST_0000636,DEV_0000636,2023-01-10,False,False,NONE
+919823037339,BSNL Mobile,UP,CUST_0000637,DEV_0000637,2023-01-10,False,False,NONE
+919889066149,BSNL Mobile,GJ,CUST_0000638,DEV_0000638,2023-01-10,False,False,NONE
+919848116963,Airtel India,MH,CUST_0000639,DEV_0000639,2023-01-10,False,False,NONE
+919842874914,BSNL Mobile,KA,CUST_0000640,DEV_0000640,2023-01-10,False,False,NONE
+919832881474,Vodafone Idea (Vi),UP,CUST_0000641,DEV_0000641,2023-01-10,False,False,NONE
+919811787363,BSNL Mobile,JH,CUST_0000642,DEV_0000642,2023-01-10,False,False,NONE
+919854022791,Vodafone Idea (Vi),WB,CUST_0000643,DEV_0000643,2023-01-10,False,False,NONE
+919825103686,BSNL Mobile,RJ,CUST_0000644,DEV_0000644,2023-01-10,False,False,NONE
+919864712417,BSNL Mobile,HR,CUST_0000645,DEV_0000645,2023-01-10,False,True,NONE
+919875795743,Jio 5G,TS,CUST_0000646,DEV_0000646,2023-01-10,False,False,NONE
+919891993442,Vodafone Idea (Vi),DL,CUST_0000647,DEV_0000647,2023-01-10,False,False,NONE
+919825730005,Vodafone Idea (Vi),HR,CUST_0000648,DEV_0000648,2023-01-10,False,False,NONE
+919897715569,Airtel India,UP,CUST_0000649,DEV_0000649,2023-01-10,False,False,NONE
+919828345563,Jio 5G,KA,CUST_0000650,DEV_0000650,2023-01-10,False,False,NONE
+919830769531,BSNL Mobile,RJ,CUST_0000651,DEV_0000651,2023-01-10,False,False,NONE
+919813963342,Vodafone Idea (Vi),JH,CUST_0000652,DEV_0000652,2023-01-10,False,False,NONE
+919889541951,Jio 5G,TS,CUST_0000653,DEV_0000653,2023-01-10,False,False,NONE
+919819137552,Vodafone Idea (Vi),TS,CUST_0000654,DEV_0000654,2023-01-10,False,False,NONE
+919891421125,BSNL Mobile,JH,CUST_0000655,DEV_0000655,2023-01-10,False,False,NONE
+919832560192,Vodafone Idea (Vi),UP,CUST_0000656,DEV_0000656,2023-01-10,False,False,NONE
+919880069847,Airtel India,TS,CUST_0000657,DEV_0000657,2023-01-10,False,False,NONE
+919841128852,BSNL Mobile,WB,CUST_0000658,DEV_0000658,2023-01-10,False,False,NONE
+919844911727,BSNL Mobile,KA,CUST_0000659,DEV_0000659,2023-01-10,False,False,NONE
+919899417635,Vodafone Idea (Vi),GJ,CUST_0000660,DEV_0000660,2023-01-10,False,False,NONE
+919825771852,Vodafone Idea (Vi),HR,CUST_0000661,DEV_0000661,2023-01-10,False,False,NONE
+919819990213,BSNL Mobile,TS,CUST_0000662,DEV_0000662,2023-01-10,False,False,NONE
+919875715793,Jio 5G,DL,CUST_0000663,DEV_0000663,2023-01-10,False,False,NONE
+919836456925,Vodafone Idea (Vi),RJ,CUST_0000664,DEV_0000664,2023-01-10,False,True,NONE
+919844576385,Vodafone Idea (Vi),HR,CUST_0000665,DEV_0000665,2023-01-10,True,True,NONE
+919836152510,Jio 5G,DL,CUST_0000666,DEV_0000666,2023-01-10,False,False,NONE
+919814576379,Vodafone Idea (Vi),HR,CUST_0000667,DEV_0000667,2023-01-10,False,False,NONE
+919870014703,BSNL Mobile,RJ,CUST_0000668,DEV_0000668,2023-01-10,False,False,NONE
+919874749686,Jio 5G,RJ,CUST_0000669,DEV_0000669,2023-01-10,False,False,NONE
+919843383660,Vodafone Idea (Vi),GJ,CUST_0000670,DEV_0000670,2023-01-10,False,False,NONE
+919842480979,Airtel India,RJ,CUST_0000671,DEV_0000671,2023-01-10,False,False,NONE
+919828128269,Vodafone Idea (Vi),DL,CUST_0000672,DEV_0000672,2023-01-10,False,False,NONE
+919820244245,BSNL Mobile,DL,CUST_0000673,DEV_0000673,2023-01-10,False,True,NONE
+919859936505,Jio 5G,DL,CUST_0000674,DEV_0000674,2023-01-10,False,False,NONE
+919884879332,Airtel India,WB,CUST_0000675,DEV_0000675,2023-01-10,False,False,NONE
+919853353271,Vodafone Idea (Vi),MH,CUST_0000676,DEV_0000676,2023-01-10,False,False,NONE
+919810635607,BSNL Mobile,UP,CUST_0000677,DEV_0000677,2023-01-10,False,False,NONE
+919843403573,Airtel India,DL,CUST_0000678,DEV_0000678,2023-01-10,False,False,NONE
+919838259898,Jio 5G,TS,CUST_0000679,DEV_0000679,2023-01-10,False,False,NONE
+919866471776,Jio 5G,HR,CUST_0000680,DEV_0000680,2023-01-10,False,False,NONE
+919892998834,Jio 5G,RJ,CUST_0000681,DEV_0000681,2023-01-10,False,False,NONE
+919893543052,Vodafone Idea (Vi),HR,CUST_0000682,DEV_0000682,2023-01-10,False,False,NONE
+919822810358,Airtel India,JH,CUST_0000683,DEV_0000683,2023-01-10,False,True,NONE
+919891737875,Vodafone Idea (Vi),HR,CUST_0000684,DEV_0000684,2023-01-10,False,False,NONE
+919869940775,Vodafone Idea (Vi),JH,CUST_0000685,DEV_0000685,2023-01-10,False,False,NONE
+919876831665,Jio 5G,UP,CUST_0000686,DEV_0000686,2023-01-10,False,True,NONE
+919862008411,Jio 5G,WB,CUST_0000687,DEV_0000687,2023-01-10,False,False,NONE
+919855061600,Jio 5G,RJ,CUST_0000688,DEV_0000688,2023-01-10,False,False,NONE
+919883412962,Jio 5G,DL,CUST_0000689,DEV_0000689,2023-01-10,False,False,NONE
+919859099141,Airtel India,HR,CUST_0000690,DEV_0000690,2023-01-10,False,False,NONE
+919835449382,Airtel India,DL,CUST_0000691,DEV_0000691,2023-01-10,False,False,NONE
+919822875632,BSNL Mobile,MH,CUST_0000692,DEV_0000692,2023-01-10,False,False,NONE
+919891871788,Jio 5G,JH,CUST_0000693,DEV_0000693,2023-01-10,False,False,NONE
+919818978935,BSNL Mobile,KA,CUST_0000694,DEV_0000694,2023-01-10,False,False,NONE
+919898432487,Vodafone Idea (Vi),MH,CUST_0000695,DEV_0000695,2023-01-10,False,False,NONE
+919896153315,Jio 5G,MH,CUST_0000696,DEV_0000696,2023-01-10,True,True,NONE
+919848266408,BSNL Mobile,RJ,CUST_0000697,DEV_0000697,2023-01-10,False,True,NONE
+919878370719,Airtel India,KA,CUST_0000698,DEV_0000698,2023-01-10,False,False,NONE
+919876284719,Vodafone Idea (Vi),MH,CUST_0000699,DEV_0000699,2023-01-10,False,False,NONE
+919811007580,BSNL Mobile,RJ,CUST_0000700,DEV_0000700,2023-01-10,False,False,NONE
+919873999932,Vodafone Idea (Vi),MH,CUST_0000701,DEV_0000701,2023-01-10,False,False,NONE
+919885948721,BSNL Mobile,JH,CUST_0000702,DEV_0000702,2023-01-10,True,True,NONE
+919864628394,Vodafone Idea (Vi),GJ,CUST_0000703,DEV_0000703,2023-01-10,False,False,NONE
+919846735178,Airtel India,UP,CUST_0000704,DEV_0000704,2023-01-10,False,False,NONE
+919838829263,BSNL Mobile,WB,CUST_0000705,DEV_0000705,2023-01-10,False,False,NONE
+919855185666,BSNL Mobile,JH,CUST_0000706,DEV_0000706,2023-01-10,False,True,NONE
+919816397607,BSNL Mobile,MH,CUST_0000707,DEV_0000707,2023-01-10,False,False,NONE
+919819894500,BSNL Mobile,KA,CUST_0000708,DEV_0000708,2023-01-10,False,False,NONE
+919820382383,BSNL Mobile,TS,CUST_0000709,DEV_0000709,2023-01-10,False,False,NONE
+919865709390,Airtel India,TS,CUST_0000710,DEV_0000710,2023-01-10,False,True,NONE
+919837805411,Vodafone Idea (Vi),JH,CUST_0000711,DEV_0000711,2023-01-10,False,False,NONE
+919818962845,Jio 5G,KA,CUST_0000712,DEV_0000712,2023-01-10,False,False,NONE
+919861172451,BSNL Mobile,MH,CUST_0000713,DEV_0000713,2023-01-10,False,False,NONE
+919881747806,Airtel India,HR,CUST_0000714,DEV_0000714,2023-01-10,False,False,NONE
+919897933493,BSNL Mobile,GJ,CUST_0000715,DEV_0000715,2023-01-10,False,False,NONE
+919827343303,Vodafone Idea (Vi),GJ,CUST_0000716,DEV_0000716,2023-01-10,False,False,NONE
+919868769021,Jio 5G,HR,CUST_0000717,DEV_0000717,2023-01-10,False,False,NONE
+919896991489,Jio 5G,KA,CUST_0000718,DEV_0000718,2023-01-10,False,True,NONE
+919889131777,BSNL Mobile,WB,CUST_0000719,DEV_0000719,2023-01-10,False,False,NONE
+919894656050,BSNL Mobile,KA,CUST_0000720,DEV_0000720,2023-01-10,False,False,NONE
+919828161774,BSNL Mobile,KA,CUST_0000721,DEV_0000721,2023-01-10,False,True,NONE
+919870483833,Airtel India,GJ,CUST_0000722,DEV_0000722,2023-01-10,False,False,NONE
+919859062673,Jio 5G,DL,CUST_0000723,DEV_0000723,2023-01-10,False,False,NONE
+919866064220,Vodafone Idea (Vi),JH,CUST_0000724,DEV_0000724,2023-01-10,False,False,NONE
+919871502676,Vodafone Idea (Vi),MH,CUST_0000725,DEV_0000725,2023-01-10,False,False,NONE
+919814374975,Airtel India,UP,CUST_0000726,DEV_0000726,2023-01-10,False,False,NONE
+919850716788,Vodafone Idea (Vi),HR,CUST_0000727,DEV_0000727,2023-01-10,False,True,NONE
+919822609043,Jio 5G,RJ,CUST_0000728,DEV_0000728,2023-01-10,False,False,NONE
+919841478945,Jio 5G,HR,CUST_0000729,DEV_0000729,2023-01-10,False,False,NONE
+919871481007,Vodafone Idea (Vi),JH,CUST_0000730,DEV_0000730,2023-01-10,False,False,NONE
+919861524790,Jio 5G,KA,CUST_0000731,DEV_0000731,2023-01-10,False,False,NONE
+919887969121,Vodafone Idea (Vi),JH,CUST_0000732,DEV_0000732,2023-01-10,False,False,NONE
+919850865242,BSNL Mobile,RJ,CUST_0000733,DEV_0000733,2023-01-10,False,False,NONE
+919863239848,BSNL Mobile,MH,CUST_0000734,DEV_0000734,2023-01-10,False,False,NONE
+919834626925,Airtel India,TS,CUST_0000735,DEV_0000735,2023-01-10,False,False,NONE
+919896590918,Vodafone Idea (Vi),MH,CUST_0000736,DEV_0000736,2023-01-10,False,False,NONE
+919876810315,Vodafone Idea (Vi),RJ,CUST_0000737,DEV_0000737,2023-01-10,False,False,NONE
+919872103107,BSNL Mobile,DL,CUST_0000738,DEV_0000738,2023-01-10,False,False,NONE
+919858847321,Jio 5G,GJ,CUST_0000739,DEV_0000739,2023-01-10,False,False,NONE
+919829009102,Vodafone Idea (Vi),RJ,CUST_0000740,DEV_0000740,2023-01-10,False,False,NONE
+919863601402,Vodafone Idea (Vi),HR,CUST_0000741,DEV_0000741,2023-01-10,False,False,NONE
+919879519604,Airtel India,HR,CUST_0000742,DEV_0000742,2023-01-10,False,False,NONE
+919891454620,Jio 5G,MH,CUST_0000743,DEV_0000743,2023-01-10,False,True,NONE
+919877726773,Airtel India,JH,CUST_0000744,DEV_0000744,2023-01-10,False,False,NONE
+919888434541,Jio 5G,WB,CUST_0000745,DEV_0000745,2023-01-10,False,False,NONE
+919862842314,Airtel India,GJ,CUST_0000746,DEV_0000746,2023-01-10,True,True,NONE
+919811137521,Jio 5G,JH,CUST_0000747,DEV_0000747,2023-01-10,False,False,NONE
+919896759855,Vodafone Idea (Vi),WB,CUST_0000748,DEV_0000748,2023-01-10,False,False,NONE
+919874569360,Jio 5G,KA,CUST_0000749,DEV_0000749,2023-01-10,False,False,NONE
+919846086552,Vodafone Idea (Vi),MH,CUST_0000750,DEV_0000750,2023-01-10,False,False,NONE
+919846936818,BSNL Mobile,KA,CUST_0000751,DEV_0000751,2023-01-10,False,False,NONE
+919888048138,BSNL Mobile,WB,CUST_0000752,DEV_0000752,2023-01-10,True,True,NONE
+919843397102,BSNL Mobile,UP,CUST_0000753,DEV_0000753,2023-01-10,False,False,NONE
+919823593826,Jio 5G,GJ,CUST_0000754,DEV_0000754,2023-01-10,False,False,NONE
+919833277325,BSNL Mobile,GJ,CUST_0000755,DEV_0000755,2023-01-10,False,False,NONE
+919891704731,Jio 5G,UP,CUST_0000756,DEV_0000756,2023-01-10,False,False,NONE
+919866605127,Jio 5G,MH,CUST_0000757,DEV_0000757,2023-01-10,False,False,NONE
+919893145093,Airtel India,RJ,CUST_0000758,DEV_0000758,2023-01-10,False,False,NONE
+919844043378,BSNL Mobile,WB,CUST_0000759,DEV_0000759,2023-01-10,False,False,NONE
+919875419948,Vodafone Idea (Vi),DL,CUST_0000760,DEV_0000760,2023-01-10,False,False,NONE
+919837719430,Jio 5G,MH,CUST_0000761,DEV_0000761,2023-01-10,False,False,NONE
+919855934504,Jio 5G,TS,CUST_0000762,DEV_0000762,2023-01-10,False,False,NONE
+919816343732,Vodafone Idea (Vi),MH,CUST_0000763,DEV_0000763,2023-01-10,False,True,NONE
+919885667939,BSNL Mobile,JH,CUST_0000764,DEV_0000764,2023-01-10,True,True,NONE
+919884918692,Jio 5G,KA,CUST_0000765,DEV_0000765,2023-01-10,False,False,NONE
+919810836885,Jio 5G,WB,CUST_0000766,DEV_0000766,2023-01-10,False,False,NONE
+919879816637,Vodafone Idea (Vi),WB,CUST_0000767,DEV_0000767,2023-01-10,False,False,NONE
+919856626752,Jio 5G,WB,CUST_0000768,DEV_0000768,2023-01-10,False,False,NONE
+919889844972,Airtel India,TS,CUST_0000769,DEV_0000769,2023-01-10,False,True,NONE
+919863501738,BSNL Mobile,GJ,CUST_0000770,DEV_0000770,2023-01-10,False,False,NONE
+919844793619,Jio 5G,RJ,CUST_0000771,DEV_0000771,2023-01-10,False,False,NONE
+919872675396,Jio 5G,JH,CUST_0000772,DEV_0000772,2023-01-10,False,False,NONE
+919839052360,Jio 5G,GJ,CUST_0000773,DEV_0000773,2023-01-10,False,False,NONE
+919865337320,BSNL Mobile,HR,CUST_0000774,DEV_0000774,2023-01-10,False,True,NONE
+919875171254,BSNL Mobile,MH,CUST_0000775,DEV_0000775,2023-01-10,False,False,NONE
+919886796788,Airtel India,JH,CUST_0000776,DEV_0000776,2023-01-10,False,False,NONE
+919825535959,BSNL Mobile,KA,CUST_0000777,DEV_0000777,2023-01-10,False,False,NONE
+919895122952,Vodafone Idea (Vi),GJ,CUST_0000778,DEV_0000778,2023-01-10,False,False,NONE
+919898266456,Airtel India,WB,CUST_0000779,DEV_0000779,2023-01-10,False,False,NONE
+919843144548,Vodafone Idea (Vi),UP,CUST_0000780,DEV_0000780,2023-01-10,False,False,NONE
+919871053958,Airtel India,JH,CUST_0000781,DEV_0000781,2023-01-10,False,False,NONE
+919837049974,Airtel India,GJ,CUST_0000782,DEV_0000782,2023-01-10,False,False,NONE
+919867925912,Jio 5G,HR,CUST_0000783,DEV_0000783,2023-01-10,False,False,NONE
+919848912062,Vodafone Idea (Vi),RJ,CUST_0000784,DEV_0000784,2023-01-10,False,False,NONE
+919857391356,Vodafone Idea (Vi),TS,CUST_0000785,DEV_0000785,2023-01-10,False,False,NONE
+919829874011,Jio 5G,RJ,CUST_0000786,DEV_0000786,2023-01-10,False,False,NONE
+919849700294,BSNL Mobile,WB,CUST_0000787,DEV_0000787,2023-01-10,True,True,NONE
+919881939759,BSNL Mobile,MH,CUST_0000788,DEV_0000788,2023-01-10,False,True,NONE
+919882608424,Airtel India,JH,CUST_0000789,DEV_0000789,2023-01-10,False,False,NONE
+919879168121,Vodafone Idea (Vi),WB,CUST_0000790,DEV_0000790,2023-01-10,False,False,NONE
+919862004092,Vodafone Idea (Vi),UP,CUST_0000791,DEV_0000791,2023-01-10,False,False,NONE
+919813248951,Airtel India,DL,CUST_0000792,DEV_0000792,2023-01-10,False,False,NONE
+919853064476,BSNL Mobile,TS,CUST_0000793,DEV_0000793,2023-01-10,False,False,NONE
+919898645451,BSNL Mobile,GJ,CUST_0000794,DEV_0000794,2023-01-10,False,False,NONE
+919817362463,Airtel India,GJ,CUST_0000795,DEV_0000795,2023-01-10,False,False,NONE
+919837445594,Jio 5G,WB,CUST_0000796,DEV_0000796,2023-01-10,False,False,NONE
+919894125321,Vodafone Idea (Vi),KA,CUST_0000797,DEV_0000797,2023-01-10,False,False,NONE
+919853422479,Jio 5G,WB,CUST_0000798,DEV_0000798,2023-01-10,False,False,NONE
+919822702390,Airtel India,JH,CUST_0000799,DEV_0000799,2023-01-10,False,False,NONE
+919895084301,Airtel India,GJ,CUST_0000800,DEV_0000800,2023-01-10,False,False,NONE
+919898454137,BSNL Mobile,WB,CUST_0000801,DEV_0000801,2023-01-10,True,True,NONE
+919875045001,Jio 5G,UP,CUST_0000802,DEV_0000802,2023-01-10,False,False,NONE
+919860003567,Jio 5G,DL,CUST_0000803,DEV_0000803,2023-01-10,False,False,NONE
+919820557307,Vodafone Idea (Vi),JH,CUST_0000804,DEV_0000804,2023-01-10,False,False,NONE
+919833963589,Vodafone Idea (Vi),WB,CUST_0000805,DEV_0000805,2023-01-10,False,False,NONE
+919866349616,Airtel India,MH,CUST_0000806,DEV_0000806,2023-01-10,False,False,NONE
+919888861843,BSNL Mobile,JH,CUST_0000807,DEV_0000807,2023-01-10,False,False,NONE
+919813775346,Jio 5G,WB,CUST_0000808,DEV_0000808,2023-01-10,False,False,NONE
+919840015347,Airtel India,HR,CUST_0000809,DEV_0000809,2023-01-10,False,False,NONE
+919890282836,BSNL Mobile,JH,CUST_0000810,DEV_0000810,2023-01-10,False,False,NONE
+919899777703,Airtel India,KA,CUST_0000811,DEV_0000811,2023-01-10,False,False,NONE
+919869327629,Jio 5G,MH,CUST_0000812,DEV_0000812,2023-01-10,False,False,NONE
+919884775830,BSNL Mobile,UP,CUST_0000813,DEV_0000813,2023-01-10,False,False,NONE
+919818434845,BSNL Mobile,KA,CUST_0000814,DEV_0000814,2023-01-10,False,False,NONE
+919863363694,Jio 5G,JH,CUST_0000815,DEV_0000815,2023-01-10,False,False,NONE
+919846197087,Jio 5G,GJ,CUST_0000816,DEV_0000816,2023-01-10,False,False,NONE
+919885845398,Jio 5G,RJ,CUST_0000817,DEV_0000817,2023-01-10,False,True,NONE
+919829131270,Vodafone Idea (Vi),JH,CUST_0000818,DEV_0000818,2023-01-10,False,False,NONE
+919871221510,Vodafone Idea (Vi),RJ,CUST_0000819,DEV_0000819,2023-01-10,False,False,NONE
+919849511167,Airtel India,WB,CUST_0000820,DEV_0000820,2023-01-10,False,False,NONE
+919848535914,BSNL Mobile,GJ,CUST_0000821,DEV_0000821,2023-01-10,False,False,NONE
+919872100945,BSNL Mobile,TS,CUST_0000822,DEV_0000822,2023-01-10,False,True,NONE
+919831838091,Jio 5G,UP,CUST_0000823,DEV_0000823,2023-01-10,False,False,NONE
+919881254995,BSNL Mobile,GJ,CUST_0000824,DEV_0000824,2023-01-10,False,False,NONE
+919877939857,BSNL Mobile,RJ,CUST_0000825,DEV_0000825,2023-01-10,False,False,NONE
+919847306862,BSNL Mobile,TS,CUST_0000826,DEV_0000826,2023-01-10,True,True,NONE
+919892038097,Jio 5G,TS,CUST_0000827,DEV_0000827,2023-01-10,False,False,NONE
+919871089989,Vodafone Idea (Vi),UP,CUST_0000828,DEV_0000828,2023-01-10,False,False,NONE
+919820833872,Jio 5G,GJ,CUST_0000829,DEV_0000829,2023-01-10,True,True,NONE
+919842318376,Jio 5G,GJ,CUST_0000830,DEV_0000830,2023-01-10,False,True,NONE
+919825667556,Airtel India,DL,CUST_0000831,DEV_0000831,2023-01-10,False,True,NONE
+919892296748,Vodafone Idea (Vi),TS,CUST_0000832,DEV_0000832,2023-01-10,False,False,NONE
+919884230127,Vodafone Idea (Vi),JH,CUST_0000833,DEV_0000833,2023-01-10,False,False,NONE
+919872118705,Jio 5G,KA,CUST_0000834,DEV_0000834,2023-01-10,False,True,NONE
+919844540421,BSNL Mobile,MH,CUST_0000835,DEV_0000835,2023-01-10,False,False,NONE
+919824028431,Airtel India,RJ,CUST_0000836,DEV_0000836,2023-01-10,False,False,NONE
+919839603499,Vodafone Idea (Vi),RJ,CUST_0000837,DEV_0000837,2023-01-10,False,False,NONE
+919833778050,Vodafone Idea (Vi),JH,CUST_0000838,DEV_0000838,2023-01-10,False,False,NONE
+919876708994,Vodafone Idea (Vi),JH,CUST_0000839,DEV_0000839,2023-01-10,False,False,NONE
+919839433300,Jio 5G,MH,CUST_0000840,DEV_0000840,2023-01-10,True,True,NONE
+919863528063,Airtel India,HR,CUST_0000841,DEV_0000841,2023-01-10,False,False,NONE
+919814239986,Airtel India,JH,CUST_0000842,DEV_0000842,2023-01-10,False,False,NONE
+919828145838,BSNL Mobile,WB,CUST_0000843,DEV_0000843,2023-01-10,False,False,NONE
+919865725260,Jio 5G,MH,CUST_0000844,DEV_0000844,2023-01-10,True,True,NONE
+919868068116,Jio 5G,UP,CUST_0000845,DEV_0000845,2023-01-10,False,False,NONE
+919891446424,BSNL Mobile,GJ,CUST_0000846,DEV_0000846,2023-01-10,False,False,NONE
+919889051476,Vodafone Idea (Vi),UP,CUST_0000847,DEV_0000847,2023-01-10,False,True,NONE
+919858664973,BSNL Mobile,RJ,CUST_0000848,DEV_0000848,2023-01-10,False,False,NONE
+919842946188,BSNL Mobile,DL,CUST_0000849,DEV_0000849,2023-01-10,False,False,NONE
+919813040957,BSNL Mobile,UP,CUST_0000850,DEV_0000850,2023-01-10,False,False,NONE
+919899055398,Airtel India,UP,CUST_0000851,DEV_0000851,2023-01-10,False,False,NONE
+919848160237,Airtel India,RJ,CUST_0000852,DEV_0000852,2023-01-10,False,False,NONE
+919854259860,Vodafone Idea (Vi),WB,CUST_0000853,DEV_0000853,2023-01-10,False,False,NONE
+919819221871,BSNL Mobile,JH,CUST_0000854,DEV_0000854,2023-01-10,False,False,NONE
+919846928094,Vodafone Idea (Vi),KA,CUST_0000855,DEV_0000855,2023-01-10,False,False,NONE
+919877996624,Airtel India,DL,CUST_0000856,DEV_0000856,2023-01-10,False,False,NONE
+919816985430,Vodafone Idea (Vi),TS,CUST_0000857,DEV_0000857,2023-01-10,False,False,NONE
+919887725190,Airtel India,DL,CUST_0000858,DEV_0000858,2023-01-10,False,False,NONE
+919865603321,BSNL Mobile,DL,CUST_0000859,DEV_0000859,2023-01-10,False,False,NONE
+919819750652,Jio 5G,DL,CUST_0000860,DEV_0000860,2023-01-10,False,False,NONE
+919814019066,Airtel India,HR,CUST_0000861,DEV_0000861,2023-01-10,False,False,NONE
+919828011329,Airtel India,RJ,CUST_0000862,DEV_0000862,2023-01-10,False,True,NONE
+919867390381,Vodafone Idea (Vi),MH,CUST_0000863,DEV_0000863,2023-01-10,False,False,NONE
+919864327942,Jio 5G,DL,CUST_0000864,DEV_0000864,2023-01-10,False,True,NONE
+919889021606,Jio 5G,RJ,CUST_0000865,DEV_0000865,2023-01-10,False,False,NONE
+919824009988,Jio 5G,DL,CUST_0000866,DEV_0000866,2023-01-10,False,False,NONE
+919817106629,Jio 5G,WB,CUST_0000867,DEV_0000867,2023-01-10,False,False,NONE
+919854253508,Vodafone Idea (Vi),GJ,CUST_0000868,DEV_0000868,2023-01-10,False,False,NONE
+919826996428,BSNL Mobile,TS,CUST_0000869,DEV_0000869,2023-01-10,False,False,NONE
+919887078529,BSNL Mobile,MH,CUST_0000870,DEV_0000870,2023-01-10,False,False,NONE
+919834186655,Vodafone Idea (Vi),RJ,CUST_0000871,DEV_0000871,2023-01-10,False,False,NONE
+919881953048,BSNL Mobile,RJ,CUST_0000872,DEV_0000872,2023-01-10,False,False,NONE
+919882617699,Vodafone Idea (Vi),WB,CUST_0000873,DEV_0000873,2023-01-10,False,False,NONE
+919861318588,Airtel India,WB,CUST_0000874,DEV_0000874,2023-01-10,False,False,NONE
+919825554539,Vodafone Idea (Vi),UP,CUST_0000875,DEV_0000875,2023-01-10,False,False,NONE
+919851383187,Jio 5G,MH,CUST_0000876,DEV_0000876,2023-01-10,False,False,NONE
+919825094622,Airtel India,WB,CUST_0000877,DEV_0000877,2023-01-10,False,False,NONE
+919821692703,Jio 5G,GJ,CUST_0000878,DEV_0000878,2023-01-10,False,False,NONE
+919851426356,Vodafone Idea (Vi),DL,CUST_0000879,DEV_0000879,2023-01-10,False,True,NONE
+919821420444,BSNL Mobile,WB,CUST_0000880,DEV_0000880,2023-01-10,False,False,NONE
+919822823881,BSNL Mobile,TS,CUST_0000881,DEV_0000881,2023-01-10,False,True,NONE
+919834048397,Airtel India,GJ,CUST_0000882,DEV_0000882,2023-01-10,False,False,NONE
+919814077710,Vodafone Idea (Vi),GJ,CUST_0000883,DEV_0000883,2023-01-10,False,False,NONE
+919825471408,Jio 5G,JH,CUST_0000884,DEV_0000884,2023-01-10,False,False,NONE
+919872889950,Vodafone Idea (Vi),KA,CUST_0000885,DEV_0000885,2023-01-10,False,False,NONE
+919890883380,Jio 5G,JH,CUST_0000886,DEV_0000886,2023-01-10,False,False,NONE
+919831708174,Airtel India,GJ,CUST_0000887,DEV_0000887,2023-01-10,False,True,NONE
+919846898090,Vodafone Idea (Vi),MH,CUST_0000888,DEV_0000888,2023-01-10,False,True,NONE
+919832669352,Vodafone Idea (Vi),HR,CUST_0000889,DEV_0000889,2023-01-10,False,True,NONE
+919816278626,BSNL Mobile,GJ,CUST_0000890,DEV_0000890,2023-01-10,False,False,NONE
+919888454471,Jio 5G,WB,CUST_0000891,DEV_0000891,2023-01-10,False,False,NONE
+919817956176,Jio 5G,GJ,CUST_0000892,DEV_0000892,2023-01-10,False,False,NONE
+919831849442,Airtel India,DL,CUST_0000893,DEV_0000893,2023-01-10,False,False,NONE
+919897252875,BSNL Mobile,WB,CUST_0000894,DEV_0000894,2023-01-10,False,False,NONE
+919832022110,Vodafone Idea (Vi),RJ,CUST_0000895,DEV_0000895,2023-01-10,False,False,NONE
+919813440160,Airtel India,GJ,CUST_0000896,DEV_0000896,2023-01-10,False,True,NONE
+919882366891,Airtel India,RJ,CUST_0000897,DEV_0000897,2023-01-10,False,False,NONE
+919832097773,Airtel India,WB,CUST_0000898,DEV_0000898,2023-01-10,False,False,NONE
+919843002362,Jio 5G,TS,CUST_0000899,DEV_0000899,2023-01-10,False,False,NONE
+919839414977,Vodafone Idea (Vi),JH,CUST_0000900,DEV_0000900,2023-01-10,False,False,NONE
+919882456669,BSNL Mobile,TS,CUST_0000901,DEV_0000901,2023-01-10,False,True,NONE
+919851915583,Airtel India,HR,CUST_0000902,DEV_0000902,2023-01-10,False,False,NONE
+919856842893,Jio 5G,MH,CUST_0000903,DEV_0000903,2023-01-10,True,True,NONE
+919824649267,Vodafone Idea (Vi),WB,CUST_0000904,DEV_0000904,2023-01-10,False,False,NONE
+919872588228,BSNL Mobile,KA,CUST_0000905,DEV_0000905,2023-01-10,False,False,NONE
+919882338503,Airtel India,HR,CUST_0000906,DEV_0000906,2023-01-10,False,False,NONE
+919817715984,Vodafone Idea (Vi),TS,CUST_0000907,DEV_0000907,2023-01-10,False,False,NONE
+919815386897,Airtel India,KA,CUST_0000908,DEV_0000908,2023-01-10,False,False,NONE
+919877667494,BSNL Mobile,UP,CUST_0000909,DEV_0000909,2023-01-10,False,False,NONE
+919828258167,Jio 5G,UP,CUST_0000910,DEV_0000910,2023-01-10,False,False,NONE
+919882179360,Airtel India,GJ,CUST_0000911,DEV_0000911,2023-01-10,False,False,NONE
+919895860941,Airtel India,JH,CUST_0000912,DEV_0000912,2023-01-10,False,False,NONE
+919855047877,Jio 5G,WB,CUST_0000913,DEV_0000913,2023-01-10,False,False,NONE
+919855324844,BSNL Mobile,TS,CUST_0000914,DEV_0000914,2023-01-10,False,True,NONE
+919895868936,Jio 5G,KA,CUST_0000915,DEV_0000915,2023-01-10,False,False,NONE
+919828430115,Airtel India,UP,CUST_0000916,DEV_0000916,2023-01-10,False,False,NONE
+919842464312,Vodafone Idea (Vi),WB,CUST_0000917,DEV_0000917,2023-01-10,False,False,NONE
+919822076196,BSNL Mobile,KA,CUST_0000918,DEV_0000918,2023-01-10,False,False,NONE
+919881848791,BSNL Mobile,KA,CUST_0000919,DEV_0000919,2023-01-10,False,False,NONE
+919892908826,Vodafone Idea (Vi),DL,CUST_0000920,DEV_0000920,2023-01-10,False,True,NONE
+919899201238,Vodafone Idea (Vi),DL,CUST_0000921,DEV_0000921,2023-01-10,True,True,NONE
+919883177823,Airtel India,GJ,CUST_0000922,DEV_0000922,2023-01-10,False,False,NONE
+919831615878,Jio 5G,DL,CUST_0000923,DEV_0000923,2023-01-10,False,False,NONE
+919860920007,BSNL Mobile,MH,CUST_0000924,DEV_0000924,2023-01-10,False,False,NONE
+919816395126,BSNL Mobile,JH,CUST_0000925,DEV_0000925,2023-01-10,False,False,NONE
+919863163591,Vodafone Idea (Vi),DL,CUST_0000926,DEV_0000926,2023-01-10,False,False,NONE
+919856429472,Airtel India,GJ,CUST_0000927,DEV_0000927,2023-01-10,False,True,NONE
+919849219314,Vodafone Idea (Vi),RJ,CUST_0000928,DEV_0000928,2023-01-10,False,False,NONE
+919812821679,BSNL Mobile,MH,CUST_0000929,DEV_0000929,2023-01-10,False,False,NONE
+919818957904,Vodafone Idea (Vi),RJ,CUST_0000930,DEV_0000930,2023-01-10,False,False,NONE
+919868182193,Jio 5G,MH,CUST_0000931,DEV_0000931,2023-01-10,False,False,NONE
+919892355503,Airtel India,RJ,CUST_0000932,DEV_0000932,2023-01-10,False,False,NONE
+919858032527,Jio 5G,UP,CUST_0000933,DEV_0000933,2023-01-10,False,False,NONE
+919866768414,Jio 5G,JH,CUST_0000934,DEV_0000934,2023-01-10,False,False,NONE
+919881521092,Airtel India,HR,CUST_0000935,DEV_0000935,2023-01-10,False,False,NONE
+919893185423,Jio 5G,MH,CUST_0000936,DEV_0000936,2023-01-10,False,False,NONE
+919861478483,Jio 5G,HR,CUST_0000937,DEV_0000937,2023-01-10,False,False,NONE
+919852250542,Vodafone Idea (Vi),TS,CUST_0000938,DEV_0000938,2023-01-10,False,True,NONE
+919878085584,Airtel India,RJ,CUST_0000939,DEV_0000939,2023-01-10,False,True,NONE
+919872594544,BSNL Mobile,RJ,CUST_0000940,DEV_0000940,2023-01-10,False,False,NONE
+919812516063,BSNL Mobile,JH,CUST_0000941,DEV_0000941,2023-01-10,False,False,NONE
+919840457608,Vodafone Idea (Vi),GJ,CUST_0000942,DEV_0000942,2023-01-10,False,True,NONE
+919879089491,Jio 5G,TS,CUST_0000943,DEV_0000943,2023-01-10,False,False,NONE
+919849221576,Vodafone Idea (Vi),JH,CUST_0000944,DEV_0000944,2023-01-10,False,False,NONE
+919876290355,Airtel India,GJ,CUST_0000945,DEV_0000945,2023-01-10,False,False,NONE
+919854721649,Airtel India,TS,CUST_0000946,DEV_0000946,2023-01-10,False,False,NONE
+919848507284,Airtel India,JH,CUST_0000947,DEV_0000947,2023-01-10,False,False,NONE
+919890145731,Airtel India,RJ,CUST_0000948,DEV_0000948,2023-01-10,False,False,NONE
+919851401053,Vodafone Idea (Vi),JH,CUST_0000949,DEV_0000949,2023-01-10,False,False,NONE
+919899737945,Airtel India,DL,CUST_0000950,DEV_0000950,2023-01-10,False,False,NONE
+919873807859,Vodafone Idea (Vi),MH,CUST_0000951,DEV_0000951,2023-01-10,False,False,NONE
+919878218752,Airtel India,DL,CUST_0000952,DEV_0000952,2023-01-10,False,False,NONE
+919828983078,BSNL Mobile,KA,CUST_0000953,DEV_0000953,2023-01-10,False,False,NONE
+919839116144,Jio 5G,JH,CUST_0000954,DEV_0000954,2023-01-10,False,False,NONE
+919869803392,BSNL Mobile,MH,CUST_0000955,DEV_0000955,2023-01-10,False,False,NONE
+919862925579,Airtel India,UP,CUST_0000956,DEV_0000956,2023-01-10,False,False,NONE
+919833520097,BSNL Mobile,JH,CUST_0000957,DEV_0000957,2023-01-10,False,False,NONE
+919819417517,Airtel India,RJ,CUST_0000958,DEV_0000958,2023-01-10,False,False,NONE
+919824417302,Vodafone Idea (Vi),RJ,CUST_0000959,DEV_0000959,2023-01-10,False,False,NONE
+919897722939,Airtel India,HR,CUST_0000960,DEV_0000960,2023-01-10,False,False,NONE
+919823681679,Vodafone Idea (Vi),RJ,CUST_0000961,DEV_0000961,2023-01-10,False,False,NONE
+919856709533,BSNL Mobile,KA,CUST_0000962,DEV_0000962,2023-01-10,False,False,NONE
+919810709879,BSNL Mobile,KA,CUST_0000963,DEV_0000963,2023-01-10,False,False,NONE
+919882867138,Jio 5G,WB,CUST_0000964,DEV_0000964,2023-01-10,False,False,NONE
+919839895727,BSNL Mobile,KA,CUST_0000965,DEV_0000965,2023-01-10,False,False,NONE
+919819335777,Vodafone Idea (Vi),KA,CUST_0000966,DEV_0000966,2023-01-10,False,False,NONE
+919844574116,BSNL Mobile,KA,CUST_0000967,DEV_0000967,2023-01-10,False,False,NONE
+919879240667,Vodafone Idea (Vi),DL,CUST_0000968,DEV_0000968,2023-01-10,False,False,NONE
+919830602021,Vodafone Idea (Vi),MH,CUST_0000969,DEV_0000969,2023-01-10,False,False,NONE
+919818495790,Jio 5G,UP,CUST_0000970,DEV_0000970,2023-01-10,False,False,NONE
+919865050652,BSNL Mobile,DL,CUST_0000971,DEV_0000971,2023-01-10,False,False,NONE
+919848903535,Vodafone Idea (Vi),TS,CUST_0000972,DEV_0000972,2023-01-10,False,False,NONE
+919845818267,Airtel India,RJ,CUST_0000973,DEV_0000973,2023-01-10,False,False,NONE
+919865401129,Jio 5G,DL,CUST_0000974,DEV_0000974,2023-01-10,False,False,NONE
+919896036656,Vodafone Idea (Vi),KA,CUST_0000975,DEV_0000975,2023-01-10,False,False,NONE
+919887591875,BSNL Mobile,JH,CUST_0000976,DEV_0000976,2023-01-10,False,True,NONE
+919881722932,Jio 5G,JH,CUST_0000977,DEV_0000977,2023-01-10,False,False,NONE
+919898157355,Airtel India,TS,CUST_0000978,DEV_0000978,2023-01-10,False,False,NONE
+919834083295,BSNL Mobile,TS,CUST_0000979,DEV_0000979,2023-01-10,False,False,NONE
+919895092870,Jio 5G,MH,CUST_0000980,DEV_0000980,2023-01-10,False,False,NONE
+919813455847,Jio 5G,HR,CUST_0000981,DEV_0000981,2023-01-10,False,False,NONE
+919876818113,Vodafone Idea (Vi),MH,CUST_0000982,DEV_0000982,2023-01-10,False,False,NONE
+919824307327,Vodafone Idea (Vi),GJ,CUST_0000983,DEV_0000983,2023-01-10,False,True,NONE
+919839205230,Vodafone Idea (Vi),TS,CUST_0000984,DEV_0000984,2023-01-10,False,False,NONE
+919864732213,Vodafone Idea (Vi),HR,CUST_0000985,DEV_0000985,2023-01-10,False,False,NONE
+919884695916,BSNL Mobile,GJ,CUST_0000986,DEV_0000986,2023-01-10,False,False,NONE
+919842277727,Airtel India,MH,CUST_0000987,DEV_0000987,2023-01-10,False,False,NONE
+919852756345,Airtel India,GJ,CUST_0000988,DEV_0000988,2023-01-10,False,False,NONE
+919877834393,Vodafone Idea (Vi),JH,CUST_0000989,DEV_0000989,2023-01-10,False,False,NONE
+919834575069,BSNL Mobile,WB,CUST_0000990,DEV_0000990,2023-01-10,False,False,NONE
+919886658543,Jio 5G,TS,CUST_0000991,DEV_0000991,2023-01-10,False,False,NONE
+919816165393,Vodafone Idea (Vi),GJ,CUST_0000992,DEV_0000992,2023-01-10,False,False,NONE
+919850626780,BSNL Mobile,RJ,CUST_0000993,DEV_0000993,2023-01-10,False,False,NONE
+919867643751,BSNL Mobile,DL,CUST_0000994,DEV_0000994,2023-01-10,False,False,NONE
+919826079442,BSNL Mobile,RJ,CUST_0000995,DEV_0000995,2023-01-10,False,False,NONE
+919826690880,Vodafone Idea (Vi),KA,CUST_0000996,DEV_0000996,2023-01-10,False,False,NONE
+919882014493,Airtel India,KA,CUST_0000997,DEV_0000997,2023-01-10,True,True,NONE
+919822051914,Vodafone Idea (Vi),HR,CUST_0000998,DEV_0000998,2023-01-10,False,False,NONE
+919898204824,Jio 5G,WB,CUST_0000999,DEV_0000999,2023-01-10,False,False,NONE
+919897041091,Vodafone Idea (Vi),GJ,CUST_0001000,DEV_0001000,2023-01-10,False,False,NONE
+919817762612,Jio 5G,HR,CUST_0001001,DEV_0001001,2023-01-10,False,False,NONE
+919891006604,Vodafone Idea (Vi),WB,CUST_0001002,DEV_0001002,2023-01-10,False,False,NONE
+919867016905,BSNL Mobile,TS,CUST_0001003,DEV_0001003,2023-01-10,True,True,NONE
+919885161482,Vodafone Idea (Vi),MH,CUST_0001004,DEV_0001004,2023-01-10,False,False,NONE
+919862433688,Airtel India,UP,CUST_0001005,DEV_0001005,2023-01-10,False,False,NONE
+919837276492,Airtel India,KA,CUST_0001006,DEV_0001006,2023-01-10,False,False,NONE
+919886518909,BSNL Mobile,HR,CUST_0001007,DEV_0001007,2023-01-10,False,True,NONE
+919834252307,Vodafone Idea (Vi),TS,CUST_0001008,DEV_0001008,2023-01-10,False,False,NONE
+919833043187,BSNL Mobile,GJ,CUST_0001009,DEV_0001009,2023-01-10,False,False,NONE
+919859232996,Vodafone Idea (Vi),JH,CUST_0001010,DEV_0001010,2023-01-10,False,False,NONE
+919817450566,Vodafone Idea (Vi),HR,CUST_0001011,DEV_0001011,2023-01-10,False,False,NONE
+919846104528,Vodafone Idea (Vi),UP,CUST_0001012,DEV_0001012,2023-01-10,False,True,NONE
+919835301112,Vodafone Idea (Vi),TS,CUST_0001013,DEV_0001013,2023-01-10,False,False,NONE
+919850652918,Vodafone Idea (Vi),UP,CUST_0001014,DEV_0001014,2023-01-10,False,True,NONE
+919812265068,BSNL Mobile,DL,CUST_0001015,DEV_0001015,2023-01-10,False,False,NONE
+919839129136,Airtel India,MH,CUST_0001016,DEV_0001016,2023-01-10,False,False,NONE
+919886227276,Vodafone Idea (Vi),DL,CUST_0001017,DEV_0001017,2023-01-10,False,False,NONE
+919819076605,BSNL Mobile,GJ,CUST_0001018,DEV_0001018,2023-01-10,False,False,NONE
+919832790535,Airtel India,KA,CUST_0001019,DEV_0001019,2023-01-10,False,False,NONE
+919818096374,Jio 5G,HR,CUST_0001020,DEV_0001020,2023-01-10,False,False,NONE
+919876679508,Jio 5G,WB,CUST_0001021,DEV_0001021,2023-01-10,False,False,NONE
+919852163884,Jio 5G,RJ,CUST_0001022,DEV_0001022,2023-01-10,False,True,NONE
+919876050877,BSNL Mobile,GJ,CUST_0001023,DEV_0001023,2023-01-10,False,False,NONE
+919817344249,Vodafone Idea (Vi),KA,CUST_0001024,DEV_0001024,2023-01-10,False,False,NONE
+919814854811,Jio 5G,UP,CUST_0001025,DEV_0001025,2023-01-10,False,True,NONE
+919872296394,BSNL Mobile,GJ,CUST_0001026,DEV_0001026,2023-01-10,False,False,NONE
+919860750511,Vodafone Idea (Vi),HR,CUST_0001027,DEV_0001027,2023-01-10,False,False,NONE
+919847163790,Airtel India,RJ,CUST_0001028,DEV_0001028,2023-01-10,False,True,NONE
+919821345154,Airtel India,DL,CUST_0001029,DEV_0001029,2023-01-10,False,False,NONE
+919842937474,Jio 5G,HR,CUST_0001030,DEV_0001030,2023-01-10,False,False,NONE
+919898821307,Vodafone Idea (Vi),DL,CUST_0001031,DEV_0001031,2023-01-10,False,False,NONE
+919871213323,Airtel India,TS,CUST_0001032,DEV_0001032,2023-01-10,False,False,NONE
+919868784411,Jio 5G,GJ,CUST_0001033,DEV_0001033,2023-01-10,False,False,NONE
+919866473751,Jio 5G,DL,CUST_0001034,DEV_0001034,2023-01-10,False,False,NONE
+919855789424,Vodafone Idea (Vi),MH,CUST_0001035,DEV_0001035,2023-01-10,False,False,NONE
+919827652960,Airtel India,DL,CUST_0001036,DEV_0001036,2023-01-10,False,True,NONE
+919882165392,Jio 5G,UP,CUST_0001037,DEV_0001037,2023-01-10,False,False,NONE
+919880351156,Vodafone Idea (Vi),UP,CUST_0001038,DEV_0001038,2023-01-10,False,False,NONE
+919873160815,Jio 5G,JH,CUST_0001039,DEV_0001039,2023-01-10,False,False,NONE
+919821588097,Airtel India,HR,CUST_0001040,DEV_0001040,2023-01-10,False,False,NONE
+919843673291,BSNL Mobile,HR,CUST_0001041,DEV_0001041,2023-01-10,False,True,NONE
+919854968508,Jio 5G,KA,CUST_0001042,DEV_0001042,2023-01-10,False,False,NONE
+919884279409,Jio 5G,DL,CUST_0001043,DEV_0001043,2023-01-10,False,False,NONE
+919839530954,BSNL Mobile,UP,CUST_0001044,DEV_0001044,2023-01-10,True,True,NONE
+919872740973,BSNL Mobile,DL,CUST_0001045,DEV_0001045,2023-01-10,False,False,NONE
+919853881794,Vodafone Idea (Vi),DL,CUST_0001046,DEV_0001046,2023-01-10,False,True,NONE
+919818673396,Jio 5G,RJ,CUST_0001047,DEV_0001047,2023-01-10,False,False,NONE
+919892187799,Airtel India,GJ,CUST_0001048,DEV_0001048,2023-01-10,False,False,NONE
+919870852256,BSNL Mobile,KA,CUST_0001049,DEV_0001049,2023-01-10,False,False,NONE
+919890358631,Jio 5G,KA,CUST_0001050,DEV_0001050,2023-01-10,False,True,NONE
+919838862014,BSNL Mobile,KA,CUST_0001051,DEV_0001051,2023-01-10,False,False,NONE
+919839123154,Vodafone Idea (Vi),KA,CUST_0001052,DEV_0001052,2023-01-10,False,False,NONE
+919872022174,BSNL Mobile,WB,CUST_0001053,DEV_0001053,2023-01-10,False,False,NONE
+919847653946,Jio 5G,KA,CUST_0001054,DEV_0001054,2023-01-10,False,False,NONE
+919838563440,BSNL Mobile,HR,CUST_0001055,DEV_0001055,2023-01-10,False,False,NONE
+919841680523,Airtel India,JH,CUST_0001056,DEV_0001056,2023-01-10,False,False,NONE
+919878765235,BSNL Mobile,GJ,CUST_0001057,DEV_0001057,2023-01-10,False,False,NONE
+919813348259,Jio 5G,JH,CUST_0001058,DEV_0001058,2023-01-10,True,True,NONE
+919869687625,Vodafone Idea (Vi),RJ,CUST_0001059,DEV_0001059,2023-01-10,False,False,NONE
+919887715525,Vodafone Idea (Vi),GJ,CUST_0001060,DEV_0001060,2023-01-10,False,False,NONE
+919875134014,Airtel India,GJ,CUST_0001061,DEV_0001061,2023-01-10,False,False,NONE
+919894798901,BSNL Mobile,WB,CUST_0001062,DEV_0001062,2023-01-10,False,False,NONE
+919815384812,Vodafone Idea (Vi),WB,CUST_0001063,DEV_0001063,2023-01-10,False,False,NONE
+919814283276,BSNL Mobile,UP,CUST_0001064,DEV_0001064,2023-01-10,False,False,NONE
+919870690231,Jio 5G,WB,CUST_0001065,DEV_0001065,2023-01-10,False,False,NONE
+919873396399,Airtel India,JH,CUST_0001066,DEV_0001066,2023-01-10,False,True,NONE
+919858666343,Airtel India,UP,CUST_0001067,DEV_0001067,2023-01-10,False,False,NONE
+919821887319,Jio 5G,GJ,CUST_0001068,DEV_0001068,2023-01-10,False,False,NONE
+919859928470,Vodafone Idea (Vi),DL,CUST_0001069,DEV_0001069,2023-01-10,False,False,NONE
+919882354317,Jio 5G,WB,CUST_0001070,DEV_0001070,2023-01-10,False,False,NONE
+919848678965,Airtel India,UP,CUST_0001071,DEV_0001071,2023-01-10,False,False,NONE
+919827002434,Airtel India,JH,CUST_0001072,DEV_0001072,2023-01-10,False,False,NONE
+919851263127,Vodafone Idea (Vi),RJ,CUST_0001073,DEV_0001073,2023-01-10,False,False,NONE
+919837658821,Airtel India,UP,CUST_0001074,DEV_0001074,2023-01-10,False,False,NONE
+919833637885,BSNL Mobile,DL,CUST_0001075,DEV_0001075,2023-01-10,False,False,NONE
+919892076653,BSNL Mobile,MH,CUST_0001076,DEV_0001076,2023-01-10,False,False,NONE
+919858151901,Airtel India,HR,CUST_0001077,DEV_0001077,2023-01-10,False,False,NONE
+919880279796,Airtel India,RJ,CUST_0001078,DEV_0001078,2023-01-10,False,False,NONE
+919819307201,Jio 5G,DL,CUST_0001079,DEV_0001079,2023-01-10,False,False,NONE
+919816061465,BSNL Mobile,DL,CUST_0001080,DEV_0001080,2023-01-10,False,False,NONE
+919896971757,BSNL Mobile,MH,CUST_0001081,DEV_0001081,2023-01-10,False,False,NONE
+919895266370,Airtel India,GJ,CUST_0001082,DEV_0001082,2023-01-10,False,True,NONE
+919837696071,Vodafone Idea (Vi),MH,CUST_0001083,DEV_0001083,2023-01-10,False,False,NONE
+919829370246,BSNL Mobile,UP,CUST_0001084,DEV_0001084,2023-01-10,False,False,NONE
+919827635399,Jio 5G,WB,CUST_0001085,DEV_0001085,2023-01-10,False,False,NONE
+919891745871,Vodafone Idea (Vi),RJ,CUST_0001086,DEV_0001086,2023-01-10,False,False,NONE
+919829963196,Vodafone Idea (Vi),KA,CUST_0001087,DEV_0001087,2023-01-10,False,False,NONE
+919832808669,Jio 5G,HR,CUST_0001088,DEV_0001088,2023-01-10,True,True,NONE
+919832967094,Jio 5G,MH,CUST_0001089,DEV_0001089,2023-01-10,False,False,NONE
+919835901785,BSNL Mobile,HR,CUST_0001090,DEV_0001090,2023-01-10,False,False,NONE
+919899250681,Airtel India,HR,CUST_0001091,DEV_0001091,2023-01-10,False,False,NONE
+919881668448,BSNL Mobile,JH,CUST_0001092,DEV_0001092,2023-01-10,False,False,NONE
+919857140569,Jio 5G,TS,CUST_0001093,DEV_0001093,2023-01-10,False,False,NONE
+919896587325,Vodafone Idea (Vi),TS,CUST_0001094,DEV_0001094,2023-01-10,False,False,NONE
+919863516481,Vodafone Idea (Vi),MH,CUST_0001095,DEV_0001095,2023-01-10,False,False,NONE
+919838360616,BSNL Mobile,GJ,CUST_0001096,DEV_0001096,2023-01-10,False,False,NONE
+919889194888,Jio 5G,WB,CUST_0001097,DEV_0001097,2023-01-10,False,True,NONE
+919868683389,BSNL Mobile,KA,CUST_0001098,DEV_0001098,2023-01-10,False,False,NONE
+919836094826,Vodafone Idea (Vi),GJ,CUST_0001099,DEV_0001099,2023-01-10,False,False,NONE
+919820008818,Airtel India,KA,CUST_0001100,DEV_0001100,2023-01-10,False,False,NONE
+919896398206,Vodafone Idea (Vi),MH,CUST_0001101,DEV_0001101,2023-01-10,False,False,NONE
+919826696533,Vodafone Idea (Vi),DL,CUST_0001102,DEV_0001102,2023-01-10,False,False,NONE
+919814689848,Jio 5G,GJ,CUST_0001103,DEV_0001103,2023-01-10,False,True,NONE
+919831690391,Jio 5G,JH,CUST_0001104,DEV_0001104,2023-01-10,False,False,NONE
+919873373068,Jio 5G,HR,CUST_0001105,DEV_0001105,2023-01-10,False,False,NONE
+919892188759,Airtel India,HR,CUST_0001106,DEV_0001106,2023-01-10,False,False,NONE
+919843406433,Airtel India,JH,CUST_0001107,DEV_0001107,2023-01-10,False,False,NONE
+919882974611,Airtel India,WB,CUST_0001108,DEV_0001108,2023-01-10,False,False,NONE
+919846277076,Airtel India,TS,CUST_0001109,DEV_0001109,2023-01-10,False,False,NONE
+919894364266,Airtel India,TS,CUST_0001110,DEV_0001110,2023-01-10,False,False,NONE
+919810328705,BSNL Mobile,MH,CUST_0001111,DEV_0001111,2023-01-10,False,False,NONE
+919810190070,Vodafone Idea (Vi),KA,CUST_0001112,DEV_0001112,2023-01-10,False,False,NONE
+919815894118,Vodafone Idea (Vi),WB,CUST_0001113,DEV_0001113,2023-01-10,False,True,NONE
+919831434844,Jio 5G,GJ,CUST_0001114,DEV_0001114,2023-01-10,False,False,NONE
+919892028570,Airtel India,DL,CUST_0001115,DEV_0001115,2023-01-10,False,False,NONE
+919811451535,Airtel India,HR,CUST_0001116,DEV_0001116,2023-01-10,False,False,NONE
+919858212110,BSNL Mobile,TS,CUST_0001117,DEV_0001117,2023-01-10,False,False,NONE
+919880281329,BSNL Mobile,UP,CUST_0001118,DEV_0001118,2023-01-10,False,False,NONE
+919840444930,Jio 5G,UP,CUST_0001119,DEV_0001119,2023-01-10,False,False,NONE
+919885501687,Jio 5G,HR,CUST_0001120,DEV_0001120,2023-01-10,False,False,NONE
+919837485767,BSNL Mobile,TS,CUST_0001121,DEV_0001121,2023-01-10,False,False,NONE
+919823940881,BSNL Mobile,HR,CUST_0001122,DEV_0001122,2023-01-10,False,False,NONE
+919830148425,Airtel India,DL,CUST_0001123,DEV_0001123,2023-01-10,True,True,NONE
+919884965327,BSNL Mobile,TS,CUST_0001124,DEV_0001124,2023-01-10,False,False,NONE
+919893270060,Airtel India,WB,CUST_0001125,DEV_0001125,2023-01-10,False,False,NONE
+919882435133,Jio 5G,RJ,CUST_0001126,DEV_0001126,2023-01-10,False,False,NONE
+919831110538,Vodafone Idea (Vi),GJ,CUST_0001127,DEV_0001127,2023-01-10,False,False,NONE
+919869603395,Airtel India,RJ,CUST_0001128,DEV_0001128,2023-01-10,False,False,NONE
+919873830288,BSNL Mobile,UP,CUST_0001129,DEV_0001129,2023-01-10,False,False,NONE
+919888692077,Jio 5G,RJ,CUST_0001130,DEV_0001130,2023-01-10,False,False,NONE
+919888731758,Airtel India,JH,CUST_0001131,DEV_0001131,2023-01-10,False,False,NONE
+919811164130,Vodafone Idea (Vi),KA,CUST_0001132,DEV_0001132,2023-01-10,False,False,NONE
+919812633906,BSNL Mobile,MH,CUST_0001133,DEV_0001133,2023-01-10,True,True,NONE
+919864648635,Vodafone Idea (Vi),JH,CUST_0001134,DEV_0001134,2023-01-10,False,False,NONE
+919838250243,Vodafone Idea (Vi),UP,CUST_0001135,DEV_0001135,2023-01-10,False,False,NONE
+919861646089,Airtel India,GJ,CUST_0001136,DEV_0001136,2023-01-10,True,True,NONE
+919863987455,Jio 5G,JH,CUST_0001137,DEV_0001137,2023-01-10,False,False,NONE
+919870111846,Jio 5G,HR,CUST_0001138,DEV_0001138,2023-01-10,False,False,NONE
+919838890290,BSNL Mobile,TS,CUST_0001139,DEV_0001139,2023-01-10,False,False,NONE
+919818882273,BSNL Mobile,MH,CUST_0001140,DEV_0001140,2023-01-10,False,False,NONE
+919879282523,Vodafone Idea (Vi),MH,CUST_0001141,DEV_0001141,2023-01-10,False,False,NONE
+919843246584,Vodafone Idea (Vi),RJ,CUST_0001142,DEV_0001142,2023-01-10,False,False,NONE
+919892076937,BSNL Mobile,RJ,CUST_0001143,DEV_0001143,2023-01-10,False,False,NONE
+919864765440,Vodafone Idea (Vi),UP,CUST_0001144,DEV_0001144,2023-01-10,False,False,NONE
+919849125512,Vodafone Idea (Vi),HR,CUST_0001145,DEV_0001145,2023-01-10,False,False,NONE
+919835822834,Vodafone Idea (Vi),MH,CUST_0001146,DEV_0001146,2023-01-10,False,False,NONE
+919858947330,BSNL Mobile,WB,CUST_0001147,DEV_0001147,2023-01-10,False,False,NONE
+919887542165,Jio 5G,KA,CUST_0001148,DEV_0001148,2023-01-10,False,False,NONE
+919818227463,Airtel India,TS,CUST_0001149,DEV_0001149,2023-01-10,False,False,NONE
+919836977388,Vodafone Idea (Vi),GJ,CUST_0001150,DEV_0001150,2023-01-10,False,False,NONE
+919884685664,Vodafone Idea (Vi),KA,CUST_0001151,DEV_0001151,2023-01-10,False,False,NONE
+919870316642,Airtel India,MH,CUST_0001152,DEV_0001152,2023-01-10,False,False,NONE
+919862614696,Vodafone Idea (Vi),WB,CUST_0001153,DEV_0001153,2023-01-10,False,False,NONE
+919810033365,Jio 5G,DL,CUST_0001154,DEV_0001154,2023-01-10,False,False,NONE
+919819895127,Jio 5G,GJ,CUST_0001155,DEV_0001155,2023-01-10,False,False,NONE
+919853055608,Vodafone Idea (Vi),MH,CUST_0001156,DEV_0001156,2023-01-10,False,False,NONE
+919894769466,BSNL Mobile,UP,CUST_0001157,DEV_0001157,2023-01-10,False,False,NONE
+919856937667,BSNL Mobile,TS,CUST_0001158,DEV_0001158,2023-01-10,False,False,NONE
+919877939895,Jio 5G,GJ,CUST_0001159,DEV_0001159,2023-01-10,False,False,NONE
+919836218316,BSNL Mobile,GJ,CUST_0001160,DEV_0001160,2023-01-10,False,False,NONE
+919895831456,Airtel India,KA,CUST_0001161,DEV_0001161,2023-01-10,False,False,NONE
+919856291419,BSNL Mobile,GJ,CUST_0001162,DEV_0001162,2023-01-10,False,False,NONE
+919820292350,Vodafone Idea (Vi),WB,CUST_0001163,DEV_0001163,2023-01-10,False,False,NONE
+919891540867,Jio 5G,KA,CUST_0001164,DEV_0001164,2023-01-10,False,False,NONE
+919811861252,BSNL Mobile,GJ,CUST_0001165,DEV_0001165,2023-01-10,False,False,NONE
+919864186154,Vodafone Idea (Vi),HR,CUST_0001166,DEV_0001166,2023-01-10,False,False,NONE
+919893698654,Vodafone Idea (Vi),RJ,CUST_0001167,DEV_0001167,2023-01-10,False,False,NONE
+919863318585,Airtel India,DL,CUST_0001168,DEV_0001168,2023-01-10,False,False,NONE
+919868994369,Vodafone Idea (Vi),HR,CUST_0001169,DEV_0001169,2023-01-10,False,False,NONE
+919825057115,BSNL Mobile,JH,CUST_0001170,DEV_0001170,2023-01-10,False,False,NONE
+919827504208,BSNL Mobile,MH,CUST_0001171,DEV_0001171,2023-01-10,False,False,NONE
+919856563590,BSNL Mobile,GJ,CUST_0001172,DEV_0001172,2023-01-10,False,False,NONE
+919867717148,BSNL Mobile,DL,CUST_0001173,DEV_0001173,2023-01-10,False,False,NONE
+919832547094,BSNL Mobile,GJ,CUST_0001174,DEV_0001174,2023-01-10,False,False,NONE
+919845243150,BSNL Mobile,HR,CUST_0001175,DEV_0001175,2023-01-10,False,False,NONE
+919859513752,Jio 5G,JH,CUST_0001176,DEV_0001176,2023-01-10,False,False,NONE
+919825232935,BSNL Mobile,WB,CUST_0001177,DEV_0001177,2023-01-10,False,False,NONE
+919873053120,BSNL Mobile,JH,CUST_0001178,DEV_0001178,2023-01-10,False,False,NONE
+919865647368,Jio 5G,WB,CUST_0001179,DEV_0001179,2023-01-10,False,False,NONE
+919881927545,Jio 5G,UP,CUST_0001180,DEV_0001180,2023-01-10,False,False,NONE
+919821599394,Airtel India,RJ,CUST_0001181,DEV_0001181,2023-01-10,False,True,NONE
+919896459812,Airtel India,JH,CUST_0001182,DEV_0001182,2023-01-10,False,False,NONE
+919875332878,Airtel India,RJ,CUST_0001183,DEV_0001183,2023-01-10,False,False,NONE
+919880705833,BSNL Mobile,JH,CUST_0001184,DEV_0001184,2023-01-10,False,False,NONE
+919895684310,BSNL Mobile,MH,CUST_0001185,DEV_0001185,2023-01-10,False,False,NONE
+919894140267,BSNL Mobile,KA,CUST_0001186,DEV_0001186,2023-01-10,False,False,NONE
+919844610756,BSNL Mobile,GJ,CUST_0001187,DEV_0001187,2023-01-10,False,False,NONE
+919884221451,BSNL Mobile,JH,CUST_0001188,DEV_0001188,2023-01-10,False,False,NONE
+919836949539,Airtel India,HR,CUST_0001189,DEV_0001189,2023-01-10,False,False,NONE
+919825265024,Jio 5G,WB,CUST_0001190,DEV_0001190,2023-01-10,False,False,NONE
+919869678453,Airtel India,DL,CUST_0001191,DEV_0001191,2023-01-10,False,False,NONE
+919896402061,Jio 5G,UP,CUST_0001192,DEV_0001192,2023-01-10,False,False,NONE
+919886764511,BSNL Mobile,MH,CUST_0001193,DEV_0001193,2023-01-10,False,True,NONE
+919867184562,Jio 5G,JH,CUST_0001194,DEV_0001194,2023-01-10,False,False,NONE
+919838776908,Vodafone Idea (Vi),JH,CUST_0001195,DEV_0001195,2023-01-10,False,False,NONE
+919844423621,Jio 5G,MH,CUST_0001196,DEV_0001196,2023-01-10,False,False,NONE
+919826451676,Vodafone Idea (Vi),WB,CUST_0001197,DEV_0001197,2023-01-10,False,False,NONE
+919887651909,Airtel India,WB,CUST_0001198,DEV_0001198,2023-01-10,False,False,NONE
+919838512743,Airtel India,RJ,CUST_0001199,DEV_0001199,2023-01-10,False,False,NONE
+919875545764,BSNL Mobile,GJ,CUST_0001200,DEV_0001200,2023-01-10,False,False,NONE
+919839977390,Airtel India,TS,CUST_0001201,DEV_0001201,2023-01-10,False,False,NONE
+919896927956,Jio 5G,GJ,CUST_0001202,DEV_0001202,2023-01-10,False,False,NONE
+919818548249,Vodafone Idea (Vi),DL,CUST_0001203,DEV_0001203,2023-01-10,False,False,NONE
+919890235631,Jio 5G,TS,CUST_0001204,DEV_0001204,2023-01-10,False,False,NONE
+919865989883,BSNL Mobile,DL,CUST_0001205,DEV_0001205,2023-01-10,False,False,NONE
+919861639855,Jio 5G,KA,CUST_0001206,DEV_0001206,2023-01-10,False,True,NONE
+919838906174,Vodafone Idea (Vi),RJ,CUST_0001207,DEV_0001207,2023-01-10,False,False,NONE
+919837295212,Airtel India,KA,CUST_0001208,DEV_0001208,2023-01-10,False,False,NONE
+919854529117,Jio 5G,WB,CUST_0001209,DEV_0001209,2023-01-10,False,False,NONE
+919835718460,Jio 5G,TS,CUST_0001210,DEV_0001210,2023-01-10,False,True,NONE
+919815116977,Vodafone Idea (Vi),RJ,CUST_0001211,DEV_0001211,2023-01-10,True,True,NONE
+919813989558,Vodafone Idea (Vi),MH,CUST_0001212,DEV_0001212,2023-01-10,False,True,NONE
+919892855371,Airtel India,JH,CUST_0001213,DEV_0001213,2023-01-10,False,False,NONE
+919861170121,Vodafone Idea (Vi),GJ,CUST_0001214,DEV_0001214,2023-01-10,False,False,NONE
+919824654708,Jio 5G,RJ,CUST_0001215,DEV_0001215,2023-01-10,False,False,NONE
+919822116490,Airtel India,DL,CUST_0001216,DEV_0001216,2023-01-10,False,False,NONE
+919813589941,Jio 5G,MH,CUST_0001217,DEV_0001217,2023-01-10,False,False,NONE
+919879051653,BSNL Mobile,KA,CUST_0001218,DEV_0001218,2023-01-10,False,False,NONE
+919818095415,Jio 5G,KA,CUST_0001219,DEV_0001219,2023-01-10,False,False,NONE
+919890784934,BSNL Mobile,TS,CUST_0001220,DEV_0001220,2023-01-10,False,False,NONE
+919839672973,Jio 5G,GJ,CUST_0001221,DEV_0001221,2023-01-10,False,True,NONE
+919887334355,Vodafone Idea (Vi),GJ,CUST_0001222,DEV_0001222,2023-01-10,False,False,NONE
+919813314842,Vodafone Idea (Vi),UP,CUST_0001223,DEV_0001223,2023-01-10,False,False,NONE
+919823435929,Vodafone Idea (Vi),JH,CUST_0001224,DEV_0001224,2023-01-10,False,False,NONE
+919858400917,Vodafone Idea (Vi),HR,CUST_0001225,DEV_0001225,2023-01-10,False,False,NONE
+919841059385,Vodafone Idea (Vi),KA,CUST_0001226,DEV_0001226,2023-01-10,False,False,NONE
+919867541656,Jio 5G,KA,CUST_0001227,DEV_0001227,2023-01-10,False,False,NONE
+919840710954,Vodafone Idea (Vi),RJ,CUST_0001228,DEV_0001228,2023-01-10,False,False,NONE
+919860185524,Vodafone Idea (Vi),RJ,CUST_0001229,DEV_0001229,2023-01-10,False,False,NONE
+919822903901,Airtel India,GJ,CUST_0001230,DEV_0001230,2023-01-10,False,False,NONE
+919815097320,Airtel India,MH,CUST_0001231,DEV_0001231,2023-01-10,False,False,NONE
+919871625678,Jio 5G,GJ,CUST_0001232,DEV_0001232,2023-01-10,False,True,NONE
+919854662901,Airtel India,MH,CUST_0001233,DEV_0001233,2023-01-10,False,False,NONE
+919891769528,Jio 5G,HR,CUST_0001234,DEV_0001234,2023-01-10,False,False,NONE
+919847819429,Airtel India,UP,CUST_0001235,DEV_0001235,2023-01-10,False,False,NONE
+919845216862,Airtel India,JH,CUST_0001236,DEV_0001236,2023-01-10,False,True,NONE
+919894026565,Airtel India,DL,CUST_0001237,DEV_0001237,2023-01-10,False,False,NONE
+919860158206,Airtel India,TS,CUST_0001238,DEV_0001238,2023-01-10,False,False,NONE
+919835607708,Vodafone Idea (Vi),TS,CUST_0001239,DEV_0001239,2023-01-10,False,False,NONE
+919830023274,BSNL Mobile,RJ,CUST_0001240,DEV_0001240,2023-01-10,False,False,NONE
+919880905331,BSNL Mobile,RJ,CUST_0001241,DEV_0001241,2023-01-10,False,True,NONE
+919820343255,Vodafone Idea (Vi),HR,CUST_0001242,DEV_0001242,2023-01-10,False,False,NONE
+919875262968,BSNL Mobile,UP,CUST_0001243,DEV_0001243,2023-01-10,False,False,NONE
+919839557085,BSNL Mobile,MH,CUST_0001244,DEV_0001244,2023-01-10,False,False,NONE
+919817916370,Jio 5G,DL,CUST_0001245,DEV_0001245,2023-01-10,False,False,NONE
+919837897319,Vodafone Idea (Vi),UP,CUST_0001246,DEV_0001246,2023-01-10,False,False,NONE
+919895083263,BSNL Mobile,HR,CUST_0001247,DEV_0001247,2023-01-10,False,False,NONE
+919882882509,Airtel India,GJ,CUST_0001248,DEV_0001248,2023-01-10,False,True,NONE
+919847142771,Vodafone Idea (Vi),GJ,CUST_0001249,DEV_0001249,2023-01-10,False,False,NONE
+919846201943,BSNL Mobile,RJ,CUST_0001250,DEV_0001250,2023-01-10,False,False,NONE
+919876099414,BSNL Mobile,GJ,CUST_0001251,DEV_0001251,2023-01-10,False,True,NONE
+919869797500,Airtel India,UP,CUST_0001252,DEV_0001252,2023-01-10,False,False,NONE
+919889650514,Airtel India,JH,CUST_0001253,DEV_0001253,2023-01-10,False,False,NONE
+919856424312,BSNL Mobile,WB,CUST_0001254,DEV_0001254,2023-01-10,False,True,NONE
+919886778867,BSNL Mobile,DL,CUST_0001255,DEV_0001255,2023-01-10,False,False,NONE
+919850459206,Jio 5G,MH,CUST_0001256,DEV_0001256,2023-01-10,False,False,NONE
+919841154112,BSNL Mobile,WB,CUST_0001257,DEV_0001257,2023-01-10,False,False,NONE
+919825660896,Airtel India,RJ,CUST_0001258,DEV_0001258,2023-01-10,False,False,NONE
+919868790526,Airtel India,TS,CUST_0001259,DEV_0001259,2023-01-10,False,False,NONE
+919849262385,BSNL Mobile,GJ,CUST_0001260,DEV_0001260,2023-01-10,False,False,NONE
+919820196402,Vodafone Idea (Vi),UP,CUST_0001261,DEV_0001261,2023-01-10,False,False,NONE
+919876860573,Airtel India,HR,CUST_0001262,DEV_0001262,2023-01-10,False,False,NONE
+919819064940,Vodafone Idea (Vi),WB,CUST_0001263,DEV_0001263,2023-01-10,False,False,NONE
+919824096744,BSNL Mobile,KA,CUST_0001264,DEV_0001264,2023-01-10,False,False,NONE
+919854107145,Vodafone Idea (Vi),JH,CUST_0001265,DEV_0001265,2023-01-10,False,True,NONE
+919829051339,Airtel India,JH,CUST_0001266,DEV_0001266,2023-01-10,False,False,NONE
+919881794497,Jio 5G,HR,CUST_0001267,DEV_0001267,2023-01-10,False,False,NONE
+919857312521,BSNL Mobile,KA,CUST_0001268,DEV_0001268,2023-01-10,False,False,NONE
+919854083763,BSNL Mobile,UP,CUST_0001269,DEV_0001269,2023-01-10,False,False,NONE
+919877335812,Airtel India,KA,CUST_0001270,DEV_0001270,2023-01-10,False,False,NONE
+919877365129,Airtel India,DL,CUST_0001271,DEV_0001271,2023-01-10,False,False,NONE
+919880852652,BSNL Mobile,HR,CUST_0001272,DEV_0001272,2023-01-10,False,False,NONE
+919830063958,Airtel India,HR,CUST_0001273,DEV_0001273,2023-01-10,False,False,NONE
+919839241560,Jio 5G,KA,CUST_0001274,DEV_0001274,2023-01-10,False,False,NONE
+919846942739,Airtel India,JH,CUST_0001275,DEV_0001275,2023-01-10,False,False,NONE
+919818005935,Jio 5G,RJ,CUST_0001276,DEV_0001276,2023-01-10,False,False,NONE
+919882698570,Airtel India,HR,CUST_0001277,DEV_0001277,2023-01-10,False,False,NONE
+919823685806,Vodafone Idea (Vi),TS,CUST_0001278,DEV_0001278,2023-01-10,False,False,NONE
+919888281439,Airtel India,UP,CUST_0001279,DEV_0001279,2023-01-10,False,False,NONE
+919866395709,BSNL Mobile,DL,CUST_0001280,DEV_0001280,2023-01-10,False,False,NONE
+919898925005,Airtel India,DL,CUST_0001281,DEV_0001281,2023-01-10,False,True,NONE
+919846970381,BSNL Mobile,RJ,CUST_0001282,DEV_0001282,2023-01-10,False,False,NONE
+919874535630,BSNL Mobile,HR,CUST_0001283,DEV_0001283,2023-01-10,False,False,NONE
+919899838060,Vodafone Idea (Vi),DL,CUST_0001284,DEV_0001284,2023-01-10,False,False,NONE
+919837656846,Jio 5G,DL,CUST_0001285,DEV_0001285,2023-01-10,False,False,NONE
+919839669026,Vodafone Idea (Vi),MH,CUST_0001286,DEV_0001286,2023-01-10,False,False,NONE
+919849054205,Jio 5G,DL,CUST_0001287,DEV_0001287,2023-01-10,False,True,NONE
+919886152403,BSNL Mobile,WB,CUST_0001288,DEV_0001288,2023-01-10,False,False,NONE
+919823754115,BSNL Mobile,HR,CUST_0001289,DEV_0001289,2023-01-10,False,False,NONE
+919817465467,Jio 5G,GJ,CUST_0001290,DEV_0001290,2023-01-10,False,False,NONE
+919851911744,Airtel India,DL,CUST_0001291,DEV_0001291,2023-01-10,False,False,NONE
+919828786080,Jio 5G,DL,CUST_0001292,DEV_0001292,2023-01-10,True,True,NONE
+919815173801,Vodafone Idea (Vi),RJ,CUST_0001293,DEV_0001293,2023-01-10,False,False,NONE
+919813891763,BSNL Mobile,MH,CUST_0001294,DEV_0001294,2023-01-10,False,False,NONE
+919819089849,BSNL Mobile,RJ,CUST_0001295,DEV_0001295,2023-01-10,False,False,NONE
+919866431282,Jio 5G,KA,CUST_0001296,DEV_0001296,2023-01-10,False,True,NONE
+919859194483,Vodafone Idea (Vi),DL,CUST_0001297,DEV_0001297,2023-01-10,False,False,NONE
+919853960496,Vodafone Idea (Vi),UP,CUST_0001298,DEV_0001298,2023-01-10,False,False,NONE
+919895175775,Airtel India,JH,CUST_0001299,DEV_0001299,2023-01-10,False,False,NONE
+919889614429,Airtel India,KA,CUST_0001300,DEV_0001300,2023-01-10,False,False,NONE
+919846074031,Vodafone Idea (Vi),GJ,CUST_0001301,DEV_0001301,2023-01-10,False,False,NONE
+919889188032,Vodafone Idea (Vi),MH,CUST_0001302,DEV_0001302,2023-01-10,False,False,NONE
+919852325719,Jio 5G,UP,CUST_0001303,DEV_0001303,2023-01-10,False,False,NONE
+919864995736,Vodafone Idea (Vi),UP,CUST_0001304,DEV_0001304,2023-01-10,False,False,NONE
+919841219625,Vodafone Idea (Vi),WB,CUST_0001305,DEV_0001305,2023-01-10,False,False,NONE
+919837575800,Vodafone Idea (Vi),GJ,CUST_0001306,DEV_0001306,2023-01-10,False,False,NONE
+919865903344,Jio 5G,GJ,CUST_0001307,DEV_0001307,2023-01-10,False,False,NONE
+919885038118,Vodafone Idea (Vi),GJ,CUST_0001308,DEV_0001308,2023-01-10,False,False,NONE
+919866392519,BSNL Mobile,MH,CUST_0001309,DEV_0001309,2023-01-10,False,False,NONE
+919879482214,Airtel India,HR,CUST_0001310,DEV_0001310,2023-01-10,False,True,NONE
+919828713229,Airtel India,MH,CUST_0001311,DEV_0001311,2023-01-10,False,False,NONE
+919852896318,Jio 5G,UP,CUST_0001312,DEV_0001312,2023-01-10,False,False,NONE
+919868681283,Airtel India,GJ,CUST_0001313,DEV_0001313,2023-01-10,False,False,NONE
+919816126469,Vodafone Idea (Vi),HR,CUST_0001314,DEV_0001314,2023-01-10,False,False,NONE
+919877408103,BSNL Mobile,RJ,CUST_0001315,DEV_0001315,2023-01-10,False,False,NONE
+919867554101,Airtel India,WB,CUST_0001316,DEV_0001316,2023-01-10,False,True,NONE
+919811349581,Jio 5G,RJ,CUST_0001317,DEV_0001317,2023-01-10,False,False,NONE
+919831751971,Jio 5G,DL,CUST_0001318,DEV_0001318,2023-01-10,False,False,NONE
+919852405034,Jio 5G,WB,CUST_0001319,DEV_0001319,2023-01-10,False,False,NONE
+919841959845,Airtel India,UP,CUST_0001320,DEV_0001320,2023-01-10,False,False,NONE
+919897028652,BSNL Mobile,UP,CUST_0001321,DEV_0001321,2023-01-10,False,False,NONE
+919855581355,Jio 5G,UP,CUST_0001322,DEV_0001322,2023-01-10,False,False,NONE
+919858305635,Airtel India,GJ,CUST_0001323,DEV_0001323,2023-01-10,False,True,NONE
+919816426052,Airtel India,JH,CUST_0001324,DEV_0001324,2023-01-10,False,False,NONE
+919813575616,Airtel India,TS,CUST_0001325,DEV_0001325,2023-01-10,False,False,NONE
+919827733383,BSNL Mobile,HR,CUST_0001326,DEV_0001326,2023-01-10,False,False,NONE
+919857525978,BSNL Mobile,RJ,CUST_0001327,DEV_0001327,2023-01-10,False,False,NONE
+919884987120,Vodafone Idea (Vi),JH,CUST_0001328,DEV_0001328,2023-01-10,False,False,NONE
+919869722760,Jio 5G,UP,CUST_0001329,DEV_0001329,2023-01-10,False,False,NONE
+919851525337,Vodafone Idea (Vi),MH,CUST_0001330,DEV_0001330,2023-01-10,False,False,NONE
+919842825822,Vodafone Idea (Vi),KA,CUST_0001331,DEV_0001331,2023-01-10,False,True,NONE
+919883248703,BSNL Mobile,WB,CUST_0001332,DEV_0001332,2023-01-10,False,False,NONE
+919845907995,Vodafone Idea (Vi),WB,CUST_0001333,DEV_0001333,2023-01-10,False,False,NONE
+919813306298,Vodafone Idea (Vi),TS,CUST_0001334,DEV_0001334,2023-01-10,False,False,NONE
+919835194661,Jio 5G,DL,CUST_0001335,DEV_0001335,2023-01-10,False,False,NONE
+919881566540,Airtel India,HR,CUST_0001336,DEV_0001336,2023-01-10,False,False,NONE
+919858557751,Vodafone Idea (Vi),HR,CUST_0001337,DEV_0001337,2023-01-10,False,False,NONE
+919864995052,Vodafone Idea (Vi),JH,CUST_0001338,DEV_0001338,2023-01-10,False,False,NONE
+919878464232,Vodafone Idea (Vi),WB,CUST_0001339,DEV_0001339,2023-01-10,False,False,NONE
+919832930054,Airtel India,MH,CUST_0001340,DEV_0001340,2023-01-10,True,True,NONE
+919884134807,BSNL Mobile,WB,CUST_0001341,DEV_0001341,2023-01-10,False,False,NONE
+919865266353,BSNL Mobile,JH,CUST_0001342,DEV_0001342,2023-01-10,False,False,NONE
+919826272846,Jio 5G,KA,CUST_0001343,DEV_0001343,2023-01-10,False,False,NONE
+919873946006,Vodafone Idea (Vi),UP,CUST_0001344,DEV_0001344,2023-01-10,False,False,NONE
+919812218623,BSNL Mobile,RJ,CUST_0001345,DEV_0001345,2023-01-10,False,False,NONE
+919814144068,Airtel India,TS,CUST_0001346,DEV_0001346,2023-01-10,False,True,NONE
+919875089410,Vodafone Idea (Vi),DL,CUST_0001347,DEV_0001347,2023-01-10,False,False,NONE
+919848061542,Vodafone Idea (Vi),TS,CUST_0001348,DEV_0001348,2023-01-10,False,False,NONE
+919897455436,Jio 5G,TS,CUST_0001349,DEV_0001349,2023-01-10,False,False,NONE
+919874249787,Jio 5G,UP,CUST_0001350,DEV_0001350,2023-01-10,False,False,NONE
+919848702901,Airtel India,GJ,CUST_0001351,DEV_0001351,2023-01-10,False,False,NONE
+919880350038,Vodafone Idea (Vi),MH,CUST_0001352,DEV_0001352,2023-01-10,False,False,NONE
+919830093469,BSNL Mobile,HR,CUST_0001353,DEV_0001353,2023-01-10,False,False,NONE
+919864831005,Jio 5G,KA,CUST_0001354,DEV_0001354,2023-01-10,False,False,NONE
+919862263334,Vodafone Idea (Vi),JH,CUST_0001355,DEV_0001355,2023-01-10,False,False,NONE
+919812214282,BSNL Mobile,GJ,CUST_0001356,DEV_0001356,2023-01-10,True,True,NONE
+919818388683,BSNL Mobile,RJ,CUST_0001357,DEV_0001357,2023-01-10,False,False,NONE
+919828545926,Airtel India,UP,CUST_0001358,DEV_0001358,2023-01-10,False,False,NONE
+919831459111,BSNL Mobile,WB,CUST_0001359,DEV_0001359,2023-01-10,False,False,NONE
+919871598841,Airtel India,TS,CUST_0001360,DEV_0001360,2023-01-10,False,False,NONE
+919874038850,Airtel India,KA,CUST_0001361,DEV_0001361,2023-01-10,False,False,NONE
+919843292109,Airtel India,RJ,CUST_0001362,DEV_0001362,2023-01-10,False,False,NONE
+919820928555,Airtel India,HR,CUST_0001363,DEV_0001363,2023-01-10,False,False,NONE
+919859137750,Vodafone Idea (Vi),RJ,CUST_0001364,DEV_0001364,2023-01-10,False,False,NONE
+919891782277,Vodafone Idea (Vi),KA,CUST_0001365,DEV_0001365,2023-01-10,False,False,NONE
+919819774654,Airtel India,WB,CUST_0001366,DEV_0001366,2023-01-10,False,False,NONE
+919833835950,Jio 5G,MH,CUST_0001367,DEV_0001367,2023-01-10,False,False,NONE
+919876418303,Airtel India,TS,CUST_0001368,DEV_0001368,2023-01-10,False,False,NONE
+919822691154,Vodafone Idea (Vi),JH,CUST_0001369,DEV_0001369,2023-01-10,False,False,NONE
+919849158180,BSNL Mobile,JH,CUST_0001370,DEV_0001370,2023-01-10,False,False,NONE
+919894676345,Jio 5G,JH,CUST_0001371,DEV_0001371,2023-01-10,False,False,NONE
+919894298112,Airtel India,MH,CUST_0001372,DEV_0001372,2023-01-10,False,False,NONE
+919811676780,Airtel India,KA,CUST_0001373,DEV_0001373,2023-01-10,False,True,NONE
+919891916601,Jio 5G,JH,CUST_0001374,DEV_0001374,2023-01-10,False,False,NONE
+919885706981,BSNL Mobile,JH,CUST_0001375,DEV_0001375,2023-01-10,False,False,NONE
+919845428132,Jio 5G,MH,CUST_0001376,DEV_0001376,2023-01-10,False,False,NONE
+919812831192,BSNL Mobile,UP,CUST_0001377,DEV_0001377,2023-01-10,False,False,NONE
+919891109600,Airtel India,MH,CUST_0001378,DEV_0001378,2023-01-10,False,True,NONE
+919841958818,Vodafone Idea (Vi),UP,CUST_0001379,DEV_0001379,2023-01-10,False,False,NONE
+919842831388,Airtel India,GJ,CUST_0001380,DEV_0001380,2023-01-10,False,False,NONE
+919836042685,Airtel India,TS,CUST_0001381,DEV_0001381,2023-01-10,False,True,NONE
+919853850102,Jio 5G,DL,CUST_0001382,DEV_0001382,2023-01-10,False,False,NONE
+919873709730,Jio 5G,HR,CUST_0001383,DEV_0001383,2023-01-10,False,False,NONE
+919821883883,Airtel India,KA,CUST_0001384,DEV_0001384,2023-01-10,False,True,NONE
+919855027373,BSNL Mobile,DL,CUST_0001385,DEV_0001385,2023-01-10,False,False,NONE
+919882561140,BSNL Mobile,DL,CUST_0001386,DEV_0001386,2023-01-10,True,True,NONE
+919888427467,BSNL Mobile,TS,CUST_0001387,DEV_0001387,2023-01-10,False,False,NONE
+919848463009,Airtel India,HR,CUST_0001388,DEV_0001388,2023-01-10,False,False,NONE
+919859202443,Jio 5G,GJ,CUST_0001389,DEV_0001389,2023-01-10,False,False,NONE
+919893902626,Jio 5G,KA,CUST_0001390,DEV_0001390,2023-01-10,False,False,NONE
+919861889490,BSNL Mobile,TS,CUST_0001391,DEV_0001391,2023-01-10,False,False,NONE
+919834399051,BSNL Mobile,WB,CUST_0001392,DEV_0001392,2023-01-10,False,True,NONE
+919864005202,Airtel India,TS,CUST_0001393,DEV_0001393,2023-01-10,False,False,NONE
+919869634211,Vodafone Idea (Vi),TS,CUST_0001394,DEV_0001394,2023-01-10,False,False,NONE
+919848637984,Jio 5G,GJ,CUST_0001395,DEV_0001395,2023-01-10,False,False,NONE
+919862126331,Jio 5G,GJ,CUST_0001396,DEV_0001396,2023-01-10,False,False,NONE
+919844171522,Vodafone Idea (Vi),HR,CUST_0001397,DEV_0001397,2023-01-10,True,True,NONE
+919841913214,Jio 5G,RJ,CUST_0001398,DEV_0001398,2023-01-10,False,False,NONE
+919882749115,Vodafone Idea (Vi),KA,CUST_0001399,DEV_0001399,2023-01-10,False,False,NONE
+919854929156,Airtel India,MH,CUST_0001400,DEV_0001400,2023-01-10,False,True,NONE
+919858764391,Airtel India,JH,CUST_0001401,DEV_0001401,2023-01-10,False,False,NONE
+919822625639,Jio 5G,KA,CUST_0001402,DEV_0001402,2023-01-10,False,True,NONE
+919891992286,Jio 5G,KA,CUST_0001403,DEV_0001403,2023-01-10,False,False,NONE
+919823291672,Airtel India,WB,CUST_0001404,DEV_0001404,2023-01-10,False,True,NONE
+919812502727,Vodafone Idea (Vi),WB,CUST_0001405,DEV_0001405,2023-01-10,False,False,NONE
+919876412687,Airtel India,JH,CUST_0001406,DEV_0001406,2023-01-10,False,False,NONE
+919819436112,Jio 5G,JH,CUST_0001407,DEV_0001407,2023-01-10,False,False,NONE
+919859808188,BSNL Mobile,RJ,CUST_0001408,DEV_0001408,2023-01-10,False,False,NONE
+919866786398,BSNL Mobile,MH,CUST_0001409,DEV_0001409,2023-01-10,True,True,NONE
+919891773522,Vodafone Idea (Vi),WB,CUST_0001410,DEV_0001410,2023-01-10,False,False,NONE
+919856501305,Vodafone Idea (Vi),GJ,CUST_0001411,DEV_0001411,2023-01-10,False,False,NONE
+919828202343,Jio 5G,GJ,CUST_0001412,DEV_0001412,2023-01-10,True,True,NONE
+919848659804,Vodafone Idea (Vi),HR,CUST_0001413,DEV_0001413,2023-01-10,False,False,NONE
+919841467907,Vodafone Idea (Vi),JH,CUST_0001414,DEV_0001414,2023-01-10,True,True,NONE
+919849974606,Jio 5G,UP,CUST_0001415,DEV_0001415,2023-01-10,False,False,NONE
+919851765309,Vodafone Idea (Vi),HR,CUST_0001416,DEV_0001416,2023-01-10,False,False,NONE
+919893889463,Jio 5G,KA,CUST_0001417,DEV_0001417,2023-01-10,False,False,NONE
+919838293794,Airtel India,JH,CUST_0001418,DEV_0001418,2023-01-10,False,False,NONE
+919860928467,Vodafone Idea (Vi),DL,CUST_0001419,DEV_0001419,2023-01-10,False,False,NONE
+919836734618,Jio 5G,MH,CUST_0001420,DEV_0001420,2023-01-10,False,False,NONE
+919855174987,BSNL Mobile,HR,CUST_0001421,DEV_0001421,2023-01-10,False,False,NONE
+919876657152,BSNL Mobile,WB,CUST_0001422,DEV_0001422,2023-01-10,False,False,NONE
+919864066380,Jio 5G,UP,CUST_0001423,DEV_0001423,2023-01-10,False,False,NONE
+919888498002,BSNL Mobile,DL,CUST_0001424,DEV_0001424,2023-01-10,False,False,NONE
+919860826165,Vodafone Idea (Vi),DL,CUST_0001425,DEV_0001425,2023-01-10,False,False,NONE
+919865694007,Airtel India,DL,CUST_0001426,DEV_0001426,2023-01-10,False,False,NONE
+919819453007,Vodafone Idea (Vi),RJ,CUST_0001427,DEV_0001427,2023-01-10,False,False,NONE
+919858187656,Airtel India,MH,CUST_0001428,DEV_0001428,2023-01-10,False,False,NONE
+919886751074,Vodafone Idea (Vi),GJ,CUST_0001429,DEV_0001429,2023-01-10,False,False,NONE
+919885464528,Jio 5G,MH,CUST_0001430,DEV_0001430,2023-01-10,False,False,NONE
+919848620063,Jio 5G,MH,CUST_0001431,DEV_0001431,2023-01-10,False,False,NONE
+919845933992,Airtel India,UP,CUST_0001432,DEV_0001432,2023-01-10,False,False,NONE
+919883670218,Jio 5G,KA,CUST_0001433,DEV_0001433,2023-01-10,False,False,NONE
+919817328375,Jio 5G,WB,CUST_0001434,DEV_0001434,2023-01-10,False,False,NONE
+919894903407,BSNL Mobile,RJ,CUST_0001435,DEV_0001435,2023-01-10,False,False,NONE
+919852811966,Jio 5G,TS,CUST_0001436,DEV_0001436,2023-01-10,False,False,NONE
+919849859210,Vodafone Idea (Vi),RJ,CUST_0001437,DEV_0001437,2023-01-10,False,False,NONE
+919836261980,BSNL Mobile,RJ,CUST_0001438,DEV_0001438,2023-01-10,False,False,NONE
+919857208775,Jio 5G,GJ,CUST_0001439,DEV_0001439,2023-01-10,False,False,NONE
+919864767698,Vodafone Idea (Vi),RJ,CUST_0001440,DEV_0001440,2023-01-10,False,False,NONE
+919863638118,Airtel India,RJ,CUST_0001441,DEV_0001441,2023-01-10,False,False,NONE
+919823071470,Vodafone Idea (Vi),RJ,CUST_0001442,DEV_0001442,2023-01-10,False,False,NONE
+919899333788,BSNL Mobile,WB,CUST_0001443,DEV_0001443,2023-01-10,False,False,NONE
+919870162702,BSNL Mobile,KA,CUST_0001444,DEV_0001444,2023-01-10,False,False,NONE
+919862861473,Vodafone Idea (Vi),UP,CUST_0001445,DEV_0001445,2023-01-10,False,False,NONE
+919812448880,Vodafone Idea (Vi),HR,CUST_0001446,DEV_0001446,2023-01-10,False,False,NONE
+919844738266,Jio 5G,UP,CUST_0001447,DEV_0001447,2023-01-10,False,False,NONE
+919832396404,Jio 5G,UP,CUST_0001448,DEV_0001448,2023-01-10,False,True,NONE
+919852517551,Jio 5G,DL,CUST_0001449,DEV_0001449,2023-01-10,False,True,NONE
+919884572565,Jio 5G,WB,CUST_0001450,DEV_0001450,2023-01-10,False,False,NONE
+919872193265,Airtel India,RJ,CUST_0001451,DEV_0001451,2023-01-10,False,False,NONE
+919817360677,Vodafone Idea (Vi),RJ,CUST_0001452,DEV_0001452,2023-01-10,False,False,NONE
+919887733777,BSNL Mobile,TS,CUST_0001453,DEV_0001453,2023-01-10,False,False,NONE
+919857971774,Jio 5G,DL,CUST_0001454,DEV_0001454,2023-01-10,False,True,NONE
+919862956554,Jio 5G,MH,CUST_0001455,DEV_0001455,2023-01-10,False,False,NONE
+919817825616,Airtel India,GJ,CUST_0001456,DEV_0001456,2023-01-10,False,False,NONE
+919834178384,BSNL Mobile,DL,CUST_0001457,DEV_0001457,2023-01-10,True,True,NONE
+919879851623,Airtel India,WB,CUST_0001458,DEV_0001458,2023-01-10,False,False,NONE
+919847227536,Jio 5G,UP,CUST_0001459,DEV_0001459,2023-01-10,False,False,NONE
+919817830568,BSNL Mobile,KA,CUST_0001460,DEV_0001460,2023-01-10,False,False,NONE
+919818440476,Jio 5G,KA,CUST_0001461,DEV_0001461,2023-01-10,False,False,NONE
+919868029344,Vodafone Idea (Vi),MH,CUST_0001462,DEV_0001462,2023-01-10,False,False,NONE
+919891788351,Jio 5G,RJ,CUST_0001463,DEV_0001463,2023-01-10,False,False,NONE
+919872447159,Vodafone Idea (Vi),GJ,CUST_0001464,DEV_0001464,2023-01-10,False,False,NONE
+919811504076,BSNL Mobile,MH,CUST_0001465,DEV_0001465,2023-01-10,False,False,NONE
+919889921752,Jio 5G,WB,CUST_0001466,DEV_0001466,2023-01-10,True,True,NONE
+919870073958,BSNL Mobile,DL,CUST_0001467,DEV_0001467,2023-01-10,False,False,NONE
+919877000367,Airtel India,UP,CUST_0001468,DEV_0001468,2023-01-10,False,False,NONE
+919835011977,Jio 5G,JH,CUST_0001469,DEV_0001469,2023-01-10,True,True,NONE
+919855963010,BSNL Mobile,JH,CUST_0001470,DEV_0001470,2023-01-10,False,False,NONE
+919844327401,Jio 5G,GJ,CUST_0001471,DEV_0001471,2023-01-10,False,True,NONE
+919884120628,Jio 5G,TS,CUST_0001472,DEV_0001472,2023-01-10,False,False,NONE
+919826362646,Airtel India,WB,CUST_0001473,DEV_0001473,2023-01-10,True,True,NONE
+919825015513,Airtel India,KA,CUST_0001474,DEV_0001474,2023-01-10,False,False,NONE
+919869816568,Vodafone Idea (Vi),KA,CUST_0001475,DEV_0001475,2023-01-10,False,False,NONE
+919824252291,BSNL Mobile,MH,CUST_0001476,DEV_0001476,2023-01-10,True,True,NONE
+919891250332,BSNL Mobile,TS,CUST_0001477,DEV_0001477,2023-01-10,False,False,NONE
+919878462240,BSNL Mobile,UP,CUST_0001478,DEV_0001478,2023-01-10,False,False,NONE
+919857565052,BSNL Mobile,DL,CUST_0001479,DEV_0001479,2023-01-10,False,False,NONE
+919817252860,BSNL Mobile,UP,CUST_0001480,DEV_0001480,2023-01-10,False,False,NONE
+919871646591,Vodafone Idea (Vi),KA,CUST_0001481,DEV_0001481,2023-01-10,False,False,NONE
+919840254937,BSNL Mobile,WB,CUST_0001482,DEV_0001482,2023-01-10,False,False,NONE
+919886564368,BSNL Mobile,WB,CUST_0001483,DEV_0001483,2023-01-10,False,False,NONE
+919866292403,BSNL Mobile,WB,CUST_0001484,DEV_0001484,2023-01-10,False,False,NONE
+919830480041,BSNL Mobile,TS,CUST_0001485,DEV_0001485,2023-01-10,False,False,NONE
+919834631401,BSNL Mobile,GJ,CUST_0001486,DEV_0001486,2023-01-10,False,False,NONE
+919839223069,Airtel India,MH,CUST_0001487,DEV_0001487,2023-01-10,False,False,NONE
+919832724162,BSNL Mobile,WB,CUST_0001488,DEV_0001488,2023-01-10,False,False,NONE
+919842131196,Vodafone Idea (Vi),WB,CUST_0001489,DEV_0001489,2023-01-10,False,False,NONE
+919859395742,Vodafone Idea (Vi),DL,CUST_0001490,DEV_0001490,2023-01-10,False,False,NONE
+919832482703,BSNL Mobile,KA,CUST_0001491,DEV_0001491,2023-01-10,False,False,NONE
+919830254189,BSNL Mobile,GJ,CUST_0001492,DEV_0001492,2023-01-10,False,False,NONE
+919821942967,BSNL Mobile,DL,CUST_0001493,DEV_0001493,2023-01-10,False,False,NONE
+919815991714,BSNL Mobile,RJ,CUST_0001494,DEV_0001494,2023-01-10,False,False,NONE
+919898400411,BSNL Mobile,WB,CUST_0001495,DEV_0001495,2023-01-10,False,False,NONE
+919850588526,Vodafone Idea (Vi),RJ,CUST_0001496,DEV_0001496,2023-01-10,False,False,NONE
+919813257919,Jio 5G,WB,CUST_0001497,DEV_0001497,2023-01-10,False,False,NONE
+919818450344,Airtel India,RJ,CUST_0001498,DEV_0001498,2023-01-10,False,False,NONE
+919876034832,BSNL Mobile,HR,CUST_0001499,DEV_0001499,2023-01-10,False,False,NONE
+919814295314,BSNL Mobile,UP,CUST_0001500,DEV_0001500,2023-01-10,False,False,NONE
+919880398610,Jio 5G,DL,CUST_0001501,DEV_0001501,2023-01-10,False,False,NONE
+919814688574,Airtel India,TS,CUST_0001502,DEV_0001502,2023-01-10,False,True,NONE
+919812370848,BSNL Mobile,HR,CUST_0001503,DEV_0001503,2023-01-10,False,False,NONE
+919866589164,Airtel India,JH,CUST_0001504,DEV_0001504,2023-01-10,False,True,NONE
+919864143006,Jio 5G,RJ,CUST_0001505,DEV_0001505,2023-01-10,False,False,NONE
+919869224488,Vodafone Idea (Vi),TS,CUST_0001506,DEV_0001506,2023-01-10,False,True,NONE
+919866614431,Airtel India,UP,CUST_0001507,DEV_0001507,2023-01-10,False,False,NONE
+919822414578,Jio 5G,MH,CUST_0001508,DEV_0001508,2023-01-10,False,False,NONE
+919856838293,Airtel India,DL,CUST_0001509,DEV_0001509,2023-01-10,False,False,NONE
+919815630438,Vodafone Idea (Vi),RJ,CUST_0001510,DEV_0001510,2023-01-10,False,False,NONE
+919818246007,BSNL Mobile,WB,CUST_0001511,DEV_0001511,2023-01-10,False,False,NONE
+919844278450,Vodafone Idea (Vi),HR,CUST_0001512,DEV_0001512,2023-01-10,False,False,NONE
+919827051636,BSNL Mobile,UP,CUST_0001513,DEV_0001513,2023-01-10,False,False,NONE
+919832919913,Vodafone Idea (Vi),RJ,CUST_0001514,DEV_0001514,2023-01-10,False,False,NONE
+919874022899,Airtel India,JH,CUST_0001515,DEV_0001515,2023-01-10,False,False,NONE
+919834441619,BSNL Mobile,RJ,CUST_0001516,DEV_0001516,2023-01-10,False,False,NONE
+919880015217,Airtel India,MH,CUST_0001517,DEV_0001517,2023-01-10,False,False,NONE
+919829807281,Vodafone Idea (Vi),DL,CUST_0001518,DEV_0001518,2023-01-10,False,False,NONE
+919812770844,Jio 5G,GJ,CUST_0001519,DEV_0001519,2023-01-10,False,False,NONE
+919842627891,Vodafone Idea (Vi),KA,CUST_0001520,DEV_0001520,2023-01-10,False,False,NONE
+919849781966,Vodafone Idea (Vi),HR,CUST_0001521,DEV_0001521,2023-01-10,False,False,NONE
+919829969780,BSNL Mobile,TS,CUST_0001522,DEV_0001522,2023-01-10,False,False,NONE
+919872811229,Jio 5G,MH,CUST_0001523,DEV_0001523,2023-01-10,False,False,NONE
+919858171833,Airtel India,HR,CUST_0001524,DEV_0001524,2023-01-10,False,False,NONE
+919842905729,BSNL Mobile,UP,CUST_0001525,DEV_0001525,2023-01-10,False,False,NONE
+919872166955,Vodafone Idea (Vi),DL,CUST_0001526,DEV_0001526,2023-01-10,False,False,NONE
+919876709704,BSNL Mobile,JH,CUST_0001527,DEV_0001527,2023-01-10,False,True,NONE
+919872546345,Jio 5G,KA,CUST_0001528,DEV_0001528,2023-01-10,False,False,NONE
+919821763654,BSNL Mobile,RJ,CUST_0001529,DEV_0001529,2023-01-10,False,False,NONE
+919854538652,Vodafone Idea (Vi),WB,CUST_0001530,DEV_0001530,2023-01-10,False,False,NONE
+919836648738,Vodafone Idea (Vi),RJ,CUST_0001531,DEV_0001531,2023-01-10,False,False,NONE
+919852689547,Airtel India,HR,CUST_0001532,DEV_0001532,2023-01-10,False,False,NONE
+919854856786,Airtel India,TS,CUST_0001533,DEV_0001533,2023-01-10,False,False,NONE
+919862921533,Airtel India,UP,CUST_0001534,DEV_0001534,2023-01-10,False,False,NONE
+919822709962,Vodafone Idea (Vi),WB,CUST_0001535,DEV_0001535,2023-01-10,False,False,NONE
+919810138752,BSNL Mobile,GJ,CUST_0001536,DEV_0001536,2023-01-10,False,False,NONE
+919837384013,Vodafone Idea (Vi),JH,CUST_0001537,DEV_0001537,2023-01-10,False,False,NONE
+919882620294,Vodafone Idea (Vi),HR,CUST_0001538,DEV_0001538,2023-01-10,False,False,NONE
+919856415989,Jio 5G,GJ,CUST_0001539,DEV_0001539,2023-01-10,False,False,NONE
+919838498977,Jio 5G,UP,CUST_0001540,DEV_0001540,2023-01-10,False,False,NONE
+919813381967,BSNL Mobile,MH,CUST_0001541,DEV_0001541,2023-01-10,False,False,NONE
+919869927052,Airtel India,GJ,CUST_0001542,DEV_0001542,2023-01-10,False,False,NONE
+919886229017,Vodafone Idea (Vi),KA,CUST_0001543,DEV_0001543,2023-01-10,False,False,NONE
+919846536556,Airtel India,UP,CUST_0001544,DEV_0001544,2023-01-10,False,False,NONE
+919822721382,Jio 5G,TS,CUST_0001545,DEV_0001545,2023-01-10,False,False,NONE
+919824991738,BSNL Mobile,DL,CUST_0001546,DEV_0001546,2023-01-10,False,False,NONE
+919895119012,Vodafone Idea (Vi),KA,CUST_0001547,DEV_0001547,2023-01-10,False,False,NONE
+919890610014,Airtel India,GJ,CUST_0001548,DEV_0001548,2023-01-10,False,False,NONE
+919832329660,Vodafone Idea (Vi),MH,CUST_0001549,DEV_0001549,2023-01-10,False,False,NONE
+919865473207,BSNL Mobile,GJ,CUST_0001550,DEV_0001550,2023-01-10,False,False,NONE
+919853601272,Vodafone Idea (Vi),MH,CUST_0001551,DEV_0001551,2023-01-10,False,False,NONE
+919837499530,Airtel India,UP,CUST_0001552,DEV_0001552,2023-01-10,False,False,NONE
+919864597399,Vodafone Idea (Vi),HR,CUST_0001553,DEV_0001553,2023-01-10,False,False,NONE
+919825747428,Airtel India,RJ,CUST_0001554,DEV_0001554,2023-01-10,False,False,NONE
+919828234762,BSNL Mobile,WB,CUST_0001555,DEV_0001555,2023-01-10,False,False,NONE
+919880289588,Jio 5G,MH,CUST_0001556,DEV_0001556,2023-01-10,False,False,NONE
+919830219532,Jio 5G,GJ,CUST_0001557,DEV_0001557,2023-01-10,False,False,NONE
+919810661311,Airtel India,JH,CUST_0001558,DEV_0001558,2023-01-10,False,False,NONE
+919812279933,Jio 5G,RJ,CUST_0001559,DEV_0001559,2023-01-10,False,False,NONE
+919882139545,Airtel India,JH,CUST_0001560,DEV_0001560,2023-01-10,False,False,NONE
+919811388628,Airtel India,WB,CUST_0001561,DEV_0001561,2023-01-10,False,False,NONE
+919851211530,Vodafone Idea (Vi),MH,CUST_0001562,DEV_0001562,2023-01-10,False,False,NONE
+919818092842,Airtel India,DL,CUST_0001563,DEV_0001563,2023-01-10,False,False,NONE
+919856810026,Jio 5G,KA,CUST_0001564,DEV_0001564,2023-01-10,False,True,NONE
+919876728299,Airtel India,RJ,CUST_0001565,DEV_0001565,2023-01-10,False,False,NONE
+919828912348,Vodafone Idea (Vi),TS,CUST_0001566,DEV_0001566,2023-01-10,False,False,NONE
+919848811731,BSNL Mobile,WB,CUST_0001567,DEV_0001567,2023-01-10,False,False,NONE
+919837775806,Airtel India,HR,CUST_0001568,DEV_0001568,2023-01-10,False,False,NONE
+919847813183,Vodafone Idea (Vi),RJ,CUST_0001569,DEV_0001569,2023-01-10,False,False,NONE
+919888080489,Jio 5G,RJ,CUST_0001570,DEV_0001570,2023-01-10,False,False,NONE
+919877962566,Airtel India,JH,CUST_0001571,DEV_0001571,2023-01-10,True,True,NONE
+919821728182,BSNL Mobile,GJ,CUST_0001572,DEV_0001572,2023-01-10,False,False,NONE
+919895619441,Vodafone Idea (Vi),UP,CUST_0001573,DEV_0001573,2023-01-10,False,False,NONE
+919829507531,Vodafone Idea (Vi),UP,CUST_0001574,DEV_0001574,2023-01-10,False,False,NONE
+919854172434,Vodafone Idea (Vi),JH,CUST_0001575,DEV_0001575,2023-01-10,False,False,NONE
+919825634074,Jio 5G,TS,CUST_0001576,DEV_0001576,2023-01-10,False,False,NONE
+919852336725,BSNL Mobile,TS,CUST_0001577,DEV_0001577,2023-01-10,False,False,NONE
+919818547714,Vodafone Idea (Vi),MH,CUST_0001578,DEV_0001578,2023-01-10,False,False,NONE
+919862017068,Airtel India,GJ,CUST_0001579,DEV_0001579,2023-01-10,False,True,NONE
+919861057675,Airtel India,HR,CUST_0001580,DEV_0001580,2023-01-10,False,False,NONE
+919830192445,BSNL Mobile,DL,CUST_0001581,DEV_0001581,2023-01-10,False,False,NONE
+919825287080,BSNL Mobile,KA,CUST_0001582,DEV_0001582,2023-01-10,False,False,NONE
+919828590118,Jio 5G,WB,CUST_0001583,DEV_0001583,2023-01-10,False,False,NONE
+919884210582,BSNL Mobile,TS,CUST_0001584,DEV_0001584,2023-01-10,False,False,NONE
+919825511165,Jio 5G,TS,CUST_0001585,DEV_0001585,2023-01-10,False,False,NONE
+919898866618,Jio 5G,DL,CUST_0001586,DEV_0001586,2023-01-10,False,False,NONE
+919825603143,Airtel India,GJ,CUST_0001587,DEV_0001587,2023-01-10,False,False,NONE
+919816657724,Airtel India,KA,CUST_0001588,DEV_0001588,2023-01-10,False,False,NONE
+919833558339,Jio 5G,GJ,CUST_0001589,DEV_0001589,2023-01-10,False,False,NONE
+919837168236,BSNL Mobile,TS,CUST_0001590,DEV_0001590,2023-01-10,False,False,NONE
+919875400068,Airtel India,MH,CUST_0001591,DEV_0001591,2023-01-10,False,False,NONE
+919857263302,BSNL Mobile,UP,CUST_0001592,DEV_0001592,2023-01-10,False,False,NONE
+919876884168,Vodafone Idea (Vi),JH,CUST_0001593,DEV_0001593,2023-01-10,False,False,NONE
+919833950126,Airtel India,DL,CUST_0001594,DEV_0001594,2023-01-10,False,False,NONE
+919892308480,BSNL Mobile,DL,CUST_0001595,DEV_0001595,2023-01-10,False,False,NONE
+919811231385,BSNL Mobile,GJ,CUST_0001596,DEV_0001596,2023-01-10,False,True,NONE
+919883764865,Jio 5G,DL,CUST_0001597,DEV_0001597,2023-01-10,False,False,NONE
+919828824408,Airtel India,RJ,CUST_0001598,DEV_0001598,2023-01-10,False,False,NONE
+919856659693,Airtel India,GJ,CUST_0001599,DEV_0001599,2023-01-10,True,True,NONE
+919822962081,Jio 5G,TS,CUST_0001600,DEV_0001600,2023-01-10,False,False,NONE
+919874073384,Airtel India,DL,CUST_0001601,DEV_0001601,2023-01-10,False,False,NONE
+919872663848,BSNL Mobile,MH,CUST_0001602,DEV_0001602,2023-01-10,True,True,NONE
+919872207455,BSNL Mobile,KA,CUST_0001603,DEV_0001603,2023-01-10,False,False,NONE
+919895673495,Airtel India,WB,CUST_0001604,DEV_0001604,2023-01-10,False,False,NONE
+919829991705,Jio 5G,MH,CUST_0001605,DEV_0001605,2023-01-10,False,True,NONE
+919851222788,Airtel India,MH,CUST_0001606,DEV_0001606,2023-01-10,False,True,NONE
+919880649714,BSNL Mobile,DL,CUST_0001607,DEV_0001607,2023-01-10,False,True,NONE
+919853457867,Jio 5G,WB,CUST_0001608,DEV_0001608,2023-01-10,False,False,NONE
+919820295165,BSNL Mobile,WB,CUST_0001609,DEV_0001609,2023-01-10,False,True,NONE
+919877197274,Jio 5G,GJ,CUST_0001610,DEV_0001610,2023-01-10,False,False,NONE
+919850854949,Airtel India,RJ,CUST_0001611,DEV_0001611,2023-01-10,False,False,NONE
+919885198736,Jio 5G,DL,CUST_0001612,DEV_0001612,2023-01-10,False,False,NONE
+919876188976,Vodafone Idea (Vi),HR,CUST_0001613,DEV_0001613,2023-01-10,False,False,NONE
+919816166817,Airtel India,WB,CUST_0001614,DEV_0001614,2023-01-10,False,False,NONE
+919851389159,Vodafone Idea (Vi),GJ,CUST_0001615,DEV_0001615,2023-01-10,False,False,NONE
+919883532402,Airtel India,MH,CUST_0001616,DEV_0001616,2023-01-10,False,True,NONE
+919853726759,Jio 5G,WB,CUST_0001617,DEV_0001617,2023-01-10,False,False,NONE
+919884840081,Airtel India,KA,CUST_0001618,DEV_0001618,2023-01-10,False,False,NONE
+919894837703,Vodafone Idea (Vi),TS,CUST_0001619,DEV_0001619,2023-01-10,False,False,NONE
+919847177960,BSNL Mobile,RJ,CUST_0001620,DEV_0001620,2023-01-10,False,False,NONE
+919819643965,Vodafone Idea (Vi),HR,CUST_0001621,DEV_0001621,2023-01-10,False,False,NONE
+919835144848,Airtel India,WB,CUST_0001622,DEV_0001622,2023-01-10,False,False,NONE
+919828850504,BSNL Mobile,DL,CUST_0001623,DEV_0001623,2023-01-10,False,False,NONE
+919838652319,Airtel India,WB,CUST_0001624,DEV_0001624,2023-01-10,False,False,NONE
+919822214955,Vodafone Idea (Vi),WB,CUST_0001625,DEV_0001625,2023-01-10,False,False,NONE
+919870232384,BSNL Mobile,WB,CUST_0001626,DEV_0001626,2023-01-10,False,False,NONE
+919825863928,Jio 5G,TS,CUST_0001627,DEV_0001627,2023-01-10,False,False,NONE
+919872458174,Vodafone Idea (Vi),DL,CUST_0001628,DEV_0001628,2023-01-10,False,False,NONE
+919897394436,BSNL Mobile,JH,CUST_0001629,DEV_0001629,2023-01-10,False,False,NONE
+919893641024,BSNL Mobile,DL,CUST_0001630,DEV_0001630,2023-01-10,False,False,NONE
+919886402776,Airtel India,HR,CUST_0001631,DEV_0001631,2023-01-10,False,False,NONE
+919816786372,BSNL Mobile,HR,CUST_0001632,DEV_0001632,2023-01-10,True,True,NONE
+919844628898,BSNL Mobile,DL,CUST_0001633,DEV_0001633,2023-01-10,False,False,NONE
+919833835761,Jio 5G,WB,CUST_0001634,DEV_0001634,2023-01-10,False,False,NONE
+919878419049,Vodafone Idea (Vi),JH,CUST_0001635,DEV_0001635,2023-01-10,False,False,NONE
+919870455210,Vodafone Idea (Vi),UP,CUST_0001636,DEV_0001636,2023-01-10,False,False,NONE
+919837343186,Vodafone Idea (Vi),HR,CUST_0001637,DEV_0001637,2023-01-10,False,False,NONE
+919810644547,Airtel India,JH,CUST_0001638,DEV_0001638,2023-01-10,False,False,NONE
+919820550045,BSNL Mobile,UP,CUST_0001639,DEV_0001639,2023-01-10,False,False,NONE
+919858566263,BSNL Mobile,RJ,CUST_0001640,DEV_0001640,2023-01-10,False,False,NONE
+919848032218,Airtel India,RJ,CUST_0001641,DEV_0001641,2023-01-10,False,False,NONE
+919829054571,BSNL Mobile,HR,CUST_0001642,DEV_0001642,2023-01-10,False,False,NONE
+919833904167,Jio 5G,KA,CUST_0001643,DEV_0001643,2023-01-10,False,False,NONE
+919822792315,BSNL Mobile,TS,CUST_0001644,DEV_0001644,2023-01-10,False,False,NONE
+919814082211,Jio 5G,GJ,CUST_0001645,DEV_0001645,2023-01-10,False,False,NONE
+919858265297,BSNL Mobile,GJ,CUST_0001646,DEV_0001646,2023-01-10,False,True,NONE
+919898341143,Airtel India,UP,CUST_0001647,DEV_0001647,2023-01-10,False,False,NONE
+919837816561,Jio 5G,UP,CUST_0001648,DEV_0001648,2023-01-10,False,False,NONE
+919872030062,BSNL Mobile,GJ,CUST_0001649,DEV_0001649,2023-01-10,False,False,NONE
+919876792132,Jio 5G,JH,CUST_0001650,DEV_0001650,2023-01-10,False,False,NONE
+919863585290,Vodafone Idea (Vi),JH,CUST_0001651,DEV_0001651,2023-01-10,False,False,NONE
+919874377085,Vodafone Idea (Vi),HR,CUST_0001652,DEV_0001652,2023-01-10,False,True,NONE
+919841810246,Vodafone Idea (Vi),HR,CUST_0001653,DEV_0001653,2023-01-10,False,False,NONE
+919868196971,BSNL Mobile,WB,CUST_0001654,DEV_0001654,2023-01-10,False,False,NONE
+919832434400,BSNL Mobile,TS,CUST_0001655,DEV_0001655,2023-01-10,False,False,NONE
+919810915298,BSNL Mobile,UP,CUST_0001656,DEV_0001656,2023-01-10,False,False,NONE
+919847302739,Jio 5G,WB,CUST_0001657,DEV_0001657,2023-01-10,False,False,NONE
+919825474647,Vodafone Idea (Vi),JH,CUST_0001658,DEV_0001658,2023-01-10,False,True,NONE
+919819502844,Vodafone Idea (Vi),UP,CUST_0001659,DEV_0001659,2023-01-10,False,False,NONE
+919899665178,Jio 5G,RJ,CUST_0001660,DEV_0001660,2023-01-10,False,False,NONE
+919849725039,BSNL Mobile,JH,CUST_0001661,DEV_0001661,2023-01-10,False,False,NONE
+919822970675,Jio 5G,HR,CUST_0001662,DEV_0001662,2023-01-10,False,False,NONE
+919882793040,Airtel India,KA,CUST_0001663,DEV_0001663,2023-01-10,False,False,NONE
+919896966231,Airtel India,WB,CUST_0001664,DEV_0001664,2023-01-10,False,False,NONE
+919854361124,Vodafone Idea (Vi),UP,CUST_0001665,DEV_0001665,2023-01-10,False,False,NONE
+919880605401,Vodafone Idea (Vi),MH,CUST_0001666,DEV_0001666,2023-01-10,False,False,NONE
+919852665005,BSNL Mobile,RJ,CUST_0001667,DEV_0001667,2023-01-10,False,False,NONE
+919858281214,BSNL Mobile,RJ,CUST_0001668,DEV_0001668,2023-01-10,False,False,NONE
+919838931317,Airtel India,WB,CUST_0001669,DEV_0001669,2023-01-10,False,False,NONE
+919826843671,Vodafone Idea (Vi),HR,CUST_0001670,DEV_0001670,2023-01-10,False,False,NONE
+919876097008,Vodafone Idea (Vi),WB,CUST_0001671,DEV_0001671,2023-01-10,False,False,NONE
+919892434077,Airtel India,MH,CUST_0001672,DEV_0001672,2023-01-10,False,False,NONE
+919847154329,Vodafone Idea (Vi),KA,CUST_0001673,DEV_0001673,2023-01-10,False,False,NONE
+919829308398,Airtel India,WB,CUST_0001674,DEV_0001674,2023-01-10,False,False,NONE
+919895305498,BSNL Mobile,JH,CUST_0001675,DEV_0001675,2023-01-10,False,False,NONE
+919845663583,BSNL Mobile,RJ,CUST_0001676,DEV_0001676,2023-01-10,False,False,NONE
+919886446539,Vodafone Idea (Vi),UP,CUST_0001677,DEV_0001677,2023-01-10,True,True,NONE
+919899610163,BSNL Mobile,GJ,CUST_0001678,DEV_0001678,2023-01-10,False,False,NONE
+919847185763,Airtel India,RJ,CUST_0001679,DEV_0001679,2023-01-10,False,False,NONE
+919828009422,Jio 5G,UP,CUST_0001680,DEV_0001680,2023-01-10,False,False,NONE
+919858233233,Vodafone Idea (Vi),DL,CUST_0001681,DEV_0001681,2023-01-10,True,True,NONE
+919886519333,Vodafone Idea (Vi),HR,CUST_0001682,DEV_0001682,2023-01-10,False,False,NONE
+919886982380,BSNL Mobile,HR,CUST_0001683,DEV_0001683,2023-01-10,False,True,NONE
+919830134957,Vodafone Idea (Vi),TS,CUST_0001684,DEV_0001684,2023-01-10,False,False,NONE
+919864905055,Jio 5G,MH,CUST_0001685,DEV_0001685,2023-01-10,False,False,NONE
+919868294552,Airtel India,WB,CUST_0001686,DEV_0001686,2023-01-10,False,False,NONE
+919898937120,Vodafone Idea (Vi),HR,CUST_0001687,DEV_0001687,2023-01-10,False,False,NONE
+919875898416,Airtel India,HR,CUST_0001688,DEV_0001688,2023-01-10,False,False,NONE
+919862401579,Airtel India,HR,CUST_0001689,DEV_0001689,2023-01-10,False,False,NONE
+919829493995,Vodafone Idea (Vi),HR,CUST_0001690,DEV_0001690,2023-01-10,False,False,NONE
+919835143075,BSNL Mobile,DL,CUST_0001691,DEV_0001691,2023-01-10,False,False,NONE
+919892213942,BSNL Mobile,HR,CUST_0001692,DEV_0001692,2023-01-10,False,True,NONE
+919894563925,Vodafone Idea (Vi),HR,CUST_0001693,DEV_0001693,2023-01-10,False,False,NONE
+919887842425,BSNL Mobile,RJ,CUST_0001694,DEV_0001694,2023-01-10,False,False,NONE
+919898258830,BSNL Mobile,TS,CUST_0001695,DEV_0001695,2023-01-10,False,False,NONE
+919824970208,Airtel India,TS,CUST_0001696,DEV_0001696,2023-01-10,False,False,NONE
+919836181816,Vodafone Idea (Vi),TS,CUST_0001697,DEV_0001697,2023-01-10,False,False,NONE
+919876702267,BSNL Mobile,UP,CUST_0001698,DEV_0001698,2023-01-10,False,False,NONE
+919885864056,Vodafone Idea (Vi),JH,CUST_0001699,DEV_0001699,2023-01-10,False,False,NONE
+919814232717,BSNL Mobile,HR,CUST_0001700,DEV_0001700,2023-01-10,False,False,NONE
+919851221978,Airtel India,DL,CUST_0001701,DEV_0001701,2023-01-10,False,False,NONE
+919813777675,Jio 5G,RJ,CUST_0001702,DEV_0001702,2023-01-10,False,True,NONE
+919865595003,Airtel India,JH,CUST_0001703,DEV_0001703,2023-01-10,False,False,NONE
+919841348056,Airtel India,WB,CUST_0001704,DEV_0001704,2023-01-10,False,False,NONE
+919833356598,Vodafone Idea (Vi),TS,CUST_0001705,DEV_0001705,2023-01-10,False,False,NONE
+919859467858,BSNL Mobile,GJ,CUST_0001706,DEV_0001706,2023-01-10,False,False,NONE
+919884203670,Airtel India,RJ,CUST_0001707,DEV_0001707,2023-01-10,False,False,NONE
+919856590167,BSNL Mobile,JH,CUST_0001708,DEV_0001708,2023-01-10,False,False,NONE
+919890283224,Jio 5G,RJ,CUST_0001709,DEV_0001709,2023-01-10,False,False,NONE
+919872666239,BSNL Mobile,JH,CUST_0001710,DEV_0001710,2023-01-10,False,False,NONE
+919841420755,Jio 5G,WB,CUST_0001711,DEV_0001711,2023-01-10,False,False,NONE
+919863913819,Jio 5G,KA,CUST_0001712,DEV_0001712,2023-01-10,False,True,NONE
+919853315223,Airtel India,WB,CUST_0001713,DEV_0001713,2023-01-10,False,False,NONE
+919855959221,Jio 5G,KA,CUST_0001714,DEV_0001714,2023-01-10,False,False,NONE
+919812570109,Jio 5G,GJ,CUST_0001715,DEV_0001715,2023-01-10,False,False,NONE
+919820191668,Jio 5G,GJ,CUST_0001716,DEV_0001716,2023-01-10,False,False,NONE
+919888381329,Jio 5G,WB,CUST_0001717,DEV_0001717,2023-01-10,False,False,NONE
+919821301471,Vodafone Idea (Vi),JH,CUST_0001718,DEV_0001718,2023-01-10,False,False,NONE
+919854920379,Vodafone Idea (Vi),DL,CUST_0001719,DEV_0001719,2023-01-10,False,False,NONE
+919831858632,Vodafone Idea (Vi),GJ,CUST_0001720,DEV_0001720,2023-01-10,False,False,NONE
+919864798734,BSNL Mobile,GJ,CUST_0001721,DEV_0001721,2023-01-10,False,False,NONE
+919876509445,Airtel India,MH,CUST_0001722,DEV_0001722,2023-01-10,False,False,NONE
+919832374516,Airtel India,GJ,CUST_0001723,DEV_0001723,2023-01-10,False,False,NONE
+919860257845,BSNL Mobile,WB,CUST_0001724,DEV_0001724,2023-01-10,False,False,NONE
+919894436803,Jio 5G,DL,CUST_0001725,DEV_0001725,2023-01-10,False,False,NONE
+919861479621,Airtel India,UP,CUST_0001726,DEV_0001726,2023-01-10,False,False,NONE
+919837070650,BSNL Mobile,GJ,CUST_0001727,DEV_0001727,2023-01-10,False,False,NONE
+919815717582,Vodafone Idea (Vi),MH,CUST_0001728,DEV_0001728,2023-01-10,True,True,NONE
+919847793899,Vodafone Idea (Vi),GJ,CUST_0001729,DEV_0001729,2023-01-10,False,True,NONE
+919838297525,Airtel India,GJ,CUST_0001730,DEV_0001730,2023-01-10,False,True,NONE
+919874842312,Vodafone Idea (Vi),RJ,CUST_0001731,DEV_0001731,2023-01-10,False,True,NONE
+919852919481,Vodafone Idea (Vi),TS,CUST_0001732,DEV_0001732,2023-01-10,False,False,NONE
+919867127136,Jio 5G,UP,CUST_0001733,DEV_0001733,2023-01-10,False,False,NONE
+919816615109,BSNL Mobile,TS,CUST_0001734,DEV_0001734,2023-01-10,False,False,NONE
+919874381916,Airtel India,RJ,CUST_0001735,DEV_0001735,2023-01-10,False,False,NONE
+919850790090,Jio 5G,DL,CUST_0001736,DEV_0001736,2023-01-10,False,False,NONE
+919833288078,Vodafone Idea (Vi),RJ,CUST_0001737,DEV_0001737,2023-01-10,False,False,NONE
+919835778549,BSNL Mobile,DL,CUST_0001738,DEV_0001738,2023-01-10,False,False,NONE
+919829006617,Airtel India,DL,CUST_0001739,DEV_0001739,2023-01-10,False,False,NONE
+919877593577,Airtel India,GJ,CUST_0001740,DEV_0001740,2023-01-10,False,False,NONE
+919842035286,BSNL Mobile,GJ,CUST_0001741,DEV_0001741,2023-01-10,False,False,NONE
+919882458802,Airtel India,RJ,CUST_0001742,DEV_0001742,2023-01-10,False,False,NONE
+919831621147,Airtel India,GJ,CUST_0001743,DEV_0001743,2023-01-10,False,False,NONE
+919813253253,BSNL Mobile,HR,CUST_0001744,DEV_0001744,2023-01-10,False,False,NONE
+919849671711,Airtel India,TS,CUST_0001745,DEV_0001745,2023-01-10,False,False,NONE
+919849179293,Vodafone Idea (Vi),HR,CUST_0001746,DEV_0001746,2023-01-10,False,False,NONE
+919883517683,Jio 5G,RJ,CUST_0001747,DEV_0001747,2023-01-10,False,False,NONE
+919862232947,BSNL Mobile,MH,CUST_0001748,DEV_0001748,2023-01-10,False,True,NONE
+919860352607,Vodafone Idea (Vi),UP,CUST_0001749,DEV_0001749,2023-01-10,False,False,NONE
+919870067280,Jio 5G,DL,CUST_0001750,DEV_0001750,2023-01-10,False,True,NONE
+919872845906,BSNL Mobile,JH,CUST_0001751,DEV_0001751,2023-01-10,False,True,NONE
+919873773860,Jio 5G,TS,CUST_0001752,DEV_0001752,2023-01-10,True,True,NONE
+919849621974,Vodafone Idea (Vi),DL,CUST_0001753,DEV_0001753,2023-01-10,False,False,NONE
+919816471789,Vodafone Idea (Vi),KA,CUST_0001754,DEV_0001754,2023-01-10,False,True,NONE
+919880330918,BSNL Mobile,KA,CUST_0001755,DEV_0001755,2023-01-10,False,True,NONE
+919885124663,BSNL Mobile,MH,CUST_0001756,DEV_0001756,2023-01-10,False,False,NONE
+919882957948,Jio 5G,HR,CUST_0001757,DEV_0001757,2023-01-10,False,False,NONE
+919859354735,Airtel India,RJ,CUST_0001758,DEV_0001758,2023-01-10,False,False,NONE
+919823640517,Airtel India,JH,CUST_0001759,DEV_0001759,2023-01-10,False,False,NONE
+919874927362,Vodafone Idea (Vi),DL,CUST_0001760,DEV_0001760,2023-01-10,False,False,NONE
+919856725865,Jio 5G,WB,CUST_0001761,DEV_0001761,2023-01-10,False,False,NONE
+919875236070,Airtel India,WB,CUST_0001762,DEV_0001762,2023-01-10,False,False,NONE
+919892631473,BSNL Mobile,KA,CUST_0001763,DEV_0001763,2023-01-10,False,False,NONE
+919896491361,Airtel India,HR,CUST_0001764,DEV_0001764,2023-01-10,False,True,NONE
+919824579937,Airtel India,WB,CUST_0001765,DEV_0001765,2023-01-10,False,False,NONE
+919861106058,Vodafone Idea (Vi),GJ,CUST_0001766,DEV_0001766,2023-01-10,False,False,NONE
+919839483979,Airtel India,RJ,CUST_0001767,DEV_0001767,2023-01-10,False,False,NONE
+919830609661,Vodafone Idea (Vi),UP,CUST_0001768,DEV_0001768,2023-01-10,False,False,NONE
+919846602724,Airtel India,MH,CUST_0001769,DEV_0001769,2023-01-10,False,False,NONE
+919887206241,Airtel India,GJ,CUST_0001770,DEV_0001770,2023-01-10,False,False,NONE
+919879430744,Vodafone Idea (Vi),WB,CUST_0001771,DEV_0001771,2023-01-10,False,False,NONE
+919841965408,Jio 5G,WB,CUST_0001772,DEV_0001772,2023-01-10,False,False,NONE
+919850770723,Airtel India,KA,CUST_0001773,DEV_0001773,2023-01-10,False,False,NONE
+919847142208,BSNL Mobile,JH,CUST_0001774,DEV_0001774,2023-01-10,False,False,NONE
+919843160709,Airtel India,WB,CUST_0001775,DEV_0001775,2023-01-10,False,False,NONE
+919837524687,BSNL Mobile,MH,CUST_0001776,DEV_0001776,2023-01-10,False,False,NONE
+919830849569,Airtel India,RJ,CUST_0001777,DEV_0001777,2023-01-10,False,False,NONE
+919860382882,Vodafone Idea (Vi),JH,CUST_0001778,DEV_0001778,2023-01-10,False,False,NONE
+919891462946,Airtel India,WB,CUST_0001779,DEV_0001779,2023-01-10,False,True,NONE
+919886707839,Vodafone Idea (Vi),DL,CUST_0001780,DEV_0001780,2023-01-10,False,True,NONE
+919843765129,Vodafone Idea (Vi),RJ,CUST_0001781,DEV_0001781,2023-01-10,False,False,NONE
+919852552433,BSNL Mobile,DL,CUST_0001782,DEV_0001782,2023-01-10,False,False,NONE
+919839610630,Airtel India,HR,CUST_0001783,DEV_0001783,2023-01-10,False,False,NONE
+919856231146,Vodafone Idea (Vi),DL,CUST_0001784,DEV_0001784,2023-01-10,False,False,NONE
+919836572922,Vodafone Idea (Vi),DL,CUST_0001785,DEV_0001785,2023-01-10,False,False,NONE
+919864550380,Jio 5G,GJ,CUST_0001786,DEV_0001786,2023-01-10,True,True,NONE
+919897723090,Jio 5G,KA,CUST_0001787,DEV_0001787,2023-01-10,False,False,NONE
+919870874469,Vodafone Idea (Vi),MH,CUST_0001788,DEV_0001788,2023-01-10,False,True,NONE
+919847859190,BSNL Mobile,HR,CUST_0001789,DEV_0001789,2023-01-10,True,True,NONE
+919878114886,BSNL Mobile,UP,CUST_0001790,DEV_0001790,2023-01-10,False,False,NONE
+919838442223,Airtel India,JH,CUST_0001791,DEV_0001791,2023-01-10,False,False,NONE
+919855026826,BSNL Mobile,MH,CUST_0001792,DEV_0001792,2023-01-10,False,False,NONE
+919863795126,Jio 5G,UP,CUST_0001793,DEV_0001793,2023-01-10,False,False,NONE
+919850307135,Jio 5G,UP,CUST_0001794,DEV_0001794,2023-01-10,False,False,NONE
+919864413917,Jio 5G,TS,CUST_0001795,DEV_0001795,2023-01-10,False,False,NONE
+919822285393,Jio 5G,DL,CUST_0001796,DEV_0001796,2023-01-10,False,False,NONE
+919855149917,Jio 5G,KA,CUST_0001797,DEV_0001797,2023-01-10,False,False,NONE
+919854766216,Airtel India,DL,CUST_0001798,DEV_0001798,2023-01-10,False,False,NONE
+919891898279,Jio 5G,UP,CUST_0001799,DEV_0001799,2023-01-10,False,False,NONE
+919875661268,Vodafone Idea (Vi),KA,CUST_0001800,DEV_0001800,2023-01-10,False,False,NONE
+919896585729,Jio 5G,UP,CUST_0001801,DEV_0001801,2023-01-10,False,False,NONE
+919871634764,Airtel India,DL,CUST_0001802,DEV_0001802,2023-01-10,False,False,NONE
+919892303785,BSNL Mobile,JH,CUST_0001803,DEV_0001803,2023-01-10,False,False,NONE
+919845744922,Vodafone Idea (Vi),WB,CUST_0001804,DEV_0001804,2023-01-10,False,False,NONE
+919814740892,Vodafone Idea (Vi),UP,CUST_0001805,DEV_0001805,2023-01-10,False,True,NONE
+919898969984,BSNL Mobile,TS,CUST_0001806,DEV_0001806,2023-01-10,False,False,NONE
+919866999460,Vodafone Idea (Vi),TS,CUST_0001807,DEV_0001807,2023-01-10,False,False,NONE
+919816143356,Vodafone Idea (Vi),GJ,CUST_0001808,DEV_0001808,2023-01-10,False,False,NONE
+919890124204,Airtel India,TS,CUST_0001809,DEV_0001809,2023-01-10,False,False,NONE
+919850597108,Airtel India,GJ,CUST_0001810,DEV_0001810,2023-01-10,False,True,NONE
+919865162094,BSNL Mobile,DL,CUST_0001811,DEV_0001811,2023-01-10,False,False,NONE
+919888865592,Vodafone Idea (Vi),KA,CUST_0001812,DEV_0001812,2023-01-10,False,False,NONE
+919879169377,Jio 5G,KA,CUST_0001813,DEV_0001813,2023-01-10,False,False,NONE
+919848052154,BSNL Mobile,DL,CUST_0001814,DEV_0001814,2023-01-10,False,False,NONE
+919832456730,Vodafone Idea (Vi),HR,CUST_0001815,DEV_0001815,2023-01-10,False,False,NONE
+919854395559,BSNL Mobile,GJ,CUST_0001816,DEV_0001816,2023-01-10,True,True,NONE
+919851941355,BSNL Mobile,JH,CUST_0001817,DEV_0001817,2023-01-10,False,False,NONE
+919897036002,Vodafone Idea (Vi),UP,CUST_0001818,DEV_0001818,2023-01-10,False,False,NONE
+919848425360,Airtel India,TS,CUST_0001819,DEV_0001819,2023-01-10,False,False,NONE
+919857298412,Vodafone Idea (Vi),TS,CUST_0001820,DEV_0001820,2023-01-10,False,False,NONE
+919861192021,BSNL Mobile,JH,CUST_0001821,DEV_0001821,2023-01-10,False,False,NONE
+919864237679,Vodafone Idea (Vi),UP,CUST_0001822,DEV_0001822,2023-01-10,False,False,NONE
+919817953706,Vodafone Idea (Vi),DL,CUST_0001823,DEV_0001823,2023-01-10,False,False,NONE
+919855716587,Vodafone Idea (Vi),RJ,CUST_0001824,DEV_0001824,2023-01-10,False,False,NONE
+919865021758,Vodafone Idea (Vi),KA,CUST_0001825,DEV_0001825,2023-01-10,False,False,NONE
+919899701715,Jio 5G,MH,CUST_0001826,DEV_0001826,2023-01-10,False,False,NONE
+919882337731,Vodafone Idea (Vi),GJ,CUST_0001827,DEV_0001827,2023-01-10,False,False,NONE
+919877294337,BSNL Mobile,WB,CUST_0001828,DEV_0001828,2023-01-10,False,False,NONE
+919823165319,Airtel India,HR,CUST_0001829,DEV_0001829,2023-01-10,False,False,NONE
+919815901729,Jio 5G,HR,CUST_0001830,DEV_0001830,2023-01-10,False,False,NONE
+919832705888,Airtel India,HR,CUST_0001831,DEV_0001831,2023-01-10,False,False,NONE
+919842997456,Vodafone Idea (Vi),MH,CUST_0001832,DEV_0001832,2023-01-10,False,False,NONE
+919877642874,BSNL Mobile,GJ,CUST_0001833,DEV_0001833,2023-01-10,False,False,NONE
+919894964746,Jio 5G,KA,CUST_0001834,DEV_0001834,2023-01-10,False,False,NONE
+919850154515,Vodafone Idea (Vi),TS,CUST_0001835,DEV_0001835,2023-01-10,False,False,NONE
+919842902903,Jio 5G,TS,CUST_0001836,DEV_0001836,2023-01-10,False,False,NONE
+919821091012,Airtel India,WB,CUST_0001837,DEV_0001837,2023-01-10,False,False,NONE
+919861726963,Jio 5G,WB,CUST_0001838,DEV_0001838,2023-01-10,False,True,NONE
+919857775549,Jio 5G,RJ,CUST_0001839,DEV_0001839,2023-01-10,False,False,NONE
+919870695453,BSNL Mobile,HR,CUST_0001840,DEV_0001840,2023-01-10,False,False,NONE
+919846963880,Vodafone Idea (Vi),RJ,CUST_0001841,DEV_0001841,2023-01-10,False,False,NONE
+919836149177,Jio 5G,JH,CUST_0001842,DEV_0001842,2023-01-10,False,True,NONE
+919850050811,Vodafone Idea (Vi),WB,CUST_0001843,DEV_0001843,2023-01-10,False,False,NONE
+919863241626,Jio 5G,DL,CUST_0001844,DEV_0001844,2023-01-10,False,False,NONE
+919820785419,Vodafone Idea (Vi),WB,CUST_0001845,DEV_0001845,2023-01-10,False,False,NONE
+919892767496,BSNL Mobile,KA,CUST_0001846,DEV_0001846,2023-01-10,False,False,NONE
+919839571116,Vodafone Idea (Vi),MH,CUST_0001847,DEV_0001847,2023-01-10,False,False,NONE
+919820502166,Airtel India,HR,CUST_0001848,DEV_0001848,2023-01-10,False,False,NONE
+919817960700,Airtel India,JH,CUST_0001849,DEV_0001849,2023-01-10,False,False,NONE
+919816375923,BSNL Mobile,HR,CUST_0001850,DEV_0001850,2023-01-10,False,False,NONE
+919865022883,Airtel India,UP,CUST_0001851,DEV_0001851,2023-01-10,False,False,NONE
+919859382666,Airtel India,HR,CUST_0001852,DEV_0001852,2023-01-10,False,False,NONE
+919850330067,BSNL Mobile,TS,CUST_0001853,DEV_0001853,2023-01-10,False,False,NONE
+919893965116,Jio 5G,TS,CUST_0001854,DEV_0001854,2023-01-10,False,False,NONE
+919847589288,Vodafone Idea (Vi),GJ,CUST_0001855,DEV_0001855,2023-01-10,False,False,NONE
+919818852314,Vodafone Idea (Vi),MH,CUST_0001856,DEV_0001856,2023-01-10,False,True,NONE
+919865091525,BSNL Mobile,KA,CUST_0001857,DEV_0001857,2023-01-10,False,False,NONE
+919861039040,BSNL Mobile,MH,CUST_0001858,DEV_0001858,2023-01-10,False,False,NONE
+919895954129,BSNL Mobile,RJ,CUST_0001859,DEV_0001859,2023-01-10,False,False,NONE
+919855090307,Jio 5G,DL,CUST_0001860,DEV_0001860,2023-01-10,False,False,NONE
+919813137645,Vodafone Idea (Vi),UP,CUST_0001861,DEV_0001861,2023-01-10,False,False,NONE
+919824141263,Jio 5G,MH,CUST_0001862,DEV_0001862,2023-01-10,False,False,NONE
+919848711468,Jio 5G,TS,CUST_0001863,DEV_0001863,2023-01-10,False,False,NONE
+919887530324,Vodafone Idea (Vi),GJ,CUST_0001864,DEV_0001864,2023-01-10,False,False,NONE
+919895607855,Jio 5G,RJ,CUST_0001865,DEV_0001865,2023-01-10,False,False,NONE
+919874520433,Airtel India,JH,CUST_0001866,DEV_0001866,2023-01-10,False,False,NONE
+919847089138,Jio 5G,MH,CUST_0001867,DEV_0001867,2023-01-10,True,True,NONE
+919854986096,Vodafone Idea (Vi),TS,CUST_0001868,DEV_0001868,2023-01-10,False,True,NONE
+919858790777,Vodafone Idea (Vi),MH,CUST_0001869,DEV_0001869,2023-01-10,False,False,NONE
+919875794487,Vodafone Idea (Vi),MH,CUST_0001870,DEV_0001870,2023-01-10,False,False,NONE
+919892701840,BSNL Mobile,WB,CUST_0001871,DEV_0001871,2023-01-10,False,False,NONE
+919844202500,Airtel India,KA,CUST_0001872,DEV_0001872,2023-01-10,False,False,NONE
+919867418177,Vodafone Idea (Vi),WB,CUST_0001873,DEV_0001873,2023-01-10,False,False,NONE
+919889898359,Vodafone Idea (Vi),TS,CUST_0001874,DEV_0001874,2023-01-10,False,False,NONE
+919871455607,Vodafone Idea (Vi),TS,CUST_0001875,DEV_0001875,2023-01-10,False,False,NONE
+919811744952,Jio 5G,RJ,CUST_0001876,DEV_0001876,2023-01-10,False,False,NONE
+919853583230,BSNL Mobile,WB,CUST_0001877,DEV_0001877,2023-01-10,False,False,NONE
+919828079325,BSNL Mobile,UP,CUST_0001878,DEV_0001878,2023-01-10,False,False,NONE
+919861402474,Airtel India,UP,CUST_0001879,DEV_0001879,2023-01-10,False,False,NONE
+919822693180,Airtel India,RJ,CUST_0001880,DEV_0001880,2023-01-10,False,False,NONE
+919837992476,Jio 5G,UP,CUST_0001881,DEV_0001881,2023-01-10,False,False,NONE
+919891441799,BSNL Mobile,GJ,CUST_0001882,DEV_0001882,2023-01-10,False,False,NONE
+919816928889,Airtel India,DL,CUST_0001883,DEV_0001883,2023-01-10,False,False,NONE
+919835025562,BSNL Mobile,RJ,CUST_0001884,DEV_0001884,2023-01-10,False,False,NONE
+919872484197,Vodafone Idea (Vi),TS,CUST_0001885,DEV_0001885,2023-01-10,False,False,NONE
+919823865911,Jio 5G,MH,CUST_0001886,DEV_0001886,2023-01-10,False,True,NONE
+919832027052,Airtel India,RJ,CUST_0001887,DEV_0001887,2023-01-10,False,False,NONE
+919849701698,Jio 5G,JH,CUST_0001888,DEV_0001888,2023-01-10,False,False,NONE
+919832244758,BSNL Mobile,RJ,CUST_0001889,DEV_0001889,2023-01-10,False,False,NONE
+919835676526,BSNL Mobile,GJ,CUST_0001890,DEV_0001890,2023-01-10,False,False,NONE
+919821291572,Airtel India,TS,CUST_0001891,DEV_0001891,2023-01-10,False,False,NONE
+919830777319,Vodafone Idea (Vi),HR,CUST_0001892,DEV_0001892,2023-01-10,False,False,NONE
+919874649999,BSNL Mobile,GJ,CUST_0001893,DEV_0001893,2023-01-10,False,False,NONE
+919880182437,Jio 5G,WB,CUST_0001894,DEV_0001894,2023-01-10,False,False,NONE
+919815741826,Jio 5G,WB,CUST_0001895,DEV_0001895,2023-01-10,False,False,NONE
+919847396035,Jio 5G,WB,CUST_0001896,DEV_0001896,2023-01-10,False,False,NONE
+919869456765,Vodafone Idea (Vi),GJ,CUST_0001897,DEV_0001897,2023-01-10,False,False,NONE
+919842291423,Vodafone Idea (Vi),WB,CUST_0001898,DEV_0001898,2023-01-10,False,False,NONE
+919819503192,BSNL Mobile,GJ,CUST_0001899,DEV_0001899,2023-01-10,False,True,NONE
+919855199000,Jio 5G,WB,CUST_0001900,DEV_0001900,2023-01-10,False,False,NONE
+919878824176,BSNL Mobile,KA,CUST_0001901,DEV_0001901,2023-01-10,False,False,NONE
+919828996301,Airtel India,MH,CUST_0001902,DEV_0001902,2023-01-10,False,False,NONE
+919874850957,BSNL Mobile,TS,CUST_0001903,DEV_0001903,2023-01-10,False,False,NONE
+919872391621,Vodafone Idea (Vi),DL,CUST_0001904,DEV_0001904,2023-01-10,False,False,NONE
+919834519546,Jio 5G,WB,CUST_0001905,DEV_0001905,2023-01-10,False,False,NONE
+919863489050,Jio 5G,GJ,CUST_0001906,DEV_0001906,2023-01-10,False,False,NONE
+919857256200,Vodafone Idea (Vi),UP,CUST_0001907,DEV_0001907,2023-01-10,False,False,NONE
+919827551559,Jio 5G,DL,CUST_0001908,DEV_0001908,2023-01-10,False,False,NONE
+919825581277,BSNL Mobile,GJ,CUST_0001909,DEV_0001909,2023-01-10,False,False,NONE
+919815991202,Jio 5G,UP,CUST_0001910,DEV_0001910,2023-01-10,False,False,NONE
+919838564233,Vodafone Idea (Vi),RJ,CUST_0001911,DEV_0001911,2023-01-10,False,False,NONE
+919874900011,Jio 5G,KA,CUST_0001912,DEV_0001912,2023-01-10,False,False,NONE
+919813437780,Jio 5G,MH,CUST_0001913,DEV_0001913,2023-01-10,False,False,NONE
+919815977290,Jio 5G,WB,CUST_0001914,DEV_0001914,2023-01-10,False,False,NONE
+919844747540,Airtel India,TS,CUST_0001915,DEV_0001915,2023-01-10,True,True,NONE
+919814645452,BSNL Mobile,JH,CUST_0001916,DEV_0001916,2023-01-10,False,False,NONE
+919862099529,Jio 5G,HR,CUST_0001917,DEV_0001917,2023-01-10,False,False,NONE
+919886309370,Vodafone Idea (Vi),UP,CUST_0001918,DEV_0001918,2023-01-10,False,False,NONE
+919891319354,Airtel India,DL,CUST_0001919,DEV_0001919,2023-01-10,False,False,NONE
+919882170338,Jio 5G,DL,CUST_0001920,DEV_0001920,2023-01-10,False,False,NONE
+919815383852,BSNL Mobile,RJ,CUST_0001921,DEV_0001921,2023-01-10,False,False,NONE
+919862793788,BSNL Mobile,KA,CUST_0001922,DEV_0001922,2023-01-10,False,False,NONE
+919819745387,Vodafone Idea (Vi),TS,CUST_0001923,DEV_0001923,2023-01-10,False,False,NONE
+919860256137,Vodafone Idea (Vi),KA,CUST_0001924,DEV_0001924,2023-01-10,False,False,NONE
+919852389022,Vodafone Idea (Vi),KA,CUST_0001925,DEV_0001925,2023-01-10,False,True,NONE
+919868191033,Airtel India,GJ,CUST_0001926,DEV_0001926,2023-01-10,False,False,NONE
+919821239258,Airtel India,TS,CUST_0001927,DEV_0001927,2023-01-10,False,False,NONE
+919865956477,Jio 5G,UP,CUST_0001928,DEV_0001928,2023-01-10,False,False,NONE
+919840630519,Jio 5G,TS,CUST_0001929,DEV_0001929,2023-01-10,False,False,NONE
+919871863448,Airtel India,JH,CUST_0001930,DEV_0001930,2023-01-10,False,False,NONE
+919858790470,Vodafone Idea (Vi),DL,CUST_0001931,DEV_0001931,2023-01-10,False,False,NONE
+919861346471,Jio 5G,HR,CUST_0001932,DEV_0001932,2023-01-10,False,False,NONE
+919849807924,Airtel India,MH,CUST_0001933,DEV_0001933,2023-01-10,False,False,NONE
+919848267004,Jio 5G,MH,CUST_0001934,DEV_0001934,2023-01-10,False,False,NONE
+919871537577,Vodafone Idea (Vi),KA,CUST_0001935,DEV_0001935,2023-01-10,False,False,NONE
+919857617553,BSNL Mobile,RJ,CUST_0001936,DEV_0001936,2023-01-10,False,True,NONE
+919899965255,BSNL Mobile,HR,CUST_0001937,DEV_0001937,2023-01-10,False,False,NONE
+919853548184,BSNL Mobile,DL,CUST_0001938,DEV_0001938,2023-01-10,False,False,NONE
+919847456741,Vodafone Idea (Vi),RJ,CUST_0001939,DEV_0001939,2023-01-10,False,True,NONE
+919862042092,Airtel India,JH,CUST_0001940,DEV_0001940,2023-01-10,False,False,NONE
+919819571192,Airtel India,HR,CUST_0001941,DEV_0001941,2023-01-10,False,False,NONE
+919853461258,Airtel India,MH,CUST_0001942,DEV_0001942,2023-01-10,False,False,NONE
+919847004686,Airtel India,HR,CUST_0001943,DEV_0001943,2023-01-10,False,True,NONE
+919842067627,Jio 5G,JH,CUST_0001944,DEV_0001944,2023-01-10,False,True,NONE
+919874466265,Airtel India,KA,CUST_0001945,DEV_0001945,2023-01-10,False,False,NONE
+919884397516,Vodafone Idea (Vi),JH,CUST_0001946,DEV_0001946,2023-01-10,False,False,NONE
+919823891410,BSNL Mobile,GJ,CUST_0001947,DEV_0001947,2023-01-10,False,False,NONE
+919856268257,Airtel India,KA,CUST_0001948,DEV_0001948,2023-01-10,False,False,NONE
+919890861062,Airtel India,JH,CUST_0001949,DEV_0001949,2023-01-10,False,False,NONE
+919854717777,Airtel India,MH,CUST_0001950,DEV_0001950,2023-01-10,False,False,NONE
+919839593367,Airtel India,DL,CUST_0001951,DEV_0001951,2023-01-10,False,False,NONE
+919896947772,Jio 5G,GJ,CUST_0001952,DEV_0001952,2023-01-10,False,False,NONE
+919895306443,Jio 5G,MH,CUST_0001953,DEV_0001953,2023-01-10,False,False,NONE
+919810800133,Jio 5G,DL,CUST_0001954,DEV_0001954,2023-01-10,False,False,NONE
+919875193038,Jio 5G,RJ,CUST_0001955,DEV_0001955,2023-01-10,False,False,NONE
+919816342422,Airtel India,RJ,CUST_0001956,DEV_0001956,2023-01-10,False,False,NONE
+919891655863,BSNL Mobile,WB,CUST_0001957,DEV_0001957,2023-01-10,False,False,NONE
+919872843952,Jio 5G,MH,CUST_0001958,DEV_0001958,2023-01-10,False,False,NONE
+919862316821,Jio 5G,UP,CUST_0001959,DEV_0001959,2023-01-10,False,False,NONE
+919833490560,BSNL Mobile,GJ,CUST_0001960,DEV_0001960,2023-01-10,False,False,NONE
+919872386626,BSNL Mobile,DL,CUST_0001961,DEV_0001961,2023-01-10,False,False,NONE
+919871339368,Jio 5G,JH,CUST_0001962,DEV_0001962,2023-01-10,False,False,NONE
+919838275964,Vodafone Idea (Vi),MH,CUST_0001963,DEV_0001963,2023-01-10,False,False,NONE
+919812937968,Airtel India,JH,CUST_0001964,DEV_0001964,2023-01-10,False,False,NONE
+919835085829,Airtel India,UP,CUST_0001965,DEV_0001965,2023-01-10,False,False,NONE
+919827715864,Vodafone Idea (Vi),TS,CUST_0001966,DEV_0001966,2023-01-10,False,False,NONE
+919828428217,Airtel India,UP,CUST_0001967,DEV_0001967,2023-01-10,False,False,NONE
+919846586010,Airtel India,HR,CUST_0001968,DEV_0001968,2023-01-10,False,False,NONE
+919871234698,BSNL Mobile,DL,CUST_0001969,DEV_0001969,2023-01-10,False,False,NONE
+919865959045,Vodafone Idea (Vi),RJ,CUST_0001970,DEV_0001970,2023-01-10,False,False,NONE
+919874674710,Jio 5G,DL,CUST_0001971,DEV_0001971,2023-01-10,False,False,NONE
+919851984921,Airtel India,RJ,CUST_0001972,DEV_0001972,2023-01-10,False,True,NONE
+919893348871,Airtel India,MH,CUST_0001973,DEV_0001973,2023-01-10,False,False,NONE
+919878614880,BSNL Mobile,KA,CUST_0001974,DEV_0001974,2023-01-10,False,True,NONE
+919863800012,Jio 5G,UP,CUST_0001975,DEV_0001975,2023-01-10,False,False,NONE
+919835048889,Airtel India,UP,CUST_0001976,DEV_0001976,2023-01-10,False,False,NONE
+919874079802,BSNL Mobile,UP,CUST_0001977,DEV_0001977,2023-01-10,False,False,NONE
+919867684354,Jio 5G,TS,CUST_0001978,DEV_0001978,2023-01-10,True,True,NONE
+919817284229,BSNL Mobile,WB,CUST_0001979,DEV_0001979,2023-01-10,False,False,NONE
+919866497262,Vodafone Idea (Vi),MH,CUST_0001980,DEV_0001980,2023-01-10,False,False,NONE
+919870670609,BSNL Mobile,RJ,CUST_0001981,DEV_0001981,2023-01-10,False,False,NONE
+919898330306,Vodafone Idea (Vi),MH,CUST_0001982,DEV_0001982,2023-01-10,False,False,NONE
+919833653715,Airtel India,DL,CUST_0001983,DEV_0001983,2023-01-10,False,False,NONE
+919892996100,Jio 5G,MH,CUST_0001984,DEV_0001984,2023-01-10,False,False,NONE
+919857084856,Jio 5G,TS,CUST_0001985,DEV_0001985,2023-01-10,False,False,NONE
+919834725665,BSNL Mobile,JH,CUST_0001986,DEV_0001986,2023-01-10,False,False,NONE
+919848268681,Vodafone Idea (Vi),RJ,CUST_0001987,DEV_0001987,2023-01-10,False,False,NONE
+919824324027,BSNL Mobile,WB,CUST_0001988,DEV_0001988,2023-01-10,False,False,NONE
+919829118330,Vodafone Idea (Vi),MH,CUST_0001989,DEV_0001989,2023-01-10,False,False,NONE
+919882060574,BSNL Mobile,GJ,CUST_0001990,DEV_0001990,2023-01-10,False,False,NONE
+919876967015,BSNL Mobile,GJ,CUST_0001991,DEV_0001991,2023-01-10,False,False,NONE
+919819033627,Jio 5G,RJ,CUST_0001992,DEV_0001992,2023-01-10,False,False,NONE
+919862488062,Airtel India,RJ,CUST_0001993,DEV_0001993,2023-01-10,False,False,NONE
+919875272142,BSNL Mobile,JH,CUST_0001994,DEV_0001994,2023-01-10,False,False,NONE
+919830739662,Jio 5G,GJ,CUST_0001995,DEV_0001995,2023-01-10,False,False,NONE
+919829178482,Vodafone Idea (Vi),RJ,CUST_0001996,DEV_0001996,2023-01-10,False,False,NONE
+919881069582,Jio 5G,JH,CUST_0001997,DEV_0001997,2023-01-10,False,False,NONE
+919876721057,Vodafone Idea (Vi),TS,CUST_0001998,DEV_0001998,2023-01-10,False,False,NONE
+919896141962,Jio 5G,UP,CUST_0001999,DEV_0001999,2023-01-10,False,False,NONE
+919834960840,BSNL Mobile,RJ,CUST_0002000,DEV_0002000,2023-01-10,False,False,NONE
+919827186462,BSNL Mobile,GJ,CUST_0002001,DEV_0002001,2023-01-10,False,False,NONE
+919852404809,Airtel India,DL,CUST_0002002,DEV_0002002,2023-01-10,False,False,NONE
+919860231246,Jio 5G,MH,CUST_0002003,DEV_0002003,2023-01-10,False,True,NONE
+919863024672,Airtel India,GJ,CUST_0002004,DEV_0002004,2023-01-10,False,False,NONE
+919873098710,Jio 5G,KA,CUST_0002005,DEV_0002005,2023-01-10,False,True,NONE
+919851385893,Vodafone Idea (Vi),TS,CUST_0002006,DEV_0002006,2023-01-10,False,True,NONE
+919864610820,Vodafone Idea (Vi),TS,CUST_0002007,DEV_0002007,2023-01-10,False,False,NONE
+919830478256,BSNL Mobile,DL,CUST_0002008,DEV_0002008,2023-01-10,False,True,NONE
+919886148746,Jio 5G,RJ,CUST_0002009,DEV_0002009,2023-01-10,False,False,NONE
+919898812214,BSNL Mobile,GJ,CUST_0002010,DEV_0002010,2023-01-10,False,False,NONE
+919864548652,Vodafone Idea (Vi),GJ,CUST_0002011,DEV_0002011,2023-01-10,False,False,NONE
+919810558137,Jio 5G,HR,CUST_0002012,DEV_0002012,2023-01-10,False,False,NONE
+919863028485,Jio 5G,MH,CUST_0002013,DEV_0002013,2023-01-10,False,False,NONE
+919853583833,Airtel India,JH,CUST_0002014,DEV_0002014,2023-01-10,False,False,NONE
+919831857900,Jio 5G,KA,CUST_0002015,DEV_0002015,2023-01-10,False,False,NONE
+919872351273,Vodafone Idea (Vi),TS,CUST_0002016,DEV_0002016,2023-01-10,False,False,NONE
+919877498638,BSNL Mobile,DL,CUST_0002017,DEV_0002017,2023-01-10,False,False,NONE
+919872801076,Airtel India,WB,CUST_0002018,DEV_0002018,2023-01-10,False,False,NONE
+919825252605,Vodafone Idea (Vi),DL,CUST_0002019,DEV_0002019,2023-01-10,False,False,NONE
+919827390830,Vodafone Idea (Vi),DL,CUST_0002020,DEV_0002020,2023-01-10,False,True,NONE
+919859432603,Jio 5G,JH,CUST_0002021,DEV_0002021,2023-01-10,False,False,NONE
+919870135859,Jio 5G,WB,CUST_0002022,DEV_0002022,2023-01-10,False,False,NONE
+919847012485,Jio 5G,JH,CUST_0002023,DEV_0002023,2023-01-10,False,False,NONE
+919872322884,Jio 5G,WB,CUST_0002024,DEV_0002024,2023-01-10,False,True,NONE
+919840250929,Airtel India,MH,CUST_0002025,DEV_0002025,2023-01-10,False,False,NONE
+919845596098,Airtel India,KA,CUST_0002026,DEV_0002026,2023-01-10,False,False,NONE
+919883063196,Airtel India,RJ,CUST_0002027,DEV_0002027,2023-01-10,False,False,NONE
+919888974069,Vodafone Idea (Vi),JH,CUST_0002028,DEV_0002028,2023-01-10,False,False,NONE
+919888739482,BSNL Mobile,KA,CUST_0002029,DEV_0002029,2023-01-10,False,True,NONE
+919889764330,Jio 5G,UP,CUST_0002030,DEV_0002030,2023-01-10,False,False,NONE
+919813526009,Airtel India,RJ,CUST_0002031,DEV_0002031,2023-01-10,False,False,NONE
+919862285335,Jio 5G,WB,CUST_0002032,DEV_0002032,2023-01-10,False,False,NONE
+919826945232,Jio 5G,WB,CUST_0002033,DEV_0002033,2023-01-10,False,True,NONE
+919821760766,Airtel India,MH,CUST_0002034,DEV_0002034,2023-01-10,False,False,NONE
+919832959622,BSNL Mobile,RJ,CUST_0002035,DEV_0002035,2023-01-10,False,False,NONE
+919837386922,Vodafone Idea (Vi),HR,CUST_0002036,DEV_0002036,2023-01-10,False,False,NONE
+919876115853,Airtel India,GJ,CUST_0002037,DEV_0002037,2023-01-10,False,False,NONE
+919866874942,Jio 5G,UP,CUST_0002038,DEV_0002038,2023-01-10,False,False,NONE
+919885255803,BSNL Mobile,HR,CUST_0002039,DEV_0002039,2023-01-10,False,False,NONE
+919867038081,Jio 5G,DL,CUST_0002040,DEV_0002040,2023-01-10,False,False,NONE
+919867437278,Jio 5G,MH,CUST_0002041,DEV_0002041,2023-01-10,True,True,NONE
+919818169800,Vodafone Idea (Vi),JH,CUST_0002042,DEV_0002042,2023-01-10,False,True,NONE
+919873209294,Jio 5G,GJ,CUST_0002043,DEV_0002043,2023-01-10,False,False,NONE
+919886712946,BSNL Mobile,JH,CUST_0002044,DEV_0002044,2023-01-10,False,True,NONE
+919883558794,Airtel India,MH,CUST_0002045,DEV_0002045,2023-01-10,False,False,NONE
+919834102452,Jio 5G,MH,CUST_0002046,DEV_0002046,2023-01-10,False,False,NONE
+919851026090,Vodafone Idea (Vi),GJ,CUST_0002047,DEV_0002047,2023-01-10,False,False,NONE
+919844169530,Jio 5G,KA,CUST_0002048,DEV_0002048,2023-01-10,False,False,NONE
+919864167118,Airtel India,RJ,CUST_0002049,DEV_0002049,2023-01-10,False,False,NONE
+919845981891,Vodafone Idea (Vi),TS,CUST_0002050,DEV_0002050,2023-01-10,False,False,NONE
+919862117521,Jio 5G,JH,CUST_0002051,DEV_0002051,2023-01-10,False,False,NONE
+919851086236,Jio 5G,GJ,CUST_0002052,DEV_0002052,2023-01-10,False,False,NONE
+919896668891,Airtel India,MH,CUST_0002053,DEV_0002053,2023-01-10,False,False,NONE
+919898129703,BSNL Mobile,RJ,CUST_0002054,DEV_0002054,2023-01-10,False,False,NONE
+919891242125,Airtel India,DL,CUST_0002055,DEV_0002055,2023-01-10,False,True,NONE
+919876469537,Jio 5G,JH,CUST_0002056,DEV_0002056,2023-01-10,False,False,NONE
+919884676243,BSNL Mobile,RJ,CUST_0002057,DEV_0002057,2023-01-10,False,False,NONE
+919883454712,BSNL Mobile,TS,CUST_0002058,DEV_0002058,2023-01-10,False,False,NONE
+919828843733,BSNL Mobile,UP,CUST_0002059,DEV_0002059,2023-01-10,False,False,NONE
+919868413182,BSNL Mobile,GJ,CUST_0002060,DEV_0002060,2023-01-10,True,True,NONE
+919883864310,Airtel India,MH,CUST_0002061,DEV_0002061,2023-01-10,False,True,NONE
+919816842713,Vodafone Idea (Vi),KA,CUST_0002062,DEV_0002062,2023-01-10,False,False,NONE
+919890998814,BSNL Mobile,TS,CUST_0002063,DEV_0002063,2023-01-10,False,True,NONE
+919833314789,Airtel India,DL,CUST_0002064,DEV_0002064,2023-01-10,False,False,NONE
+919829591131,Vodafone Idea (Vi),TS,CUST_0002065,DEV_0002065,2023-01-10,False,False,NONE
+919842405885,Jio 5G,DL,CUST_0002066,DEV_0002066,2023-01-10,False,False,NONE
+919896523163,BSNL Mobile,JH,CUST_0002067,DEV_0002067,2023-01-10,False,False,NONE
+919898719537,BSNL Mobile,RJ,CUST_0002068,DEV_0002068,2023-01-10,False,False,NONE
+919846964703,Vodafone Idea (Vi),GJ,CUST_0002069,DEV_0002069,2023-01-10,False,True,NONE
+919817300752,Vodafone Idea (Vi),RJ,CUST_0002070,DEV_0002070,2023-01-10,False,False,NONE
+919863799990,Jio 5G,TS,CUST_0002071,DEV_0002071,2023-01-10,False,False,NONE
+919870037700,Airtel India,DL,CUST_0002072,DEV_0002072,2023-01-10,False,False,NONE
+919847060820,Jio 5G,MH,CUST_0002073,DEV_0002073,2023-01-10,False,False,NONE
+919876210515,Airtel India,UP,CUST_0002074,DEV_0002074,2023-01-10,False,False,NONE
+919867251867,BSNL Mobile,GJ,CUST_0002075,DEV_0002075,2023-01-10,False,True,NONE
+919880317490,Airtel India,HR,CUST_0002076,DEV_0002076,2023-01-10,False,False,NONE
+919858296923,Jio 5G,RJ,CUST_0002077,DEV_0002077,2023-01-10,False,True,NONE
+919891495585,BSNL Mobile,TS,CUST_0002078,DEV_0002078,2023-01-10,False,False,NONE
+919823144504,BSNL Mobile,WB,CUST_0002079,DEV_0002079,2023-01-10,False,False,NONE
+919868315748,Airtel India,TS,CUST_0002080,DEV_0002080,2023-01-10,False,False,NONE
+919894111168,Vodafone Idea (Vi),KA,CUST_0002081,DEV_0002081,2023-01-10,False,False,NONE
+919828632766,Vodafone Idea (Vi),MH,CUST_0002082,DEV_0002082,2023-01-10,False,False,NONE
+919846650152,BSNL Mobile,JH,CUST_0002083,DEV_0002083,2023-01-10,False,False,NONE
+919887874979,BSNL Mobile,HR,CUST_0002084,DEV_0002084,2023-01-10,False,False,NONE
+919898654492,BSNL Mobile,KA,CUST_0002085,DEV_0002085,2023-01-10,False,False,NONE
+919874509497,BSNL Mobile,HR,CUST_0002086,DEV_0002086,2023-01-10,False,False,NONE
+919835870551,Airtel India,UP,CUST_0002087,DEV_0002087,2023-01-10,False,False,NONE
+919847363531,BSNL Mobile,RJ,CUST_0002088,DEV_0002088,2023-01-10,False,False,NONE
+919869856794,Airtel India,JH,CUST_0002089,DEV_0002089,2023-01-10,False,False,NONE
+919891620375,Airtel India,MH,CUST_0002090,DEV_0002090,2023-01-10,False,False,NONE
+919862677967,Vodafone Idea (Vi),WB,CUST_0002091,DEV_0002091,2023-01-10,False,False,NONE
+919867148061,Airtel India,DL,CUST_0002092,DEV_0002092,2023-01-10,False,False,NONE
+919875498265,Airtel India,RJ,CUST_0002093,DEV_0002093,2023-01-10,False,False,NONE
+919862479466,BSNL Mobile,RJ,CUST_0002094,DEV_0002094,2023-01-10,False,False,NONE
+919812775029,Airtel India,UP,CUST_0002095,DEV_0002095,2023-01-10,False,False,NONE
+919839553833,BSNL Mobile,KA,CUST_0002096,DEV_0002096,2023-01-10,False,False,NONE
+919895120052,Vodafone Idea (Vi),WB,CUST_0002097,DEV_0002097,2023-01-10,False,False,NONE
+919811664504,BSNL Mobile,HR,CUST_0002098,DEV_0002098,2023-01-10,False,False,NONE
+919857090615,Airtel India,UP,CUST_0002099,DEV_0002099,2023-01-10,False,False,NONE
+919841361720,Airtel India,HR,CUST_0002100,DEV_0002100,2023-01-10,False,False,NONE
+919898454238,Jio 5G,RJ,CUST_0002101,DEV_0002101,2023-01-10,False,False,NONE
+919838989352,Vodafone Idea (Vi),GJ,CUST_0002102,DEV_0002102,2023-01-10,False,False,NONE
+919825447893,Jio 5G,TS,CUST_0002103,DEV_0002103,2023-01-10,False,True,NONE
+919827723416,Vodafone Idea (Vi),JH,CUST_0002104,DEV_0002104,2023-01-10,False,False,NONE
+919820089591,Vodafone Idea (Vi),RJ,CUST_0002105,DEV_0002105,2023-01-10,False,False,NONE
+919898515779,Vodafone Idea (Vi),KA,CUST_0002106,DEV_0002106,2023-01-10,False,True,NONE
+919817885496,Jio 5G,KA,CUST_0002107,DEV_0002107,2023-01-10,False,False,NONE
+919820923912,BSNL Mobile,JH,CUST_0002108,DEV_0002108,2023-01-10,False,False,NONE
+919858819979,BSNL Mobile,WB,CUST_0002109,DEV_0002109,2023-01-10,False,False,NONE
+919836852503,Vodafone Idea (Vi),MH,CUST_0002110,DEV_0002110,2023-01-10,False,False,NONE
+919875129054,BSNL Mobile,TS,CUST_0002111,DEV_0002111,2023-01-10,False,False,NONE
+919887066743,Jio 5G,TS,CUST_0002112,DEV_0002112,2023-01-10,False,False,NONE
+919877087098,BSNL Mobile,KA,CUST_0002113,DEV_0002113,2023-01-10,False,False,NONE
+919883484044,BSNL Mobile,HR,CUST_0002114,DEV_0002114,2023-01-10,False,False,NONE
+919828542486,Airtel India,HR,CUST_0002115,DEV_0002115,2023-01-10,False,False,NONE
+919842754051,Airtel India,DL,CUST_0002116,DEV_0002116,2023-01-10,False,False,NONE
+919892556275,BSNL Mobile,GJ,CUST_0002117,DEV_0002117,2023-01-10,False,False,NONE
+919864957268,BSNL Mobile,KA,CUST_0002118,DEV_0002118,2023-01-10,False,False,NONE
+919889161318,Vodafone Idea (Vi),DL,CUST_0002119,DEV_0002119,2023-01-10,False,True,NONE
+919876528841,Vodafone Idea (Vi),KA,CUST_0002120,DEV_0002120,2023-01-10,False,False,NONE
+919832208054,Airtel India,MH,CUST_0002121,DEV_0002121,2023-01-10,False,False,NONE
+919830548315,Vodafone Idea (Vi),RJ,CUST_0002122,DEV_0002122,2023-01-10,False,True,NONE
+919831201456,BSNL Mobile,TS,CUST_0002123,DEV_0002123,2023-01-10,False,False,NONE
+919896308552,Airtel India,GJ,CUST_0002124,DEV_0002124,2023-01-10,False,False,NONE
+919833389086,BSNL Mobile,JH,CUST_0002125,DEV_0002125,2023-01-10,False,False,NONE
+919822945537,Vodafone Idea (Vi),HR,CUST_0002126,DEV_0002126,2023-01-10,False,False,NONE
+919859343965,Vodafone Idea (Vi),UP,CUST_0002127,DEV_0002127,2023-01-10,False,False,NONE
+919811801454,BSNL Mobile,WB,CUST_0002128,DEV_0002128,2023-01-10,False,False,NONE
+919886488215,Vodafone Idea (Vi),JH,CUST_0002129,DEV_0002129,2023-01-10,False,False,NONE
+919823263529,Jio 5G,GJ,CUST_0002130,DEV_0002130,2023-01-10,False,False,NONE
+919834388969,Jio 5G,UP,CUST_0002131,DEV_0002131,2023-01-10,False,True,NONE
+919896496479,Airtel India,UP,CUST_0002132,DEV_0002132,2023-01-10,False,False,NONE
+919890448508,BSNL Mobile,RJ,CUST_0002133,DEV_0002133,2023-01-10,False,False,NONE
+919816313673,Jio 5G,WB,CUST_0002134,DEV_0002134,2023-01-10,False,False,NONE
+919821702406,Jio 5G,KA,CUST_0002135,DEV_0002135,2023-01-10,False,False,NONE
+919854227526,Vodafone Idea (Vi),DL,CUST_0002136,DEV_0002136,2023-01-10,False,False,NONE
+919829772445,Jio 5G,UP,CUST_0002137,DEV_0002137,2023-01-10,False,False,NONE
+919888748370,Vodafone Idea (Vi),GJ,CUST_0002138,DEV_0002138,2023-01-10,False,False,NONE
+919851495025,Jio 5G,MH,CUST_0002139,DEV_0002139,2023-01-10,False,False,NONE
+919858921791,Jio 5G,WB,CUST_0002140,DEV_0002140,2023-01-10,False,False,NONE
+919899902946,Jio 5G,KA,CUST_0002141,DEV_0002141,2023-01-10,False,True,NONE
+919814260770,Airtel India,KA,CUST_0002142,DEV_0002142,2023-01-10,False,False,NONE
+919851971676,Airtel India,UP,CUST_0002143,DEV_0002143,2023-01-10,False,False,NONE
+919838544054,Airtel India,HR,CUST_0002144,DEV_0002144,2023-01-10,False,False,NONE
+919832120086,BSNL Mobile,KA,CUST_0002145,DEV_0002145,2023-01-10,False,False,NONE
+919813387982,BSNL Mobile,KA,CUST_0002146,DEV_0002146,2023-01-10,False,False,NONE
+919846002625,Jio 5G,HR,CUST_0002147,DEV_0002147,2023-01-10,False,False,NONE
+919862690008,Airtel India,TS,CUST_0002148,DEV_0002148,2023-01-10,False,False,NONE
+919890960564,Jio 5G,KA,CUST_0002149,DEV_0002149,2023-01-10,False,False,NONE
+919837911921,Vodafone Idea (Vi),HR,CUST_0002150,DEV_0002150,2023-01-10,False,False,NONE
+919889770083,Jio 5G,RJ,CUST_0002151,DEV_0002151,2023-01-10,False,False,NONE
+919813730672,Airtel India,DL,CUST_0002152,DEV_0002152,2023-01-10,False,False,NONE
+919885809235,Jio 5G,RJ,CUST_0002153,DEV_0002153,2023-01-10,False,False,NONE
+919884094964,Jio 5G,RJ,CUST_0002154,DEV_0002154,2023-01-10,False,False,NONE
+919892246599,BSNL Mobile,MH,CUST_0002155,DEV_0002155,2023-01-10,False,False,NONE
+919819098438,Vodafone Idea (Vi),JH,CUST_0002156,DEV_0002156,2023-01-10,False,False,NONE
+919840629788,Vodafone Idea (Vi),WB,CUST_0002157,DEV_0002157,2023-01-10,False,False,NONE
+919860731648,Vodafone Idea (Vi),TS,CUST_0002158,DEV_0002158,2023-01-10,False,True,NONE
+919857661734,BSNL Mobile,DL,CUST_0002159,DEV_0002159,2023-01-10,False,False,NONE
+919882871527,Jio 5G,GJ,CUST_0002160,DEV_0002160,2023-01-10,False,False,NONE
+919824689441,BSNL Mobile,TS,CUST_0002161,DEV_0002161,2023-01-10,False,False,NONE
+919842711300,Jio 5G,WB,CUST_0002162,DEV_0002162,2023-01-10,False,False,NONE
+919830528845,Jio 5G,GJ,CUST_0002163,DEV_0002163,2023-01-10,False,False,NONE
+919875139956,Jio 5G,JH,CUST_0002164,DEV_0002164,2023-01-10,False,False,NONE
+919870859396,Vodafone Idea (Vi),UP,CUST_0002165,DEV_0002165,2023-01-10,False,False,NONE
+919818399074,Airtel India,KA,CUST_0002166,DEV_0002166,2023-01-10,False,False,NONE
+919836384436,Jio 5G,TS,CUST_0002167,DEV_0002167,2023-01-10,False,False,NONE
+919889749301,Vodafone Idea (Vi),GJ,CUST_0002168,DEV_0002168,2023-01-10,False,False,NONE
+919816843270,BSNL Mobile,GJ,CUST_0002169,DEV_0002169,2023-01-10,False,False,NONE
+919836271527,Vodafone Idea (Vi),RJ,CUST_0002170,DEV_0002170,2023-01-10,False,True,NONE
+919857574175,Vodafone Idea (Vi),HR,CUST_0002171,DEV_0002171,2023-01-10,False,True,NONE
+919810247846,Jio 5G,DL,CUST_0002172,DEV_0002172,2023-01-10,False,False,NONE
+919836716076,Jio 5G,RJ,CUST_0002173,DEV_0002173,2023-01-10,False,False,NONE
+919826945829,Vodafone Idea (Vi),UP,CUST_0002174,DEV_0002174,2023-01-10,False,False,NONE
+919818261164,BSNL Mobile,GJ,CUST_0002175,DEV_0002175,2023-01-10,False,False,NONE
+919848062975,BSNL Mobile,HR,CUST_0002176,DEV_0002176,2023-01-10,False,False,NONE
+919886861317,Airtel India,GJ,CUST_0002177,DEV_0002177,2023-01-10,False,False,NONE
+919830901939,Jio 5G,DL,CUST_0002178,DEV_0002178,2023-01-10,False,False,NONE
+919894237486,Vodafone Idea (Vi),RJ,CUST_0002179,DEV_0002179,2023-01-10,False,False,NONE
+919863492294,Vodafone Idea (Vi),GJ,CUST_0002180,DEV_0002180,2023-01-10,False,False,NONE
+919821579871,Vodafone Idea (Vi),WB,CUST_0002181,DEV_0002181,2023-01-10,False,False,NONE
+919853050765,Vodafone Idea (Vi),HR,CUST_0002182,DEV_0002182,2023-01-10,False,False,NONE
+919845281470,Vodafone Idea (Vi),JH,CUST_0002183,DEV_0002183,2023-01-10,False,False,NONE
+919883219078,Airtel India,JH,CUST_0002184,DEV_0002184,2023-01-10,False,False,NONE
+919874359781,Airtel India,JH,CUST_0002185,DEV_0002185,2023-01-10,False,False,NONE
+919894519293,Jio 5G,HR,CUST_0002186,DEV_0002186,2023-01-10,False,False,NONE
+919896346643,BSNL Mobile,UP,CUST_0002187,DEV_0002187,2023-01-10,False,True,NONE
+919855236746,Jio 5G,MH,CUST_0002188,DEV_0002188,2023-01-10,False,False,NONE
+919892750663,Airtel India,GJ,CUST_0002189,DEV_0002189,2023-01-10,False,False,NONE
+919872184002,Jio 5G,TS,CUST_0002190,DEV_0002190,2023-01-10,False,False,NONE
+919817258142,BSNL Mobile,DL,CUST_0002191,DEV_0002191,2023-01-10,False,False,NONE
+919860742780,Jio 5G,RJ,CUST_0002192,DEV_0002192,2023-01-10,False,False,NONE
+919828284617,Airtel India,GJ,CUST_0002193,DEV_0002193,2023-01-10,False,False,NONE
+919864709513,Vodafone Idea (Vi),TS,CUST_0002194,DEV_0002194,2023-01-10,False,False,NONE
+919867961205,Airtel India,HR,CUST_0002195,DEV_0002195,2023-01-10,False,False,NONE
+919886058364,Vodafone Idea (Vi),HR,CUST_0002196,DEV_0002196,2023-01-10,False,False,NONE
+919850795969,Jio 5G,KA,CUST_0002197,DEV_0002197,2023-01-10,False,False,NONE
+919835530294,Vodafone Idea (Vi),MH,CUST_0002198,DEV_0002198,2023-01-10,False,False,NONE
+919842933195,Airtel India,TS,CUST_0002199,DEV_0002199,2023-01-10,False,True,NONE
+919843985862,Airtel India,WB,CUST_0002200,DEV_0002200,2023-01-10,False,False,NONE
+919854472972,Vodafone Idea (Vi),GJ,CUST_0002201,DEV_0002201,2023-01-10,False,False,NONE
+919822102422,Airtel India,RJ,CUST_0002202,DEV_0002202,2023-01-10,False,False,NONE
+919873497970,Vodafone Idea (Vi),TS,CUST_0002203,DEV_0002203,2023-01-10,False,False,NONE
+919894042812,Airtel India,RJ,CUST_0002204,DEV_0002204,2023-01-10,False,False,NONE
+919824098292,BSNL Mobile,MH,CUST_0002205,DEV_0002205,2023-01-10,False,False,NONE
+919884641684,BSNL Mobile,RJ,CUST_0002206,DEV_0002206,2023-01-10,False,True,NONE
+919855314926,Airtel India,MH,CUST_0002207,DEV_0002207,2023-01-10,False,False,NONE
+919844506462,Airtel India,KA,CUST_0002208,DEV_0002208,2023-01-10,False,False,NONE
+919819639541,Vodafone Idea (Vi),GJ,CUST_0002209,DEV_0002209,2023-01-10,False,False,NONE
+919864255550,BSNL Mobile,JH,CUST_0002210,DEV_0002210,2023-01-10,False,False,NONE
+919876913930,Vodafone Idea (Vi),MH,CUST_0002211,DEV_0002211,2023-01-10,True,True,NONE
+919823768404,Jio 5G,TS,CUST_0002212,DEV_0002212,2023-01-10,False,False,NONE
+919893028195,Jio 5G,RJ,CUST_0002213,DEV_0002213,2023-01-10,False,False,NONE
+919889284211,BSNL Mobile,TS,CUST_0002214,DEV_0002214,2023-01-10,False,False,NONE
+919822605178,Vodafone Idea (Vi),MH,CUST_0002215,DEV_0002215,2023-01-10,True,True,NONE
+919893072607,Jio 5G,UP,CUST_0002216,DEV_0002216,2023-01-10,False,False,NONE
+919845535268,Airtel India,RJ,CUST_0002217,DEV_0002217,2023-01-10,False,False,NONE
+919860136403,BSNL Mobile,KA,CUST_0002218,DEV_0002218,2023-01-10,False,True,NONE
+919896189980,Jio 5G,RJ,CUST_0002219,DEV_0002219,2023-01-10,False,False,NONE
+919883440248,Airtel India,WB,CUST_0002220,DEV_0002220,2023-01-10,False,False,NONE
+919821761450,Airtel India,RJ,CUST_0002221,DEV_0002221,2023-01-10,False,False,NONE
+919892533731,BSNL Mobile,KA,CUST_0002222,DEV_0002222,2023-01-10,False,False,NONE
+919894194282,BSNL Mobile,HR,CUST_0002223,DEV_0002223,2023-01-10,False,False,NONE
+919812790381,Vodafone Idea (Vi),DL,CUST_0002224,DEV_0002224,2023-01-10,False,False,NONE
+919812846712,Jio 5G,DL,CUST_0002225,DEV_0002225,2023-01-10,False,False,NONE
+919870982621,Vodafone Idea (Vi),KA,CUST_0002226,DEV_0002226,2023-01-10,False,False,NONE
+919825102062,BSNL Mobile,MH,CUST_0002227,DEV_0002227,2023-01-10,False,True,NONE
+919811208782,Vodafone Idea (Vi),RJ,CUST_0002228,DEV_0002228,2023-01-10,False,False,NONE
+919825557915,BSNL Mobile,MH,CUST_0002229,DEV_0002229,2023-01-10,False,False,NONE
+919811017019,Airtel India,RJ,CUST_0002230,DEV_0002230,2023-01-10,True,True,NONE
+919827786475,Airtel India,RJ,CUST_0002231,DEV_0002231,2023-01-10,False,False,NONE
+919883811878,BSNL Mobile,KA,CUST_0002232,DEV_0002232,2023-01-10,False,False,NONE
+919877278464,Jio 5G,MH,CUST_0002233,DEV_0002233,2023-01-10,False,False,NONE
+919865530449,BSNL Mobile,KA,CUST_0002234,DEV_0002234,2023-01-10,False,False,NONE
+919818653769,Vodafone Idea (Vi),GJ,CUST_0002235,DEV_0002235,2023-01-10,False,False,NONE
+919860577589,Airtel India,HR,CUST_0002236,DEV_0002236,2023-01-10,False,False,NONE
+919870669226,Jio 5G,WB,CUST_0002237,DEV_0002237,2023-01-10,False,False,NONE
+919816392145,Airtel India,JH,CUST_0002238,DEV_0002238,2023-01-10,False,False,NONE
+919892878761,Airtel India,JH,CUST_0002239,DEV_0002239,2023-01-10,False,False,NONE
+919871993100,Jio 5G,TS,CUST_0002240,DEV_0002240,2023-01-10,False,True,NONE
+919844013283,Vodafone Idea (Vi),WB,CUST_0002241,DEV_0002241,2023-01-10,False,False,NONE
+919877871497,Jio 5G,RJ,CUST_0002242,DEV_0002242,2023-01-10,False,False,NONE
+919869173409,BSNL Mobile,UP,CUST_0002243,DEV_0002243,2023-01-10,False,False,NONE
+919875661445,Airtel India,TS,CUST_0002244,DEV_0002244,2023-01-10,False,False,NONE
+919889184240,Airtel India,GJ,CUST_0002245,DEV_0002245,2023-01-10,False,False,NONE
+919892450831,BSNL Mobile,DL,CUST_0002246,DEV_0002246,2023-01-10,False,False,NONE
+919823346731,BSNL Mobile,WB,CUST_0002247,DEV_0002247,2023-01-10,False,False,NONE
+919888868378,Jio 5G,DL,CUST_0002248,DEV_0002248,2023-01-10,False,False,NONE
+919884300176,Airtel India,JH,CUST_0002249,DEV_0002249,2023-01-10,False,False,NONE
+919832378089,BSNL Mobile,GJ,CUST_0002250,DEV_0002250,2023-01-10,False,False,NONE
+919871938105,Airtel India,JH,CUST_0002251,DEV_0002251,2023-01-10,False,False,NONE
+919840713360,Airtel India,GJ,CUST_0002252,DEV_0002252,2023-01-10,False,False,NONE
+919844744090,Vodafone Idea (Vi),JH,CUST_0002253,DEV_0002253,2023-01-10,False,False,NONE
+919810627309,Airtel India,TS,CUST_0002254,DEV_0002254,2023-01-10,False,False,NONE
+919862802890,BSNL Mobile,JH,CUST_0002255,DEV_0002255,2023-01-10,False,False,NONE
+919898289417,Vodafone Idea (Vi),HR,CUST_0002256,DEV_0002256,2023-01-10,False,False,NONE
+919853200110,Jio 5G,UP,CUST_0002257,DEV_0002257,2023-01-10,False,True,NONE
+919839416444,Vodafone Idea (Vi),RJ,CUST_0002258,DEV_0002258,2023-01-10,False,False,NONE
+919826780169,Airtel India,TS,CUST_0002259,DEV_0002259,2023-01-10,True,True,NONE
+919822337774,Airtel India,GJ,CUST_0002260,DEV_0002260,2023-01-10,False,False,NONE
+919826310140,Jio 5G,GJ,CUST_0002261,DEV_0002261,2023-01-10,False,False,NONE
+919854247369,BSNL Mobile,TS,CUST_0002262,DEV_0002262,2023-01-10,False,False,NONE
+919841101036,BSNL Mobile,MH,CUST_0002263,DEV_0002263,2023-01-10,False,False,NONE
+919842192303,BSNL Mobile,RJ,CUST_0002264,DEV_0002264,2023-01-10,False,False,NONE
+919854403045,Jio 5G,KA,CUST_0002265,DEV_0002265,2023-01-10,False,False,NONE
+919882275872,Airtel India,HR,CUST_0002266,DEV_0002266,2023-01-10,False,False,NONE
+919888618593,Airtel India,WB,CUST_0002267,DEV_0002267,2023-01-10,False,False,NONE
+919884024971,Airtel India,RJ,CUST_0002268,DEV_0002268,2023-01-10,False,False,NONE
+919821633418,Vodafone Idea (Vi),DL,CUST_0002269,DEV_0002269,2023-01-10,False,False,NONE
+919850761242,Jio 5G,GJ,CUST_0002270,DEV_0002270,2023-01-10,False,False,NONE
+919845541844,Airtel India,HR,CUST_0002271,DEV_0002271,2023-01-10,False,False,NONE
+919834251133,BSNL Mobile,HR,CUST_0002272,DEV_0002272,2023-01-10,False,False,NONE
+919823509277,BSNL Mobile,MH,CUST_0002273,DEV_0002273,2023-01-10,False,False,NONE
+919895674793,BSNL Mobile,GJ,CUST_0002274,DEV_0002274,2023-01-10,False,False,NONE
+919865147366,Airtel India,RJ,CUST_0002275,DEV_0002275,2023-01-10,False,False,NONE
+919892381123,Airtel India,JH,CUST_0002276,DEV_0002276,2023-01-10,False,False,NONE
+919831809256,Vodafone Idea (Vi),HR,CUST_0002277,DEV_0002277,2023-01-10,False,False,NONE
+919826883872,Vodafone Idea (Vi),DL,CUST_0002278,DEV_0002278,2023-01-10,False,True,NONE
+919842099691,Jio 5G,MH,CUST_0002279,DEV_0002279,2023-01-10,False,False,NONE
+919840679192,Jio 5G,KA,CUST_0002280,DEV_0002280,2023-01-10,False,False,NONE
+919888809921,Vodafone Idea (Vi),TS,CUST_0002281,DEV_0002281,2023-01-10,False,False,NONE
+919822236636,Vodafone Idea (Vi),JH,CUST_0002282,DEV_0002282,2023-01-10,False,False,NONE
+919863110501,Vodafone Idea (Vi),RJ,CUST_0002283,DEV_0002283,2023-01-10,False,False,NONE
+919852080970,Airtel India,JH,CUST_0002284,DEV_0002284,2023-01-10,False,False,NONE
+919876119863,Airtel India,HR,CUST_0002285,DEV_0002285,2023-01-10,False,False,NONE
+919851892315,BSNL Mobile,MH,CUST_0002286,DEV_0002286,2023-01-10,False,True,NONE
+919887616506,BSNL Mobile,DL,CUST_0002287,DEV_0002287,2023-01-10,False,False,NONE
+919862356097,BSNL Mobile,RJ,CUST_0002288,DEV_0002288,2023-01-10,False,False,NONE
+919839959577,Vodafone Idea (Vi),WB,CUST_0002289,DEV_0002289,2023-01-10,False,False,NONE
+919849647913,BSNL Mobile,JH,CUST_0002290,DEV_0002290,2023-01-10,False,False,NONE
+919849525307,Vodafone Idea (Vi),JH,CUST_0002291,DEV_0002291,2023-01-10,False,False,NONE
+919889821860,Airtel India,UP,CUST_0002292,DEV_0002292,2023-01-10,False,False,NONE
+919834154824,Airtel India,UP,CUST_0002293,DEV_0002293,2023-01-10,False,True,NONE
+919855766251,Airtel India,DL,CUST_0002294,DEV_0002294,2023-01-10,False,False,NONE
+919846526233,Jio 5G,TS,CUST_0002295,DEV_0002295,2023-01-10,False,False,NONE
+919896267037,BSNL Mobile,KA,CUST_0002296,DEV_0002296,2023-01-10,False,False,NONE
+919886878224,Jio 5G,GJ,CUST_0002297,DEV_0002297,2023-01-10,False,False,NONE
+919866286849,Jio 5G,HR,CUST_0002298,DEV_0002298,2023-01-10,False,False,NONE
+919819905879,Airtel India,HR,CUST_0002299,DEV_0002299,2023-01-10,False,False,NONE
+919890497250,BSNL Mobile,KA,CUST_0002300,DEV_0002300,2023-01-10,False,False,NONE
+919837335425,Jio 5G,JH,CUST_0002301,DEV_0002301,2023-01-10,False,True,NONE
+919812076909,Jio 5G,HR,CUST_0002302,DEV_0002302,2023-01-10,False,True,NONE
+919892624355,Airtel India,JH,CUST_0002303,DEV_0002303,2023-01-10,False,False,NONE
+919869479850,Vodafone Idea (Vi),MH,CUST_0002304,DEV_0002304,2023-01-10,False,False,NONE
+919826175429,Jio 5G,UP,CUST_0002305,DEV_0002305,2023-01-10,False,False,NONE
+919811892891,Airtel India,MH,CUST_0002306,DEV_0002306,2023-01-10,False,False,NONE
+919839109202,Jio 5G,GJ,CUST_0002307,DEV_0002307,2023-01-10,False,False,NONE
+919810414537,BSNL Mobile,GJ,CUST_0002308,DEV_0002308,2023-01-10,False,False,NONE
+919898016891,Jio 5G,TS,CUST_0002309,DEV_0002309,2023-01-10,False,False,NONE
+919831249818,BSNL Mobile,WB,CUST_0002310,DEV_0002310,2023-01-10,False,False,NONE
+919890095031,Jio 5G,UP,CUST_0002311,DEV_0002311,2023-01-10,False,False,NONE
+919882981431,Vodafone Idea (Vi),DL,CUST_0002312,DEV_0002312,2023-01-10,False,False,NONE
+919837954414,Jio 5G,TS,CUST_0002313,DEV_0002313,2023-01-10,False,False,NONE
+919874813627,BSNL Mobile,WB,CUST_0002314,DEV_0002314,2023-01-10,False,False,NONE
+919874100946,BSNL Mobile,JH,CUST_0002315,DEV_0002315,2023-01-10,False,False,NONE
+919831259838,Jio 5G,DL,CUST_0002316,DEV_0002316,2023-01-10,False,False,NONE
+919869258719,Vodafone Idea (Vi),MH,CUST_0002317,DEV_0002317,2023-01-10,False,False,NONE
+919837919269,Vodafone Idea (Vi),KA,CUST_0002318,DEV_0002318,2023-01-10,False,False,NONE
+919884258257,Airtel India,DL,CUST_0002319,DEV_0002319,2023-01-10,False,False,NONE
+919863824618,Vodafone Idea (Vi),MH,CUST_0002320,DEV_0002320,2023-01-10,False,False,NONE
+919868307131,Vodafone Idea (Vi),TS,CUST_0002321,DEV_0002321,2023-01-10,False,False,NONE
+919868757694,Vodafone Idea (Vi),HR,CUST_0002322,DEV_0002322,2023-01-10,False,False,NONE
+919872020791,Jio 5G,HR,CUST_0002323,DEV_0002323,2023-01-10,False,False,NONE
+919845612922,Vodafone Idea (Vi),DL,CUST_0002324,DEV_0002324,2023-01-10,False,False,NONE
+919893224763,BSNL Mobile,DL,CUST_0002325,DEV_0002325,2023-01-10,False,False,NONE
+919840354984,Jio 5G,TS,CUST_0002326,DEV_0002326,2023-01-10,False,False,NONE
+919871569028,Airtel India,RJ,CUST_0002327,DEV_0002327,2023-01-10,False,False,NONE
+919890741915,Jio 5G,KA,CUST_0002328,DEV_0002328,2023-01-10,False,False,NONE
+919860525811,Vodafone Idea (Vi),TS,CUST_0002329,DEV_0002329,2023-01-10,False,False,NONE
+919856712384,Jio 5G,HR,CUST_0002330,DEV_0002330,2023-01-10,False,False,NONE
+919857499748,BSNL Mobile,DL,CUST_0002331,DEV_0002331,2023-01-10,True,True,NONE
+919893890164,Vodafone Idea (Vi),TS,CUST_0002332,DEV_0002332,2023-01-10,False,False,NONE
+919818483006,Vodafone Idea (Vi),RJ,CUST_0002333,DEV_0002333,2023-01-10,False,True,NONE
+919877230401,Vodafone Idea (Vi),HR,CUST_0002334,DEV_0002334,2023-01-10,False,False,NONE
+919829151910,Vodafone Idea (Vi),GJ,CUST_0002335,DEV_0002335,2023-01-10,False,False,NONE
+919835592048,BSNL Mobile,RJ,CUST_0002336,DEV_0002336,2023-01-10,False,False,NONE
+919899264763,Vodafone Idea (Vi),JH,CUST_0002337,DEV_0002337,2023-01-10,False,False,NONE
+919852059547,Vodafone Idea (Vi),WB,CUST_0002338,DEV_0002338,2023-01-10,False,False,NONE
+919853561840,Jio 5G,WB,CUST_0002339,DEV_0002339,2023-01-10,False,False,NONE
+919854840491,BSNL Mobile,UP,CUST_0002340,DEV_0002340,2023-01-10,False,False,NONE
+919820595137,Vodafone Idea (Vi),JH,CUST_0002341,DEV_0002341,2023-01-10,False,False,NONE
+919817816024,Jio 5G,DL,CUST_0002342,DEV_0002342,2023-01-10,False,False,NONE
+919891110698,Airtel India,DL,CUST_0002343,DEV_0002343,2023-01-10,False,False,NONE
+919863315682,Airtel India,JH,CUST_0002344,DEV_0002344,2023-01-10,False,False,NONE
+919884358474,Jio 5G,GJ,CUST_0002345,DEV_0002345,2023-01-10,False,False,NONE
+919825390288,Vodafone Idea (Vi),HR,CUST_0002346,DEV_0002346,2023-01-10,False,False,NONE
+919891327582,Jio 5G,DL,CUST_0002347,DEV_0002347,2023-01-10,False,False,NONE
+919834721451,Vodafone Idea (Vi),TS,CUST_0002348,DEV_0002348,2023-01-10,False,False,NONE
+919811391602,Airtel India,UP,CUST_0002349,DEV_0002349,2023-01-10,False,False,NONE
+919895954578,Jio 5G,WB,CUST_0002350,DEV_0002350,2023-01-10,False,False,NONE
+919839417635,BSNL Mobile,MH,CUST_0002351,DEV_0002351,2023-01-10,False,False,NONE
+919889035149,Jio 5G,KA,CUST_0002352,DEV_0002352,2023-01-10,False,False,NONE
+919841822033,BSNL Mobile,TS,CUST_0002353,DEV_0002353,2023-01-10,False,False,NONE
+919858607796,Airtel India,WB,CUST_0002354,DEV_0002354,2023-01-10,False,False,NONE
+919895044623,Airtel India,UP,CUST_0002355,DEV_0002355,2023-01-10,False,False,NONE
+919899768064,Vodafone Idea (Vi),RJ,CUST_0002356,DEV_0002356,2023-01-10,False,False,NONE
+919862099092,Vodafone Idea (Vi),GJ,CUST_0002357,DEV_0002357,2023-01-10,False,False,NONE
+919873474540,BSNL Mobile,UP,CUST_0002358,DEV_0002358,2023-01-10,False,False,NONE
+919891158945,Airtel India,KA,CUST_0002359,DEV_0002359,2023-01-10,False,False,NONE
+919836899237,Jio 5G,TS,CUST_0002360,DEV_0002360,2023-01-10,False,False,NONE
+919892757981,Jio 5G,RJ,CUST_0002361,DEV_0002361,2023-01-10,False,False,NONE
+919825552002,Jio 5G,TS,CUST_0002362,DEV_0002362,2023-01-10,False,False,NONE
+919873347063,Airtel India,HR,CUST_0002363,DEV_0002363,2023-01-10,False,False,NONE
+919895525425,Vodafone Idea (Vi),JH,CUST_0002364,DEV_0002364,2023-01-10,False,True,NONE
+919826699006,Airtel India,WB,CUST_0002365,DEV_0002365,2023-01-10,False,False,NONE
+919842172076,Airtel India,KA,CUST_0002366,DEV_0002366,2023-01-10,False,False,NONE
+919882176728,Airtel India,DL,CUST_0002367,DEV_0002367,2023-01-10,False,False,NONE
+919877064374,Vodafone Idea (Vi),GJ,CUST_0002368,DEV_0002368,2023-01-10,False,False,NONE
+919892057416,Airtel India,RJ,CUST_0002369,DEV_0002369,2023-01-10,False,False,NONE
+919881503162,BSNL Mobile,MH,CUST_0002370,DEV_0002370,2023-01-10,False,False,NONE
+919894975339,Jio 5G,RJ,CUST_0002371,DEV_0002371,2023-01-10,False,False,NONE
+919851446546,Vodafone Idea (Vi),HR,CUST_0002372,DEV_0002372,2023-01-10,False,False,NONE
+919847534443,Jio 5G,KA,CUST_0002373,DEV_0002373,2023-01-10,False,False,NONE
+919872360720,Airtel India,GJ,CUST_0002374,DEV_0002374,2023-01-10,False,False,NONE
+919855782687,Vodafone Idea (Vi),WB,CUST_0002375,DEV_0002375,2023-01-10,False,False,NONE
+919847859917,BSNL Mobile,RJ,CUST_0002376,DEV_0002376,2023-01-10,False,False,NONE
+919873838515,Jio 5G,GJ,CUST_0002377,DEV_0002377,2023-01-10,False,True,NONE
+919882859335,Airtel India,MH,CUST_0002378,DEV_0002378,2023-01-10,False,False,NONE
+919898781491,Vodafone Idea (Vi),UP,CUST_0002379,DEV_0002379,2023-01-10,False,False,NONE
+919838765177,BSNL Mobile,KA,CUST_0002380,DEV_0002380,2023-01-10,False,False,NONE
+919811465615,Vodafone Idea (Vi),HR,CUST_0002381,DEV_0002381,2023-01-10,False,False,NONE
+919883475068,Jio 5G,DL,CUST_0002382,DEV_0002382,2023-01-10,False,False,NONE
+919891816201,Jio 5G,DL,CUST_0002383,DEV_0002383,2023-01-10,False,False,NONE
+919897565259,Airtel India,HR,CUST_0002384,DEV_0002384,2023-01-10,False,False,NONE
+919865477888,Airtel India,MH,CUST_0002385,DEV_0002385,2023-01-10,False,False,NONE
+919811683761,BSNL Mobile,RJ,CUST_0002386,DEV_0002386,2023-01-10,False,False,NONE
+919819953209,Airtel India,UP,CUST_0002387,DEV_0002387,2023-01-10,False,False,NONE
+919876138137,Vodafone Idea (Vi),TS,CUST_0002388,DEV_0002388,2023-01-10,False,False,NONE
+919899560062,BSNL Mobile,KA,CUST_0002389,DEV_0002389,2023-01-10,False,False,NONE
+919846597049,Airtel India,HR,CUST_0002390,DEV_0002390,2023-01-10,False,False,NONE
+919856899232,Jio 5G,DL,CUST_0002391,DEV_0002391,2023-01-10,False,False,NONE
+919823760669,BSNL Mobile,DL,CUST_0002392,DEV_0002392,2023-01-10,True,True,NONE
+919887445947,Jio 5G,KA,CUST_0002393,DEV_0002393,2023-01-10,False,False,NONE
+919840809623,BSNL Mobile,DL,CUST_0002394,DEV_0002394,2023-01-10,False,False,NONE
+919865081728,Airtel India,UP,CUST_0002395,DEV_0002395,2023-01-10,False,False,NONE
+919810655643,BSNL Mobile,GJ,CUST_0002396,DEV_0002396,2023-01-10,False,True,NONE
+919823477082,BSNL Mobile,GJ,CUST_0002397,DEV_0002397,2023-01-10,False,False,NONE
+919825430215,Airtel India,DL,CUST_0002398,DEV_0002398,2023-01-10,False,True,NONE
+919856067032,Jio 5G,UP,CUST_0002399,DEV_0002399,2023-01-10,False,False,NONE
+919893207003,Airtel India,JH,CUST_0002400,DEV_0002400,2023-01-10,False,False,NONE
+919859223708,Vodafone Idea (Vi),RJ,CUST_0002401,DEV_0002401,2023-01-10,False,False,NONE
+919847864271,Jio 5G,GJ,CUST_0002402,DEV_0002402,2023-01-10,False,True,NONE
+919827657141,Airtel India,KA,CUST_0002403,DEV_0002403,2023-01-10,False,True,NONE
+919860530992,Vodafone Idea (Vi),HR,CUST_0002404,DEV_0002404,2023-01-10,False,False,NONE
+919896302208,Vodafone Idea (Vi),RJ,CUST_0002405,DEV_0002405,2023-01-10,False,False,NONE
+919854879525,Jio 5G,WB,CUST_0002406,DEV_0002406,2023-01-10,False,False,NONE
+919883691945,BSNL Mobile,TS,CUST_0002407,DEV_0002407,2023-01-10,False,True,NONE
+919877006064,BSNL Mobile,TS,CUST_0002408,DEV_0002408,2023-01-10,False,False,NONE
+919830057734,BSNL Mobile,RJ,CUST_0002409,DEV_0002409,2023-01-10,False,False,NONE
+919828246140,Airtel India,HR,CUST_0002410,DEV_0002410,2023-01-10,False,False,NONE
+919814157317,Jio 5G,JH,CUST_0002411,DEV_0002411,2023-01-10,False,False,NONE
+919895787270,BSNL Mobile,RJ,CUST_0002412,DEV_0002412,2023-01-10,False,False,NONE
+919866603501,Jio 5G,DL,CUST_0002413,DEV_0002413,2023-01-10,False,False,NONE
+919857466917,Vodafone Idea (Vi),WB,CUST_0002414,DEV_0002414,2023-01-10,False,False,NONE
+919812856859,Airtel India,DL,CUST_0002415,DEV_0002415,2023-01-10,False,False,NONE
+919848760884,Jio 5G,GJ,CUST_0002416,DEV_0002416,2023-01-10,False,False,NONE
+919864252790,Airtel India,RJ,CUST_0002417,DEV_0002417,2023-01-10,False,False,NONE
+919885409563,Vodafone Idea (Vi),TS,CUST_0002418,DEV_0002418,2023-01-10,False,True,NONE
+919869423759,Vodafone Idea (Vi),RJ,CUST_0002419,DEV_0002419,2023-01-10,False,False,NONE
+919860436939,BSNL Mobile,HR,CUST_0002420,DEV_0002420,2023-01-10,False,False,NONE
+919810760838,BSNL Mobile,WB,CUST_0002421,DEV_0002421,2023-01-10,False,False,NONE
+919859237352,Airtel India,TS,CUST_0002422,DEV_0002422,2023-01-10,False,False,NONE
+919828932967,Jio 5G,DL,CUST_0002423,DEV_0002423,2023-01-10,False,False,NONE
+919855594538,BSNL Mobile,DL,CUST_0002424,DEV_0002424,2023-01-10,False,False,NONE
+919851738314,Vodafone Idea (Vi),MH,CUST_0002425,DEV_0002425,2023-01-10,False,False,NONE
+919836225722,Airtel India,MH,CUST_0002426,DEV_0002426,2023-01-10,False,True,NONE
+919891992485,Airtel India,DL,CUST_0002427,DEV_0002427,2023-01-10,False,False,NONE
+919835959090,Vodafone Idea (Vi),JH,CUST_0002428,DEV_0002428,2023-01-10,False,False,NONE
+919827522363,BSNL Mobile,DL,CUST_0002429,DEV_0002429,2023-01-10,False,False,NONE
+919858140868,BSNL Mobile,GJ,CUST_0002430,DEV_0002430,2023-01-10,False,False,NONE
+919842423114,Jio 5G,DL,CUST_0002431,DEV_0002431,2023-01-10,False,False,NONE
+919861616971,Jio 5G,HR,CUST_0002432,DEV_0002432,2023-01-10,False,False,NONE
+919886768076,BSNL Mobile,MH,CUST_0002433,DEV_0002433,2023-01-10,False,False,NONE
+919893033195,Vodafone Idea (Vi),WB,CUST_0002434,DEV_0002434,2023-01-10,False,False,NONE
+919823750822,Airtel India,JH,CUST_0002435,DEV_0002435,2023-01-10,False,False,NONE
+919851944903,BSNL Mobile,UP,CUST_0002436,DEV_0002436,2023-01-10,False,False,NONE
+919873520057,Jio 5G,HR,CUST_0002437,DEV_0002437,2023-01-10,False,False,NONE
+919813972440,Jio 5G,RJ,CUST_0002438,DEV_0002438,2023-01-10,False,False,NONE
+919820993071,Vodafone Idea (Vi),GJ,CUST_0002439,DEV_0002439,2023-01-10,False,True,NONE
+919827050851,Vodafone Idea (Vi),MH,CUST_0002440,DEV_0002440,2023-01-10,False,False,NONE
+919864433715,Jio 5G,MH,CUST_0002441,DEV_0002441,2023-01-10,False,False,NONE
+919856958147,Jio 5G,DL,CUST_0002442,DEV_0002442,2023-01-10,False,False,NONE
+919811450791,Jio 5G,MH,CUST_0002443,DEV_0002443,2023-01-10,False,False,NONE
+919818421607,Vodafone Idea (Vi),TS,CUST_0002444,DEV_0002444,2023-01-10,False,False,NONE
+919823569948,Vodafone Idea (Vi),HR,CUST_0002445,DEV_0002445,2023-01-10,False,False,NONE
+919899410053,Airtel India,UP,CUST_0002446,DEV_0002446,2023-01-10,False,False,NONE
+919822577345,Jio 5G,TS,CUST_0002447,DEV_0002447,2023-01-10,False,False,NONE
+919885881728,Airtel India,HR,CUST_0002448,DEV_0002448,2023-01-10,False,False,NONE
+919830018618,Airtel India,JH,CUST_0002449,DEV_0002449,2023-01-10,False,False,NONE
+919823327467,BSNL Mobile,JH,CUST_0002450,DEV_0002450,2023-01-10,False,False,NONE
+919840420595,Vodafone Idea (Vi),WB,CUST_0002451,DEV_0002451,2023-01-10,False,False,NONE
+919856527841,BSNL Mobile,GJ,CUST_0002452,DEV_0002452,2023-01-10,False,False,NONE
+919813359082,Airtel India,UP,CUST_0002453,DEV_0002453,2023-01-10,False,False,NONE
+919834743015,Airtel India,TS,CUST_0002454,DEV_0002454,2023-01-10,False,False,NONE
+919814408917,Airtel India,KA,CUST_0002455,DEV_0002455,2023-01-10,False,False,NONE
+919849578552,BSNL Mobile,GJ,CUST_0002456,DEV_0002456,2023-01-10,False,False,NONE
+919849897557,Airtel India,KA,CUST_0002457,DEV_0002457,2023-01-10,False,False,NONE
+919860680269,Airtel India,TS,CUST_0002458,DEV_0002458,2023-01-10,False,False,NONE
+919885747844,Airtel India,DL,CUST_0002459,DEV_0002459,2023-01-10,True,True,NONE
+919816908793,BSNL Mobile,TS,CUST_0002460,DEV_0002460,2023-01-10,False,False,NONE
+919839060791,BSNL Mobile,WB,CUST_0002461,DEV_0002461,2023-01-10,False,False,NONE
+919882969029,Jio 5G,RJ,CUST_0002462,DEV_0002462,2023-01-10,False,False,NONE
+919821437912,BSNL Mobile,KA,CUST_0002463,DEV_0002463,2023-01-10,False,False,NONE
+919855731951,BSNL Mobile,MH,CUST_0002464,DEV_0002464,2023-01-10,False,False,NONE
+919852439170,Jio 5G,JH,CUST_0002465,DEV_0002465,2023-01-10,False,False,NONE
+919859160218,BSNL Mobile,GJ,CUST_0002466,DEV_0002466,2023-01-10,False,False,NONE
+919897236373,Jio 5G,DL,CUST_0002467,DEV_0002467,2023-01-10,False,False,NONE
+919829446631,Airtel India,KA,CUST_0002468,DEV_0002468,2023-01-10,False,False,NONE
+919891600933,Vodafone Idea (Vi),RJ,CUST_0002469,DEV_0002469,2023-01-10,False,False,NONE
+919896409674,BSNL Mobile,KA,CUST_0002470,DEV_0002470,2023-01-10,False,False,NONE
+919885730099,Jio 5G,WB,CUST_0002471,DEV_0002471,2023-01-10,False,False,NONE
+919814904698,Airtel India,RJ,CUST_0002472,DEV_0002472,2023-01-10,True,True,NONE
+919877204652,Jio 5G,RJ,CUST_0002473,DEV_0002473,2023-01-10,False,False,NONE
+919820624591,BSNL Mobile,HR,CUST_0002474,DEV_0002474,2023-01-10,False,False,NONE
+919885873605,BSNL Mobile,GJ,CUST_0002475,DEV_0002475,2023-01-10,False,True,NONE
+919881565180,Airtel India,UP,CUST_0002476,DEV_0002476,2023-01-10,False,True,NONE
+919877573393,Vodafone Idea (Vi),MH,CUST_0002477,DEV_0002477,2023-01-10,False,False,NONE
+919843019362,Airtel India,WB,CUST_0002478,DEV_0002478,2023-01-10,False,False,NONE
+919824148702,Vodafone Idea (Vi),UP,CUST_0002479,DEV_0002479,2023-01-10,False,False,NONE
+919872058787,Jio 5G,TS,CUST_0002480,DEV_0002480,2023-01-10,False,False,NONE
+919823577388,BSNL Mobile,HR,CUST_0002481,DEV_0002481,2023-01-10,False,False,NONE
+919872062100,Vodafone Idea (Vi),KA,CUST_0002482,DEV_0002482,2023-01-10,False,False,NONE
+919878802213,BSNL Mobile,GJ,CUST_0002483,DEV_0002483,2023-01-10,False,False,NONE
+919852846623,Airtel India,UP,CUST_0002484,DEV_0002484,2023-01-10,False,False,NONE
+919840945277,Vodafone Idea (Vi),KA,CUST_0002485,DEV_0002485,2023-01-10,False,False,NONE
+919841356536,Airtel India,HR,CUST_0002486,DEV_0002486,2023-01-10,False,False,NONE
+919882088917,Jio 5G,RJ,CUST_0002487,DEV_0002487,2023-01-10,False,False,NONE
+919869674256,Airtel India,KA,CUST_0002488,DEV_0002488,2023-01-10,False,False,NONE
+919833179850,BSNL Mobile,TS,CUST_0002489,DEV_0002489,2023-01-10,False,False,NONE
+919850124624,Jio 5G,WB,CUST_0002490,DEV_0002490,2023-01-10,False,False,NONE
+919878010023,BSNL Mobile,HR,CUST_0002491,DEV_0002491,2023-01-10,False,True,NONE
+919879754791,BSNL Mobile,MH,CUST_0002492,DEV_0002492,2023-01-10,False,True,NONE
+919853190677,Vodafone Idea (Vi),UP,CUST_0002493,DEV_0002493,2023-01-10,False,False,NONE
+919851436446,BSNL Mobile,RJ,CUST_0002494,DEV_0002494,2023-01-10,False,False,NONE
+919859672762,Vodafone Idea (Vi),TS,CUST_0002495,DEV_0002495,2023-01-10,False,True,NONE
+919869554326,Vodafone Idea (Vi),JH,CUST_0002496,DEV_0002496,2023-01-10,False,False,NONE
+919832446336,BSNL Mobile,WB,CUST_0002497,DEV_0002497,2023-01-10,False,False,NONE
+919898962609,Vodafone Idea (Vi),HR,CUST_0002498,DEV_0002498,2023-01-10,False,False,NONE
+919811158088,Jio 5G,HR,CUST_0002499,DEV_0002499,2023-01-10,False,True,NONE
+919818762017,Jio 5G,RJ,CUST_0002500,DEV_0002500,2023-01-10,False,False,NONE
+919884750756,Airtel India,DL,CUST_0002501,DEV_0002501,2023-01-10,False,False,NONE
+919844112145,Vodafone Idea (Vi),RJ,CUST_0002502,DEV_0002502,2023-01-10,False,False,NONE
+919826275336,Jio 5G,UP,CUST_0002503,DEV_0002503,2023-01-10,False,False,NONE
+919812483689,Vodafone Idea (Vi),HR,CUST_0002504,DEV_0002504,2023-01-10,False,False,NONE
+919843150851,Vodafone Idea (Vi),WB,CUST_0002505,DEV_0002505,2023-01-10,False,False,NONE
+919840311156,Airtel India,WB,CUST_0002506,DEV_0002506,2023-01-10,False,False,NONE
+919853644553,BSNL Mobile,DL,CUST_0002507,DEV_0002507,2023-01-10,False,False,NONE
+919862071751,Airtel India,HR,CUST_0002508,DEV_0002508,2023-01-10,False,False,NONE
+919846900889,BSNL Mobile,HR,CUST_0002509,DEV_0002509,2023-01-10,False,False,NONE
+919889882818,Jio 5G,RJ,CUST_0002510,DEV_0002510,2023-01-10,False,False,NONE
+919855111497,Vodafone Idea (Vi),HR,CUST_0002511,DEV_0002511,2023-01-10,False,False,NONE
+919826953463,Airtel India,JH,CUST_0002512,DEV_0002512,2023-01-10,False,False,NONE
+919832263858,Vodafone Idea (Vi),MH,CUST_0002513,DEV_0002513,2023-01-10,False,False,NONE
+919812235330,Vodafone Idea (Vi),RJ,CUST_0002514,DEV_0002514,2023-01-10,False,False,NONE
+919828051535,BSNL Mobile,GJ,CUST_0002515,DEV_0002515,2023-01-10,False,True,NONE
+919823885486,BSNL Mobile,GJ,CUST_0002516,DEV_0002516,2023-01-10,False,False,NONE
+919885915818,Airtel India,JH,CUST_0002517,DEV_0002517,2023-01-10,False,True,NONE
+919821863312,Vodafone Idea (Vi),MH,CUST_0002518,DEV_0002518,2023-01-10,False,True,NONE
+919885003942,Vodafone Idea (Vi),JH,CUST_0002519,DEV_0002519,2023-01-10,False,False,NONE
+919834587822,Airtel India,JH,CUST_0002520,DEV_0002520,2023-01-10,False,False,NONE
+919896512667,Vodafone Idea (Vi),JH,CUST_0002521,DEV_0002521,2023-01-10,False,True,NONE
+919860796350,Vodafone Idea (Vi),WB,CUST_0002522,DEV_0002522,2023-01-10,False,True,NONE
+919867663487,Vodafone Idea (Vi),WB,CUST_0002523,DEV_0002523,2023-01-10,False,False,NONE
+919813625675,BSNL Mobile,UP,CUST_0002524,DEV_0002524,2023-01-10,False,False,NONE
+919894438097,Airtel India,JH,CUST_0002525,DEV_0002525,2023-01-10,False,False,NONE
+919832377636,Airtel India,MH,CUST_0002526,DEV_0002526,2023-01-10,False,False,NONE
+919818720297,Airtel India,KA,CUST_0002527,DEV_0002527,2023-01-10,False,False,NONE
+919839238802,Airtel India,WB,CUST_0002528,DEV_0002528,2023-01-10,False,False,NONE
+919843333790,BSNL Mobile,GJ,CUST_0002529,DEV_0002529,2023-01-10,False,False,NONE
+919860614649,Jio 5G,UP,CUST_0002530,DEV_0002530,2023-01-10,False,False,NONE
+919879762638,Vodafone Idea (Vi),JH,CUST_0002531,DEV_0002531,2023-01-10,False,False,NONE
+919816452655,BSNL Mobile,HR,CUST_0002532,DEV_0002532,2023-01-10,False,False,NONE
+919816416520,Vodafone Idea (Vi),HR,CUST_0002533,DEV_0002533,2023-01-10,False,True,NONE
+919817327597,Vodafone Idea (Vi),DL,CUST_0002534,DEV_0002534,2023-01-10,False,False,NONE
+919811753896,BSNL Mobile,GJ,CUST_0002535,DEV_0002535,2023-01-10,True,True,NONE
+919816550102,Jio 5G,DL,CUST_0002536,DEV_0002536,2023-01-10,False,False,NONE
+919890304900,Airtel India,TS,CUST_0002537,DEV_0002537,2023-01-10,False,False,NONE
+919841649176,Jio 5G,HR,CUST_0002538,DEV_0002538,2023-01-10,False,False,NONE
+919815466311,Vodafone Idea (Vi),HR,CUST_0002539,DEV_0002539,2023-01-10,False,False,NONE
+919827499661,Vodafone Idea (Vi),GJ,CUST_0002540,DEV_0002540,2023-01-10,False,False,NONE
+919897409746,Jio 5G,TS,CUST_0002541,DEV_0002541,2023-01-10,False,False,NONE
+919826223487,Vodafone Idea (Vi),MH,CUST_0002542,DEV_0002542,2023-01-10,False,False,NONE
+919879646965,Airtel India,GJ,CUST_0002543,DEV_0002543,2023-01-10,False,True,NONE
+919836793919,Airtel India,UP,CUST_0002544,DEV_0002544,2023-01-10,False,False,NONE
+919874620122,Vodafone Idea (Vi),JH,CUST_0002545,DEV_0002545,2023-01-10,False,False,NONE
+919865234169,BSNL Mobile,KA,CUST_0002546,DEV_0002546,2023-01-10,False,False,NONE
+919851763762,Jio 5G,DL,CUST_0002547,DEV_0002547,2023-01-10,False,False,NONE
+919899910332,BSNL Mobile,GJ,CUST_0002548,DEV_0002548,2023-01-10,False,False,NONE
+919852038684,BSNL Mobile,UP,CUST_0002549,DEV_0002549,2023-01-10,False,False,NONE
+919836431553,Airtel India,WB,CUST_0002550,DEV_0002550,2023-01-10,False,False,NONE
+919865867299,Jio 5G,WB,CUST_0002551,DEV_0002551,2023-01-10,False,True,NONE
+919873258859,Airtel India,UP,CUST_0002552,DEV_0002552,2023-01-10,False,False,NONE
+919844430097,Jio 5G,UP,CUST_0002553,DEV_0002553,2023-01-10,False,False,NONE
+919892913808,BSNL Mobile,WB,CUST_0002554,DEV_0002554,2023-01-10,False,False,NONE
+919833495021,Vodafone Idea (Vi),RJ,CUST_0002555,DEV_0002555,2023-01-10,False,False,NONE
+919830298282,Vodafone Idea (Vi),UP,CUST_0002556,DEV_0002556,2023-01-10,False,False,NONE
+919884127606,BSNL Mobile,HR,CUST_0002557,DEV_0002557,2023-01-10,False,False,NONE
+919812788630,Airtel India,DL,CUST_0002558,DEV_0002558,2023-01-10,False,False,NONE
+919898207749,BSNL Mobile,UP,CUST_0002559,DEV_0002559,2023-01-10,False,False,NONE
+919847595620,Jio 5G,MH,CUST_0002560,DEV_0002560,2023-01-10,False,False,NONE
+919871468364,Jio 5G,JH,CUST_0002561,DEV_0002561,2023-01-10,False,False,NONE
+919851488836,Vodafone Idea (Vi),WB,CUST_0002562,DEV_0002562,2023-01-10,False,False,NONE
+919859365790,Jio 5G,KA,CUST_0002563,DEV_0002563,2023-01-10,False,False,NONE
+919835857328,Airtel India,MH,CUST_0002564,DEV_0002564,2023-01-10,False,True,NONE
+919813710871,Vodafone Idea (Vi),WB,CUST_0002565,DEV_0002565,2023-01-10,False,False,NONE
+919861933666,Jio 5G,TS,CUST_0002566,DEV_0002566,2023-01-10,False,False,NONE
+919885759178,BSNL Mobile,HR,CUST_0002567,DEV_0002567,2023-01-10,False,True,NONE
+919823807773,BSNL Mobile,TS,CUST_0002568,DEV_0002568,2023-01-10,False,False,NONE
+919861507917,Vodafone Idea (Vi),WB,CUST_0002569,DEV_0002569,2023-01-10,False,False,NONE
+919866005426,BSNL Mobile,KA,CUST_0002570,DEV_0002570,2023-01-10,False,False,NONE
+919829731916,BSNL Mobile,WB,CUST_0002571,DEV_0002571,2023-01-10,False,False,NONE
+919842170105,Airtel India,MH,CUST_0002572,DEV_0002572,2023-01-10,False,False,NONE
+919857973937,Jio 5G,RJ,CUST_0002573,DEV_0002573,2023-01-10,False,False,NONE
+919871061684,Jio 5G,HR,CUST_0002574,DEV_0002574,2023-01-10,False,False,NONE
+919858182101,Jio 5G,TS,CUST_0002575,DEV_0002575,2023-01-10,False,False,NONE
+919875292755,Jio 5G,GJ,CUST_0002576,DEV_0002576,2023-01-10,False,False,NONE
+919839747974,Airtel India,UP,CUST_0002577,DEV_0002577,2023-01-10,False,False,NONE
+919844045710,Airtel India,UP,CUST_0002578,DEV_0002578,2023-01-10,False,False,NONE
+919851458313,Airtel India,HR,CUST_0002579,DEV_0002579,2023-01-10,False,False,NONE
+919829188612,Vodafone Idea (Vi),JH,CUST_0002580,DEV_0002580,2023-01-10,False,False,NONE
+919885743156,Airtel India,WB,CUST_0002581,DEV_0002581,2023-01-10,False,False,NONE
+919810572853,Vodafone Idea (Vi),KA,CUST_0002582,DEV_0002582,2023-01-10,False,False,NONE
+919860919652,Airtel India,TS,CUST_0002583,DEV_0002583,2023-01-10,False,False,NONE
+919869731161,Jio 5G,TS,CUST_0002584,DEV_0002584,2023-01-10,False,False,NONE
+919845517298,Vodafone Idea (Vi),MH,CUST_0002585,DEV_0002585,2023-01-10,False,False,NONE
+919824891562,Airtel India,WB,CUST_0002586,DEV_0002586,2023-01-10,False,False,NONE
+919827588123,Jio 5G,JH,CUST_0002587,DEV_0002587,2023-01-10,False,False,NONE
+919843538802,BSNL Mobile,MH,CUST_0002588,DEV_0002588,2023-01-10,False,False,NONE
+919822710287,BSNL Mobile,UP,CUST_0002589,DEV_0002589,2023-01-10,False,False,NONE
+919879158219,Airtel India,MH,CUST_0002590,DEV_0002590,2023-01-10,False,False,NONE
+919820697430,Jio 5G,JH,CUST_0002591,DEV_0002591,2023-01-10,False,False,NONE
+919830054148,BSNL Mobile,UP,CUST_0002592,DEV_0002592,2023-01-10,False,False,NONE
+919823171670,BSNL Mobile,JH,CUST_0002593,DEV_0002593,2023-01-10,False,False,NONE
+919830721451,Vodafone Idea (Vi),DL,CUST_0002594,DEV_0002594,2023-01-10,False,False,NONE
+919839806972,Jio 5G,GJ,CUST_0002595,DEV_0002595,2023-01-10,False,False,NONE
+919892615567,Vodafone Idea (Vi),WB,CUST_0002596,DEV_0002596,2023-01-10,False,False,NONE
+919857338715,Jio 5G,JH,CUST_0002597,DEV_0002597,2023-01-10,False,False,NONE
+919846298600,BSNL Mobile,GJ,CUST_0002598,DEV_0002598,2023-01-10,False,True,NONE
+919810624619,Jio 5G,KA,CUST_0002599,DEV_0002599,2023-01-10,False,False,NONE
+919824086878,Airtel India,DL,CUST_0002600,DEV_0002600,2023-01-10,True,True,NONE
+919818548431,Jio 5G,HR,CUST_0002601,DEV_0002601,2023-01-10,False,False,NONE
+919841446464,Vodafone Idea (Vi),KA,CUST_0002602,DEV_0002602,2023-01-10,False,False,NONE
+919823382430,Vodafone Idea (Vi),HR,CUST_0002603,DEV_0002603,2023-01-10,False,False,NONE
+919871097324,Airtel India,UP,CUST_0002604,DEV_0002604,2023-01-10,False,False,NONE
+919859762554,BSNL Mobile,TS,CUST_0002605,DEV_0002605,2023-01-10,False,False,NONE
+919813726828,Airtel India,RJ,CUST_0002606,DEV_0002606,2023-01-10,True,True,NONE
+919873510441,Vodafone Idea (Vi),UP,CUST_0002607,DEV_0002607,2023-01-10,False,False,NONE
+919844381251,Jio 5G,DL,CUST_0002608,DEV_0002608,2023-01-10,False,True,NONE
+919856011229,Vodafone Idea (Vi),JH,CUST_0002609,DEV_0002609,2023-01-10,False,False,NONE
+919812382072,Airtel India,TS,CUST_0002610,DEV_0002610,2023-01-10,False,False,NONE
+919892627631,Jio 5G,KA,CUST_0002611,DEV_0002611,2023-01-10,False,False,NONE
+919817523104,Jio 5G,MH,CUST_0002612,DEV_0002612,2023-01-10,False,True,NONE
+919831000353,BSNL Mobile,GJ,CUST_0002613,DEV_0002613,2023-01-10,False,False,NONE
+919844301605,BSNL Mobile,GJ,CUST_0002614,DEV_0002614,2023-01-10,False,False,NONE
+919833555945,BSNL Mobile,MH,CUST_0002615,DEV_0002615,2023-01-10,False,False,NONE
+919854726487,Jio 5G,UP,CUST_0002616,DEV_0002616,2023-01-10,False,False,NONE
+919856293001,Vodafone Idea (Vi),GJ,CUST_0002617,DEV_0002617,2023-01-10,False,False,NONE
+919885939529,Airtel India,MH,CUST_0002618,DEV_0002618,2023-01-10,False,False,NONE
+919841968149,Jio 5G,HR,CUST_0002619,DEV_0002619,2023-01-10,False,True,NONE
+919834448782,Vodafone Idea (Vi),JH,CUST_0002620,DEV_0002620,2023-01-10,False,False,NONE
+919813404208,Vodafone Idea (Vi),HR,CUST_0002621,DEV_0002621,2023-01-10,False,False,NONE
+919897744445,BSNL Mobile,KA,CUST_0002622,DEV_0002622,2023-01-10,False,False,NONE
+919853955028,BSNL Mobile,HR,CUST_0002623,DEV_0002623,2023-01-10,False,False,NONE
+919833944641,BSNL Mobile,GJ,CUST_0002624,DEV_0002624,2023-01-10,False,False,NONE
+919876971200,Vodafone Idea (Vi),KA,CUST_0002625,DEV_0002625,2023-01-10,False,False,NONE
+919840732322,Airtel India,RJ,CUST_0002626,DEV_0002626,2023-01-10,False,False,NONE
+919857858650,Vodafone Idea (Vi),WB,CUST_0002627,DEV_0002627,2023-01-10,False,False,NONE
+919844040824,BSNL Mobile,UP,CUST_0002628,DEV_0002628,2023-01-10,False,False,NONE
+919888629248,Jio 5G,JH,CUST_0002629,DEV_0002629,2023-01-10,False,False,NONE
+919870948329,Vodafone Idea (Vi),MH,CUST_0002630,DEV_0002630,2023-01-10,False,False,NONE
+919857197894,Jio 5G,UP,CUST_0002631,DEV_0002631,2023-01-10,False,False,NONE
+919873857363,Airtel India,RJ,CUST_0002632,DEV_0002632,2023-01-10,True,True,NONE
+919889367799,Jio 5G,TS,CUST_0002633,DEV_0002633,2023-01-10,False,False,NONE
+919877796669,BSNL Mobile,WB,CUST_0002634,DEV_0002634,2023-01-10,False,False,NONE
+919845633873,BSNL Mobile,DL,CUST_0002635,DEV_0002635,2023-01-10,False,False,NONE
+919866716680,Vodafone Idea (Vi),TS,CUST_0002636,DEV_0002636,2023-01-10,False,True,NONE
+919881445887,Jio 5G,HR,CUST_0002637,DEV_0002637,2023-01-10,False,False,NONE
+919854962217,Jio 5G,UP,CUST_0002638,DEV_0002638,2023-01-10,False,False,NONE
+919818707154,Vodafone Idea (Vi),RJ,CUST_0002639,DEV_0002639,2023-01-10,False,False,NONE
+919869102422,Airtel India,GJ,CUST_0002640,DEV_0002640,2023-01-10,False,False,NONE
+919887194408,BSNL Mobile,DL,CUST_0002641,DEV_0002641,2023-01-10,False,False,NONE
+919880045812,Jio 5G,DL,CUST_0002642,DEV_0002642,2023-01-10,False,False,NONE
+919881423008,BSNL Mobile,MH,CUST_0002643,DEV_0002643,2023-01-10,False,False,NONE
+919875928616,Jio 5G,TS,CUST_0002644,DEV_0002644,2023-01-10,False,False,NONE
+919899604428,Vodafone Idea (Vi),KA,CUST_0002645,DEV_0002645,2023-01-10,True,True,NONE
+919870464518,BSNL Mobile,KA,CUST_0002646,DEV_0002646,2023-01-10,False,False,NONE
+919831859545,BSNL Mobile,RJ,CUST_0002647,DEV_0002647,2023-01-10,False,False,NONE
+919872023511,BSNL Mobile,KA,CUST_0002648,DEV_0002648,2023-01-10,False,False,NONE
+919835120767,Vodafone Idea (Vi),RJ,CUST_0002649,DEV_0002649,2023-01-10,False,False,NONE
+919898922338,Vodafone Idea (Vi),HR,CUST_0002650,DEV_0002650,2023-01-10,False,False,NONE
+919841891218,Vodafone Idea (Vi),GJ,CUST_0002651,DEV_0002651,2023-01-10,False,False,NONE
+919848252326,Jio 5G,JH,CUST_0002652,DEV_0002652,2023-01-10,True,True,NONE
+919841409388,Airtel India,GJ,CUST_0002653,DEV_0002653,2023-01-10,False,True,NONE
+919862966765,BSNL Mobile,MH,CUST_0002654,DEV_0002654,2023-01-10,False,False,NONE
+919845463078,Airtel India,TS,CUST_0002655,DEV_0002655,2023-01-10,False,False,NONE
+919893005629,Jio 5G,UP,CUST_0002656,DEV_0002656,2023-01-10,False,False,NONE
+919843124660,Vodafone Idea (Vi),HR,CUST_0002657,DEV_0002657,2023-01-10,False,False,NONE
+919810681851,Vodafone Idea (Vi),UP,CUST_0002658,DEV_0002658,2023-01-10,False,False,NONE
+919854736505,Jio 5G,RJ,CUST_0002659,DEV_0002659,2023-01-10,False,False,NONE
+919865558250,Vodafone Idea (Vi),HR,CUST_0002660,DEV_0002660,2023-01-10,False,False,NONE
+919850915674,Airtel India,HR,CUST_0002661,DEV_0002661,2023-01-10,False,False,NONE
+919884472708,Vodafone Idea (Vi),DL,CUST_0002662,DEV_0002662,2023-01-10,False,False,NONE
+919810840553,Vodafone Idea (Vi),RJ,CUST_0002663,DEV_0002663,2023-01-10,False,True,NONE
+919898033003,Jio 5G,HR,CUST_0002664,DEV_0002664,2023-01-10,False,False,NONE
+919872223766,BSNL Mobile,WB,CUST_0002665,DEV_0002665,2023-01-10,False,False,NONE
+919847195371,Vodafone Idea (Vi),JH,CUST_0002666,DEV_0002666,2023-01-10,False,True,NONE
+919813675051,Airtel India,WB,CUST_0002667,DEV_0002667,2023-01-10,False,False,NONE
+919816796475,Airtel India,UP,CUST_0002668,DEV_0002668,2023-01-10,False,False,NONE
+919895827515,Vodafone Idea (Vi),GJ,CUST_0002669,DEV_0002669,2023-01-10,False,False,NONE
+919828876895,Airtel India,RJ,CUST_0002670,DEV_0002670,2023-01-10,False,False,NONE
+919888790028,Airtel India,GJ,CUST_0002671,DEV_0002671,2023-01-10,False,False,NONE
+919842646251,Vodafone Idea (Vi),JH,CUST_0002672,DEV_0002672,2023-01-10,False,False,NONE
+919875816822,Jio 5G,RJ,CUST_0002673,DEV_0002673,2023-01-10,False,False,NONE
+919854240642,Jio 5G,TS,CUST_0002674,DEV_0002674,2023-01-10,False,False,NONE
+919846184385,Vodafone Idea (Vi),DL,CUST_0002675,DEV_0002675,2023-01-10,False,False,NONE
+919878414990,Jio 5G,WB,CUST_0002676,DEV_0002676,2023-01-10,False,True,NONE
+919876432496,BSNL Mobile,JH,CUST_0002677,DEV_0002677,2023-01-10,False,True,NONE
+919897982412,Jio 5G,MH,CUST_0002678,DEV_0002678,2023-01-10,False,False,NONE
+919812610690,Airtel India,RJ,CUST_0002679,DEV_0002679,2023-01-10,False,False,NONE
+919830362413,Airtel India,KA,CUST_0002680,DEV_0002680,2023-01-10,False,False,NONE
+919868098704,BSNL Mobile,UP,CUST_0002681,DEV_0002681,2023-01-10,False,False,NONE
+919889667387,BSNL Mobile,JH,CUST_0002682,DEV_0002682,2023-01-10,False,False,NONE
+919878369287,BSNL Mobile,UP,CUST_0002683,DEV_0002683,2023-01-10,False,False,NONE
+919886220732,Airtel India,UP,CUST_0002684,DEV_0002684,2023-01-10,False,False,NONE
+919867131404,Vodafone Idea (Vi),JH,CUST_0002685,DEV_0002685,2023-01-10,False,False,NONE
+919866293674,Vodafone Idea (Vi),RJ,CUST_0002686,DEV_0002686,2023-01-10,False,False,NONE
+919865779916,Jio 5G,MH,CUST_0002687,DEV_0002687,2023-01-10,False,False,NONE
+919819350396,Vodafone Idea (Vi),RJ,CUST_0002688,DEV_0002688,2023-01-10,False,False,NONE
+919882946201,Jio 5G,RJ,CUST_0002689,DEV_0002689,2023-01-10,False,False,NONE
+919852689097,BSNL Mobile,MH,CUST_0002690,DEV_0002690,2023-01-10,False,False,NONE
+919815429216,BSNL Mobile,JH,CUST_0002691,DEV_0002691,2023-01-10,False,False,NONE
+919812076558,BSNL Mobile,GJ,CUST_0002692,DEV_0002692,2023-01-10,False,False,NONE
+919893578832,BSNL Mobile,JH,CUST_0002693,DEV_0002693,2023-01-10,False,False,NONE
+919858000896,BSNL Mobile,HR,CUST_0002694,DEV_0002694,2023-01-10,False,False,NONE
+919831618716,Vodafone Idea (Vi),DL,CUST_0002695,DEV_0002695,2023-01-10,False,False,NONE
+919835586158,Airtel India,UP,CUST_0002696,DEV_0002696,2023-01-10,False,False,NONE
+919889495214,Jio 5G,GJ,CUST_0002697,DEV_0002697,2023-01-10,False,False,NONE
+919882150060,Vodafone Idea (Vi),TS,CUST_0002698,DEV_0002698,2023-01-10,False,False,NONE
+919882821344,Airtel India,HR,CUST_0002699,DEV_0002699,2023-01-10,False,False,NONE
+919815730062,Airtel India,DL,CUST_0002700,DEV_0002700,2023-01-10,False,False,NONE
+919843754555,Jio 5G,GJ,CUST_0002701,DEV_0002701,2023-01-10,False,True,NONE
+919896286714,Vodafone Idea (Vi),HR,CUST_0002702,DEV_0002702,2023-01-10,False,False,NONE
+919881577417,Airtel India,WB,CUST_0002703,DEV_0002703,2023-01-10,False,False,NONE
+919868435425,Airtel India,GJ,CUST_0002704,DEV_0002704,2023-01-10,False,True,NONE
+919831925152,Airtel India,RJ,CUST_0002705,DEV_0002705,2023-01-10,False,False,NONE
+919838433823,Jio 5G,WB,CUST_0002706,DEV_0002706,2023-01-10,True,True,NONE
+919894943548,Airtel India,DL,CUST_0002707,DEV_0002707,2023-01-10,False,False,NONE
+919819169823,Jio 5G,WB,CUST_0002708,DEV_0002708,2023-01-10,False,False,NONE
+919869854577,Jio 5G,DL,CUST_0002709,DEV_0002709,2023-01-10,False,False,NONE
+919841952311,Jio 5G,MH,CUST_0002710,DEV_0002710,2023-01-10,False,False,NONE
+919819123728,Airtel India,UP,CUST_0002711,DEV_0002711,2023-01-10,False,False,NONE
+919829303634,Vodafone Idea (Vi),HR,CUST_0002712,DEV_0002712,2023-01-10,False,False,NONE
+919844089406,BSNL Mobile,MH,CUST_0002713,DEV_0002713,2023-01-10,False,False,NONE
+919834840001,Airtel India,HR,CUST_0002714,DEV_0002714,2023-01-10,False,False,NONE
+919830580747,Vodafone Idea (Vi),RJ,CUST_0002715,DEV_0002715,2023-01-10,True,True,NONE
+919828082928,Airtel India,GJ,CUST_0002716,DEV_0002716,2023-01-10,False,False,NONE
+919885475810,BSNL Mobile,JH,CUST_0002717,DEV_0002717,2023-01-10,False,False,NONE
+919811373894,Jio 5G,RJ,CUST_0002718,DEV_0002718,2023-01-10,False,False,NONE
+919857581720,Vodafone Idea (Vi),RJ,CUST_0002719,DEV_0002719,2023-01-10,False,False,NONE
+919836767272,BSNL Mobile,JH,CUST_0002720,DEV_0002720,2023-01-10,False,False,NONE
+919851482032,BSNL Mobile,JH,CUST_0002721,DEV_0002721,2023-01-10,False,False,NONE
+919887408832,Airtel India,MH,CUST_0002722,DEV_0002722,2023-01-10,False,False,NONE
+919852883620,BSNL Mobile,HR,CUST_0002723,DEV_0002723,2023-01-10,False,True,NONE
+919822549262,BSNL Mobile,HR,CUST_0002724,DEV_0002724,2023-01-10,False,False,NONE
+919811841061,Jio 5G,UP,CUST_0002725,DEV_0002725,2023-01-10,False,False,NONE
+919860374540,Vodafone Idea (Vi),HR,CUST_0002726,DEV_0002726,2023-01-10,False,False,NONE
+919819553253,Jio 5G,DL,CUST_0002727,DEV_0002727,2023-01-10,False,True,NONE
+919872495614,Airtel India,KA,CUST_0002728,DEV_0002728,2023-01-10,False,False,NONE
+919829869459,BSNL Mobile,TS,CUST_0002729,DEV_0002729,2023-01-10,False,False,NONE
+919872752051,Airtel India,GJ,CUST_0002730,DEV_0002730,2023-01-10,False,False,NONE
+919875299153,Vodafone Idea (Vi),TS,CUST_0002731,DEV_0002731,2023-01-10,False,False,NONE
+919896337708,BSNL Mobile,GJ,CUST_0002732,DEV_0002732,2023-01-10,False,False,NONE
+919853398131,Jio 5G,KA,CUST_0002733,DEV_0002733,2023-01-10,False,False,NONE
+919827586127,Vodafone Idea (Vi),MH,CUST_0002734,DEV_0002734,2023-01-10,False,False,NONE
+919864196020,BSNL Mobile,HR,CUST_0002735,DEV_0002735,2023-01-10,False,False,NONE
+919848457018,Vodafone Idea (Vi),RJ,CUST_0002736,DEV_0002736,2023-01-10,False,False,NONE
+919870795143,Airtel India,UP,CUST_0002737,DEV_0002737,2023-01-10,False,False,NONE
+919850615321,Vodafone Idea (Vi),KA,CUST_0002738,DEV_0002738,2023-01-10,False,False,NONE
+919822615536,Airtel India,GJ,CUST_0002739,DEV_0002739,2023-01-10,False,False,NONE
+919874623963,Jio 5G,WB,CUST_0002740,DEV_0002740,2023-01-10,False,False,NONE
+919813495657,Jio 5G,HR,CUST_0002741,DEV_0002741,2023-01-10,False,False,NONE
+919894521945,Airtel India,GJ,CUST_0002742,DEV_0002742,2023-01-10,False,False,NONE
+919863380741,BSNL Mobile,GJ,CUST_0002743,DEV_0002743,2023-01-10,False,True,NONE
+919889596019,BSNL Mobile,HR,CUST_0002744,DEV_0002744,2023-01-10,False,False,NONE
+919842185950,Jio 5G,DL,CUST_0002745,DEV_0002745,2023-01-10,False,False,NONE
+919844374772,BSNL Mobile,MH,CUST_0002746,DEV_0002746,2023-01-10,False,False,NONE
+919865330881,Airtel India,JH,CUST_0002747,DEV_0002747,2023-01-10,False,False,NONE
+919816211038,Airtel India,KA,CUST_0002748,DEV_0002748,2023-01-10,False,False,NONE
+919815529341,Airtel India,WB,CUST_0002749,DEV_0002749,2023-01-10,False,True,NONE
+919836700737,Vodafone Idea (Vi),TS,CUST_0002750,DEV_0002750,2023-01-10,False,False,NONE
+919893512788,Vodafone Idea (Vi),HR,CUST_0002751,DEV_0002751,2023-01-10,False,False,NONE
+919828525517,Vodafone Idea (Vi),GJ,CUST_0002752,DEV_0002752,2023-01-10,False,False,NONE
+919863797594,BSNL Mobile,HR,CUST_0002753,DEV_0002753,2023-01-10,False,True,NONE
+919827412883,Airtel India,JH,CUST_0002754,DEV_0002754,2023-01-10,False,True,NONE
+919846499618,Jio 5G,HR,CUST_0002755,DEV_0002755,2023-01-10,False,False,NONE
+919837258577,Vodafone Idea (Vi),KA,CUST_0002756,DEV_0002756,2023-01-10,False,False,NONE
+919858420005,Vodafone Idea (Vi),TS,CUST_0002757,DEV_0002757,2023-01-10,False,False,NONE
+919891259888,Vodafone Idea (Vi),HR,CUST_0002758,DEV_0002758,2023-01-10,False,False,NONE
+919872179496,Jio 5G,JH,CUST_0002759,DEV_0002759,2023-01-10,False,False,NONE
+919890406748,Jio 5G,MH,CUST_0002760,DEV_0002760,2023-01-10,False,False,NONE
+919891808395,Airtel India,JH,CUST_0002761,DEV_0002761,2023-01-10,False,True,NONE
+919825035018,Airtel India,HR,CUST_0002762,DEV_0002762,2023-01-10,False,False,NONE
+919897948611,Jio 5G,JH,CUST_0002763,DEV_0002763,2023-01-10,False,False,NONE
+919847623112,Vodafone Idea (Vi),RJ,CUST_0002764,DEV_0002764,2023-01-10,False,False,NONE
+919821127182,BSNL Mobile,KA,CUST_0002765,DEV_0002765,2023-01-10,False,False,NONE
+919843174312,Vodafone Idea (Vi),TS,CUST_0002766,DEV_0002766,2023-01-10,False,False,NONE
+919875156674,Jio 5G,JH,CUST_0002767,DEV_0002767,2023-01-10,False,True,NONE
+919851494202,Vodafone Idea (Vi),KA,CUST_0002768,DEV_0002768,2023-01-10,False,False,NONE
+919856815029,Airtel India,KA,CUST_0002769,DEV_0002769,2023-01-10,False,False,NONE
+919880334882,Vodafone Idea (Vi),HR,CUST_0002770,DEV_0002770,2023-01-10,False,False,NONE
+919876098554,Airtel India,JH,CUST_0002771,DEV_0002771,2023-01-10,False,False,NONE
+919882033299,Vodafone Idea (Vi),WB,CUST_0002772,DEV_0002772,2023-01-10,False,False,NONE
+919847053817,Airtel India,HR,CUST_0002773,DEV_0002773,2023-01-10,False,False,NONE
+919830412411,Vodafone Idea (Vi),RJ,CUST_0002774,DEV_0002774,2023-01-10,False,False,NONE
+919832903009,Vodafone Idea (Vi),MH,CUST_0002775,DEV_0002775,2023-01-10,False,False,NONE
+919875095464,Jio 5G,RJ,CUST_0002776,DEV_0002776,2023-01-10,False,False,NONE
+919888860296,BSNL Mobile,JH,CUST_0002777,DEV_0002777,2023-01-10,False,False,NONE
+919833719244,Jio 5G,KA,CUST_0002778,DEV_0002778,2023-01-10,False,False,NONE
+919834759059,Jio 5G,RJ,CUST_0002779,DEV_0002779,2023-01-10,False,True,NONE
+919898688987,BSNL Mobile,TS,CUST_0002780,DEV_0002780,2023-01-10,False,False,NONE
+919865942067,Jio 5G,DL,CUST_0002781,DEV_0002781,2023-01-10,False,False,NONE
+919887167724,Vodafone Idea (Vi),GJ,CUST_0002782,DEV_0002782,2023-01-10,False,False,NONE
+919890341244,Jio 5G,RJ,CUST_0002783,DEV_0002783,2023-01-10,False,False,NONE
+919886965895,Vodafone Idea (Vi),JH,CUST_0002784,DEV_0002784,2023-01-10,False,False,NONE
+919826588461,Vodafone Idea (Vi),MH,CUST_0002785,DEV_0002785,2023-01-10,False,False,NONE
+919877947915,Vodafone Idea (Vi),KA,CUST_0002786,DEV_0002786,2023-01-10,False,False,NONE
+919899945250,BSNL Mobile,MH,CUST_0002787,DEV_0002787,2023-01-10,False,False,NONE
+919848851766,Vodafone Idea (Vi),HR,CUST_0002788,DEV_0002788,2023-01-10,False,False,NONE
+919844410456,Airtel India,HR,CUST_0002789,DEV_0002789,2023-01-10,False,False,NONE
+919865543657,Airtel India,GJ,CUST_0002790,DEV_0002790,2023-01-10,False,False,NONE
+919813689609,Vodafone Idea (Vi),TS,CUST_0002791,DEV_0002791,2023-01-10,False,False,NONE
+919815771739,Vodafone Idea (Vi),WB,CUST_0002792,DEV_0002792,2023-01-10,False,False,NONE
+919854806156,Airtel India,HR,CUST_0002793,DEV_0002793,2023-01-10,False,False,NONE
+919898016260,Jio 5G,UP,CUST_0002794,DEV_0002794,2023-01-10,False,False,NONE
+919895526784,BSNL Mobile,GJ,CUST_0002795,DEV_0002795,2023-01-10,False,False,NONE
+919827826132,BSNL Mobile,DL,CUST_0002796,DEV_0002796,2023-01-10,False,False,NONE
+919872902310,BSNL Mobile,HR,CUST_0002797,DEV_0002797,2023-01-10,False,False,NONE
+919863059911,Jio 5G,TS,CUST_0002798,DEV_0002798,2023-01-10,False,True,NONE
+919875710257,BSNL Mobile,RJ,CUST_0002799,DEV_0002799,2023-01-10,False,True,NONE
+919848464105,Airtel India,TS,CUST_0002800,DEV_0002800,2023-01-10,False,False,NONE
+919897537908,BSNL Mobile,WB,CUST_0002801,DEV_0002801,2023-01-10,False,False,NONE
+919869085980,Airtel India,WB,CUST_0002802,DEV_0002802,2023-01-10,False,False,NONE
+919867244688,Jio 5G,UP,CUST_0002803,DEV_0002803,2023-01-10,False,False,NONE
+919896872609,BSNL Mobile,HR,CUST_0002804,DEV_0002804,2023-01-10,False,False,NONE
+919830571866,Airtel India,TS,CUST_0002805,DEV_0002805,2023-01-10,False,False,NONE
+919853397456,Jio 5G,UP,CUST_0002806,DEV_0002806,2023-01-10,False,False,NONE
+919827841348,Vodafone Idea (Vi),KA,CUST_0002807,DEV_0002807,2023-01-10,False,False,NONE
+919895390085,Vodafone Idea (Vi),HR,CUST_0002808,DEV_0002808,2023-01-10,False,False,NONE
+919840530250,Vodafone Idea (Vi),DL,CUST_0002809,DEV_0002809,2023-01-10,False,False,NONE
+919881953913,Jio 5G,RJ,CUST_0002810,DEV_0002810,2023-01-10,False,False,NONE
+919892558516,Vodafone Idea (Vi),UP,CUST_0002811,DEV_0002811,2023-01-10,False,False,NONE
+919847428702,Vodafone Idea (Vi),KA,CUST_0002812,DEV_0002812,2023-01-10,False,False,NONE
+919890761180,Airtel India,UP,CUST_0002813,DEV_0002813,2023-01-10,False,False,NONE
+919890711091,BSNL Mobile,GJ,CUST_0002814,DEV_0002814,2023-01-10,False,False,NONE
+919858347156,Vodafone Idea (Vi),MH,CUST_0002815,DEV_0002815,2023-01-10,True,True,NONE
+919847043756,Jio 5G,TS,CUST_0002816,DEV_0002816,2023-01-10,False,False,NONE
+919844384061,Jio 5G,MH,CUST_0002817,DEV_0002817,2023-01-10,False,True,NONE
+919868509275,Jio 5G,HR,CUST_0002818,DEV_0002818,2023-01-10,False,True,NONE
+919865286896,BSNL Mobile,RJ,CUST_0002819,DEV_0002819,2023-01-10,False,False,NONE
+919898976113,BSNL Mobile,HR,CUST_0002820,DEV_0002820,2023-01-10,False,True,NONE
+919815253048,BSNL Mobile,RJ,CUST_0002821,DEV_0002821,2023-01-10,False,False,NONE
+919824329108,Jio 5G,GJ,CUST_0002822,DEV_0002822,2023-01-10,False,False,NONE
+919833032035,Vodafone Idea (Vi),WB,CUST_0002823,DEV_0002823,2023-01-10,False,False,NONE
+919848579222,BSNL Mobile,RJ,CUST_0002824,DEV_0002824,2023-01-10,False,False,NONE
+919892559365,Vodafone Idea (Vi),MH,CUST_0002825,DEV_0002825,2023-01-10,False,False,NONE
+919846812193,Airtel India,KA,CUST_0002826,DEV_0002826,2023-01-10,False,False,NONE
+919856640936,Airtel India,GJ,CUST_0002827,DEV_0002827,2023-01-10,False,False,NONE
+919818003795,Airtel India,TS,CUST_0002828,DEV_0002828,2023-01-10,False,False,NONE
+919836368790,Vodafone Idea (Vi),KA,CUST_0002829,DEV_0002829,2023-01-10,True,True,NONE
+919866531542,Airtel India,TS,CUST_0002830,DEV_0002830,2023-01-10,False,False,NONE
+919897579841,Jio 5G,GJ,CUST_0002831,DEV_0002831,2023-01-10,False,False,NONE
+919874813486,Vodafone Idea (Vi),TS,CUST_0002832,DEV_0002832,2023-01-10,False,False,NONE
+919858014671,Vodafone Idea (Vi),GJ,CUST_0002833,DEV_0002833,2023-01-10,False,False,NONE
+919833384165,Jio 5G,TS,CUST_0002834,DEV_0002834,2023-01-10,False,False,NONE
+919841966844,Jio 5G,JH,CUST_0002835,DEV_0002835,2023-01-10,False,False,NONE
+919811360161,Jio 5G,GJ,CUST_0002836,DEV_0002836,2023-01-10,False,False,NONE
+919863549275,BSNL Mobile,JH,CUST_0002837,DEV_0002837,2023-01-10,False,False,NONE
+919860351509,Vodafone Idea (Vi),WB,CUST_0002838,DEV_0002838,2023-01-10,False,True,NONE
+919844874695,BSNL Mobile,JH,CUST_0002839,DEV_0002839,2023-01-10,False,False,NONE
+919821926423,Jio 5G,KA,CUST_0002840,DEV_0002840,2023-01-10,False,False,NONE
+919857320176,Jio 5G,MH,CUST_0002841,DEV_0002841,2023-01-10,False,False,NONE
+919859748912,BSNL Mobile,TS,CUST_0002842,DEV_0002842,2023-01-10,False,False,NONE
+919827830186,Vodafone Idea (Vi),UP,CUST_0002843,DEV_0002843,2023-01-10,False,False,NONE
+919898946951,Airtel India,JH,CUST_0002844,DEV_0002844,2023-01-10,False,False,NONE
+919842939605,Airtel India,RJ,CUST_0002845,DEV_0002845,2023-01-10,False,False,NONE
+919888363567,Vodafone Idea (Vi),RJ,CUST_0002846,DEV_0002846,2023-01-10,False,True,NONE
+919820247127,Airtel India,DL,CUST_0002847,DEV_0002847,2023-01-10,True,True,NONE
+919882338242,Vodafone Idea (Vi),RJ,CUST_0002848,DEV_0002848,2023-01-10,False,False,NONE
+919875468781,Airtel India,KA,CUST_0002849,DEV_0002849,2023-01-10,False,False,NONE
+919887467826,BSNL Mobile,KA,CUST_0002850,DEV_0002850,2023-01-10,False,False,NONE
+919852975904,Jio 5G,MH,CUST_0002851,DEV_0002851,2023-01-10,False,False,NONE
+919898333711,BSNL Mobile,GJ,CUST_0002852,DEV_0002852,2023-01-10,False,False,NONE
+919825701804,Airtel India,DL,CUST_0002853,DEV_0002853,2023-01-10,False,False,NONE
+919827573894,Jio 5G,JH,CUST_0002854,DEV_0002854,2023-01-10,False,False,NONE
+919863460385,BSNL Mobile,GJ,CUST_0002855,DEV_0002855,2023-01-10,False,False,NONE
+919838844825,Airtel India,TS,CUST_0002856,DEV_0002856,2023-01-10,False,False,NONE
+919812642495,Vodafone Idea (Vi),JH,CUST_0002857,DEV_0002857,2023-01-10,False,True,NONE
+919816080740,BSNL Mobile,JH,CUST_0002858,DEV_0002858,2023-01-10,False,False,NONE
+919876334238,BSNL Mobile,UP,CUST_0002859,DEV_0002859,2023-01-10,False,False,NONE
+919871715806,BSNL Mobile,MH,CUST_0002860,DEV_0002860,2023-01-10,False,False,NONE
+919893239418,BSNL Mobile,DL,CUST_0002861,DEV_0002861,2023-01-10,False,False,NONE
+919840370265,Jio 5G,GJ,CUST_0002862,DEV_0002862,2023-01-10,False,False,NONE
+919877864109,Jio 5G,HR,CUST_0002863,DEV_0002863,2023-01-10,False,False,NONE
+919899122269,Airtel India,KA,CUST_0002864,DEV_0002864,2023-01-10,False,False,NONE
+919868423115,BSNL Mobile,JH,CUST_0002865,DEV_0002865,2023-01-10,False,False,NONE
+919893327321,Vodafone Idea (Vi),RJ,CUST_0002866,DEV_0002866,2023-01-10,False,False,NONE
+919861863065,Vodafone Idea (Vi),JH,CUST_0002867,DEV_0002867,2023-01-10,False,False,NONE
+919894361166,BSNL Mobile,MH,CUST_0002868,DEV_0002868,2023-01-10,False,False,NONE
+919827871131,Airtel India,HR,CUST_0002869,DEV_0002869,2023-01-10,False,False,NONE
+919867841829,Vodafone Idea (Vi),TS,CUST_0002870,DEV_0002870,2023-01-10,False,False,NONE
+919872245135,Airtel India,KA,CUST_0002871,DEV_0002871,2023-01-10,False,False,NONE
+919818710040,Vodafone Idea (Vi),RJ,CUST_0002872,DEV_0002872,2023-01-10,False,False,NONE
+919882806713,BSNL Mobile,TS,CUST_0002873,DEV_0002873,2023-01-10,False,False,NONE
+919885913653,Vodafone Idea (Vi),RJ,CUST_0002874,DEV_0002874,2023-01-10,False,False,NONE
+919849403697,Airtel India,JH,CUST_0002875,DEV_0002875,2023-01-10,False,False,NONE
+919880651518,BSNL Mobile,RJ,CUST_0002876,DEV_0002876,2023-01-10,False,False,NONE
+919879855623,BSNL Mobile,GJ,CUST_0002877,DEV_0002877,2023-01-10,False,False,NONE
+919870901386,BSNL Mobile,HR,CUST_0002878,DEV_0002878,2023-01-10,False,False,NONE
+919869861835,BSNL Mobile,UP,CUST_0002879,DEV_0002879,2023-01-10,False,False,NONE
+919886153569,BSNL Mobile,RJ,CUST_0002880,DEV_0002880,2023-01-10,False,False,NONE
+919858846732,BSNL Mobile,GJ,CUST_0002881,DEV_0002881,2023-01-10,False,False,NONE
+919899191052,Vodafone Idea (Vi),RJ,CUST_0002882,DEV_0002882,2023-01-10,False,False,NONE
+919880634265,Jio 5G,RJ,CUST_0002883,DEV_0002883,2023-01-10,False,False,NONE
+919820271821,BSNL Mobile,DL,CUST_0002884,DEV_0002884,2023-01-10,False,False,NONE
+919838570759,Airtel India,UP,CUST_0002885,DEV_0002885,2023-01-10,False,False,NONE
+919895561381,Airtel India,HR,CUST_0002886,DEV_0002886,2023-01-10,False,True,NONE
+919857715578,Jio 5G,MH,CUST_0002887,DEV_0002887,2023-01-10,False,False,NONE
+919852980087,Vodafone Idea (Vi),UP,CUST_0002888,DEV_0002888,2023-01-10,False,False,NONE
+919889840659,BSNL Mobile,TS,CUST_0002889,DEV_0002889,2023-01-10,False,False,NONE
+919848896080,Jio 5G,WB,CUST_0002890,DEV_0002890,2023-01-10,False,False,NONE
+919847791886,BSNL Mobile,MH,CUST_0002891,DEV_0002891,2023-01-10,False,False,NONE
+919890821467,BSNL Mobile,GJ,CUST_0002892,DEV_0002892,2023-01-10,False,False,NONE
+919862586544,Airtel India,MH,CUST_0002893,DEV_0002893,2023-01-10,False,False,NONE
+919834049299,Vodafone Idea (Vi),MH,CUST_0002894,DEV_0002894,2023-01-10,True,True,NONE
+919881902718,BSNL Mobile,GJ,CUST_0002895,DEV_0002895,2023-01-10,False,False,NONE
+919826562261,Vodafone Idea (Vi),DL,CUST_0002896,DEV_0002896,2023-01-10,False,False,NONE
+919817329985,Jio 5G,UP,CUST_0002897,DEV_0002897,2023-01-10,False,True,NONE
+919884720885,Airtel India,KA,CUST_0002898,DEV_0002898,2023-01-10,False,False,NONE
+919833891238,Jio 5G,DL,CUST_0002899,DEV_0002899,2023-01-10,False,False,NONE
+919878457710,Airtel India,GJ,CUST_0002900,DEV_0002900,2023-01-10,False,False,NONE
+919841765462,Vodafone Idea (Vi),TS,CUST_0002901,DEV_0002901,2023-01-10,False,False,NONE
+919868250465,Airtel India,JH,CUST_0002902,DEV_0002902,2023-01-10,False,False,NONE
+919842489145,BSNL Mobile,RJ,CUST_0002903,DEV_0002903,2023-01-10,False,False,NONE
+919881903411,Jio 5G,UP,CUST_0002904,DEV_0002904,2023-01-10,False,False,NONE
+919840751905,BSNL Mobile,TS,CUST_0002905,DEV_0002905,2023-01-10,False,False,NONE
+919860642746,BSNL Mobile,JH,CUST_0002906,DEV_0002906,2023-01-10,False,False,NONE
+919821810763,Jio 5G,DL,CUST_0002907,DEV_0002907,2023-01-10,False,False,NONE
+919814636458,Jio 5G,DL,CUST_0002908,DEV_0002908,2023-01-10,False,False,NONE
+919854974898,Vodafone Idea (Vi),HR,CUST_0002909,DEV_0002909,2023-01-10,False,False,NONE
+919879819190,Vodafone Idea (Vi),WB,CUST_0002910,DEV_0002910,2023-01-10,False,False,NONE
+919871492333,BSNL Mobile,KA,CUST_0002911,DEV_0002911,2023-01-10,False,False,NONE
+919890631005,BSNL Mobile,JH,CUST_0002912,DEV_0002912,2023-01-10,False,False,NONE
+919812401499,BSNL Mobile,HR,CUST_0002913,DEV_0002913,2023-01-10,False,False,NONE
+919855383750,BSNL Mobile,HR,CUST_0002914,DEV_0002914,2023-01-10,False,False,NONE
+919863308103,Jio 5G,HR,CUST_0002915,DEV_0002915,2023-01-10,False,False,NONE
+919821333732,Vodafone Idea (Vi),UP,CUST_0002916,DEV_0002916,2023-01-10,False,False,NONE
+919861126301,Airtel India,KA,CUST_0002917,DEV_0002917,2023-01-10,False,False,NONE
+919890885129,Airtel India,KA,CUST_0002918,DEV_0002918,2023-01-10,False,False,NONE
+919855673664,Vodafone Idea (Vi),WB,CUST_0002919,DEV_0002919,2023-01-10,False,False,NONE
+919862986743,Jio 5G,WB,CUST_0002920,DEV_0002920,2023-01-10,False,False,NONE
+919886476278,Airtel India,WB,CUST_0002921,DEV_0002921,2023-01-10,False,False,NONE
+919849756912,Vodafone Idea (Vi),JH,CUST_0002922,DEV_0002922,2023-01-10,False,False,NONE
+919873101862,Vodafone Idea (Vi),GJ,CUST_0002923,DEV_0002923,2023-01-10,False,False,NONE
+919877898384,Airtel India,TS,CUST_0002924,DEV_0002924,2023-01-10,False,False,NONE
+919842121698,BSNL Mobile,HR,CUST_0002925,DEV_0002925,2023-01-10,False,False,NONE
+919831126281,Vodafone Idea (Vi),MH,CUST_0002926,DEV_0002926,2023-01-10,False,False,NONE
+919821507941,Jio 5G,MH,CUST_0002927,DEV_0002927,2023-01-10,False,False,NONE
+919853778611,Airtel India,UP,CUST_0002928,DEV_0002928,2023-01-10,False,False,NONE
+919873244601,Vodafone Idea (Vi),DL,CUST_0002929,DEV_0002929,2023-01-10,False,False,NONE
+919845582372,Jio 5G,HR,CUST_0002930,DEV_0002930,2023-01-10,False,False,NONE
+919885681162,Jio 5G,DL,CUST_0002931,DEV_0002931,2023-01-10,False,False,NONE
+919873661527,Airtel India,TS,CUST_0002932,DEV_0002932,2023-01-10,False,True,NONE
+919849117098,Jio 5G,GJ,CUST_0002933,DEV_0002933,2023-01-10,False,False,NONE
+919831405087,Jio 5G,JH,CUST_0002934,DEV_0002934,2023-01-10,True,True,NONE
+919839605968,Vodafone Idea (Vi),JH,CUST_0002935,DEV_0002935,2023-01-10,False,True,NONE
+919875614071,Jio 5G,RJ,CUST_0002936,DEV_0002936,2023-01-10,False,False,NONE
+919835550534,BSNL Mobile,TS,CUST_0002937,DEV_0002937,2023-01-10,False,False,NONE
+919896921352,Vodafone Idea (Vi),JH,CUST_0002938,DEV_0002938,2023-01-10,False,False,NONE
+919830904419,Vodafone Idea (Vi),KA,CUST_0002939,DEV_0002939,2023-01-10,False,False,NONE
+919830837096,Jio 5G,MH,CUST_0002940,DEV_0002940,2023-01-10,False,False,NONE
+919850141840,Jio 5G,WB,CUST_0002941,DEV_0002941,2023-01-10,False,True,NONE
+919845349941,Airtel India,KA,CUST_0002942,DEV_0002942,2023-01-10,True,True,NONE
+919864116236,BSNL Mobile,MH,CUST_0002943,DEV_0002943,2023-01-10,False,False,NONE
+919814243573,Vodafone Idea (Vi),MH,CUST_0002944,DEV_0002944,2023-01-10,False,False,NONE
+919812425407,Vodafone Idea (Vi),KA,CUST_0002945,DEV_0002945,2023-01-10,False,False,NONE
+919898092770,BSNL Mobile,MH,CUST_0002946,DEV_0002946,2023-01-10,False,False,NONE
+919897749129,BSNL Mobile,WB,CUST_0002947,DEV_0002947,2023-01-10,False,False,NONE
+919880745668,Vodafone Idea (Vi),HR,CUST_0002948,DEV_0002948,2023-01-10,False,False,NONE
+919870912266,Vodafone Idea (Vi),TS,CUST_0002949,DEV_0002949,2023-01-10,False,False,NONE
+919840450860,Vodafone Idea (Vi),GJ,CUST_0002950,DEV_0002950,2023-01-10,False,False,NONE
+919871280077,BSNL Mobile,MH,CUST_0002951,DEV_0002951,2023-01-10,False,False,NONE
+919851157317,BSNL Mobile,JH,CUST_0002952,DEV_0002952,2023-01-10,False,False,NONE
+919877735785,Jio 5G,JH,CUST_0002953,DEV_0002953,2023-01-10,False,False,NONE
+919899392901,Airtel India,GJ,CUST_0002954,DEV_0002954,2023-01-10,False,False,NONE
+919884069821,Airtel India,MH,CUST_0002955,DEV_0002955,2023-01-10,False,False,NONE
+919898353085,BSNL Mobile,TS,CUST_0002956,DEV_0002956,2023-01-10,False,False,NONE
+919812574168,Vodafone Idea (Vi),WB,CUST_0002957,DEV_0002957,2023-01-10,False,False,NONE
+919861707367,Vodafone Idea (Vi),WB,CUST_0002958,DEV_0002958,2023-01-10,False,False,NONE
+919849373842,Vodafone Idea (Vi),HR,CUST_0002959,DEV_0002959,2023-01-10,False,False,NONE
+919811261596,Airtel India,TS,CUST_0002960,DEV_0002960,2023-01-10,False,False,NONE
+919852410005,Vodafone Idea (Vi),WB,CUST_0002961,DEV_0002961,2023-01-10,False,False,NONE
+919840638859,BSNL Mobile,TS,CUST_0002962,DEV_0002962,2023-01-10,True,True,NONE
+919845150416,BSNL Mobile,UP,CUST_0002963,DEV_0002963,2023-01-10,False,False,NONE
+919868439522,Jio 5G,KA,CUST_0002964,DEV_0002964,2023-01-10,False,False,NONE
+919815268492,Jio 5G,TS,CUST_0002965,DEV_0002965,2023-01-10,False,False,NONE
+919831538974,Jio 5G,JH,CUST_0002966,DEV_0002966,2023-01-10,False,False,NONE
+919843645857,Vodafone Idea (Vi),GJ,CUST_0002967,DEV_0002967,2023-01-10,False,False,NONE
+919872383306,Vodafone Idea (Vi),MH,CUST_0002968,DEV_0002968,2023-01-10,False,False,NONE
+919816389556,Airtel India,HR,CUST_0002969,DEV_0002969,2023-01-10,False,False,NONE
+919879150460,Jio 5G,TS,CUST_0002970,DEV_0002970,2023-01-10,False,False,NONE
+919835875339,Vodafone Idea (Vi),RJ,CUST_0002971,DEV_0002971,2023-01-10,False,False,NONE
+919849684896,Jio 5G,GJ,CUST_0002972,DEV_0002972,2023-01-10,False,False,NONE
+919848656433,Airtel India,RJ,CUST_0002973,DEV_0002973,2023-01-10,False,False,NONE
+919867445359,BSNL Mobile,TS,CUST_0002974,DEV_0002974,2023-01-10,False,False,NONE
+919868010468,Jio 5G,DL,CUST_0002975,DEV_0002975,2023-01-10,False,False,NONE
+919835449407,Vodafone Idea (Vi),HR,CUST_0002976,DEV_0002976,2023-01-10,False,True,NONE
+919841345497,BSNL Mobile,TS,CUST_0002977,DEV_0002977,2023-01-10,False,False,NONE
+919817399844,BSNL Mobile,MH,CUST_0002978,DEV_0002978,2023-01-10,False,False,NONE
+919844988156,Jio 5G,RJ,CUST_0002979,DEV_0002979,2023-01-10,False,False,NONE
+919817247511,Jio 5G,KA,CUST_0002980,DEV_0002980,2023-01-10,False,False,NONE
+919849924378,Jio 5G,TS,CUST_0002981,DEV_0002981,2023-01-10,False,False,NONE
+919859631714,Jio 5G,RJ,CUST_0002982,DEV_0002982,2023-01-10,False,False,NONE
+919863187220,Jio 5G,DL,CUST_0002983,DEV_0002983,2023-01-10,False,False,NONE
+919888900318,Jio 5G,TS,CUST_0002984,DEV_0002984,2023-01-10,False,False,NONE
+919861789312,Jio 5G,HR,CUST_0002985,DEV_0002985,2023-01-10,False,False,NONE
+919819173026,Airtel India,GJ,CUST_0002986,DEV_0002986,2023-01-10,False,False,NONE
+919829843929,BSNL Mobile,TS,CUST_0002987,DEV_0002987,2023-01-10,False,False,NONE
+919894698753,Jio 5G,DL,CUST_0002988,DEV_0002988,2023-01-10,False,False,NONE
+919863723292,BSNL Mobile,WB,CUST_0002989,DEV_0002989,2023-01-10,False,False,NONE
+919843435397,Airtel India,KA,CUST_0002990,DEV_0002990,2023-01-10,False,True,NONE
+919893898921,Airtel India,MH,CUST_0002991,DEV_0002991,2023-01-10,False,False,NONE
+919859727135,Vodafone Idea (Vi),RJ,CUST_0002992,DEV_0002992,2023-01-10,False,False,NONE
+919829494715,Vodafone Idea (Vi),MH,CUST_0002993,DEV_0002993,2023-01-10,False,False,NONE
+919854660944,Vodafone Idea (Vi),MH,CUST_0002994,DEV_0002994,2023-01-10,False,False,NONE
+919848182679,BSNL Mobile,TS,CUST_0002995,DEV_0002995,2023-01-10,False,False,NONE
+919873737441,Airtel India,DL,CUST_0002996,DEV_0002996,2023-01-10,False,False,NONE
+919871961355,BSNL Mobile,MH,CUST_0002997,DEV_0002997,2023-01-10,False,False,NONE
+919842976558,BSNL Mobile,UP,CUST_0002998,DEV_0002998,2023-01-10,False,False,NONE
+919880055534,Jio 5G,DL,CUST_0002999,DEV_0002999,2023-01-10,False,False,NONE
+919824599802,Jio 5G,TS,CUST_0003000,DEV_0003000,2023-01-10,True,True,NONE
+919879549461,Jio 5G,KA,CUST_0003001,DEV_0003001,2023-01-10,False,False,NONE
+919839301822,Airtel India,TS,CUST_0003002,DEV_0003002,2023-01-10,False,False,NONE
+919858536642,BSNL Mobile,MH,CUST_0003003,DEV_0003003,2023-01-10,False,False,NONE
+919836078314,Vodafone Idea (Vi),GJ,CUST_0003004,DEV_0003004,2023-01-10,False,False,NONE
+919877382745,Airtel India,RJ,CUST_0003005,DEV_0003005,2023-01-10,False,False,NONE
+919854866170,Jio 5G,HR,CUST_0003006,DEV_0003006,2023-01-10,False,False,NONE
+919885803067,Vodafone Idea (Vi),TS,CUST_0003007,DEV_0003007,2023-01-10,False,False,NONE
+919890032984,Airtel India,TS,CUST_0003008,DEV_0003008,2023-01-10,False,False,NONE
+919839230216,BSNL Mobile,WB,CUST_0003009,DEV_0003009,2023-01-10,False,False,NONE
+919825020958,BSNL Mobile,UP,CUST_0003010,DEV_0003010,2023-01-10,False,False,NONE
+919837428246,BSNL Mobile,RJ,CUST_0003011,DEV_0003011,2023-01-10,False,False,NONE
+919820082418,Airtel India,WB,CUST_0003012,DEV_0003012,2023-01-10,False,False,NONE
+919826919894,Jio 5G,MH,CUST_0003013,DEV_0003013,2023-01-10,False,False,NONE
+919823646118,Airtel India,JH,CUST_0003014,DEV_0003014,2023-01-10,False,False,NONE
+919853252694,Airtel India,HR,CUST_0003015,DEV_0003015,2023-01-10,False,True,NONE
+919846876054,BSNL Mobile,UP,CUST_0003016,DEV_0003016,2023-01-10,False,False,NONE
+919833039157,Jio 5G,KA,CUST_0003017,DEV_0003017,2023-01-10,False,False,NONE
+919893705392,Jio 5G,HR,CUST_0003018,DEV_0003018,2023-01-10,False,False,NONE
+919845136315,Airtel India,JH,CUST_0003019,DEV_0003019,2023-01-10,False,False,NONE
+919818604475,Airtel India,UP,CUST_0003020,DEV_0003020,2023-01-10,False,False,NONE
+919880180164,Airtel India,RJ,CUST_0003021,DEV_0003021,2023-01-10,False,False,NONE
+919812632334,Vodafone Idea (Vi),MH,CUST_0003022,DEV_0003022,2023-01-10,False,False,NONE
+919868485693,Vodafone Idea (Vi),HR,CUST_0003023,DEV_0003023,2023-01-10,False,False,NONE
+919843568137,Vodafone Idea (Vi),TS,CUST_0003024,DEV_0003024,2023-01-10,False,False,NONE
+919864164414,Jio 5G,MH,CUST_0003025,DEV_0003025,2023-01-10,False,False,NONE
+919883766867,Airtel India,TS,CUST_0003026,DEV_0003026,2023-01-10,False,False,NONE
+919899342573,BSNL Mobile,TS,CUST_0003027,DEV_0003027,2023-01-10,False,False,NONE
+919836381118,Airtel India,DL,CUST_0003028,DEV_0003028,2023-01-10,False,False,NONE
+919812884127,Jio 5G,KA,CUST_0003029,DEV_0003029,2023-01-10,False,False,NONE
+919858571076,BSNL Mobile,HR,CUST_0003030,DEV_0003030,2023-01-10,False,False,NONE
+919821659333,BSNL Mobile,UP,CUST_0003031,DEV_0003031,2023-01-10,False,False,NONE
+919829570130,Vodafone Idea (Vi),JH,CUST_0003032,DEV_0003032,2023-01-10,False,True,NONE
+919838400842,Airtel India,TS,CUST_0003033,DEV_0003033,2023-01-10,False,False,NONE
+919836947634,BSNL Mobile,TS,CUST_0003034,DEV_0003034,2023-01-10,False,False,NONE
+919850013985,Vodafone Idea (Vi),KA,CUST_0003035,DEV_0003035,2023-01-10,True,True,NONE
+919846161996,Airtel India,GJ,CUST_0003036,DEV_0003036,2023-01-10,False,False,NONE
+919873536126,Airtel India,HR,CUST_0003037,DEV_0003037,2023-01-10,False,False,NONE
+919895032633,Vodafone Idea (Vi),HR,CUST_0003038,DEV_0003038,2023-01-10,False,False,NONE
+919861245363,Vodafone Idea (Vi),WB,CUST_0003039,DEV_0003039,2023-01-10,False,False,NONE
+919894273674,Airtel India,RJ,CUST_0003040,DEV_0003040,2023-01-10,False,False,NONE
+919833087256,Vodafone Idea (Vi),KA,CUST_0003041,DEV_0003041,2023-01-10,False,False,NONE
+919861355525,BSNL Mobile,JH,CUST_0003042,DEV_0003042,2023-01-10,False,False,NONE
+919830431138,Vodafone Idea (Vi),HR,CUST_0003043,DEV_0003043,2023-01-10,True,True,NONE
+919830394740,Jio 5G,DL,CUST_0003044,DEV_0003044,2023-01-10,False,False,NONE
+919810145961,Airtel India,DL,CUST_0003045,DEV_0003045,2023-01-10,False,False,NONE
+919894179877,Vodafone Idea (Vi),JH,CUST_0003046,DEV_0003046,2023-01-10,False,False,NONE
+919894664625,BSNL Mobile,MH,CUST_0003047,DEV_0003047,2023-01-10,False,False,NONE
+919878152888,Airtel India,MH,CUST_0003048,DEV_0003048,2023-01-10,False,False,NONE
+919840005337,BSNL Mobile,HR,CUST_0003049,DEV_0003049,2023-01-10,False,False,NONE
+919832407674,Jio 5G,HR,CUST_0003050,DEV_0003050,2023-01-10,False,False,NONE
+919821691417,BSNL Mobile,TS,CUST_0003051,DEV_0003051,2023-01-10,False,False,NONE
+919821496382,Airtel India,RJ,CUST_0003052,DEV_0003052,2023-01-10,False,False,NONE
+919887697633,Jio 5G,HR,CUST_0003053,DEV_0003053,2023-01-10,False,False,NONE
+919830460088,Jio 5G,MH,CUST_0003054,DEV_0003054,2023-01-10,False,False,NONE
+919878188877,Vodafone Idea (Vi),GJ,CUST_0003055,DEV_0003055,2023-01-10,False,False,NONE
+919843239006,BSNL Mobile,GJ,CUST_0003056,DEV_0003056,2023-01-10,True,True,NONE
+919811525699,BSNL Mobile,HR,CUST_0003057,DEV_0003057,2023-01-10,False,False,NONE
+919833518871,BSNL Mobile,TS,CUST_0003058,DEV_0003058,2023-01-10,False,False,NONE
+919848953490,Airtel India,DL,CUST_0003059,DEV_0003059,2023-01-10,False,False,NONE
+919825747366,Jio 5G,KA,CUST_0003060,DEV_0003060,2023-01-10,False,True,NONE
+919829947596,BSNL Mobile,DL,CUST_0003061,DEV_0003061,2023-01-10,False,False,NONE
+919854551112,Jio 5G,WB,CUST_0003062,DEV_0003062,2023-01-10,False,False,NONE
+919849593906,Airtel India,KA,CUST_0003063,DEV_0003063,2023-01-10,False,True,NONE
+919836362471,Jio 5G,HR,CUST_0003064,DEV_0003064,2023-01-10,False,False,NONE
+919878898796,Jio 5G,WB,CUST_0003065,DEV_0003065,2023-01-10,False,False,NONE
+919834592234,BSNL Mobile,KA,CUST_0003066,DEV_0003066,2023-01-10,False,False,NONE
+919844480597,BSNL Mobile,TS,CUST_0003067,DEV_0003067,2023-01-10,False,False,NONE
+919887067427,Vodafone Idea (Vi),KA,CUST_0003068,DEV_0003068,2023-01-10,False,False,NONE
+919843016284,Jio 5G,GJ,CUST_0003069,DEV_0003069,2023-01-10,False,True,NONE
+919867863471,Jio 5G,KA,CUST_0003070,DEV_0003070,2023-01-10,False,False,NONE
+919866328093,Jio 5G,WB,CUST_0003071,DEV_0003071,2023-01-10,False,False,NONE
+919898219613,BSNL Mobile,GJ,CUST_0003072,DEV_0003072,2023-01-10,False,False,NONE
+919835482111,Airtel India,WB,CUST_0003073,DEV_0003073,2023-01-10,False,False,NONE
+919854375765,Airtel India,DL,CUST_0003074,DEV_0003074,2023-01-10,False,False,NONE
+919828181347,Vodafone Idea (Vi),TS,CUST_0003075,DEV_0003075,2023-01-10,False,False,NONE
+919828732344,Vodafone Idea (Vi),JH,CUST_0003076,DEV_0003076,2023-01-10,False,False,NONE
+919826558264,Airtel India,UP,CUST_0003077,DEV_0003077,2023-01-10,False,False,NONE
+919892259397,BSNL Mobile,HR,CUST_0003078,DEV_0003078,2023-01-10,False,False,NONE
+919850342216,BSNL Mobile,HR,CUST_0003079,DEV_0003079,2023-01-10,False,False,NONE
+919815940484,BSNL Mobile,KA,CUST_0003080,DEV_0003080,2023-01-10,False,False,NONE
+919837505702,BSNL Mobile,HR,CUST_0003081,DEV_0003081,2023-01-10,False,False,NONE
+919851966675,Jio 5G,UP,CUST_0003082,DEV_0003082,2023-01-10,False,False,NONE
+919870501467,Jio 5G,WB,CUST_0003083,DEV_0003083,2023-01-10,False,True,NONE
+919815576906,BSNL Mobile,KA,CUST_0003084,DEV_0003084,2023-01-10,False,False,NONE
+919861758890,Airtel India,JH,CUST_0003085,DEV_0003085,2023-01-10,False,False,NONE
+919873198094,Vodafone Idea (Vi),DL,CUST_0003086,DEV_0003086,2023-01-10,False,False,NONE
+919867902593,BSNL Mobile,MH,CUST_0003087,DEV_0003087,2023-01-10,False,False,NONE
+919894858435,Jio 5G,HR,CUST_0003088,DEV_0003088,2023-01-10,False,True,NONE
+919841970258,Vodafone Idea (Vi),DL,CUST_0003089,DEV_0003089,2023-01-10,False,False,NONE
+919819800061,Jio 5G,GJ,CUST_0003090,DEV_0003090,2023-01-10,False,False,NONE
+919830500241,Vodafone Idea (Vi),MH,CUST_0003091,DEV_0003091,2023-01-10,False,False,NONE
+919840897276,Vodafone Idea (Vi),HR,CUST_0003092,DEV_0003092,2023-01-10,False,False,NONE
+919842028857,Jio 5G,UP,CUST_0003093,DEV_0003093,2023-01-10,False,False,NONE
+919893499835,Jio 5G,UP,CUST_0003094,DEV_0003094,2023-01-10,False,False,NONE
+919837503451,BSNL Mobile,MH,CUST_0003095,DEV_0003095,2023-01-10,False,False,NONE
+919847707737,Jio 5G,HR,CUST_0003096,DEV_0003096,2023-01-10,False,False,NONE
+919850742859,Airtel India,GJ,CUST_0003097,DEV_0003097,2023-01-10,False,False,NONE
+919875872398,Jio 5G,UP,CUST_0003098,DEV_0003098,2023-01-10,False,False,NONE
+919817652794,Vodafone Idea (Vi),DL,CUST_0003099,DEV_0003099,2023-01-10,False,False,NONE
+919815946113,Airtel India,KA,CUST_0003100,DEV_0003100,2023-01-10,False,True,NONE
+919897062882,BSNL Mobile,DL,CUST_0003101,DEV_0003101,2023-01-10,False,False,NONE
+919895078616,Airtel India,JH,CUST_0003102,DEV_0003102,2023-01-10,False,False,NONE
+919872833687,Airtel India,DL,CUST_0003103,DEV_0003103,2023-01-10,False,False,NONE
+919848966099,Vodafone Idea (Vi),WB,CUST_0003104,DEV_0003104,2023-01-10,False,False,NONE
+919839225547,BSNL Mobile,MH,CUST_0003105,DEV_0003105,2023-01-10,False,False,NONE
+919888902023,BSNL Mobile,RJ,CUST_0003106,DEV_0003106,2023-01-10,False,False,NONE
+919835050964,BSNL Mobile,HR,CUST_0003107,DEV_0003107,2023-01-10,False,False,NONE
+919833994475,Vodafone Idea (Vi),DL,CUST_0003108,DEV_0003108,2023-01-10,False,False,NONE
+919896897803,Jio 5G,HR,CUST_0003109,DEV_0003109,2023-01-10,False,False,NONE
+919814235030,BSNL Mobile,GJ,CUST_0003110,DEV_0003110,2023-01-10,False,False,NONE
+919859908477,Airtel India,GJ,CUST_0003111,DEV_0003111,2023-01-10,False,False,NONE
+919850856410,Vodafone Idea (Vi),HR,CUST_0003112,DEV_0003112,2023-01-10,False,False,NONE
+919820246951,BSNL Mobile,TS,CUST_0003113,DEV_0003113,2023-01-10,False,False,NONE
+919889614442,Airtel India,RJ,CUST_0003114,DEV_0003114,2023-01-10,False,False,NONE
+919888493817,Airtel India,DL,CUST_0003115,DEV_0003115,2023-01-10,False,False,NONE
+919894452379,Vodafone Idea (Vi),RJ,CUST_0003116,DEV_0003116,2023-01-10,False,False,NONE
+919823667888,Airtel India,DL,CUST_0003117,DEV_0003117,2023-01-10,False,False,NONE
+919822136926,Vodafone Idea (Vi),WB,CUST_0003118,DEV_0003118,2023-01-10,False,False,NONE
+919886055281,BSNL Mobile,KA,CUST_0003119,DEV_0003119,2023-01-10,False,False,NONE
+919894079559,Airtel India,TS,CUST_0003120,DEV_0003120,2023-01-10,False,False,NONE
+919869117861,Vodafone Idea (Vi),WB,CUST_0003121,DEV_0003121,2023-01-10,False,False,NONE
+919853493383,Vodafone Idea (Vi),KA,CUST_0003122,DEV_0003122,2023-01-10,False,False,NONE
+919831323021,Jio 5G,RJ,CUST_0003123,DEV_0003123,2023-01-10,False,False,NONE
+919832357259,BSNL Mobile,HR,CUST_0003124,DEV_0003124,2023-01-10,False,False,NONE
+919838057424,Jio 5G,JH,CUST_0003125,DEV_0003125,2023-01-10,False,False,NONE
+919882407032,Airtel India,TS,CUST_0003126,DEV_0003126,2023-01-10,False,False,NONE
+919839188338,Vodafone Idea (Vi),JH,CUST_0003127,DEV_0003127,2023-01-10,False,False,NONE
+919827444169,BSNL Mobile,JH,CUST_0003128,DEV_0003128,2023-01-10,False,False,NONE
+919839433082,Airtel India,WB,CUST_0003129,DEV_0003129,2023-01-10,False,False,NONE
+919848762491,Airtel India,TS,CUST_0003130,DEV_0003130,2023-01-10,False,False,NONE
+919897878385,BSNL Mobile,GJ,CUST_0003131,DEV_0003131,2023-01-10,False,False,NONE
+919888553515,Jio 5G,TS,CUST_0003132,DEV_0003132,2023-01-10,False,False,NONE
+919881712798,BSNL Mobile,GJ,CUST_0003133,DEV_0003133,2023-01-10,False,False,NONE
+919815251752,Vodafone Idea (Vi),JH,CUST_0003134,DEV_0003134,2023-01-10,False,False,NONE
+919855233904,Vodafone Idea (Vi),KA,CUST_0003135,DEV_0003135,2023-01-10,False,False,NONE
+919878847437,BSNL Mobile,UP,CUST_0003136,DEV_0003136,2023-01-10,False,False,NONE
+919817199948,Vodafone Idea (Vi),TS,CUST_0003137,DEV_0003137,2023-01-10,True,True,NONE
+919878596374,Jio 5G,KA,CUST_0003138,DEV_0003138,2023-01-10,True,True,NONE
+919842143074,Vodafone Idea (Vi),HR,CUST_0003139,DEV_0003139,2023-01-10,False,False,NONE
+919892371608,BSNL Mobile,JH,CUST_0003140,DEV_0003140,2023-01-10,False,False,NONE
+919848455160,BSNL Mobile,MH,CUST_0003141,DEV_0003141,2023-01-10,False,False,NONE
+919893291384,Vodafone Idea (Vi),GJ,CUST_0003142,DEV_0003142,2023-01-10,False,False,NONE
+919874161906,Airtel India,WB,CUST_0003143,DEV_0003143,2023-01-10,True,True,NONE
+919869195602,Vodafone Idea (Vi),TS,CUST_0003144,DEV_0003144,2023-01-10,False,False,NONE
+919859118497,Jio 5G,KA,CUST_0003145,DEV_0003145,2023-01-10,False,False,NONE
+919860280481,Vodafone Idea (Vi),TS,CUST_0003146,DEV_0003146,2023-01-10,True,True,NONE
+919896126477,Airtel India,DL,CUST_0003147,DEV_0003147,2023-01-10,False,True,NONE
+919846817771,Jio 5G,JH,CUST_0003148,DEV_0003148,2023-01-10,False,False,NONE
+919851657475,Jio 5G,HR,CUST_0003149,DEV_0003149,2023-01-10,False,False,NONE
+919871903077,Vodafone Idea (Vi),HR,CUST_0003150,DEV_0003150,2023-01-10,False,False,NONE
+919898724887,Jio 5G,UP,CUST_0003151,DEV_0003151,2023-01-10,False,False,NONE
+919890731547,Jio 5G,TS,CUST_0003152,DEV_0003152,2023-01-10,False,False,NONE
+919852920567,Airtel India,UP,CUST_0003153,DEV_0003153,2023-01-10,False,True,NONE
+919850856393,Jio 5G,RJ,CUST_0003154,DEV_0003154,2023-01-10,False,False,NONE
+919820462952,Jio 5G,UP,CUST_0003155,DEV_0003155,2023-01-10,False,False,NONE
+919839597534,BSNL Mobile,JH,CUST_0003156,DEV_0003156,2023-01-10,False,False,NONE
+919844713519,Vodafone Idea (Vi),WB,CUST_0003157,DEV_0003157,2023-01-10,False,False,NONE
+919838399154,Airtel India,KA,CUST_0003158,DEV_0003158,2023-01-10,False,False,NONE
+919817459471,Jio 5G,DL,CUST_0003159,DEV_0003159,2023-01-10,False,False,NONE
+919841909448,Vodafone Idea (Vi),TS,CUST_0003160,DEV_0003160,2023-01-10,False,False,NONE
+919872585023,BSNL Mobile,RJ,CUST_0003161,DEV_0003161,2023-01-10,False,False,NONE
+919873826599,Jio 5G,GJ,CUST_0003162,DEV_0003162,2023-01-10,False,False,NONE
+919859129732,BSNL Mobile,HR,CUST_0003163,DEV_0003163,2023-01-10,False,False,NONE
+919869578797,Airtel India,TS,CUST_0003164,DEV_0003164,2023-01-10,True,True,NONE
+919859805127,BSNL Mobile,GJ,CUST_0003165,DEV_0003165,2023-01-10,False,False,NONE
+919845260074,Airtel India,MH,CUST_0003166,DEV_0003166,2023-01-10,False,False,NONE
+919873300360,Jio 5G,GJ,CUST_0003167,DEV_0003167,2023-01-10,False,False,NONE
+919820297202,Jio 5G,WB,CUST_0003168,DEV_0003168,2023-01-10,False,False,NONE
+919811133095,Airtel India,WB,CUST_0003169,DEV_0003169,2023-01-10,False,False,NONE
+919838357179,Jio 5G,UP,CUST_0003170,DEV_0003170,2023-01-10,False,False,NONE
+919864935591,Vodafone Idea (Vi),WB,CUST_0003171,DEV_0003171,2023-01-10,False,False,NONE
+919858998058,Vodafone Idea (Vi),JH,CUST_0003172,DEV_0003172,2023-01-10,False,False,NONE
+919834094061,Jio 5G,HR,CUST_0003173,DEV_0003173,2023-01-10,True,True,NONE
+919855844679,Vodafone Idea (Vi),TS,CUST_0003174,DEV_0003174,2023-01-10,False,False,NONE
+919890822204,BSNL Mobile,JH,CUST_0003175,DEV_0003175,2023-01-10,False,False,NONE
+919848962204,BSNL Mobile,DL,CUST_0003176,DEV_0003176,2023-01-10,False,False,NONE
+919888643367,Airtel India,DL,CUST_0003177,DEV_0003177,2023-01-10,False,False,NONE
+919838181512,Jio 5G,WB,CUST_0003178,DEV_0003178,2023-01-10,False,False,NONE
+919894588125,Vodafone Idea (Vi),TS,CUST_0003179,DEV_0003179,2023-01-10,False,True,NONE
+919815891543,Jio 5G,GJ,CUST_0003180,DEV_0003180,2023-01-10,False,False,NONE
+919824502744,Airtel India,TS,CUST_0003181,DEV_0003181,2023-01-10,False,False,NONE
+919859353505,Jio 5G,MH,CUST_0003182,DEV_0003182,2023-01-10,False,True,NONE
+919811095252,BSNL Mobile,MH,CUST_0003183,DEV_0003183,2023-01-10,False,True,NONE
+919884503810,BSNL Mobile,DL,CUST_0003184,DEV_0003184,2023-01-10,False,False,NONE
+919832959564,Airtel India,JH,CUST_0003185,DEV_0003185,2023-01-10,False,False,NONE
+919883745187,Jio 5G,HR,CUST_0003186,DEV_0003186,2023-01-10,False,False,NONE
+919853439216,Jio 5G,KA,CUST_0003187,DEV_0003187,2023-01-10,False,False,NONE
+919844446477,Airtel India,UP,CUST_0003188,DEV_0003188,2023-01-10,False,False,NONE
+919878885676,Vodafone Idea (Vi),JH,CUST_0003189,DEV_0003189,2023-01-10,False,False,NONE
+919811228468,Airtel India,MH,CUST_0003190,DEV_0003190,2023-01-10,False,False,NONE
+919859884374,Jio 5G,TS,CUST_0003191,DEV_0003191,2023-01-10,False,False,NONE
+919853163979,BSNL Mobile,RJ,CUST_0003192,DEV_0003192,2023-01-10,False,False,NONE
+919810448912,Vodafone Idea (Vi),MH,CUST_0003193,DEV_0003193,2023-01-10,False,False,NONE
+919854985977,Vodafone Idea (Vi),UP,CUST_0003194,DEV_0003194,2023-01-10,False,False,NONE
+919898505043,Vodafone Idea (Vi),HR,CUST_0003195,DEV_0003195,2023-01-10,False,False,NONE
+919858461959,Vodafone Idea (Vi),HR,CUST_0003196,DEV_0003196,2023-01-10,False,False,NONE
+919890325450,BSNL Mobile,HR,CUST_0003197,DEV_0003197,2023-01-10,False,False,NONE
+919821006857,Jio 5G,WB,CUST_0003198,DEV_0003198,2023-01-10,False,False,NONE
+919878251447,Jio 5G,WB,CUST_0003199,DEV_0003199,2023-01-10,False,False,NONE
+919845807217,BSNL Mobile,DL,CUST_0003200,DEV_0003200,2023-01-10,False,False,NONE
+919864147284,Vodafone Idea (Vi),GJ,CUST_0003201,DEV_0003201,2023-01-10,False,False,NONE
+919896691709,BSNL Mobile,GJ,CUST_0003202,DEV_0003202,2023-01-10,False,False,NONE
+919868482611,Airtel India,MH,CUST_0003203,DEV_0003203,2023-01-10,False,False,NONE
+919899554045,Jio 5G,MH,CUST_0003204,DEV_0003204,2023-01-10,False,False,NONE
+919861941363,Airtel India,HR,CUST_0003205,DEV_0003205,2023-01-10,False,False,NONE
+919832003228,Jio 5G,KA,CUST_0003206,DEV_0003206,2023-01-10,False,False,NONE
+919857324223,Vodafone Idea (Vi),RJ,CUST_0003207,DEV_0003207,2023-01-10,False,False,NONE
+919863932945,Airtel India,HR,CUST_0003208,DEV_0003208,2023-01-10,False,False,NONE
+919880938841,Vodafone Idea (Vi),UP,CUST_0003209,DEV_0003209,2023-01-10,False,False,NONE
+919854302536,BSNL Mobile,MH,CUST_0003210,DEV_0003210,2023-01-10,False,False,NONE
+919894109465,Jio 5G,UP,CUST_0003211,DEV_0003211,2023-01-10,False,False,NONE
+919830961334,Vodafone Idea (Vi),RJ,CUST_0003212,DEV_0003212,2023-01-10,False,False,NONE
+919846641898,Airtel India,TS,CUST_0003213,DEV_0003213,2023-01-10,False,False,NONE
+919896779323,Jio 5G,DL,CUST_0003214,DEV_0003214,2023-01-10,False,False,NONE
+919839647832,Vodafone Idea (Vi),RJ,CUST_0003215,DEV_0003215,2023-01-10,False,False,NONE
+919855448613,Vodafone Idea (Vi),JH,CUST_0003216,DEV_0003216,2023-01-10,False,False,NONE
+919876933338,Vodafone Idea (Vi),WB,CUST_0003217,DEV_0003217,2023-01-10,False,True,NONE
+919879890746,BSNL Mobile,HR,CUST_0003218,DEV_0003218,2023-01-10,False,False,NONE
+919849873368,Vodafone Idea (Vi),WB,CUST_0003219,DEV_0003219,2023-01-10,False,False,NONE
+919830108114,Jio 5G,WB,CUST_0003220,DEV_0003220,2023-01-10,False,False,NONE
+919891801919,Vodafone Idea (Vi),JH,CUST_0003221,DEV_0003221,2023-01-10,False,False,NONE
+919876821208,Jio 5G,GJ,CUST_0003222,DEV_0003222,2023-01-10,False,False,NONE
+919862649907,Airtel India,DL,CUST_0003223,DEV_0003223,2023-01-10,False,False,NONE
+919854068765,BSNL Mobile,JH,CUST_0003224,DEV_0003224,2023-01-10,False,False,NONE
+919827388689,Airtel India,DL,CUST_0003225,DEV_0003225,2023-01-10,False,False,NONE
+919857981206,Vodafone Idea (Vi),RJ,CUST_0003226,DEV_0003226,2023-01-10,False,False,NONE
+919869486912,Vodafone Idea (Vi),HR,CUST_0003227,DEV_0003227,2023-01-10,False,False,NONE
+919862122889,Jio 5G,KA,CUST_0003228,DEV_0003228,2023-01-10,False,False,NONE
+919857147163,Vodafone Idea (Vi),MH,CUST_0003229,DEV_0003229,2023-01-10,False,False,NONE
+919894453137,Airtel India,JH,CUST_0003230,DEV_0003230,2023-01-10,False,False,NONE
+919810492771,Jio 5G,GJ,CUST_0003231,DEV_0003231,2023-01-10,False,False,NONE
+919881129531,Vodafone Idea (Vi),KA,CUST_0003232,DEV_0003232,2023-01-10,False,False,NONE
+919888768309,Jio 5G,JH,CUST_0003233,DEV_0003233,2023-01-10,False,False,NONE
+919849211811,Airtel India,KA,CUST_0003234,DEV_0003234,2023-01-10,False,False,NONE
+919876340629,BSNL Mobile,HR,CUST_0003235,DEV_0003235,2023-01-10,False,False,NONE
+919830632400,Airtel India,MH,CUST_0003236,DEV_0003236,2023-01-10,False,False,NONE
+919823244289,BSNL Mobile,TS,CUST_0003237,DEV_0003237,2023-01-10,False,False,NONE
+919875970339,Vodafone Idea (Vi),TS,CUST_0003238,DEV_0003238,2023-01-10,False,False,NONE
+919821179171,Vodafone Idea (Vi),GJ,CUST_0003239,DEV_0003239,2023-01-10,False,False,NONE
+919898951828,Jio 5G,HR,CUST_0003240,DEV_0003240,2023-01-10,False,False,NONE
+919819895351,Jio 5G,WB,CUST_0003241,DEV_0003241,2023-01-10,False,False,NONE
+919870899598,BSNL Mobile,WB,CUST_0003242,DEV_0003242,2023-01-10,False,False,NONE
+919878327986,Airtel India,UP,CUST_0003243,DEV_0003243,2023-01-10,False,False,NONE
+919831986690,BSNL Mobile,MH,CUST_0003244,DEV_0003244,2023-01-10,False,False,NONE
+919894178227,Airtel India,GJ,CUST_0003245,DEV_0003245,2023-01-10,False,False,NONE
+919856326574,Vodafone Idea (Vi),GJ,CUST_0003246,DEV_0003246,2023-01-10,False,False,NONE
+919818850126,Airtel India,GJ,CUST_0003247,DEV_0003247,2023-01-10,False,False,NONE
+919843527991,BSNL Mobile,GJ,CUST_0003248,DEV_0003248,2023-01-10,False,False,NONE
+919865360457,BSNL Mobile,TS,CUST_0003249,DEV_0003249,2023-01-10,False,False,NONE
+919859260917,BSNL Mobile,TS,CUST_0003250,DEV_0003250,2023-01-10,False,False,NONE
+919891838984,Vodafone Idea (Vi),DL,CUST_0003251,DEV_0003251,2023-01-10,False,False,NONE
+919865090702,BSNL Mobile,KA,CUST_0003252,DEV_0003252,2023-01-10,False,False,NONE
+919867050738,BSNL Mobile,KA,CUST_0003253,DEV_0003253,2023-01-10,False,True,NONE
+919853265997,Jio 5G,RJ,CUST_0003254,DEV_0003254,2023-01-10,False,False,NONE
+919813552818,BSNL Mobile,UP,CUST_0003255,DEV_0003255,2023-01-10,False,False,NONE
+919898001544,BSNL Mobile,MH,CUST_0003256,DEV_0003256,2023-01-10,False,False,NONE
+919835857539,Airtel India,TS,CUST_0003257,DEV_0003257,2023-01-10,False,True,NONE
+919874764797,Jio 5G,RJ,CUST_0003258,DEV_0003258,2023-01-10,False,False,NONE
+919846143224,Vodafone Idea (Vi),DL,CUST_0003259,DEV_0003259,2023-01-10,False,False,NONE
+919863955858,Vodafone Idea (Vi),MH,CUST_0003260,DEV_0003260,2023-01-10,False,False,NONE
+919870509124,BSNL Mobile,WB,CUST_0003261,DEV_0003261,2023-01-10,False,False,NONE
+919879243062,Jio 5G,GJ,CUST_0003262,DEV_0003262,2023-01-10,False,False,NONE
+919829431523,Airtel India,TS,CUST_0003263,DEV_0003263,2023-01-10,False,True,NONE
+919876178900,Vodafone Idea (Vi),KA,CUST_0003264,DEV_0003264,2023-01-10,False,False,NONE
+919856667823,BSNL Mobile,KA,CUST_0003265,DEV_0003265,2023-01-10,False,False,NONE
+919878966409,Vodafone Idea (Vi),JH,CUST_0003266,DEV_0003266,2023-01-10,False,False,NONE
+919899261219,BSNL Mobile,TS,CUST_0003267,DEV_0003267,2023-01-10,False,True,NONE
+919835595309,Airtel India,MH,CUST_0003268,DEV_0003268,2023-01-10,False,False,NONE
+919874451793,Airtel India,WB,CUST_0003269,DEV_0003269,2023-01-10,False,False,NONE
+919854367309,BSNL Mobile,RJ,CUST_0003270,DEV_0003270,2023-01-10,False,False,NONE
+919834435036,Airtel India,WB,CUST_0003271,DEV_0003271,2023-01-10,False,False,NONE
+919828807383,Airtel India,RJ,CUST_0003272,DEV_0003272,2023-01-10,False,False,NONE
+919864061770,Airtel India,TS,CUST_0003273,DEV_0003273,2023-01-10,False,True,NONE
+919878080502,Vodafone Idea (Vi),KA,CUST_0003274,DEV_0003274,2023-01-10,False,False,NONE
+919879917181,BSNL Mobile,WB,CUST_0003275,DEV_0003275,2023-01-10,False,False,NONE
+919878037478,Vodafone Idea (Vi),JH,CUST_0003276,DEV_0003276,2023-01-10,False,False,NONE
+919818143738,Jio 5G,DL,CUST_0003277,DEV_0003277,2023-01-10,False,False,NONE
+919829568517,Vodafone Idea (Vi),KA,CUST_0003278,DEV_0003278,2023-01-10,False,False,NONE
+919861683875,Jio 5G,WB,CUST_0003279,DEV_0003279,2023-01-10,False,False,NONE
+919890576912,Airtel India,GJ,CUST_0003280,DEV_0003280,2023-01-10,True,True,NONE
+919862767536,BSNL Mobile,WB,CUST_0003281,DEV_0003281,2023-01-10,False,False,NONE
+919824878900,Jio 5G,KA,CUST_0003282,DEV_0003282,2023-01-10,False,False,NONE
+919817450548,Jio 5G,DL,CUST_0003283,DEV_0003283,2023-01-10,False,False,NONE
+919891377122,Airtel India,UP,CUST_0003284,DEV_0003284,2023-01-10,False,False,NONE
+919895965332,Jio 5G,GJ,CUST_0003285,DEV_0003285,2023-01-10,False,False,NONE
+919812731954,BSNL Mobile,JH,CUST_0003286,DEV_0003286,2023-01-10,False,False,NONE
+919827227480,Vodafone Idea (Vi),DL,CUST_0003287,DEV_0003287,2023-01-10,False,False,NONE
+919876505758,Vodafone Idea (Vi),KA,CUST_0003288,DEV_0003288,2023-01-10,False,True,NONE
+919836359502,BSNL Mobile,GJ,CUST_0003289,DEV_0003289,2023-01-10,False,False,NONE
+919814466726,BSNL Mobile,TS,CUST_0003290,DEV_0003290,2023-01-10,False,False,NONE
+919870341783,Jio 5G,GJ,CUST_0003291,DEV_0003291,2023-01-10,False,False,NONE
+919881178307,Vodafone Idea (Vi),KA,CUST_0003292,DEV_0003292,2023-01-10,False,False,NONE
+919879330127,BSNL Mobile,RJ,CUST_0003293,DEV_0003293,2023-01-10,False,False,NONE
+919870014098,BSNL Mobile,HR,CUST_0003294,DEV_0003294,2023-01-10,False,False,NONE
+919818433638,Airtel India,HR,CUST_0003295,DEV_0003295,2023-01-10,False,True,NONE
+919818805700,Airtel India,JH,CUST_0003296,DEV_0003296,2023-01-10,False,False,NONE
+919888898818,Jio 5G,MH,CUST_0003297,DEV_0003297,2023-01-10,False,True,NONE
+919878373349,Jio 5G,GJ,CUST_0003298,DEV_0003298,2023-01-10,False,True,NONE
+919889453445,BSNL Mobile,UP,CUST_0003299,DEV_0003299,2023-01-10,False,False,NONE
+919812419040,Airtel India,KA,CUST_0003300,DEV_0003300,2023-01-10,False,False,NONE
+919839121062,Vodafone Idea (Vi),DL,CUST_0003301,DEV_0003301,2023-01-10,True,True,NONE
+919815187426,Jio 5G,MH,CUST_0003302,DEV_0003302,2023-01-10,False,False,NONE
+919877080809,Airtel India,MH,CUST_0003303,DEV_0003303,2023-01-10,False,False,NONE
+919821497897,BSNL Mobile,DL,CUST_0003304,DEV_0003304,2023-01-10,False,False,NONE
+919818957632,Airtel India,RJ,CUST_0003305,DEV_0003305,2023-01-10,False,True,NONE
+919852796242,BSNL Mobile,RJ,CUST_0003306,DEV_0003306,2023-01-10,False,False,NONE
+919849941802,BSNL Mobile,DL,CUST_0003307,DEV_0003307,2023-01-10,False,False,NONE
+919819480893,BSNL Mobile,TS,CUST_0003308,DEV_0003308,2023-01-10,False,False,NONE
+919892652839,Vodafone Idea (Vi),KA,CUST_0003309,DEV_0003309,2023-01-10,False,False,NONE
+919865907019,BSNL Mobile,HR,CUST_0003310,DEV_0003310,2023-01-10,False,False,NONE
+919810286006,Vodafone Idea (Vi),MH,CUST_0003311,DEV_0003311,2023-01-10,False,False,NONE
+919861793412,Vodafone Idea (Vi),WB,CUST_0003312,DEV_0003312,2023-01-10,False,False,NONE
+919817272845,BSNL Mobile,DL,CUST_0003313,DEV_0003313,2023-01-10,False,False,NONE
+919829523426,BSNL Mobile,DL,CUST_0003314,DEV_0003314,2023-01-10,False,False,NONE
+919832261344,Airtel India,HR,CUST_0003315,DEV_0003315,2023-01-10,False,False,NONE
+919819669569,Vodafone Idea (Vi),MH,CUST_0003316,DEV_0003316,2023-01-10,False,False,NONE
+919852451390,Vodafone Idea (Vi),WB,CUST_0003317,DEV_0003317,2023-01-10,False,False,NONE
+919874220036,Vodafone Idea (Vi),MH,CUST_0003318,DEV_0003318,2023-01-10,False,False,NONE
+919826073588,BSNL Mobile,KA,CUST_0003319,DEV_0003319,2023-01-10,False,False,NONE
+919843427195,Jio 5G,WB,CUST_0003320,DEV_0003320,2023-01-10,False,False,NONE
+919810047429,Airtel India,WB,CUST_0003321,DEV_0003321,2023-01-10,False,False,NONE
+919849616375,BSNL Mobile,UP,CUST_0003322,DEV_0003322,2023-01-10,False,False,NONE
+919847129853,Jio 5G,HR,CUST_0003323,DEV_0003323,2023-01-10,False,False,NONE
+919822053023,BSNL Mobile,UP,CUST_0003324,DEV_0003324,2023-01-10,False,False,NONE
+919829256857,Vodafone Idea (Vi),DL,CUST_0003325,DEV_0003325,2023-01-10,False,True,NONE
+919834635785,Jio 5G,JH,CUST_0003326,DEV_0003326,2023-01-10,False,False,NONE
+919829090096,Vodafone Idea (Vi),JH,CUST_0003327,DEV_0003327,2023-01-10,False,True,NONE
+919826190351,Vodafone Idea (Vi),GJ,CUST_0003328,DEV_0003328,2023-01-10,False,False,NONE
+919892856394,Jio 5G,TS,CUST_0003329,DEV_0003329,2023-01-10,False,False,NONE
+919814463679,Airtel India,KA,CUST_0003330,DEV_0003330,2023-01-10,False,False,NONE
+919823786090,Jio 5G,TS,CUST_0003331,DEV_0003331,2023-01-10,False,False,NONE
+919882037648,Airtel India,MH,CUST_0003332,DEV_0003332,2023-01-10,False,False,NONE
+919838425228,Airtel India,KA,CUST_0003333,DEV_0003333,2023-01-10,False,False,NONE
+919847865937,BSNL Mobile,WB,CUST_0003334,DEV_0003334,2023-01-10,False,False,NONE
+919872690607,Jio 5G,RJ,CUST_0003335,DEV_0003335,2023-01-10,False,False,NONE
+919826542960,Jio 5G,DL,CUST_0003336,DEV_0003336,2023-01-10,False,False,NONE
+919869664580,Jio 5G,GJ,CUST_0003337,DEV_0003337,2023-01-10,False,False,NONE
+919886263887,Vodafone Idea (Vi),RJ,CUST_0003338,DEV_0003338,2023-01-10,False,False,NONE
+919856561977,BSNL Mobile,HR,CUST_0003339,DEV_0003339,2023-01-10,False,False,NONE
+919885458846,Jio 5G,KA,CUST_0003340,DEV_0003340,2023-01-10,False,False,NONE
+919894021933,Vodafone Idea (Vi),HR,CUST_0003341,DEV_0003341,2023-01-10,False,False,NONE
+919840989801,Vodafone Idea (Vi),GJ,CUST_0003342,DEV_0003342,2023-01-10,False,False,NONE
+919823821257,Jio 5G,UP,CUST_0003343,DEV_0003343,2023-01-10,False,False,NONE
+919840574774,Vodafone Idea (Vi),UP,CUST_0003344,DEV_0003344,2023-01-10,False,False,NONE
+919823155114,BSNL Mobile,WB,CUST_0003345,DEV_0003345,2023-01-10,False,True,NONE
+919842778052,Airtel India,KA,CUST_0003346,DEV_0003346,2023-01-10,False,False,NONE
+919868591734,Jio 5G,HR,CUST_0003347,DEV_0003347,2023-01-10,False,False,NONE
+919897492028,BSNL Mobile,JH,CUST_0003348,DEV_0003348,2023-01-10,False,False,NONE
+919884110692,BSNL Mobile,RJ,CUST_0003349,DEV_0003349,2023-01-10,False,False,NONE
+919830885811,Vodafone Idea (Vi),DL,CUST_0003350,DEV_0003350,2023-01-10,False,False,NONE
+919812490927,Vodafone Idea (Vi),MH,CUST_0003351,DEV_0003351,2023-01-10,False,False,NONE
+919841403997,Jio 5G,GJ,CUST_0003352,DEV_0003352,2023-01-10,False,False,NONE
+919880434187,Airtel India,HR,CUST_0003353,DEV_0003353,2023-01-10,False,False,NONE
+919820918619,Airtel India,GJ,CUST_0003354,DEV_0003354,2023-01-10,False,False,NONE
+919880045481,Airtel India,HR,CUST_0003355,DEV_0003355,2023-01-10,False,True,NONE
+919847973097,Jio 5G,WB,CUST_0003356,DEV_0003356,2023-01-10,False,False,NONE
+919820659305,Vodafone Idea (Vi),UP,CUST_0003357,DEV_0003357,2023-01-10,False,False,NONE
+919863341170,Vodafone Idea (Vi),TS,CUST_0003358,DEV_0003358,2023-01-10,False,False,NONE
+919890874346,Vodafone Idea (Vi),TS,CUST_0003359,DEV_0003359,2023-01-10,False,False,NONE
+919884906208,Vodafone Idea (Vi),KA,CUST_0003360,DEV_0003360,2023-01-10,False,False,NONE
+919830840141,Jio 5G,WB,CUST_0003361,DEV_0003361,2023-01-10,False,False,NONE
+919896259619,Airtel India,DL,CUST_0003362,DEV_0003362,2023-01-10,False,False,NONE
+919820777373,BSNL Mobile,UP,CUST_0003363,DEV_0003363,2023-01-10,False,False,NONE
+919883840212,Jio 5G,DL,CUST_0003364,DEV_0003364,2023-01-10,False,False,NONE
+919867043535,Vodafone Idea (Vi),JH,CUST_0003365,DEV_0003365,2023-01-10,False,False,NONE
+919877647358,Vodafone Idea (Vi),TS,CUST_0003366,DEV_0003366,2023-01-10,False,False,NONE
+919873963574,BSNL Mobile,MH,CUST_0003367,DEV_0003367,2023-01-10,False,False,NONE
+919867674350,Airtel India,KA,CUST_0003368,DEV_0003368,2023-01-10,False,False,NONE
+919841163004,Jio 5G,TS,CUST_0003369,DEV_0003369,2023-01-10,False,False,NONE
+919824620259,Airtel India,TS,CUST_0003370,DEV_0003370,2023-01-10,False,False,NONE
+919837863870,Jio 5G,HR,CUST_0003371,DEV_0003371,2023-01-10,False,False,NONE
+919885296268,Jio 5G,DL,CUST_0003372,DEV_0003372,2023-01-10,False,False,NONE
+919819649463,Airtel India,HR,CUST_0003373,DEV_0003373,2023-01-10,False,False,NONE
+919885476097,BSNL Mobile,TS,CUST_0003374,DEV_0003374,2023-01-10,False,False,NONE
+919850443141,BSNL Mobile,DL,CUST_0003375,DEV_0003375,2023-01-10,False,False,NONE
+919814706767,BSNL Mobile,UP,CUST_0003376,DEV_0003376,2023-01-10,False,False,NONE
+919859090292,Airtel India,UP,CUST_0003377,DEV_0003377,2023-01-10,False,False,NONE
+919810331739,Jio 5G,MH,CUST_0003378,DEV_0003378,2023-01-10,False,False,NONE
+919886442040,Airtel India,GJ,CUST_0003379,DEV_0003379,2023-01-10,False,False,NONE
+919817621126,BSNL Mobile,RJ,CUST_0003380,DEV_0003380,2023-01-10,False,False,NONE
+919842373184,BSNL Mobile,TS,CUST_0003381,DEV_0003381,2023-01-10,False,False,NONE
+919842757707,Vodafone Idea (Vi),KA,CUST_0003382,DEV_0003382,2023-01-10,False,False,NONE
+919829065823,Airtel India,MH,CUST_0003383,DEV_0003383,2023-01-10,False,False,NONE
+919821503528,Vodafone Idea (Vi),JH,CUST_0003384,DEV_0003384,2023-01-10,False,False,NONE
+919857704874,Jio 5G,WB,CUST_0003385,DEV_0003385,2023-01-10,False,True,NONE
+919865246070,Jio 5G,KA,CUST_0003386,DEV_0003386,2023-01-10,False,False,NONE
+919851462666,BSNL Mobile,JH,CUST_0003387,DEV_0003387,2023-01-10,False,False,NONE
+919820878999,Vodafone Idea (Vi),HR,CUST_0003388,DEV_0003388,2023-01-10,False,False,NONE
+919846188109,Vodafone Idea (Vi),RJ,CUST_0003389,DEV_0003389,2023-01-10,False,False,NONE
+919847761186,Jio 5G,KA,CUST_0003390,DEV_0003390,2023-01-10,False,False,NONE
+919870269549,Vodafone Idea (Vi),MH,CUST_0003391,DEV_0003391,2023-01-10,False,False,NONE
+919870152354,Jio 5G,MH,CUST_0003392,DEV_0003392,2023-01-10,False,False,NONE
+919822636784,Airtel India,UP,CUST_0003393,DEV_0003393,2023-01-10,False,False,NONE
+919893441788,Airtel India,DL,CUST_0003394,DEV_0003394,2023-01-10,False,True,NONE
+919842572090,BSNL Mobile,DL,CUST_0003395,DEV_0003395,2023-01-10,False,False,NONE
+919812023033,BSNL Mobile,RJ,CUST_0003396,DEV_0003396,2023-01-10,False,False,NONE
+919860277322,BSNL Mobile,TS,CUST_0003397,DEV_0003397,2023-01-10,False,False,NONE
+919837152353,Airtel India,HR,CUST_0003398,DEV_0003398,2023-01-10,False,False,NONE
+919875675268,Jio 5G,HR,CUST_0003399,DEV_0003399,2023-01-10,False,False,NONE
+919816358896,Jio 5G,RJ,CUST_0003400,DEV_0003400,2023-01-10,False,False,NONE
+919882037666,Airtel India,DL,CUST_0003401,DEV_0003401,2023-01-10,False,False,NONE
+919826032014,BSNL Mobile,UP,CUST_0003402,DEV_0003402,2023-01-10,False,False,NONE
+919880128541,Airtel India,MH,CUST_0003403,DEV_0003403,2023-01-10,False,False,NONE
+919829782068,Jio 5G,HR,CUST_0003404,DEV_0003404,2023-01-10,False,False,NONE
+919843235440,Jio 5G,WB,CUST_0003405,DEV_0003405,2023-01-10,False,False,NONE
+919896160930,BSNL Mobile,UP,CUST_0003406,DEV_0003406,2023-01-10,False,False,NONE
+919839202210,Jio 5G,HR,CUST_0003407,DEV_0003407,2023-01-10,False,False,NONE
+919819482302,BSNL Mobile,RJ,CUST_0003408,DEV_0003408,2023-01-10,False,False,NONE
+919871227908,Vodafone Idea (Vi),TS,CUST_0003409,DEV_0003409,2023-01-10,False,False,NONE
+919815186442,Airtel India,JH,CUST_0003410,DEV_0003410,2023-01-10,False,False,NONE
+919890721534,Jio 5G,WB,CUST_0003411,DEV_0003411,2023-01-10,False,False,NONE
+919893952299,Vodafone Idea (Vi),TS,CUST_0003412,DEV_0003412,2023-01-10,False,False,NONE
+919872907960,BSNL Mobile,GJ,CUST_0003413,DEV_0003413,2023-01-10,False,False,NONE
+919836341675,Jio 5G,UP,CUST_0003414,DEV_0003414,2023-01-10,False,False,NONE
+919831642208,BSNL Mobile,RJ,CUST_0003415,DEV_0003415,2023-01-10,False,False,NONE
+919880885028,BSNL Mobile,RJ,CUST_0003416,DEV_0003416,2023-01-10,False,False,NONE
+919882613677,Airtel India,MH,CUST_0003417,DEV_0003417,2023-01-10,False,False,NONE
+919885967139,Airtel India,KA,CUST_0003418,DEV_0003418,2023-01-10,False,False,NONE
+919866027108,Jio 5G,KA,CUST_0003419,DEV_0003419,2023-01-10,False,False,NONE
+919825438294,Airtel India,TS,CUST_0003420,DEV_0003420,2023-01-10,False,False,NONE
+919849700031,Jio 5G,MH,CUST_0003421,DEV_0003421,2023-01-10,False,False,NONE
+919830210575,Vodafone Idea (Vi),JH,CUST_0003422,DEV_0003422,2023-01-10,False,False,NONE
+919898265619,Vodafone Idea (Vi),RJ,CUST_0003423,DEV_0003423,2023-01-10,False,False,NONE
+919862241728,Vodafone Idea (Vi),DL,CUST_0003424,DEV_0003424,2023-01-10,False,False,NONE
+919861096336,Jio 5G,WB,CUST_0003425,DEV_0003425,2023-01-10,False,False,NONE
+919897674041,Airtel India,KA,CUST_0003426,DEV_0003426,2023-01-10,False,False,NONE
+919864251446,Jio 5G,KA,CUST_0003427,DEV_0003427,2023-01-10,False,False,NONE
+919823018393,Airtel India,WB,CUST_0003428,DEV_0003428,2023-01-10,False,False,NONE
+919863033119,BSNL Mobile,WB,CUST_0003429,DEV_0003429,2023-01-10,False,False,NONE
+919869277544,Vodafone Idea (Vi),KA,CUST_0003430,DEV_0003430,2023-01-10,True,True,NONE
+919814780053,Vodafone Idea (Vi),UP,CUST_0003431,DEV_0003431,2023-01-10,False,False,NONE
+919825124573,Airtel India,TS,CUST_0003432,DEV_0003432,2023-01-10,False,False,NONE
+919898595186,Jio 5G,WB,CUST_0003433,DEV_0003433,2023-01-10,False,False,NONE
+919882013198,Vodafone Idea (Vi),TS,CUST_0003434,DEV_0003434,2023-01-10,False,True,NONE
+919881671096,Vodafone Idea (Vi),TS,CUST_0003435,DEV_0003435,2023-01-10,False,False,NONE
+919881174296,Vodafone Idea (Vi),RJ,CUST_0003436,DEV_0003436,2023-01-10,False,False,NONE
+919865649537,Jio 5G,JH,CUST_0003437,DEV_0003437,2023-01-10,False,False,NONE
+919890409675,BSNL Mobile,UP,CUST_0003438,DEV_0003438,2023-01-10,False,False,NONE
+919866858967,Vodafone Idea (Vi),UP,CUST_0003439,DEV_0003439,2023-01-10,False,False,NONE
+919891743192,BSNL Mobile,KA,CUST_0003440,DEV_0003440,2023-01-10,False,False,NONE
+919874561136,Airtel India,DL,CUST_0003441,DEV_0003441,2023-01-10,False,False,NONE
+919878248081,BSNL Mobile,KA,CUST_0003442,DEV_0003442,2023-01-10,False,False,NONE
+919822912240,Airtel India,TS,CUST_0003443,DEV_0003443,2023-01-10,False,False,NONE
+919835767014,BSNL Mobile,MH,CUST_0003444,DEV_0003444,2023-01-10,False,False,NONE
+919893754007,BSNL Mobile,UP,CUST_0003445,DEV_0003445,2023-01-10,False,False,NONE
+919844216493,BSNL Mobile,GJ,CUST_0003446,DEV_0003446,2023-01-10,False,True,NONE
+919860702307,Vodafone Idea (Vi),DL,CUST_0003447,DEV_0003447,2023-01-10,False,False,NONE
+919857237085,Vodafone Idea (Vi),RJ,CUST_0003448,DEV_0003448,2023-01-10,False,False,NONE
+919881676550,Jio 5G,TS,CUST_0003449,DEV_0003449,2023-01-10,False,False,NONE
+919870749280,Airtel India,UP,CUST_0003450,DEV_0003450,2023-01-10,False,False,NONE
+919844107428,Vodafone Idea (Vi),GJ,CUST_0003451,DEV_0003451,2023-01-10,False,False,NONE
+919839233285,Vodafone Idea (Vi),GJ,CUST_0003452,DEV_0003452,2023-01-10,False,False,NONE
+919831866641,Jio 5G,RJ,CUST_0003453,DEV_0003453,2023-01-10,False,False,NONE
+919813687460,Vodafone Idea (Vi),WB,CUST_0003454,DEV_0003454,2023-01-10,False,False,NONE
+919842860895,Airtel India,HR,CUST_0003455,DEV_0003455,2023-01-10,False,False,NONE
+919813634393,BSNL Mobile,DL,CUST_0003456,DEV_0003456,2023-01-10,False,False,NONE
+919859801713,Vodafone Idea (Vi),HR,CUST_0003457,DEV_0003457,2023-01-10,False,False,NONE
+919842594461,BSNL Mobile,WB,CUST_0003458,DEV_0003458,2023-01-10,False,False,NONE
+919875383660,Vodafone Idea (Vi),UP,CUST_0003459,DEV_0003459,2023-01-10,False,False,NONE
+919840709956,Jio 5G,RJ,CUST_0003460,DEV_0003460,2023-01-10,False,False,NONE
+919887718823,Vodafone Idea (Vi),HR,CUST_0003461,DEV_0003461,2023-01-10,False,False,NONE
+919891361693,Vodafone Idea (Vi),WB,CUST_0003462,DEV_0003462,2023-01-10,False,False,NONE
+919846274491,Jio 5G,DL,CUST_0003463,DEV_0003463,2023-01-10,False,False,NONE
+919812164186,Airtel India,GJ,CUST_0003464,DEV_0003464,2023-01-10,False,False,NONE
+919832920934,Jio 5G,MH,CUST_0003465,DEV_0003465,2023-01-10,False,False,NONE
+919835426940,BSNL Mobile,RJ,CUST_0003466,DEV_0003466,2023-01-10,False,False,NONE
+919813519684,BSNL Mobile,MH,CUST_0003467,DEV_0003467,2023-01-10,False,False,NONE
+919857951877,Airtel India,RJ,CUST_0003468,DEV_0003468,2023-01-10,False,False,NONE
+919872776475,BSNL Mobile,UP,CUST_0003469,DEV_0003469,2023-01-10,False,False,NONE
+919887231412,Airtel India,DL,CUST_0003470,DEV_0003470,2023-01-10,False,False,NONE
+919823103850,Jio 5G,UP,CUST_0003471,DEV_0003471,2023-01-10,False,False,NONE
+919828597944,Jio 5G,UP,CUST_0003472,DEV_0003472,2023-01-10,False,False,NONE
+919853881668,BSNL Mobile,JH,CUST_0003473,DEV_0003473,2023-01-10,False,False,NONE
+919834226707,Vodafone Idea (Vi),UP,CUST_0003474,DEV_0003474,2023-01-10,False,False,NONE
+919887591254,Airtel India,JH,CUST_0003475,DEV_0003475,2023-01-10,False,False,NONE
+919871563430,Jio 5G,KA,CUST_0003476,DEV_0003476,2023-01-10,False,True,NONE
+919868170488,BSNL Mobile,HR,CUST_0003477,DEV_0003477,2023-01-10,False,False,NONE
+919879359207,Jio 5G,GJ,CUST_0003478,DEV_0003478,2023-01-10,False,False,NONE
+919859633234,Airtel India,UP,CUST_0003479,DEV_0003479,2023-01-10,False,False,NONE
+919869562253,Airtel India,RJ,CUST_0003480,DEV_0003480,2023-01-10,False,True,NONE
+919836150599,Airtel India,KA,CUST_0003481,DEV_0003481,2023-01-10,False,True,NONE
+919846702476,Vodafone Idea (Vi),HR,CUST_0003482,DEV_0003482,2023-01-10,False,False,NONE
+919872189016,BSNL Mobile,DL,CUST_0003483,DEV_0003483,2023-01-10,False,False,NONE
+919816893275,Airtel India,KA,CUST_0003484,DEV_0003484,2023-01-10,False,False,NONE
+919877949741,Jio 5G,HR,CUST_0003485,DEV_0003485,2023-01-10,False,False,NONE
+919837565911,Vodafone Idea (Vi),KA,CUST_0003486,DEV_0003486,2023-01-10,False,False,NONE
+919826415727,Airtel India,TS,CUST_0003487,DEV_0003487,2023-01-10,False,False,NONE
+919842267378,BSNL Mobile,RJ,CUST_0003488,DEV_0003488,2023-01-10,False,False,NONE
+919824173428,BSNL Mobile,JH,CUST_0003489,DEV_0003489,2023-01-10,False,False,NONE
+919842143624,Airtel India,TS,CUST_0003490,DEV_0003490,2023-01-10,False,False,NONE
+919811857860,BSNL Mobile,KA,CUST_0003491,DEV_0003491,2023-01-10,False,False,NONE
+919814457992,Airtel India,DL,CUST_0003492,DEV_0003492,2023-01-10,False,False,NONE
+919880330084,Jio 5G,MH,CUST_0003493,DEV_0003493,2023-01-10,False,False,NONE
+919869599102,Jio 5G,HR,CUST_0003494,DEV_0003494,2023-01-10,False,False,NONE
+919888471287,Vodafone Idea (Vi),KA,CUST_0003495,DEV_0003495,2023-01-10,False,False,NONE
+919848364824,BSNL Mobile,TS,CUST_0003496,DEV_0003496,2023-01-10,False,False,NONE
+919822319978,Airtel India,DL,CUST_0003497,DEV_0003497,2023-01-10,False,False,NONE
+919895560588,Airtel India,DL,CUST_0003498,DEV_0003498,2023-01-10,False,False,NONE
+919851666957,Airtel India,WB,CUST_0003499,DEV_0003499,2023-01-10,False,False,NONE
+919878938186,Jio 5G,WB,CUST_0003500,DEV_0003500,2023-01-10,False,False,NONE
+919839261300,Airtel India,WB,CUST_0003501,DEV_0003501,2023-01-10,False,False,NONE
+919842924915,Vodafone Idea (Vi),HR,CUST_0003502,DEV_0003502,2023-01-10,False,False,NONE
+919866333442,Jio 5G,HR,CUST_0003503,DEV_0003503,2023-01-10,False,False,NONE
+919821194174,BSNL Mobile,GJ,CUST_0003504,DEV_0003504,2023-01-10,False,False,NONE
+919898386808,BSNL Mobile,JH,CUST_0003505,DEV_0003505,2023-01-10,False,False,NONE
+919892137606,Jio 5G,KA,CUST_0003506,DEV_0003506,2023-01-10,False,False,NONE
+919891190089,Vodafone Idea (Vi),TS,CUST_0003507,DEV_0003507,2023-01-10,False,False,NONE
+919831187964,Airtel India,JH,CUST_0003508,DEV_0003508,2023-01-10,False,False,NONE
+919853554255,Jio 5G,GJ,CUST_0003509,DEV_0003509,2023-01-10,False,False,NONE
+919841146590,Vodafone Idea (Vi),MH,CUST_0003510,DEV_0003510,2023-01-10,False,True,NONE
+919861981094,Vodafone Idea (Vi),RJ,CUST_0003511,DEV_0003511,2023-01-10,False,False,NONE
+919870252942,Vodafone Idea (Vi),HR,CUST_0003512,DEV_0003512,2023-01-10,False,False,NONE
+919881152450,Airtel India,KA,CUST_0003513,DEV_0003513,2023-01-10,False,False,NONE
+919859180316,Jio 5G,RJ,CUST_0003514,DEV_0003514,2023-01-10,False,False,NONE
+919832977926,Jio 5G,HR,CUST_0003515,DEV_0003515,2023-01-10,True,True,NONE
+919859638909,Airtel India,RJ,CUST_0003516,DEV_0003516,2023-01-10,False,False,NONE
+919859119937,Vodafone Idea (Vi),TS,CUST_0003517,DEV_0003517,2023-01-10,False,False,NONE
+919850157987,Vodafone Idea (Vi),JH,CUST_0003518,DEV_0003518,2023-01-10,False,False,NONE
+919813838648,Airtel India,HR,CUST_0003519,DEV_0003519,2023-01-10,False,False,NONE
+919847113512,Jio 5G,JH,CUST_0003520,DEV_0003520,2023-01-10,False,False,NONE
+919866450936,Vodafone Idea (Vi),KA,CUST_0003521,DEV_0003521,2023-01-10,False,False,NONE
+919843099332,Airtel India,WB,CUST_0003522,DEV_0003522,2023-01-10,False,False,NONE
+919869424277,Airtel India,KA,CUST_0003523,DEV_0003523,2023-01-10,False,False,NONE
+919896663191,Jio 5G,TS,CUST_0003524,DEV_0003524,2023-01-10,False,False,NONE
+919848348760,Airtel India,WB,CUST_0003525,DEV_0003525,2023-01-10,False,False,NONE
+919822336614,Vodafone Idea (Vi),GJ,CUST_0003526,DEV_0003526,2023-01-10,False,False,NONE
+919879593391,Vodafone Idea (Vi),KA,CUST_0003527,DEV_0003527,2023-01-10,False,False,NONE
+919836130174,Jio 5G,DL,CUST_0003528,DEV_0003528,2023-01-10,False,False,NONE
+919866453081,BSNL Mobile,HR,CUST_0003529,DEV_0003529,2023-01-10,False,False,NONE
+919810143191,Jio 5G,TS,CUST_0003530,DEV_0003530,2023-01-10,False,False,NONE
+919861407519,Vodafone Idea (Vi),DL,CUST_0003531,DEV_0003531,2023-01-10,False,False,NONE
+919866656013,Airtel India,RJ,CUST_0003532,DEV_0003532,2023-01-10,False,False,NONE
+919868460743,Airtel India,DL,CUST_0003533,DEV_0003533,2023-01-10,False,False,NONE
+919849777160,Vodafone Idea (Vi),JH,CUST_0003534,DEV_0003534,2023-01-10,False,False,NONE
+919869059919,Airtel India,UP,CUST_0003535,DEV_0003535,2023-01-10,False,False,NONE
+919819744031,BSNL Mobile,DL,CUST_0003536,DEV_0003536,2023-01-10,True,True,NONE
+919831982349,BSNL Mobile,HR,CUST_0003537,DEV_0003537,2023-01-10,False,False,NONE
+919869826575,Jio 5G,HR,CUST_0003538,DEV_0003538,2023-01-10,False,False,NONE
+919870138171,Airtel India,DL,CUST_0003539,DEV_0003539,2023-01-10,False,False,NONE
+919894432999,Jio 5G,HR,CUST_0003540,DEV_0003540,2023-01-10,False,False,NONE
+919881344624,Airtel India,JH,CUST_0003541,DEV_0003541,2023-01-10,False,False,NONE
+919865265494,Airtel India,HR,CUST_0003542,DEV_0003542,2023-01-10,False,False,NONE
+919868461713,BSNL Mobile,WB,CUST_0003543,DEV_0003543,2023-01-10,False,False,NONE
+919897689348,Airtel India,MH,CUST_0003544,DEV_0003544,2023-01-10,False,False,NONE
+919863442455,BSNL Mobile,MH,CUST_0003545,DEV_0003545,2023-01-10,False,False,NONE
+919888135955,BSNL Mobile,UP,CUST_0003546,DEV_0003546,2023-01-10,False,False,NONE
+919885738544,Vodafone Idea (Vi),KA,CUST_0003547,DEV_0003547,2023-01-10,False,False,NONE
+919823896861,Jio 5G,DL,CUST_0003548,DEV_0003548,2023-01-10,False,False,NONE
+919812112822,BSNL Mobile,WB,CUST_0003549,DEV_0003549,2023-01-10,False,False,NONE
+919831252864,Jio 5G,UP,CUST_0003550,DEV_0003550,2023-01-10,False,False,NONE
+919833123891,BSNL Mobile,TS,CUST_0003551,DEV_0003551,2023-01-10,False,False,NONE
+919865114735,Vodafone Idea (Vi),KA,CUST_0003552,DEV_0003552,2023-01-10,False,False,NONE
+919895997325,Airtel India,HR,CUST_0003553,DEV_0003553,2023-01-10,False,False,NONE
+919871770338,Jio 5G,WB,CUST_0003554,DEV_0003554,2023-01-10,False,False,NONE
+919863095514,Vodafone Idea (Vi),WB,CUST_0003555,DEV_0003555,2023-01-10,False,False,NONE
+919829264360,Vodafone Idea (Vi),MH,CUST_0003556,DEV_0003556,2023-01-10,False,False,NONE
+919833616699,Airtel India,WB,CUST_0003557,DEV_0003557,2023-01-10,False,False,NONE
+919828136905,Airtel India,MH,CUST_0003558,DEV_0003558,2023-01-10,False,False,NONE
+919881132448,Vodafone Idea (Vi),MH,CUST_0003559,DEV_0003559,2023-01-10,False,False,NONE
+919852792590,Jio 5G,MH,CUST_0003560,DEV_0003560,2023-01-10,False,False,NONE
+919882740367,Jio 5G,HR,CUST_0003561,DEV_0003561,2023-01-10,False,True,NONE
+919873501311,Airtel India,KA,CUST_0003562,DEV_0003562,2023-01-10,False,False,NONE
+919853816879,Airtel India,RJ,CUST_0003563,DEV_0003563,2023-01-10,False,True,NONE
+919858821083,Vodafone Idea (Vi),UP,CUST_0003564,DEV_0003564,2023-01-10,False,False,NONE
+919899352057,BSNL Mobile,UP,CUST_0003565,DEV_0003565,2023-01-10,False,True,NONE
+919899238947,Vodafone Idea (Vi),RJ,CUST_0003566,DEV_0003566,2023-01-10,False,False,NONE
+919875510363,Jio 5G,MH,CUST_0003567,DEV_0003567,2023-01-10,False,False,NONE
+919899182307,Jio 5G,RJ,CUST_0003568,DEV_0003568,2023-01-10,False,False,NONE
+919829709785,Jio 5G,RJ,CUST_0003569,DEV_0003569,2023-01-10,False,False,NONE
+919876637608,BSNL Mobile,KA,CUST_0003570,DEV_0003570,2023-01-10,False,False,NONE
+919878727139,Vodafone Idea (Vi),WB,CUST_0003571,DEV_0003571,2023-01-10,False,False,NONE
+919876071998,BSNL Mobile,TS,CUST_0003572,DEV_0003572,2023-01-10,False,False,NONE
+919866514848,BSNL Mobile,HR,CUST_0003573,DEV_0003573,2023-01-10,False,False,NONE
+919832624434,Vodafone Idea (Vi),MH,CUST_0003574,DEV_0003574,2023-01-10,False,False,NONE
+919864885109,Jio 5G,UP,CUST_0003575,DEV_0003575,2023-01-10,False,False,NONE
+919826676023,Vodafone Idea (Vi),UP,CUST_0003576,DEV_0003576,2023-01-10,False,False,NONE
+919886249017,Jio 5G,MH,CUST_0003577,DEV_0003577,2023-01-10,False,False,NONE
+919842728905,Vodafone Idea (Vi),JH,CUST_0003578,DEV_0003578,2023-01-10,False,False,NONE
+919868530291,Airtel India,DL,CUST_0003579,DEV_0003579,2023-01-10,False,False,NONE
+919856309713,Vodafone Idea (Vi),MH,CUST_0003580,DEV_0003580,2023-01-10,False,False,NONE
+919835681983,Vodafone Idea (Vi),KA,CUST_0003581,DEV_0003581,2023-01-10,False,False,NONE
+919850565135,Jio 5G,HR,CUST_0003582,DEV_0003582,2023-01-10,False,False,NONE
+919838181814,Vodafone Idea (Vi),UP,CUST_0003583,DEV_0003583,2023-01-10,False,False,NONE
+919831080358,BSNL Mobile,MH,CUST_0003584,DEV_0003584,2023-01-10,False,False,NONE
+919879814125,Jio 5G,KA,CUST_0003585,DEV_0003585,2023-01-10,False,False,NONE
+919823752018,Vodafone Idea (Vi),WB,CUST_0003586,DEV_0003586,2023-01-10,False,False,NONE
+919818833306,Vodafone Idea (Vi),JH,CUST_0003587,DEV_0003587,2023-01-10,False,False,NONE
+919890817427,Jio 5G,JH,CUST_0003588,DEV_0003588,2023-01-10,False,False,NONE
+919854200775,Airtel India,HR,CUST_0003589,DEV_0003589,2023-01-10,False,False,NONE
+919850375955,Jio 5G,JH,CUST_0003590,DEV_0003590,2023-01-10,False,False,NONE
+919866800996,BSNL Mobile,DL,CUST_0003591,DEV_0003591,2023-01-10,False,False,NONE
+919861195109,Vodafone Idea (Vi),DL,CUST_0003592,DEV_0003592,2023-01-10,False,False,NONE
+919810525299,Jio 5G,TS,CUST_0003593,DEV_0003593,2023-01-10,False,False,NONE
+919862792668,Airtel India,DL,CUST_0003594,DEV_0003594,2023-01-10,False,False,NONE
+919854629578,Vodafone Idea (Vi),TS,CUST_0003595,DEV_0003595,2023-01-10,False,False,NONE
+919837194455,BSNL Mobile,GJ,CUST_0003596,DEV_0003596,2023-01-10,False,True,NONE
+919833313052,BSNL Mobile,JH,CUST_0003597,DEV_0003597,2023-01-10,False,False,NONE
+919878720536,Jio 5G,GJ,CUST_0003598,DEV_0003598,2023-01-10,False,True,NONE
+919811817019,Jio 5G,MH,CUST_0003599,DEV_0003599,2023-01-10,True,True,NONE
+919889537490,Airtel India,MH,CUST_0003600,DEV_0003600,2023-01-10,False,False,NONE
+919898972831,Airtel India,KA,CUST_0003601,DEV_0003601,2023-01-10,False,False,NONE
+919842062133,Airtel India,UP,CUST_0003602,DEV_0003602,2023-01-10,True,True,NONE
+919888195907,Vodafone Idea (Vi),KA,CUST_0003603,DEV_0003603,2023-01-10,False,False,NONE
+919888013831,Vodafone Idea (Vi),WB,CUST_0003604,DEV_0003604,2023-01-10,False,False,NONE
+919833831239,Airtel India,JH,CUST_0003605,DEV_0003605,2023-01-10,False,False,NONE
+919896153338,Vodafone Idea (Vi),MH,CUST_0003606,DEV_0003606,2023-01-10,False,False,NONE
+919856311878,BSNL Mobile,UP,CUST_0003607,DEV_0003607,2023-01-10,False,False,NONE
+919877441508,BSNL Mobile,GJ,CUST_0003608,DEV_0003608,2023-01-10,False,False,NONE
+919842788407,Airtel India,TS,CUST_0003609,DEV_0003609,2023-01-10,True,True,NONE
+919847070858,Vodafone Idea (Vi),HR,CUST_0003610,DEV_0003610,2023-01-10,False,False,NONE
+919813333622,Airtel India,HR,CUST_0003611,DEV_0003611,2023-01-10,False,False,NONE
+919887412542,Vodafone Idea (Vi),MH,CUST_0003612,DEV_0003612,2023-01-10,False,False,NONE
+919877669891,Vodafone Idea (Vi),JH,CUST_0003613,DEV_0003613,2023-01-10,False,False,NONE
+919841170357,Jio 5G,JH,CUST_0003614,DEV_0003614,2023-01-10,False,False,NONE
+919829518767,BSNL Mobile,UP,CUST_0003615,DEV_0003615,2023-01-10,False,True,NONE
+919855173524,BSNL Mobile,MH,CUST_0003616,DEV_0003616,2023-01-10,False,False,NONE
+919889998310,Jio 5G,UP,CUST_0003617,DEV_0003617,2023-01-10,False,False,NONE
+919896964627,Vodafone Idea (Vi),HR,CUST_0003618,DEV_0003618,2023-01-10,False,False,NONE
+919873471199,Airtel India,UP,CUST_0003619,DEV_0003619,2023-01-10,False,False,NONE
+919891227114,Vodafone Idea (Vi),DL,CUST_0003620,DEV_0003620,2023-01-10,False,False,NONE
+919847982326,BSNL Mobile,GJ,CUST_0003621,DEV_0003621,2023-01-10,False,False,NONE
+919819771162,Jio 5G,UP,CUST_0003622,DEV_0003622,2023-01-10,False,False,NONE
+919825434014,BSNL Mobile,HR,CUST_0003623,DEV_0003623,2023-01-10,False,False,NONE
+919849410735,Jio 5G,JH,CUST_0003624,DEV_0003624,2023-01-10,False,False,NONE
+919895359115,Jio 5G,KA,CUST_0003625,DEV_0003625,2023-01-10,False,False,NONE
+919898504194,Airtel India,HR,CUST_0003626,DEV_0003626,2023-01-10,False,False,NONE
+919887692716,Vodafone Idea (Vi),DL,CUST_0003627,DEV_0003627,2023-01-10,False,True,NONE
+919846125387,Jio 5G,MH,CUST_0003628,DEV_0003628,2023-01-10,False,False,NONE
+919844101480,Jio 5G,UP,CUST_0003629,DEV_0003629,2023-01-10,False,False,NONE
+919880832709,BSNL Mobile,KA,CUST_0003630,DEV_0003630,2023-01-10,False,False,NONE
+919814001436,Airtel India,DL,CUST_0003631,DEV_0003631,2023-01-10,False,False,NONE
+919810297337,BSNL Mobile,TS,CUST_0003632,DEV_0003632,2023-01-10,False,False,NONE
+919876063325,Jio 5G,WB,CUST_0003633,DEV_0003633,2023-01-10,False,False,NONE
+919864329986,Airtel India,GJ,CUST_0003634,DEV_0003634,2023-01-10,False,False,NONE
+919876494717,Airtel India,DL,CUST_0003635,DEV_0003635,2023-01-10,False,False,NONE
+919899569817,Airtel India,GJ,CUST_0003636,DEV_0003636,2023-01-10,False,False,NONE
+919842281045,BSNL Mobile,KA,CUST_0003637,DEV_0003637,2023-01-10,False,False,NONE
+919862888916,Jio 5G,JH,CUST_0003638,DEV_0003638,2023-01-10,False,False,NONE
+919857917230,BSNL Mobile,HR,CUST_0003639,DEV_0003639,2023-01-10,False,False,NONE
+919813696946,Jio 5G,HR,CUST_0003640,DEV_0003640,2023-01-10,False,False,NONE
+919835943327,Vodafone Idea (Vi),WB,CUST_0003641,DEV_0003641,2023-01-10,False,True,NONE
+919869232586,Vodafone Idea (Vi),MH,CUST_0003642,DEV_0003642,2023-01-10,False,False,NONE
+919871955450,BSNL Mobile,HR,CUST_0003643,DEV_0003643,2023-01-10,False,False,NONE
+919819600863,Jio 5G,DL,CUST_0003644,DEV_0003644,2023-01-10,False,False,NONE
+919814127031,BSNL Mobile,KA,CUST_0003645,DEV_0003645,2023-01-10,False,False,NONE
+919865649947,Airtel India,KA,CUST_0003646,DEV_0003646,2023-01-10,False,False,NONE
+919834634069,Vodafone Idea (Vi),UP,CUST_0003647,DEV_0003647,2023-01-10,False,False,NONE
+919890765154,Vodafone Idea (Vi),RJ,CUST_0003648,DEV_0003648,2023-01-10,False,False,NONE
+919815578828,Airtel India,RJ,CUST_0003649,DEV_0003649,2023-01-10,False,False,NONE
+919831147442,Airtel India,KA,CUST_0003650,DEV_0003650,2023-01-10,False,False,NONE
+919859421125,BSNL Mobile,TS,CUST_0003651,DEV_0003651,2023-01-10,False,False,NONE
+919855158652,Airtel India,MH,CUST_0003652,DEV_0003652,2023-01-10,False,False,NONE
+919882267543,Jio 5G,TS,CUST_0003653,DEV_0003653,2023-01-10,False,False,NONE
+919871904896,Vodafone Idea (Vi),HR,CUST_0003654,DEV_0003654,2023-01-10,False,False,NONE
+919822752527,BSNL Mobile,HR,CUST_0003655,DEV_0003655,2023-01-10,False,False,NONE
+919854979038,Vodafone Idea (Vi),TS,CUST_0003656,DEV_0003656,2023-01-10,True,True,NONE
+919857843903,BSNL Mobile,GJ,CUST_0003657,DEV_0003657,2023-01-10,False,False,NONE
+919861852185,Vodafone Idea (Vi),JH,CUST_0003658,DEV_0003658,2023-01-10,False,False,NONE
+919839663121,Jio 5G,WB,CUST_0003659,DEV_0003659,2023-01-10,False,False,NONE
+919885867376,Airtel India,JH,CUST_0003660,DEV_0003660,2023-01-10,False,False,NONE
+919876466308,BSNL Mobile,TS,CUST_0003661,DEV_0003661,2023-01-10,False,False,NONE
+919871153282,Vodafone Idea (Vi),RJ,CUST_0003662,DEV_0003662,2023-01-10,False,False,NONE
+919839439232,BSNL Mobile,JH,CUST_0003663,DEV_0003663,2023-01-10,False,False,NONE
+919838082882,Airtel India,WB,CUST_0003664,DEV_0003664,2023-01-10,False,False,NONE
+919893888119,Jio 5G,JH,CUST_0003665,DEV_0003665,2023-01-10,False,True,NONE
+919827170718,BSNL Mobile,KA,CUST_0003666,DEV_0003666,2023-01-10,False,False,NONE
+919891811109,BSNL Mobile,WB,CUST_0003667,DEV_0003667,2023-01-10,False,False,NONE
+919873468622,Vodafone Idea (Vi),MH,CUST_0003668,DEV_0003668,2023-01-10,False,False,NONE
+919846954566,BSNL Mobile,GJ,CUST_0003669,DEV_0003669,2023-01-10,False,False,NONE
+919867906301,Vodafone Idea (Vi),RJ,CUST_0003670,DEV_0003670,2023-01-10,False,False,NONE
+919818453197,BSNL Mobile,RJ,CUST_0003671,DEV_0003671,2023-01-10,False,False,NONE
+919859703466,Jio 5G,JH,CUST_0003672,DEV_0003672,2023-01-10,False,False,NONE
+919839519312,Vodafone Idea (Vi),GJ,CUST_0003673,DEV_0003673,2023-01-10,False,False,NONE
+919817472849,Jio 5G,TS,CUST_0003674,DEV_0003674,2023-01-10,False,False,NONE
+919837958749,Jio 5G,HR,CUST_0003675,DEV_0003675,2023-01-10,False,False,NONE
+919892663564,BSNL Mobile,KA,CUST_0003676,DEV_0003676,2023-01-10,False,False,NONE
+919888448563,Jio 5G,JH,CUST_0003677,DEV_0003677,2023-01-10,False,False,NONE
+919836919411,BSNL Mobile,KA,CUST_0003678,DEV_0003678,2023-01-10,False,False,NONE
+919877568388,BSNL Mobile,GJ,CUST_0003679,DEV_0003679,2023-01-10,False,False,NONE
+919852225225,Jio 5G,TS,CUST_0003680,DEV_0003680,2023-01-10,False,False,NONE
+919877928246,Airtel India,DL,CUST_0003681,DEV_0003681,2023-01-10,False,False,NONE
+919858718815,Vodafone Idea (Vi),KA,CUST_0003682,DEV_0003682,2023-01-10,False,False,NONE
+919899078390,Airtel India,KA,CUST_0003683,DEV_0003683,2023-01-10,False,False,NONE
+919883375103,Airtel India,HR,CUST_0003684,DEV_0003684,2023-01-10,False,False,NONE
+919895216088,Vodafone Idea (Vi),JH,CUST_0003685,DEV_0003685,2023-01-10,False,False,NONE
+919835406210,Vodafone Idea (Vi),KA,CUST_0003686,DEV_0003686,2023-01-10,False,False,NONE
+919853860912,Vodafone Idea (Vi),MH,CUST_0003687,DEV_0003687,2023-01-10,False,False,NONE
+919846510822,Jio 5G,KA,CUST_0003688,DEV_0003688,2023-01-10,True,True,NONE
+919876249290,Airtel India,DL,CUST_0003689,DEV_0003689,2023-01-10,False,False,NONE
+919861003801,BSNL Mobile,WB,CUST_0003690,DEV_0003690,2023-01-10,False,False,NONE
+919842617503,Vodafone Idea (Vi),DL,CUST_0003691,DEV_0003691,2023-01-10,False,False,NONE
+919811458483,Vodafone Idea (Vi),DL,CUST_0003692,DEV_0003692,2023-01-10,False,False,NONE
+919828504649,Vodafone Idea (Vi),MH,CUST_0003693,DEV_0003693,2023-01-10,False,True,NONE
+919898087715,Airtel India,RJ,CUST_0003694,DEV_0003694,2023-01-10,False,False,NONE
+919862965350,BSNL Mobile,WB,CUST_0003695,DEV_0003695,2023-01-10,False,False,NONE
+919896784135,Airtel India,JH,CUST_0003696,DEV_0003696,2023-01-10,False,False,NONE
+919889547754,Vodafone Idea (Vi),UP,CUST_0003697,DEV_0003697,2023-01-10,False,False,NONE
+919897195750,BSNL Mobile,KA,CUST_0003698,DEV_0003698,2023-01-10,False,False,NONE
+919838317044,Vodafone Idea (Vi),TS,CUST_0003699,DEV_0003699,2023-01-10,False,False,NONE
+919812524015,Airtel India,DL,CUST_0003700,DEV_0003700,2023-01-10,False,False,NONE
+919848913554,Jio 5G,TS,CUST_0003701,DEV_0003701,2023-01-10,False,False,NONE
+919828441060,Jio 5G,JH,CUST_0003702,DEV_0003702,2023-01-10,False,True,NONE
+919866206983,BSNL Mobile,DL,CUST_0003703,DEV_0003703,2023-01-10,False,False,NONE
+919817901879,Jio 5G,GJ,CUST_0003704,DEV_0003704,2023-01-10,False,False,NONE
+919893105741,BSNL Mobile,WB,CUST_0003705,DEV_0003705,2023-01-10,False,False,NONE
+919819254600,Jio 5G,TS,CUST_0003706,DEV_0003706,2023-01-10,False,False,NONE
+919862133319,Vodafone Idea (Vi),DL,CUST_0003707,DEV_0003707,2023-01-10,False,False,NONE
+919896886027,Vodafone Idea (Vi),RJ,CUST_0003708,DEV_0003708,2023-01-10,False,True,NONE
+919829490032,Vodafone Idea (Vi),DL,CUST_0003709,DEV_0003709,2023-01-10,False,False,NONE
+919861827403,BSNL Mobile,KA,CUST_0003710,DEV_0003710,2023-01-10,False,False,NONE
+919894885076,Jio 5G,WB,CUST_0003711,DEV_0003711,2023-01-10,False,True,NONE
+919872089647,Vodafone Idea (Vi),WB,CUST_0003712,DEV_0003712,2023-01-10,False,False,NONE
+919895033808,Airtel India,DL,CUST_0003713,DEV_0003713,2023-01-10,False,False,NONE
+919889835276,Vodafone Idea (Vi),WB,CUST_0003714,DEV_0003714,2023-01-10,False,False,NONE
+919857746886,Airtel India,MH,CUST_0003715,DEV_0003715,2023-01-10,False,False,NONE
+919832123083,Jio 5G,MH,CUST_0003716,DEV_0003716,2023-01-10,False,False,NONE
+919812827542,Jio 5G,HR,CUST_0003717,DEV_0003717,2023-01-10,False,False,NONE
+919818417272,Jio 5G,JH,CUST_0003718,DEV_0003718,2023-01-10,False,False,NONE
+919864186478,BSNL Mobile,HR,CUST_0003719,DEV_0003719,2023-01-10,True,True,NONE
+919827622332,Airtel India,HR,CUST_0003720,DEV_0003720,2023-01-10,False,False,NONE
+919882969133,Airtel India,JH,CUST_0003721,DEV_0003721,2023-01-10,False,True,NONE
+919894042527,Jio 5G,DL,CUST_0003722,DEV_0003722,2023-01-10,False,False,NONE
+919842283982,Vodafone Idea (Vi),GJ,CUST_0003723,DEV_0003723,2023-01-10,False,False,NONE
+919887597327,Airtel India,RJ,CUST_0003724,DEV_0003724,2023-01-10,False,False,NONE
+919826249238,BSNL Mobile,HR,CUST_0003725,DEV_0003725,2023-01-10,False,False,NONE
+919859658876,Airtel India,MH,CUST_0003726,DEV_0003726,2023-01-10,False,False,NONE
+919811854901,Vodafone Idea (Vi),GJ,CUST_0003727,DEV_0003727,2023-01-10,False,False,NONE
+919848627228,Vodafone Idea (Vi),TS,CUST_0003728,DEV_0003728,2023-01-10,False,False,NONE
+919860570282,Airtel India,HR,CUST_0003729,DEV_0003729,2023-01-10,False,True,NONE
+919833774032,Airtel India,GJ,CUST_0003730,DEV_0003730,2023-01-10,False,False,NONE
+919842784224,Jio 5G,DL,CUST_0003731,DEV_0003731,2023-01-10,False,False,NONE
+919858881003,Vodafone Idea (Vi),JH,CUST_0003732,DEV_0003732,2023-01-10,False,False,NONE
+919873342021,Airtel India,MH,CUST_0003733,DEV_0003733,2023-01-10,False,False,NONE
+919840006280,Vodafone Idea (Vi),RJ,CUST_0003734,DEV_0003734,2023-01-10,True,True,NONE
+919864848055,Vodafone Idea (Vi),DL,CUST_0003735,DEV_0003735,2023-01-10,False,False,NONE
+919872176295,Jio 5G,TS,CUST_0003736,DEV_0003736,2023-01-10,False,False,NONE
+919851683816,Jio 5G,WB,CUST_0003737,DEV_0003737,2023-01-10,False,False,NONE
+919863904839,Jio 5G,HR,CUST_0003738,DEV_0003738,2023-01-10,True,True,NONE
+919829766225,Vodafone Idea (Vi),TS,CUST_0003739,DEV_0003739,2023-01-10,False,False,NONE
+919821193505,Airtel India,TS,CUST_0003740,DEV_0003740,2023-01-10,False,False,NONE
+919882112667,Jio 5G,KA,CUST_0003741,DEV_0003741,2023-01-10,False,False,NONE
+919841824191,Vodafone Idea (Vi),TS,CUST_0003742,DEV_0003742,2023-01-10,False,False,NONE
+919822221459,Vodafone Idea (Vi),KA,CUST_0003743,DEV_0003743,2023-01-10,False,False,NONE
+919821745062,Airtel India,JH,CUST_0003744,DEV_0003744,2023-01-10,False,False,NONE
+919850761823,Jio 5G,HR,CUST_0003745,DEV_0003745,2023-01-10,False,False,NONE
+919893431989,Jio 5G,KA,CUST_0003746,DEV_0003746,2023-01-10,False,False,NONE
+919899351961,BSNL Mobile,KA,CUST_0003747,DEV_0003747,2023-01-10,False,False,NONE
+919860260517,Jio 5G,UP,CUST_0003748,DEV_0003748,2023-01-10,False,False,NONE
+919894806479,Jio 5G,TS,CUST_0003749,DEV_0003749,2023-01-10,False,False,NONE
+919841173802,Jio 5G,DL,CUST_0003750,DEV_0003750,2023-01-10,False,False,NONE
+919824744140,Jio 5G,WB,CUST_0003751,DEV_0003751,2023-01-10,False,False,NONE
+919820646770,Airtel India,WB,CUST_0003752,DEV_0003752,2023-01-10,False,False,NONE
+919811980677,Airtel India,DL,CUST_0003753,DEV_0003753,2023-01-10,False,False,NONE
+919826962715,Vodafone Idea (Vi),HR,CUST_0003754,DEV_0003754,2023-01-10,False,False,NONE
+919845189268,Jio 5G,MH,CUST_0003755,DEV_0003755,2023-01-10,False,False,NONE
+919820379225,Jio 5G,JH,CUST_0003756,DEV_0003756,2023-01-10,False,False,NONE
+919832403968,Vodafone Idea (Vi),HR,CUST_0003757,DEV_0003757,2023-01-10,False,False,NONE
+919889135831,Airtel India,JH,CUST_0003758,DEV_0003758,2023-01-10,False,False,NONE
+919887294983,Vodafone Idea (Vi),MH,CUST_0003759,DEV_0003759,2023-01-10,False,False,NONE
+919898630128,Vodafone Idea (Vi),MH,CUST_0003760,DEV_0003760,2023-01-10,False,False,NONE
+919814035475,Airtel India,HR,CUST_0003761,DEV_0003761,2023-01-10,False,False,NONE
+919834638602,BSNL Mobile,HR,CUST_0003762,DEV_0003762,2023-01-10,False,False,NONE
+919897066076,BSNL Mobile,UP,CUST_0003763,DEV_0003763,2023-01-10,False,False,NONE
+919828548298,BSNL Mobile,MH,CUST_0003764,DEV_0003764,2023-01-10,False,True,NONE
+919859094589,Vodafone Idea (Vi),HR,CUST_0003765,DEV_0003765,2023-01-10,False,False,NONE
+919843881739,BSNL Mobile,KA,CUST_0003766,DEV_0003766,2023-01-10,False,True,NONE
+919818940986,Vodafone Idea (Vi),RJ,CUST_0003767,DEV_0003767,2023-01-10,False,True,NONE
+919877615714,Vodafone Idea (Vi),HR,CUST_0003768,DEV_0003768,2023-01-10,False,False,NONE
+919836326325,Jio 5G,JH,CUST_0003769,DEV_0003769,2023-01-10,False,False,NONE
+919819704220,Airtel India,DL,CUST_0003770,DEV_0003770,2023-01-10,False,False,NONE
+919878838177,BSNL Mobile,KA,CUST_0003771,DEV_0003771,2023-01-10,False,False,NONE
+919830720069,BSNL Mobile,TS,CUST_0003772,DEV_0003772,2023-01-10,False,False,NONE
+919863176533,Airtel India,DL,CUST_0003773,DEV_0003773,2023-01-10,False,False,NONE
+919828269468,Airtel India,JH,CUST_0003774,DEV_0003774,2023-01-10,False,False,NONE
+919832450842,Airtel India,UP,CUST_0003775,DEV_0003775,2023-01-10,False,False,NONE
+919816873114,BSNL Mobile,DL,CUST_0003776,DEV_0003776,2023-01-10,False,False,NONE
+919811971350,Jio 5G,GJ,CUST_0003777,DEV_0003777,2023-01-10,False,False,NONE
+919867471469,Airtel India,JH,CUST_0003778,DEV_0003778,2023-01-10,False,False,NONE
+919834265132,Vodafone Idea (Vi),UP,CUST_0003779,DEV_0003779,2023-01-10,False,False,NONE
+919884541379,Airtel India,TS,CUST_0003780,DEV_0003780,2023-01-10,True,True,NONE
+919839102734,Airtel India,UP,CUST_0003781,DEV_0003781,2023-01-10,False,False,NONE
+919886875578,Airtel India,GJ,CUST_0003782,DEV_0003782,2023-01-10,False,False,NONE
+919898184164,Airtel India,HR,CUST_0003783,DEV_0003783,2023-01-10,False,True,NONE
+919858117577,Airtel India,HR,CUST_0003784,DEV_0003784,2023-01-10,False,False,NONE
+919824081647,Jio 5G,DL,CUST_0003785,DEV_0003785,2023-01-10,False,False,NONE
+919872186013,BSNL Mobile,WB,CUST_0003786,DEV_0003786,2023-01-10,False,False,NONE
+919857536301,Airtel India,RJ,CUST_0003787,DEV_0003787,2023-01-10,False,False,NONE
+919850212302,BSNL Mobile,WB,CUST_0003788,DEV_0003788,2023-01-10,False,False,NONE
+919856009859,Vodafone Idea (Vi),GJ,CUST_0003789,DEV_0003789,2023-01-10,False,False,NONE
+919847739310,Airtel India,RJ,CUST_0003790,DEV_0003790,2023-01-10,False,False,NONE
+919848418028,BSNL Mobile,UP,CUST_0003791,DEV_0003791,2023-01-10,False,False,NONE
+919872087775,BSNL Mobile,RJ,CUST_0003792,DEV_0003792,2023-01-10,False,False,NONE
+919890780906,Vodafone Idea (Vi),DL,CUST_0003793,DEV_0003793,2023-01-10,True,True,NONE
+919895688028,BSNL Mobile,WB,CUST_0003794,DEV_0003794,2023-01-10,False,False,NONE
+919864121967,Airtel India,HR,CUST_0003795,DEV_0003795,2023-01-10,False,False,NONE
+919813329001,BSNL Mobile,JH,CUST_0003796,DEV_0003796,2023-01-10,False,False,NONE
+919815174806,BSNL Mobile,DL,CUST_0003797,DEV_0003797,2023-01-10,False,False,NONE
+919834153354,Jio 5G,KA,CUST_0003798,DEV_0003798,2023-01-10,False,False,NONE
+919821730143,Vodafone Idea (Vi),MH,CUST_0003799,DEV_0003799,2023-01-10,False,False,NONE
+919890229093,Airtel India,MH,CUST_0003800,DEV_0003800,2023-01-10,False,False,NONE
+919848674461,Jio 5G,MH,CUST_0003801,DEV_0003801,2023-01-10,True,True,NONE
+919867414208,BSNL Mobile,GJ,CUST_0003802,DEV_0003802,2023-01-10,False,False,NONE
+919818695281,BSNL Mobile,JH,CUST_0003803,DEV_0003803,2023-01-10,False,False,NONE
+919833477185,BSNL Mobile,JH,CUST_0003804,DEV_0003804,2023-01-10,False,True,NONE
+919868256160,Jio 5G,HR,CUST_0003805,DEV_0003805,2023-01-10,False,False,NONE
+919820232747,BSNL Mobile,DL,CUST_0003806,DEV_0003806,2023-01-10,False,False,NONE
+919834002717,Jio 5G,DL,CUST_0003807,DEV_0003807,2023-01-10,False,True,NONE
+919827054215,BSNL Mobile,GJ,CUST_0003808,DEV_0003808,2023-01-10,False,False,NONE
+919867945978,Vodafone Idea (Vi),HR,CUST_0003809,DEV_0003809,2023-01-10,False,False,NONE
+919872237906,BSNL Mobile,UP,CUST_0003810,DEV_0003810,2023-01-10,False,False,NONE
+919861610707,Vodafone Idea (Vi),TS,CUST_0003811,DEV_0003811,2023-01-10,False,False,NONE
+919833570734,BSNL Mobile,DL,CUST_0003812,DEV_0003812,2023-01-10,False,False,NONE
+919882206369,Jio 5G,MH,CUST_0003813,DEV_0003813,2023-01-10,False,False,NONE
+919833314975,Airtel India,JH,CUST_0003814,DEV_0003814,2023-01-10,False,False,NONE
+919841993768,Vodafone Idea (Vi),WB,CUST_0003815,DEV_0003815,2023-01-10,False,False,NONE
+919894647913,Airtel India,KA,CUST_0003816,DEV_0003816,2023-01-10,False,False,NONE
+919865175034,Jio 5G,RJ,CUST_0003817,DEV_0003817,2023-01-10,False,False,NONE
+919896168249,BSNL Mobile,HR,CUST_0003818,DEV_0003818,2023-01-10,False,False,NONE
+919839445931,Jio 5G,MH,CUST_0003819,DEV_0003819,2023-01-10,False,False,NONE
+919861570343,BSNL Mobile,WB,CUST_0003820,DEV_0003820,2023-01-10,False,False,NONE
+919884208383,Vodafone Idea (Vi),UP,CUST_0003821,DEV_0003821,2023-01-10,False,False,NONE
+919862818690,BSNL Mobile,DL,CUST_0003822,DEV_0003822,2023-01-10,False,False,NONE
+919852214751,Vodafone Idea (Vi),WB,CUST_0003823,DEV_0003823,2023-01-10,False,False,NONE
+919826435712,Vodafone Idea (Vi),HR,CUST_0003824,DEV_0003824,2023-01-10,False,False,NONE
+919848294749,Airtel India,TS,CUST_0003825,DEV_0003825,2023-01-10,False,False,NONE
+919847679446,BSNL Mobile,GJ,CUST_0003826,DEV_0003826,2023-01-10,False,False,NONE
+919844349212,Jio 5G,UP,CUST_0003827,DEV_0003827,2023-01-10,False,False,NONE
+919856927820,Vodafone Idea (Vi),GJ,CUST_0003828,DEV_0003828,2023-01-10,False,False,NONE
+919847912332,Vodafone Idea (Vi),GJ,CUST_0003829,DEV_0003829,2023-01-10,False,False,NONE
+919840509425,Airtel India,HR,CUST_0003830,DEV_0003830,2023-01-10,False,False,NONE
+919855953306,Vodafone Idea (Vi),KA,CUST_0003831,DEV_0003831,2023-01-10,False,False,NONE
+919821110691,Airtel India,WB,CUST_0003832,DEV_0003832,2023-01-10,False,True,NONE
+919884969076,BSNL Mobile,HR,CUST_0003833,DEV_0003833,2023-01-10,False,False,NONE
+919877131963,BSNL Mobile,JH,CUST_0003834,DEV_0003834,2023-01-10,False,False,NONE
+919849076118,BSNL Mobile,RJ,CUST_0003835,DEV_0003835,2023-01-10,False,False,NONE
+919881819460,BSNL Mobile,KA,CUST_0003836,DEV_0003836,2023-01-10,False,True,NONE
+919848104550,Jio 5G,HR,CUST_0003837,DEV_0003837,2023-01-10,False,False,NONE
+919896860332,Jio 5G,HR,CUST_0003838,DEV_0003838,2023-01-10,False,False,NONE
+919882567868,BSNL Mobile,RJ,CUST_0003839,DEV_0003839,2023-01-10,False,False,NONE
+919860530373,BSNL Mobile,UP,CUST_0003840,DEV_0003840,2023-01-10,False,False,NONE
+919863958366,Airtel India,JH,CUST_0003841,DEV_0003841,2023-01-10,False,False,NONE
+919823985829,Vodafone Idea (Vi),JH,CUST_0003842,DEV_0003842,2023-01-10,False,False,NONE
+919890942510,Jio 5G,DL,CUST_0003843,DEV_0003843,2023-01-10,False,False,NONE
+919863860386,BSNL Mobile,UP,CUST_0003844,DEV_0003844,2023-01-10,False,False,NONE
+919832217194,Airtel India,UP,CUST_0003845,DEV_0003845,2023-01-10,False,False,NONE
+919836770347,Airtel India,MH,CUST_0003846,DEV_0003846,2023-01-10,False,False,NONE
+919886511162,BSNL Mobile,WB,CUST_0003847,DEV_0003847,2023-01-10,False,False,NONE
+919895234004,Vodafone Idea (Vi),JH,CUST_0003848,DEV_0003848,2023-01-10,False,False,NONE
+919880817904,Airtel India,UP,CUST_0003849,DEV_0003849,2023-01-10,False,False,NONE
+919880501766,Jio 5G,DL,CUST_0003850,DEV_0003850,2023-01-10,False,False,NONE
+919845937357,Jio 5G,TS,CUST_0003851,DEV_0003851,2023-01-10,False,False,NONE
+919818049476,Jio 5G,GJ,CUST_0003852,DEV_0003852,2023-01-10,False,False,NONE
+919849807240,Vodafone Idea (Vi),UP,CUST_0003853,DEV_0003853,2023-01-10,False,False,NONE
+919835240923,BSNL Mobile,WB,CUST_0003854,DEV_0003854,2023-01-10,False,False,NONE
+919842419117,Jio 5G,GJ,CUST_0003855,DEV_0003855,2023-01-10,False,False,NONE
+919822599462,Vodafone Idea (Vi),KA,CUST_0003856,DEV_0003856,2023-01-10,False,False,NONE
+919851277248,Jio 5G,WB,CUST_0003857,DEV_0003857,2023-01-10,False,False,NONE
+919818203952,Jio 5G,DL,CUST_0003858,DEV_0003858,2023-01-10,False,False,NONE
+919842018845,BSNL Mobile,TS,CUST_0003859,DEV_0003859,2023-01-10,False,False,NONE
+919833448254,Vodafone Idea (Vi),KA,CUST_0003860,DEV_0003860,2023-01-10,False,False,NONE
+919838481791,Airtel India,HR,CUST_0003861,DEV_0003861,2023-01-10,False,False,NONE
+919814566051,Vodafone Idea (Vi),UP,CUST_0003862,DEV_0003862,2023-01-10,False,False,NONE
+919866609117,Airtel India,GJ,CUST_0003863,DEV_0003863,2023-01-10,False,False,NONE
+919868924245,Vodafone Idea (Vi),HR,CUST_0003864,DEV_0003864,2023-01-10,False,False,NONE
+919847211614,BSNL Mobile,RJ,CUST_0003865,DEV_0003865,2023-01-10,False,False,NONE
+919817244414,Vodafone Idea (Vi),KA,CUST_0003866,DEV_0003866,2023-01-10,False,False,NONE
+919896386105,Vodafone Idea (Vi),RJ,CUST_0003867,DEV_0003867,2023-01-10,False,False,NONE
+919880215708,BSNL Mobile,UP,CUST_0003868,DEV_0003868,2023-01-10,False,False,NONE
+919835254606,Airtel India,GJ,CUST_0003869,DEV_0003869,2023-01-10,False,False,NONE
+919850305385,Vodafone Idea (Vi),WB,CUST_0003870,DEV_0003870,2023-01-10,False,False,NONE
+919875607249,BSNL Mobile,WB,CUST_0003871,DEV_0003871,2023-01-10,False,False,NONE
+919867935192,Jio 5G,TS,CUST_0003872,DEV_0003872,2023-01-10,False,True,NONE
+919864805887,Vodafone Idea (Vi),DL,CUST_0003873,DEV_0003873,2023-01-10,False,False,NONE
+919864475352,BSNL Mobile,RJ,CUST_0003874,DEV_0003874,2023-01-10,False,False,NONE
+919871445993,Jio 5G,KA,CUST_0003875,DEV_0003875,2023-01-10,False,False,NONE
+919866576145,Airtel India,HR,CUST_0003876,DEV_0003876,2023-01-10,False,False,NONE
+919864541480,Jio 5G,UP,CUST_0003877,DEV_0003877,2023-01-10,False,False,NONE
+919855971075,Vodafone Idea (Vi),JH,CUST_0003878,DEV_0003878,2023-01-10,False,True,NONE
+919816429197,BSNL Mobile,TS,CUST_0003879,DEV_0003879,2023-01-10,False,False,NONE
+919898541561,Vodafone Idea (Vi),TS,CUST_0003880,DEV_0003880,2023-01-10,False,False,NONE
+919884148235,Vodafone Idea (Vi),GJ,CUST_0003881,DEV_0003881,2023-01-10,False,False,NONE
+919858178452,Jio 5G,KA,CUST_0003882,DEV_0003882,2023-01-10,False,False,NONE
+919854486450,BSNL Mobile,HR,CUST_0003883,DEV_0003883,2023-01-10,False,False,NONE
+919876174104,Airtel India,UP,CUST_0003884,DEV_0003884,2023-01-10,False,True,NONE
+919885540573,Airtel India,WB,CUST_0003885,DEV_0003885,2023-01-10,False,False,NONE
+919869125913,BSNL Mobile,TS,CUST_0003886,DEV_0003886,2023-01-10,False,False,NONE
+919832155631,Jio 5G,JH,CUST_0003887,DEV_0003887,2023-01-10,False,False,NONE
+919877488115,Jio 5G,TS,CUST_0003888,DEV_0003888,2023-01-10,False,False,NONE
+919870755698,BSNL Mobile,UP,CUST_0003889,DEV_0003889,2023-01-10,False,False,NONE
+919861441776,Vodafone Idea (Vi),RJ,CUST_0003890,DEV_0003890,2023-01-10,False,False,NONE
+919817182635,Vodafone Idea (Vi),WB,CUST_0003891,DEV_0003891,2023-01-10,False,False,NONE
+919886178717,Jio 5G,GJ,CUST_0003892,DEV_0003892,2023-01-10,False,False,NONE
+919828497547,Jio 5G,HR,CUST_0003893,DEV_0003893,2023-01-10,False,False,NONE
+919890128572,BSNL Mobile,KA,CUST_0003894,DEV_0003894,2023-01-10,False,False,NONE
+919878098973,Jio 5G,JH,CUST_0003895,DEV_0003895,2023-01-10,False,False,NONE
+919865037700,Airtel India,JH,CUST_0003896,DEV_0003896,2023-01-10,False,False,NONE
+919860015541,Jio 5G,MH,CUST_0003897,DEV_0003897,2023-01-10,False,False,NONE
+919864077130,Jio 5G,JH,CUST_0003898,DEV_0003898,2023-01-10,False,False,NONE
+919853140182,BSNL Mobile,DL,CUST_0003899,DEV_0003899,2023-01-10,False,False,NONE
+919846771299,Jio 5G,HR,CUST_0003900,DEV_0003900,2023-01-10,False,True,NONE
+919845253813,Vodafone Idea (Vi),MH,CUST_0003901,DEV_0003901,2023-01-10,False,False,NONE
+919836989726,Jio 5G,UP,CUST_0003902,DEV_0003902,2023-01-10,False,False,NONE
+919830691600,Vodafone Idea (Vi),TS,CUST_0003903,DEV_0003903,2023-01-10,True,True,NONE
+919884098348,Jio 5G,RJ,CUST_0003904,DEV_0003904,2023-01-10,False,False,NONE
+919814021950,Airtel India,KA,CUST_0003905,DEV_0003905,2023-01-10,False,False,NONE
+919875575899,BSNL Mobile,HR,CUST_0003906,DEV_0003906,2023-01-10,False,False,NONE
+919876786250,Airtel India,MH,CUST_0003907,DEV_0003907,2023-01-10,False,False,NONE
+919852062087,Jio 5G,DL,CUST_0003908,DEV_0003908,2023-01-10,False,False,NONE
+919896765235,Jio 5G,DL,CUST_0003909,DEV_0003909,2023-01-10,False,False,NONE
+919896980408,Vodafone Idea (Vi),MH,CUST_0003910,DEV_0003910,2023-01-10,False,False,NONE
+919860235239,Airtel India,TS,CUST_0003911,DEV_0003911,2023-01-10,False,False,NONE
+919865887568,Jio 5G,RJ,CUST_0003912,DEV_0003912,2023-01-10,False,False,NONE
+919810202021,BSNL Mobile,UP,CUST_0003913,DEV_0003913,2023-01-10,False,True,NONE
+919833848027,Jio 5G,DL,CUST_0003914,DEV_0003914,2023-01-10,False,False,NONE
+919871493499,Airtel India,WB,CUST_0003915,DEV_0003915,2023-01-10,False,False,NONE
+919812287520,Airtel India,HR,CUST_0003916,DEV_0003916,2023-01-10,False,False,NONE
+919875056194,BSNL Mobile,RJ,CUST_0003917,DEV_0003917,2023-01-10,False,False,NONE
+919831757664,Jio 5G,KA,CUST_0003918,DEV_0003918,2023-01-10,False,False,NONE
+919819332162,Vodafone Idea (Vi),WB,CUST_0003919,DEV_0003919,2023-01-10,True,True,NONE
+919898320641,BSNL Mobile,JH,CUST_0003920,DEV_0003920,2023-01-10,False,False,NONE
+919872601395,Jio 5G,DL,CUST_0003921,DEV_0003921,2023-01-10,False,False,NONE
+919853707302,Jio 5G,TS,CUST_0003922,DEV_0003922,2023-01-10,False,False,NONE
+919816020589,Airtel India,RJ,CUST_0003923,DEV_0003923,2023-01-10,False,True,NONE
+919839369916,Airtel India,MH,CUST_0003924,DEV_0003924,2023-01-10,False,False,NONE
+919878380746,Jio 5G,TS,CUST_0003925,DEV_0003925,2023-01-10,False,False,NONE
+919896270771,BSNL Mobile,JH,CUST_0003926,DEV_0003926,2023-01-10,False,False,NONE
+919838952080,Airtel India,RJ,CUST_0003927,DEV_0003927,2023-01-10,False,False,NONE
+919871001890,Airtel India,GJ,CUST_0003928,DEV_0003928,2023-01-10,False,False,NONE
+919882211854,BSNL Mobile,MH,CUST_0003929,DEV_0003929,2023-01-10,False,False,NONE
+919814279339,Jio 5G,RJ,CUST_0003930,DEV_0003930,2023-01-10,False,False,NONE
+919899140804,Airtel India,GJ,CUST_0003931,DEV_0003931,2023-01-10,False,False,NONE
+919834372213,Jio 5G,UP,CUST_0003932,DEV_0003932,2023-01-10,False,False,NONE
+919866108723,Airtel India,HR,CUST_0003933,DEV_0003933,2023-01-10,False,False,NONE
+919810035673,BSNL Mobile,KA,CUST_0003934,DEV_0003934,2023-01-10,False,False,NONE
+919813765720,Airtel India,WB,CUST_0003935,DEV_0003935,2023-01-10,False,False,NONE
+919858303454,Jio 5G,DL,CUST_0003936,DEV_0003936,2023-01-10,False,False,NONE
+919810932793,Vodafone Idea (Vi),UP,CUST_0003937,DEV_0003937,2023-01-10,False,False,NONE
+919888252021,BSNL Mobile,TS,CUST_0003938,DEV_0003938,2023-01-10,False,False,NONE
+919847539301,Jio 5G,GJ,CUST_0003939,DEV_0003939,2023-01-10,False,False,NONE
+919858532867,BSNL Mobile,WB,CUST_0003940,DEV_0003940,2023-01-10,False,False,NONE
+919816069402,Jio 5G,KA,CUST_0003941,DEV_0003941,2023-01-10,False,False,NONE
+919881545868,Airtel India,GJ,CUST_0003942,DEV_0003942,2023-01-10,False,False,NONE
+919813021580,Airtel India,WB,CUST_0003943,DEV_0003943,2023-01-10,False,False,NONE
+919846929971,Airtel India,TS,CUST_0003944,DEV_0003944,2023-01-10,False,False,NONE
+919835408887,Airtel India,DL,CUST_0003945,DEV_0003945,2023-01-10,False,False,NONE
+919879361913,Vodafone Idea (Vi),TS,CUST_0003946,DEV_0003946,2023-01-10,False,False,NONE
+919852630846,Airtel India,WB,CUST_0003947,DEV_0003947,2023-01-10,False,False,NONE
+919864485049,Jio 5G,DL,CUST_0003948,DEV_0003948,2023-01-10,False,False,NONE
+919875614144,BSNL Mobile,KA,CUST_0003949,DEV_0003949,2023-01-10,False,False,NONE
+919835412385,Vodafone Idea (Vi),MH,CUST_0003950,DEV_0003950,2023-01-10,False,False,NONE
+919881590307,Airtel India,GJ,CUST_0003951,DEV_0003951,2023-01-10,False,False,NONE
+919839952600,BSNL Mobile,UP,CUST_0003952,DEV_0003952,2023-01-10,False,False,NONE
+919853250273,Airtel India,DL,CUST_0003953,DEV_0003953,2023-01-10,False,False,NONE
+919893182845,BSNL Mobile,KA,CUST_0003954,DEV_0003954,2023-01-10,False,False,NONE
+919824229419,Vodafone Idea (Vi),TS,CUST_0003955,DEV_0003955,2023-01-10,False,True,NONE
+919833385263,Vodafone Idea (Vi),TS,CUST_0003956,DEV_0003956,2023-01-10,False,True,NONE
+919848815831,Jio 5G,DL,CUST_0003957,DEV_0003957,2023-01-10,False,False,NONE
+919812742268,Jio 5G,UP,CUST_0003958,DEV_0003958,2023-01-10,False,False,NONE
+919858276742,Vodafone Idea (Vi),TS,CUST_0003959,DEV_0003959,2023-01-10,False,False,NONE
+919899421312,Jio 5G,MH,CUST_0003960,DEV_0003960,2023-01-10,False,False,NONE
+919880273891,BSNL Mobile,JH,CUST_0003961,DEV_0003961,2023-01-10,False,False,NONE
+919887366025,Airtel India,TS,CUST_0003962,DEV_0003962,2023-01-10,False,False,NONE
+919850631281,Airtel India,WB,CUST_0003963,DEV_0003963,2023-01-10,False,False,NONE
+919839452456,Vodafone Idea (Vi),HR,CUST_0003964,DEV_0003964,2023-01-10,False,False,NONE
+919826773217,Jio 5G,WB,CUST_0003965,DEV_0003965,2023-01-10,False,False,NONE
+919873083884,Airtel India,RJ,CUST_0003966,DEV_0003966,2023-01-10,False,False,NONE
+919887183721,BSNL Mobile,RJ,CUST_0003967,DEV_0003967,2023-01-10,False,False,NONE
+919833646537,Airtel India,JH,CUST_0003968,DEV_0003968,2023-01-10,True,True,NONE
+919846877444,Vodafone Idea (Vi),RJ,CUST_0003969,DEV_0003969,2023-01-10,False,False,NONE
+919813710233,Vodafone Idea (Vi),DL,CUST_0003970,DEV_0003970,2023-01-10,False,False,NONE
+919893191210,Vodafone Idea (Vi),JH,CUST_0003971,DEV_0003971,2023-01-10,False,False,NONE
+919810821403,Jio 5G,MH,CUST_0003972,DEV_0003972,2023-01-10,False,False,NONE
+919833591418,Vodafone Idea (Vi),TS,CUST_0003973,DEV_0003973,2023-01-10,False,False,NONE
+919865681296,BSNL Mobile,RJ,CUST_0003974,DEV_0003974,2023-01-10,False,True,NONE
+919849127929,Vodafone Idea (Vi),JH,CUST_0003975,DEV_0003975,2023-01-10,False,False,NONE
+919842471565,Airtel India,HR,CUST_0003976,DEV_0003976,2023-01-10,False,False,NONE
+919854773504,Vodafone Idea (Vi),UP,CUST_0003977,DEV_0003977,2023-01-10,False,False,NONE
+919853952998,BSNL Mobile,JH,CUST_0003978,DEV_0003978,2023-01-10,False,False,NONE
+919873720519,Airtel India,UP,CUST_0003979,DEV_0003979,2023-01-10,False,False,NONE
+919843724372,BSNL Mobile,HR,CUST_0003980,DEV_0003980,2023-01-10,True,True,NONE
+919891374548,Airtel India,UP,CUST_0003981,DEV_0003981,2023-01-10,False,False,NONE
+919842674703,BSNL Mobile,MH,CUST_0003982,DEV_0003982,2023-01-10,False,False,NONE
+919867220423,Airtel India,RJ,CUST_0003983,DEV_0003983,2023-01-10,False,False,NONE
+919874899581,Jio 5G,KA,CUST_0003984,DEV_0003984,2023-01-10,False,False,NONE
+919893522218,Jio 5G,TS,CUST_0003985,DEV_0003985,2023-01-10,False,False,NONE
+919868308298,Vodafone Idea (Vi),KA,CUST_0003986,DEV_0003986,2023-01-10,False,True,NONE
+919816727444,Vodafone Idea (Vi),WB,CUST_0003987,DEV_0003987,2023-01-10,False,False,NONE
+919864293973,BSNL Mobile,TS,CUST_0003988,DEV_0003988,2023-01-10,False,False,NONE
+919833323074,BSNL Mobile,RJ,CUST_0003989,DEV_0003989,2023-01-10,False,False,NONE
+919837185288,Jio 5G,JH,CUST_0003990,DEV_0003990,2023-01-10,False,False,NONE
+919870763114,Vodafone Idea (Vi),WB,CUST_0003991,DEV_0003991,2023-01-10,False,True,NONE
+919823818873,Jio 5G,HR,CUST_0003992,DEV_0003992,2023-01-10,False,False,NONE
+919834806131,Jio 5G,TS,CUST_0003993,DEV_0003993,2023-01-10,False,False,NONE
+919845534597,Jio 5G,DL,CUST_0003994,DEV_0003994,2023-01-10,False,False,NONE
+919896283601,Airtel India,MH,CUST_0003995,DEV_0003995,2023-01-10,False,False,NONE
+919874800885,BSNL Mobile,GJ,CUST_0003996,DEV_0003996,2023-01-10,False,False,NONE
+919879734810,Airtel India,UP,CUST_0003997,DEV_0003997,2023-01-10,False,False,NONE
+919885590063,BSNL Mobile,KA,CUST_0003998,DEV_0003998,2023-01-10,False,False,NONE
+919852916367,Airtel India,WB,CUST_0003999,DEV_0003999,2023-01-10,False,False,NONE
+919881642902,Airtel India,KA,CUST_0004000,DEV_0004000,2023-01-10,False,False,NONE
+919859378365,BSNL Mobile,TS,CUST_0004001,DEV_0004001,2023-01-10,False,False,NONE
+919856655791,BSNL Mobile,TS,CUST_0004002,DEV_0004002,2023-01-10,False,False,NONE
+919814576606,Jio 5G,DL,CUST_0004003,DEV_0004003,2023-01-10,False,False,NONE
+919861173083,Jio 5G,GJ,CUST_0004004,DEV_0004004,2023-01-10,False,False,NONE
+919889887327,Airtel India,KA,CUST_0004005,DEV_0004005,2023-01-10,False,False,NONE
+919814604262,Vodafone Idea (Vi),WB,CUST_0004006,DEV_0004006,2023-01-10,False,False,NONE
+919828704775,BSNL Mobile,TS,CUST_0004007,DEV_0004007,2023-01-10,False,False,NONE
+919813392885,Airtel India,KA,CUST_0004008,DEV_0004008,2023-01-10,False,False,NONE
+919885247171,Airtel India,TS,CUST_0004009,DEV_0004009,2023-01-10,False,False,NONE
+919821546719,Jio 5G,DL,CUST_0004010,DEV_0004010,2023-01-10,False,False,NONE
+919872618302,Vodafone Idea (Vi),JH,CUST_0004011,DEV_0004011,2023-01-10,False,False,NONE
+919898724838,Vodafone Idea (Vi),TS,CUST_0004012,DEV_0004012,2023-01-10,False,False,NONE
+919832469002,Airtel India,TS,CUST_0004013,DEV_0004013,2023-01-10,False,False,NONE
+919824837172,BSNL Mobile,KA,CUST_0004014,DEV_0004014,2023-01-10,False,False,NONE
+919856434548,Vodafone Idea (Vi),GJ,CUST_0004015,DEV_0004015,2023-01-10,False,False,NONE
+919844654569,Vodafone Idea (Vi),HR,CUST_0004016,DEV_0004016,2023-01-10,False,False,NONE
+919823904614,BSNL Mobile,HR,CUST_0004017,DEV_0004017,2023-01-10,False,False,NONE
+919830890204,Jio 5G,MH,CUST_0004018,DEV_0004018,2023-01-10,False,False,NONE
+919869222704,Jio 5G,RJ,CUST_0004019,DEV_0004019,2023-01-10,False,False,NONE
+919832629640,BSNL Mobile,DL,CUST_0004020,DEV_0004020,2023-01-10,False,False,NONE
+919826046970,Vodafone Idea (Vi),JH,CUST_0004021,DEV_0004021,2023-01-10,False,False,NONE
+919836144971,BSNL Mobile,RJ,CUST_0004022,DEV_0004022,2023-01-10,False,False,NONE
+919872572001,Jio 5G,MH,CUST_0004023,DEV_0004023,2023-01-10,False,False,NONE
+919876888919,Jio 5G,KA,CUST_0004024,DEV_0004024,2023-01-10,False,False,NONE
+919857194204,Jio 5G,MH,CUST_0004025,DEV_0004025,2023-01-10,False,False,NONE
+919832702764,Jio 5G,TS,CUST_0004026,DEV_0004026,2023-01-10,False,False,NONE
+919892540606,Vodafone Idea (Vi),JH,CUST_0004027,DEV_0004027,2023-01-10,False,False,NONE
+919812619463,BSNL Mobile,UP,CUST_0004028,DEV_0004028,2023-01-10,False,False,NONE
+919887423479,Airtel India,GJ,CUST_0004029,DEV_0004029,2023-01-10,False,False,NONE
+919839420678,Vodafone Idea (Vi),DL,CUST_0004030,DEV_0004030,2023-01-10,False,False,NONE
+919858272417,BSNL Mobile,UP,CUST_0004031,DEV_0004031,2023-01-10,False,True,NONE
+919855407818,BSNL Mobile,TS,CUST_0004032,DEV_0004032,2023-01-10,False,False,NONE
+919864263666,BSNL Mobile,WB,CUST_0004033,DEV_0004033,2023-01-10,False,False,NONE
+919881251603,BSNL Mobile,DL,CUST_0004034,DEV_0004034,2023-01-10,False,False,NONE
+919893257886,Jio 5G,RJ,CUST_0004035,DEV_0004035,2023-01-10,False,False,NONE
+919831388419,Jio 5G,WB,CUST_0004036,DEV_0004036,2023-01-10,False,False,NONE
+919850705202,BSNL Mobile,GJ,CUST_0004037,DEV_0004037,2023-01-10,False,False,NONE
+919896385994,Jio 5G,RJ,CUST_0004038,DEV_0004038,2023-01-10,False,False,NONE
+919827621225,Jio 5G,JH,CUST_0004039,DEV_0004039,2023-01-10,False,False,NONE
+919843382158,Airtel India,DL,CUST_0004040,DEV_0004040,2023-01-10,False,False,NONE
+919874900093,Jio 5G,KA,CUST_0004041,DEV_0004041,2023-01-10,True,True,NONE
+919848321997,Vodafone Idea (Vi),TS,CUST_0004042,DEV_0004042,2023-01-10,False,False,NONE
+919888984712,Airtel India,RJ,CUST_0004043,DEV_0004043,2023-01-10,False,False,NONE
+919812512539,Airtel India,JH,CUST_0004044,DEV_0004044,2023-01-10,False,False,NONE
+919823323474,BSNL Mobile,GJ,CUST_0004045,DEV_0004045,2023-01-10,False,False,NONE
+919868668807,Airtel India,HR,CUST_0004046,DEV_0004046,2023-01-10,False,False,NONE
+919812172089,Vodafone Idea (Vi),UP,CUST_0004047,DEV_0004047,2023-01-10,False,False,NONE
+919811435457,Vodafone Idea (Vi),MH,CUST_0004048,DEV_0004048,2023-01-10,False,False,NONE
+919862745478,BSNL Mobile,RJ,CUST_0004049,DEV_0004049,2023-01-10,False,False,NONE
+919825956712,Vodafone Idea (Vi),DL,CUST_0004050,DEV_0004050,2023-01-10,False,False,NONE
+919858892682,Jio 5G,JH,CUST_0004051,DEV_0004051,2023-01-10,False,False,NONE
+919816074127,Vodafone Idea (Vi),WB,CUST_0004052,DEV_0004052,2023-01-10,False,False,NONE
+919865304723,Airtel India,TS,CUST_0004053,DEV_0004053,2023-01-10,False,False,NONE
+919827137559,Jio 5G,MH,CUST_0004054,DEV_0004054,2023-01-10,False,False,NONE
+919893086849,Vodafone Idea (Vi),WB,CUST_0004055,DEV_0004055,2023-01-10,False,False,NONE
+919824218873,Airtel India,HR,CUST_0004056,DEV_0004056,2023-01-10,False,False,NONE
+919833652173,Airtel India,RJ,CUST_0004057,DEV_0004057,2023-01-10,False,False,NONE
+919863734614,BSNL Mobile,TS,CUST_0004058,DEV_0004058,2023-01-10,False,False,NONE
+919810260754,Vodafone Idea (Vi),MH,CUST_0004059,DEV_0004059,2023-01-10,False,True,NONE
+919868386435,BSNL Mobile,KA,CUST_0004060,DEV_0004060,2023-01-10,False,False,NONE
+919818848902,Jio 5G,MH,CUST_0004061,DEV_0004061,2023-01-10,False,False,NONE
+919863974595,BSNL Mobile,MH,CUST_0004062,DEV_0004062,2023-01-10,False,False,NONE
+919881550577,Jio 5G,JH,CUST_0004063,DEV_0004063,2023-01-10,False,False,NONE
+919899417923,Jio 5G,HR,CUST_0004064,DEV_0004064,2023-01-10,False,False,NONE
+919826396663,Airtel India,UP,CUST_0004065,DEV_0004065,2023-01-10,False,False,NONE
+919869873120,BSNL Mobile,TS,CUST_0004066,DEV_0004066,2023-01-10,False,False,NONE
+919857384812,Airtel India,JH,CUST_0004067,DEV_0004067,2023-01-10,False,False,NONE
+919813963565,Jio 5G,RJ,CUST_0004068,DEV_0004068,2023-01-10,False,False,NONE
+919863448219,Airtel India,JH,CUST_0004069,DEV_0004069,2023-01-10,False,False,NONE
+919892467234,Airtel India,HR,CUST_0004070,DEV_0004070,2023-01-10,False,False,NONE
+919811122852,Jio 5G,JH,CUST_0004071,DEV_0004071,2023-01-10,False,False,NONE
+919819391769,Vodafone Idea (Vi),MH,CUST_0004072,DEV_0004072,2023-01-10,False,False,NONE
+919859294788,Jio 5G,WB,CUST_0004073,DEV_0004073,2023-01-10,False,False,NONE
+919888337437,Jio 5G,KA,CUST_0004074,DEV_0004074,2023-01-10,False,False,NONE
+919843266991,Jio 5G,MH,CUST_0004075,DEV_0004075,2023-01-10,False,False,NONE
+919840768595,Jio 5G,RJ,CUST_0004076,DEV_0004076,2023-01-10,False,False,NONE
+919863931362,Jio 5G,HR,CUST_0004077,DEV_0004077,2023-01-10,False,False,NONE
+919847143958,Vodafone Idea (Vi),UP,CUST_0004078,DEV_0004078,2023-01-10,False,True,NONE
+919842795844,Jio 5G,HR,CUST_0004079,DEV_0004079,2023-01-10,False,False,NONE
+919873360174,Vodafone Idea (Vi),RJ,CUST_0004080,DEV_0004080,2023-01-10,True,True,NONE
+919835044120,Jio 5G,GJ,CUST_0004081,DEV_0004081,2023-01-10,False,False,NONE
+919872345399,Airtel India,RJ,CUST_0004082,DEV_0004082,2023-01-10,False,False,NONE
+919836470089,Jio 5G,JH,CUST_0004083,DEV_0004083,2023-01-10,False,False,NONE
+919881547286,Jio 5G,JH,CUST_0004084,DEV_0004084,2023-01-10,False,True,NONE
+919895110157,Vodafone Idea (Vi),KA,CUST_0004085,DEV_0004085,2023-01-10,False,True,NONE
+919823398665,Vodafone Idea (Vi),TS,CUST_0004086,DEV_0004086,2023-01-10,False,False,NONE
+919819418108,Airtel India,MH,CUST_0004087,DEV_0004087,2023-01-10,False,False,NONE
+919835527055,Jio 5G,JH,CUST_0004088,DEV_0004088,2023-01-10,False,False,NONE
+919877108941,Vodafone Idea (Vi),WB,CUST_0004089,DEV_0004089,2023-01-10,False,False,NONE
+919874233456,Airtel India,HR,CUST_0004090,DEV_0004090,2023-01-10,False,False,NONE
+919813731336,Jio 5G,HR,CUST_0004091,DEV_0004091,2023-01-10,False,False,NONE
+919882962933,Vodafone Idea (Vi),HR,CUST_0004092,DEV_0004092,2023-01-10,False,False,NONE
+919838152351,Jio 5G,HR,CUST_0004093,DEV_0004093,2023-01-10,False,False,NONE
+919862833714,BSNL Mobile,MH,CUST_0004094,DEV_0004094,2023-01-10,False,False,NONE
+919836505739,Airtel India,RJ,CUST_0004095,DEV_0004095,2023-01-10,False,False,NONE
+919864966040,Airtel India,WB,CUST_0004096,DEV_0004096,2023-01-10,False,False,NONE
+919846806943,Vodafone Idea (Vi),JH,CUST_0004097,DEV_0004097,2023-01-10,False,False,NONE
+919834014600,BSNL Mobile,RJ,CUST_0004098,DEV_0004098,2023-01-10,False,False,NONE
+919852217203,Airtel India,UP,CUST_0004099,DEV_0004099,2023-01-10,False,False,NONE
+919827236586,BSNL Mobile,KA,CUST_0004100,DEV_0004100,2023-01-10,False,False,NONE
+919833699538,Vodafone Idea (Vi),HR,CUST_0004101,DEV_0004101,2023-01-10,False,False,NONE
+919893056955,Jio 5G,MH,CUST_0004102,DEV_0004102,2023-01-10,True,True,NONE
+919821756222,Airtel India,JH,CUST_0004103,DEV_0004103,2023-01-10,True,True,NONE
+919874507795,BSNL Mobile,HR,CUST_0004104,DEV_0004104,2023-01-10,False,False,NONE
+919822994440,BSNL Mobile,DL,CUST_0004105,DEV_0004105,2023-01-10,False,False,NONE
+919895943457,Jio 5G,DL,CUST_0004106,DEV_0004106,2023-01-10,False,False,NONE
+919871163943,Airtel India,WB,CUST_0004107,DEV_0004107,2023-01-10,False,False,NONE
+919881261019,Vodafone Idea (Vi),JH,CUST_0004108,DEV_0004108,2023-01-10,False,False,NONE
+919877423946,Vodafone Idea (Vi),HR,CUST_0004109,DEV_0004109,2023-01-10,False,False,NONE
+919833827468,Jio 5G,WB,CUST_0004110,DEV_0004110,2023-01-10,False,True,NONE
+919895034365,Jio 5G,RJ,CUST_0004111,DEV_0004111,2023-01-10,False,False,NONE
+919821697888,BSNL Mobile,JH,CUST_0004112,DEV_0004112,2023-01-10,False,False,NONE
+919849836322,Airtel India,KA,CUST_0004113,DEV_0004113,2023-01-10,False,False,NONE
+919817722837,Vodafone Idea (Vi),GJ,CUST_0004114,DEV_0004114,2023-01-10,False,False,NONE
+919870428078,Jio 5G,UP,CUST_0004115,DEV_0004115,2023-01-10,False,False,NONE
+919834544990,BSNL Mobile,GJ,CUST_0004116,DEV_0004116,2023-01-10,False,False,NONE
+919881552722,Airtel India,JH,CUST_0004117,DEV_0004117,2023-01-10,False,False,NONE
+919827721139,Jio 5G,KA,CUST_0004118,DEV_0004118,2023-01-10,False,False,NONE
+919877133799,Jio 5G,TS,CUST_0004119,DEV_0004119,2023-01-10,False,False,NONE
+919814096926,Jio 5G,MH,CUST_0004120,DEV_0004120,2023-01-10,False,False,NONE
+919843616999,Vodafone Idea (Vi),KA,CUST_0004121,DEV_0004121,2023-01-10,False,False,NONE
+919827305595,Airtel India,JH,CUST_0004122,DEV_0004122,2023-01-10,False,False,NONE
+919833917862,Vodafone Idea (Vi),TS,CUST_0004123,DEV_0004123,2023-01-10,False,False,NONE
+919846265879,Jio 5G,DL,CUST_0004124,DEV_0004124,2023-01-10,False,False,NONE
+919884880369,Airtel India,WB,CUST_0004125,DEV_0004125,2023-01-10,False,False,NONE
+919839152855,Vodafone Idea (Vi),DL,CUST_0004126,DEV_0004126,2023-01-10,False,True,NONE
+919814902026,Jio 5G,GJ,CUST_0004127,DEV_0004127,2023-01-10,False,False,NONE
+919895758526,Jio 5G,JH,CUST_0004128,DEV_0004128,2023-01-10,False,False,NONE
+919813132489,Vodafone Idea (Vi),HR,CUST_0004129,DEV_0004129,2023-01-10,False,False,NONE
+919812854441,Airtel India,GJ,CUST_0004130,DEV_0004130,2023-01-10,False,False,NONE
+919810911096,Airtel India,KA,CUST_0004131,DEV_0004131,2023-01-10,False,False,NONE
+919847337062,Vodafone Idea (Vi),WB,CUST_0004132,DEV_0004132,2023-01-10,False,False,NONE
+919811499527,Vodafone Idea (Vi),KA,CUST_0004133,DEV_0004133,2023-01-10,False,False,NONE
+919894922270,Jio 5G,JH,CUST_0004134,DEV_0004134,2023-01-10,False,False,NONE
+919847360182,BSNL Mobile,GJ,CUST_0004135,DEV_0004135,2023-01-10,False,False,NONE
+919888156350,Airtel India,TS,CUST_0004136,DEV_0004136,2023-01-10,False,False,NONE
+919831987849,Airtel India,DL,CUST_0004137,DEV_0004137,2023-01-10,False,False,NONE
+919822179970,BSNL Mobile,RJ,CUST_0004138,DEV_0004138,2023-01-10,False,False,NONE
+919875490065,Vodafone Idea (Vi),JH,CUST_0004139,DEV_0004139,2023-01-10,False,False,NONE
+919892195156,Jio 5G,TS,CUST_0004140,DEV_0004140,2023-01-10,False,False,NONE
+919867342696,Jio 5G,UP,CUST_0004141,DEV_0004141,2023-01-10,False,False,NONE
+919829158682,BSNL Mobile,TS,CUST_0004142,DEV_0004142,2023-01-10,False,False,NONE
+919830324106,Vodafone Idea (Vi),DL,CUST_0004143,DEV_0004143,2023-01-10,False,False,NONE
+919835820447,BSNL Mobile,WB,CUST_0004144,DEV_0004144,2023-01-10,False,False,NONE
+919851159993,BSNL Mobile,TS,CUST_0004145,DEV_0004145,2023-01-10,False,False,NONE
+919891446066,BSNL Mobile,WB,CUST_0004146,DEV_0004146,2023-01-10,False,False,NONE
+919885226596,Jio 5G,DL,CUST_0004147,DEV_0004147,2023-01-10,False,False,NONE
+919856894993,Jio 5G,JH,CUST_0004148,DEV_0004148,2023-01-10,False,False,NONE
+919826392752,Jio 5G,RJ,CUST_0004149,DEV_0004149,2023-01-10,False,False,NONE
+919855650835,Airtel India,RJ,CUST_0004150,DEV_0004150,2023-01-10,False,False,NONE
+919841720816,Airtel India,JH,CUST_0004151,DEV_0004151,2023-01-10,False,False,NONE
+919846030975,Vodafone Idea (Vi),UP,CUST_0004152,DEV_0004152,2023-01-10,False,False,NONE
+919898697587,Vodafone Idea (Vi),UP,CUST_0004153,DEV_0004153,2023-01-10,False,False,NONE
+919889249013,BSNL Mobile,KA,CUST_0004154,DEV_0004154,2023-01-10,False,True,NONE
+919812645153,Vodafone Idea (Vi),WB,CUST_0004155,DEV_0004155,2023-01-10,True,True,NONE
+919817823193,Airtel India,UP,CUST_0004156,DEV_0004156,2023-01-10,False,False,NONE
+919843473932,Jio 5G,TS,CUST_0004157,DEV_0004157,2023-01-10,False,False,NONE
+919869713305,Vodafone Idea (Vi),TS,CUST_0004158,DEV_0004158,2023-01-10,False,False,NONE
+919882698650,Airtel India,JH,CUST_0004159,DEV_0004159,2023-01-10,False,False,NONE
+919877070198,Airtel India,KA,CUST_0004160,DEV_0004160,2023-01-10,False,False,NONE
+919897702862,Jio 5G,HR,CUST_0004161,DEV_0004161,2023-01-10,False,False,NONE
+919891826587,Jio 5G,TS,CUST_0004162,DEV_0004162,2023-01-10,False,False,NONE
+919853936314,Vodafone Idea (Vi),TS,CUST_0004163,DEV_0004163,2023-01-10,False,False,NONE
+919873467980,Vodafone Idea (Vi),GJ,CUST_0004164,DEV_0004164,2023-01-10,False,False,NONE
+919848265992,Airtel India,GJ,CUST_0004165,DEV_0004165,2023-01-10,False,False,NONE
+919846541301,Jio 5G,RJ,CUST_0004166,DEV_0004166,2023-01-10,False,False,NONE
+919872783319,Airtel India,RJ,CUST_0004167,DEV_0004167,2023-01-10,False,False,NONE
+919887896062,Jio 5G,RJ,CUST_0004168,DEV_0004168,2023-01-10,False,False,NONE
+919821071401,Jio 5G,WB,CUST_0004169,DEV_0004169,2023-01-10,False,False,NONE
+919822838013,Airtel India,HR,CUST_0004170,DEV_0004170,2023-01-10,True,True,NONE
+919851797947,Vodafone Idea (Vi),KA,CUST_0004171,DEV_0004171,2023-01-10,False,True,NONE
+919850717784,Airtel India,HR,CUST_0004172,DEV_0004172,2023-01-10,False,False,NONE
+919879737068,BSNL Mobile,RJ,CUST_0004173,DEV_0004173,2023-01-10,False,False,NONE
+919887200427,BSNL Mobile,JH,CUST_0004174,DEV_0004174,2023-01-10,False,True,NONE
+919814982422,Airtel India,TS,CUST_0004175,DEV_0004175,2023-01-10,False,False,NONE
+919897234074,Airtel India,WB,CUST_0004176,DEV_0004176,2023-01-10,False,False,NONE
+919821335204,Vodafone Idea (Vi),WB,CUST_0004177,DEV_0004177,2023-01-10,False,False,NONE
+919896992484,Jio 5G,RJ,CUST_0004178,DEV_0004178,2023-01-10,False,True,NONE
+919889711740,BSNL Mobile,KA,CUST_0004179,DEV_0004179,2023-01-10,False,False,NONE
+919818636150,Airtel India,HR,CUST_0004180,DEV_0004180,2023-01-10,False,False,NONE
+919893822353,Jio 5G,GJ,CUST_0004181,DEV_0004181,2023-01-10,False,False,NONE
+919892954979,BSNL Mobile,UP,CUST_0004182,DEV_0004182,2023-01-10,False,False,NONE
+919863005912,Jio 5G,UP,CUST_0004183,DEV_0004183,2023-01-10,False,False,NONE
+919850901775,Vodafone Idea (Vi),TS,CUST_0004184,DEV_0004184,2023-01-10,False,False,NONE
+919868585457,BSNL Mobile,JH,CUST_0004185,DEV_0004185,2023-01-10,False,False,NONE
+919828753134,Jio 5G,HR,CUST_0004186,DEV_0004186,2023-01-10,False,False,NONE
+919888162738,Jio 5G,DL,CUST_0004187,DEV_0004187,2023-01-10,False,False,NONE
+919819866248,Vodafone Idea (Vi),WB,CUST_0004188,DEV_0004188,2023-01-10,False,False,NONE
+919818336389,Airtel India,RJ,CUST_0004189,DEV_0004189,2023-01-10,False,False,NONE
+919847821259,Vodafone Idea (Vi),UP,CUST_0004190,DEV_0004190,2023-01-10,False,False,NONE
+919819405978,BSNL Mobile,TS,CUST_0004191,DEV_0004191,2023-01-10,False,False,NONE
+919836415167,Airtel India,JH,CUST_0004192,DEV_0004192,2023-01-10,False,False,NONE
+919852164607,BSNL Mobile,UP,CUST_0004193,DEV_0004193,2023-01-10,False,False,NONE
+919870773218,Airtel India,DL,CUST_0004194,DEV_0004194,2023-01-10,False,False,NONE
+919851653047,BSNL Mobile,WB,CUST_0004195,DEV_0004195,2023-01-10,False,False,NONE
+919895920115,Jio 5G,WB,CUST_0004196,DEV_0004196,2023-01-10,False,True,NONE
+919863466552,Jio 5G,HR,CUST_0004197,DEV_0004197,2023-01-10,False,True,NONE
+919863434111,Jio 5G,GJ,CUST_0004198,DEV_0004198,2023-01-10,False,False,NONE
+919878506592,Jio 5G,UP,CUST_0004199,DEV_0004199,2023-01-10,False,False,NONE
+919881052714,Airtel India,DL,CUST_0004200,DEV_0004200,2023-01-10,False,False,NONE
+919860907013,BSNL Mobile,UP,CUST_0004201,DEV_0004201,2023-01-10,False,False,NONE
+919821779127,Airtel India,WB,CUST_0004202,DEV_0004202,2023-01-10,False,False,NONE
+919841268550,Jio 5G,RJ,CUST_0004203,DEV_0004203,2023-01-10,False,False,NONE
+919827248732,Airtel India,TS,CUST_0004204,DEV_0004204,2023-01-10,False,False,NONE
+919891624512,Airtel India,RJ,CUST_0004205,DEV_0004205,2023-01-10,False,False,NONE
+919830627381,Jio 5G,WB,CUST_0004206,DEV_0004206,2023-01-10,False,False,NONE
+919833848850,BSNL Mobile,KA,CUST_0004207,DEV_0004207,2023-01-10,False,False,NONE
+919839636834,Vodafone Idea (Vi),DL,CUST_0004208,DEV_0004208,2023-01-10,False,False,NONE
+919825744519,Airtel India,TS,CUST_0004209,DEV_0004209,2023-01-10,False,True,NONE
+919851841642,Vodafone Idea (Vi),TS,CUST_0004210,DEV_0004210,2023-01-10,False,False,NONE
+919887667881,Airtel India,RJ,CUST_0004211,DEV_0004211,2023-01-10,False,False,NONE
+919824253716,Jio 5G,GJ,CUST_0004212,DEV_0004212,2023-01-10,False,False,NONE
+919839159381,Jio 5G,RJ,CUST_0004213,DEV_0004213,2023-01-10,False,False,NONE
+919885042400,Vodafone Idea (Vi),HR,CUST_0004214,DEV_0004214,2023-01-10,False,False,NONE
+919853345838,Jio 5G,JH,CUST_0004215,DEV_0004215,2023-01-10,False,True,NONE
+919811879528,Airtel India,KA,CUST_0004216,DEV_0004216,2023-01-10,False,False,NONE
+919869001806,BSNL Mobile,KA,CUST_0004217,DEV_0004217,2023-01-10,False,False,NONE
+919840150207,Airtel India,HR,CUST_0004218,DEV_0004218,2023-01-10,False,False,NONE
+919848062415,Jio 5G,WB,CUST_0004219,DEV_0004219,2023-01-10,False,False,NONE
+919837666490,Vodafone Idea (Vi),UP,CUST_0004220,DEV_0004220,2023-01-10,False,False,NONE
+919846794208,Vodafone Idea (Vi),DL,CUST_0004221,DEV_0004221,2023-01-10,False,False,NONE
+919872888803,Airtel India,KA,CUST_0004222,DEV_0004222,2023-01-10,False,False,NONE
+919815593810,Jio 5G,DL,CUST_0004223,DEV_0004223,2023-01-10,False,False,NONE
+919859805500,Vodafone Idea (Vi),GJ,CUST_0004224,DEV_0004224,2023-01-10,False,False,NONE
+919824683647,Vodafone Idea (Vi),RJ,CUST_0004225,DEV_0004225,2023-01-10,False,False,NONE
+919860880557,BSNL Mobile,HR,CUST_0004226,DEV_0004226,2023-01-10,False,False,NONE
+919832500293,BSNL Mobile,RJ,CUST_0004227,DEV_0004227,2023-01-10,False,False,NONE
+919886041915,BSNL Mobile,MH,CUST_0004228,DEV_0004228,2023-01-10,False,False,NONE
+919895105006,BSNL Mobile,HR,CUST_0004229,DEV_0004229,2023-01-10,False,False,NONE
+919886175691,Airtel India,MH,CUST_0004230,DEV_0004230,2023-01-10,False,False,NONE
+919817597991,BSNL Mobile,TS,CUST_0004231,DEV_0004231,2023-01-10,False,False,NONE
+919883225627,BSNL Mobile,KA,CUST_0004232,DEV_0004232,2023-01-10,False,False,NONE
+919830259572,Airtel India,WB,CUST_0004233,DEV_0004233,2023-01-10,False,False,NONE
+919844637571,Jio 5G,KA,CUST_0004234,DEV_0004234,2023-01-10,False,False,NONE
+919881912585,Jio 5G,UP,CUST_0004235,DEV_0004235,2023-01-10,False,False,NONE
+919879298979,Airtel India,UP,CUST_0004236,DEV_0004236,2023-01-10,False,False,NONE
+919830283175,Jio 5G,MH,CUST_0004237,DEV_0004237,2023-01-10,False,False,NONE
+919825303684,Vodafone Idea (Vi),GJ,CUST_0004238,DEV_0004238,2023-01-10,False,False,NONE
+919874549879,Vodafone Idea (Vi),TS,CUST_0004239,DEV_0004239,2023-01-10,False,False,NONE
+919893484974,Vodafone Idea (Vi),WB,CUST_0004240,DEV_0004240,2023-01-10,False,False,NONE
+919852375438,Jio 5G,RJ,CUST_0004241,DEV_0004241,2023-01-10,False,False,NONE
+919833889701,Jio 5G,JH,CUST_0004242,DEV_0004242,2023-01-10,False,False,NONE
+919858874389,Vodafone Idea (Vi),UP,CUST_0004243,DEV_0004243,2023-01-10,False,False,NONE
+919895395643,Vodafone Idea (Vi),UP,CUST_0004244,DEV_0004244,2023-01-10,False,False,NONE
+919871460987,Jio 5G,HR,CUST_0004245,DEV_0004245,2023-01-10,False,True,NONE
+919867522394,Jio 5G,GJ,CUST_0004246,DEV_0004246,2023-01-10,False,False,NONE
+919827929047,BSNL Mobile,HR,CUST_0004247,DEV_0004247,2023-01-10,False,False,NONE
+919880138330,BSNL Mobile,RJ,CUST_0004248,DEV_0004248,2023-01-10,False,True,NONE
+919863362844,BSNL Mobile,DL,CUST_0004249,DEV_0004249,2023-01-10,False,False,NONE
+919870197939,Airtel India,UP,CUST_0004250,DEV_0004250,2023-01-10,False,False,NONE
+919842802115,Jio 5G,KA,CUST_0004251,DEV_0004251,2023-01-10,False,False,NONE
+919831998028,Jio 5G,MH,CUST_0004252,DEV_0004252,2023-01-10,False,False,NONE
+919874074142,Airtel India,JH,CUST_0004253,DEV_0004253,2023-01-10,False,False,NONE
+919843142449,BSNL Mobile,HR,CUST_0004254,DEV_0004254,2023-01-10,False,False,NONE
+919897206060,Jio 5G,RJ,CUST_0004255,DEV_0004255,2023-01-10,False,False,NONE
+919814809738,BSNL Mobile,WB,CUST_0004256,DEV_0004256,2023-01-10,False,False,NONE
+919866651053,BSNL Mobile,HR,CUST_0004257,DEV_0004257,2023-01-10,False,False,NONE
+919856412099,BSNL Mobile,DL,CUST_0004258,DEV_0004258,2023-01-10,False,True,NONE
+919844778963,Jio 5G,JH,CUST_0004259,DEV_0004259,2023-01-10,False,False,NONE
+919833112483,BSNL Mobile,RJ,CUST_0004260,DEV_0004260,2023-01-10,False,False,NONE
+919861762642,Vodafone Idea (Vi),UP,CUST_0004261,DEV_0004261,2023-01-10,False,False,NONE
+919837611299,Airtel India,MH,CUST_0004262,DEV_0004262,2023-01-10,False,False,NONE
+919869509025,Airtel India,GJ,CUST_0004263,DEV_0004263,2023-01-10,False,False,NONE
+919890418254,BSNL Mobile,TS,CUST_0004264,DEV_0004264,2023-01-10,False,False,NONE
+919812657960,BSNL Mobile,JH,CUST_0004265,DEV_0004265,2023-01-10,False,False,NONE
+919844668281,BSNL Mobile,MH,CUST_0004266,DEV_0004266,2023-01-10,False,False,NONE
+919860095220,Airtel India,DL,CUST_0004267,DEV_0004267,2023-01-10,False,False,NONE
+919817164290,Airtel India,DL,CUST_0004268,DEV_0004268,2023-01-10,False,False,NONE
+919871704964,Vodafone Idea (Vi),WB,CUST_0004269,DEV_0004269,2023-01-10,False,False,NONE
+919891948441,Jio 5G,MH,CUST_0004270,DEV_0004270,2023-01-10,False,False,NONE
+919898508145,BSNL Mobile,GJ,CUST_0004271,DEV_0004271,2023-01-10,False,False,NONE
+919869290614,Airtel India,JH,CUST_0004272,DEV_0004272,2023-01-10,False,False,NONE
+919877178875,Jio 5G,WB,CUST_0004273,DEV_0004273,2023-01-10,False,False,NONE
+919874998609,Jio 5G,UP,CUST_0004274,DEV_0004274,2023-01-10,False,False,NONE
+919889993212,BSNL Mobile,GJ,CUST_0004275,DEV_0004275,2023-01-10,False,False,NONE
+919861156762,Jio 5G,GJ,CUST_0004276,DEV_0004276,2023-01-10,False,False,NONE
+919887698550,BSNL Mobile,DL,CUST_0004277,DEV_0004277,2023-01-10,False,False,NONE
+919882625512,BSNL Mobile,RJ,CUST_0004278,DEV_0004278,2023-01-10,False,False,NONE
+919891674859,Vodafone Idea (Vi),JH,CUST_0004279,DEV_0004279,2023-01-10,False,False,NONE
+919849393590,Airtel India,RJ,CUST_0004280,DEV_0004280,2023-01-10,False,False,NONE
+919899967462,Airtel India,TS,CUST_0004281,DEV_0004281,2023-01-10,False,False,NONE
+919896903940,Jio 5G,TS,CUST_0004282,DEV_0004282,2023-01-10,False,False,NONE
+919864531524,BSNL Mobile,TS,CUST_0004283,DEV_0004283,2023-01-10,False,False,NONE
+919878091614,Jio 5G,MH,CUST_0004284,DEV_0004284,2023-01-10,False,False,NONE
+919878918679,BSNL Mobile,UP,CUST_0004285,DEV_0004285,2023-01-10,False,False,NONE
+919841896855,Vodafone Idea (Vi),JH,CUST_0004286,DEV_0004286,2023-01-10,False,False,NONE
+919893912531,Vodafone Idea (Vi),HR,CUST_0004287,DEV_0004287,2023-01-10,False,False,NONE
+919820584614,Vodafone Idea (Vi),KA,CUST_0004288,DEV_0004288,2023-01-10,False,False,NONE
+919819928857,BSNL Mobile,GJ,CUST_0004289,DEV_0004289,2023-01-10,False,False,NONE
+919812317452,Jio 5G,JH,CUST_0004290,DEV_0004290,2023-01-10,False,False,NONE
+919894934076,Airtel India,GJ,CUST_0004291,DEV_0004291,2023-01-10,False,False,NONE
+919885722316,Airtel India,MH,CUST_0004292,DEV_0004292,2023-01-10,False,True,NONE
+919816866795,Vodafone Idea (Vi),GJ,CUST_0004293,DEV_0004293,2023-01-10,False,False,NONE
+919847707967,Jio 5G,KA,CUST_0004294,DEV_0004294,2023-01-10,False,False,NONE
+919842653409,Airtel India,HR,CUST_0004295,DEV_0004295,2023-01-10,False,False,NONE
+919893589759,Jio 5G,JH,CUST_0004296,DEV_0004296,2023-01-10,False,False,NONE
+919825791933,Vodafone Idea (Vi),JH,CUST_0004297,DEV_0004297,2023-01-10,False,False,NONE
+919863966355,BSNL Mobile,GJ,CUST_0004298,DEV_0004298,2023-01-10,False,False,NONE
+919894503450,Vodafone Idea (Vi),WB,CUST_0004299,DEV_0004299,2023-01-10,False,False,NONE
+919861839131,Vodafone Idea (Vi),RJ,CUST_0004300,DEV_0004300,2023-01-10,False,False,NONE
+919842261286,Airtel India,DL,CUST_0004301,DEV_0004301,2023-01-10,False,False,NONE
+919831211123,Airtel India,RJ,CUST_0004302,DEV_0004302,2023-01-10,False,False,NONE
+919845557802,Vodafone Idea (Vi),GJ,CUST_0004303,DEV_0004303,2023-01-10,False,False,NONE
+919893886294,Vodafone Idea (Vi),KA,CUST_0004304,DEV_0004304,2023-01-10,False,True,NONE
+919835172956,Jio 5G,TS,CUST_0004305,DEV_0004305,2023-01-10,False,False,NONE
+919866558006,Airtel India,HR,CUST_0004306,DEV_0004306,2023-01-10,False,False,NONE
+919823214075,Vodafone Idea (Vi),DL,CUST_0004307,DEV_0004307,2023-01-10,False,True,NONE
+919897007460,Airtel India,DL,CUST_0004308,DEV_0004308,2023-01-10,False,False,NONE
+919864282477,Airtel India,HR,CUST_0004309,DEV_0004309,2023-01-10,False,False,NONE
+919884741470,Jio 5G,JH,CUST_0004310,DEV_0004310,2023-01-10,False,False,NONE
+919880059928,Jio 5G,WB,CUST_0004311,DEV_0004311,2023-01-10,False,False,NONE
+919865564671,Jio 5G,DL,CUST_0004312,DEV_0004312,2023-01-10,False,False,NONE
+919853188996,BSNL Mobile,KA,CUST_0004313,DEV_0004313,2023-01-10,False,False,NONE
+919856396396,Airtel India,MH,CUST_0004314,DEV_0004314,2023-01-10,False,False,NONE
+919877824719,BSNL Mobile,JH,CUST_0004315,DEV_0004315,2023-01-10,False,True,NONE
+919898239343,BSNL Mobile,TS,CUST_0004316,DEV_0004316,2023-01-10,False,False,NONE
+919839199035,Vodafone Idea (Vi),MH,CUST_0004317,DEV_0004317,2023-01-10,False,False,NONE
+919850445493,Jio 5G,RJ,CUST_0004318,DEV_0004318,2023-01-10,False,False,NONE
+919844009903,BSNL Mobile,TS,CUST_0004319,DEV_0004319,2023-01-10,False,False,NONE
+919867717789,Jio 5G,HR,CUST_0004320,DEV_0004320,2023-01-10,False,False,NONE
+919893535898,Jio 5G,KA,CUST_0004321,DEV_0004321,2023-01-10,False,False,NONE
+919853183250,Airtel India,RJ,CUST_0004322,DEV_0004322,2023-01-10,False,False,NONE
+919875151404,Airtel India,DL,CUST_0004323,DEV_0004323,2023-01-10,False,False,NONE
+919832722348,BSNL Mobile,TS,CUST_0004324,DEV_0004324,2023-01-10,True,True,NONE
+919888441730,BSNL Mobile,DL,CUST_0004325,DEV_0004325,2023-01-10,False,True,NONE
+919884326258,Jio 5G,HR,CUST_0004326,DEV_0004326,2023-01-10,False,False,NONE
+919854550887,Jio 5G,UP,CUST_0004327,DEV_0004327,2023-01-10,False,False,NONE
+919895552544,Airtel India,TS,CUST_0004328,DEV_0004328,2023-01-10,False,False,NONE
+919857842651,BSNL Mobile,RJ,CUST_0004329,DEV_0004329,2023-01-10,False,False,NONE
+919894854333,BSNL Mobile,GJ,CUST_0004330,DEV_0004330,2023-01-10,False,False,NONE
+919898188445,Airtel India,UP,CUST_0004331,DEV_0004331,2023-01-10,False,False,NONE
+919885980565,Jio 5G,GJ,CUST_0004332,DEV_0004332,2023-01-10,False,True,NONE
+919837825203,BSNL Mobile,RJ,CUST_0004333,DEV_0004333,2023-01-10,False,False,NONE
+919888063708,Jio 5G,JH,CUST_0004334,DEV_0004334,2023-01-10,False,False,NONE
+919836097440,Jio 5G,MH,CUST_0004335,DEV_0004335,2023-01-10,False,False,NONE
+919833839372,Jio 5G,JH,CUST_0004336,DEV_0004336,2023-01-10,False,False,NONE
+919813354879,BSNL Mobile,KA,CUST_0004337,DEV_0004337,2023-01-10,False,False,NONE
+919835535137,Airtel India,HR,CUST_0004338,DEV_0004338,2023-01-10,False,False,NONE
+919898961705,Airtel India,HR,CUST_0004339,DEV_0004339,2023-01-10,False,False,NONE
+919840038450,BSNL Mobile,JH,CUST_0004340,DEV_0004340,2023-01-10,False,False,NONE
+919865207720,Jio 5G,WB,CUST_0004341,DEV_0004341,2023-01-10,False,True,NONE
+919846992936,Vodafone Idea (Vi),MH,CUST_0004342,DEV_0004342,2023-01-10,False,False,NONE
+919866364520,Vodafone Idea (Vi),RJ,CUST_0004343,DEV_0004343,2023-01-10,False,True,NONE
+919827752189,Vodafone Idea (Vi),WB,CUST_0004344,DEV_0004344,2023-01-10,False,False,NONE
+919856835952,Airtel India,JH,CUST_0004345,DEV_0004345,2023-01-10,False,False,NONE
+919871636955,Airtel India,HR,CUST_0004346,DEV_0004346,2023-01-10,False,False,NONE
+919870745153,Airtel India,MH,CUST_0004347,DEV_0004347,2023-01-10,False,False,NONE
+919890452153,Jio 5G,TS,CUST_0004348,DEV_0004348,2023-01-10,False,False,NONE
+919874980797,Vodafone Idea (Vi),MH,CUST_0004349,DEV_0004349,2023-01-10,False,False,NONE
+919825257227,Vodafone Idea (Vi),UP,CUST_0004350,DEV_0004350,2023-01-10,False,False,NONE
+919839649179,BSNL Mobile,KA,CUST_0004351,DEV_0004351,2023-01-10,False,False,NONE
+919899798191,Airtel India,RJ,CUST_0004352,DEV_0004352,2023-01-10,False,False,NONE
+919867467559,Vodafone Idea (Vi),DL,CUST_0004353,DEV_0004353,2023-01-10,False,False,NONE
+919845165960,BSNL Mobile,RJ,CUST_0004354,DEV_0004354,2023-01-10,False,False,NONE
+919834190356,Vodafone Idea (Vi),HR,CUST_0004355,DEV_0004355,2023-01-10,False,False,NONE
+919895168932,BSNL Mobile,HR,CUST_0004356,DEV_0004356,2023-01-10,False,False,NONE
+919846550616,BSNL Mobile,JH,CUST_0004357,DEV_0004357,2023-01-10,False,False,NONE
+919821161372,Airtel India,HR,CUST_0004358,DEV_0004358,2023-01-10,False,False,NONE
+919894549044,Jio 5G,UP,CUST_0004359,DEV_0004359,2023-01-10,False,False,NONE
+919871692969,Vodafone Idea (Vi),TS,CUST_0004360,DEV_0004360,2023-01-10,False,False,NONE
+919879528452,Vodafone Idea (Vi),GJ,CUST_0004361,DEV_0004361,2023-01-10,False,False,NONE
+919876021470,BSNL Mobile,WB,CUST_0004362,DEV_0004362,2023-01-10,False,True,NONE
+919849921651,BSNL Mobile,GJ,CUST_0004363,DEV_0004363,2023-01-10,False,True,NONE
+919859288563,Vodafone Idea (Vi),MH,CUST_0004364,DEV_0004364,2023-01-10,False,False,NONE
+919811520727,BSNL Mobile,KA,CUST_0004365,DEV_0004365,2023-01-10,False,False,NONE
+919885324816,Airtel India,RJ,CUST_0004366,DEV_0004366,2023-01-10,False,False,NONE
+919880131695,Vodafone Idea (Vi),GJ,CUST_0004367,DEV_0004367,2023-01-10,False,False,NONE
+919858168553,Vodafone Idea (Vi),TS,CUST_0004368,DEV_0004368,2023-01-10,False,False,NONE
+919868163594,Jio 5G,WB,CUST_0004369,DEV_0004369,2023-01-10,False,False,NONE
+919835608819,Airtel India,HR,CUST_0004370,DEV_0004370,2023-01-10,False,False,NONE
+919831517117,Airtel India,UP,CUST_0004371,DEV_0004371,2023-01-10,False,False,NONE
+919886193971,Vodafone Idea (Vi),UP,CUST_0004372,DEV_0004372,2023-01-10,True,True,NONE
+919833352736,Vodafone Idea (Vi),KA,CUST_0004373,DEV_0004373,2023-01-10,False,False,NONE
+919826598218,Vodafone Idea (Vi),HR,CUST_0004374,DEV_0004374,2023-01-10,False,False,NONE
+919817724160,Vodafone Idea (Vi),UP,CUST_0004375,DEV_0004375,2023-01-10,False,False,NONE
+919812016590,Airtel India,DL,CUST_0004376,DEV_0004376,2023-01-10,False,False,NONE
+919866694344,BSNL Mobile,RJ,CUST_0004377,DEV_0004377,2023-01-10,False,False,NONE
+919887059518,Jio 5G,KA,CUST_0004378,DEV_0004378,2023-01-10,False,False,NONE
+919890786184,BSNL Mobile,UP,CUST_0004379,DEV_0004379,2023-01-10,False,True,NONE
+919839325163,Vodafone Idea (Vi),HR,CUST_0004380,DEV_0004380,2023-01-10,False,False,NONE
+919894691047,Vodafone Idea (Vi),TS,CUST_0004381,DEV_0004381,2023-01-10,False,False,NONE
+919826393442,Vodafone Idea (Vi),HR,CUST_0004382,DEV_0004382,2023-01-10,False,False,NONE
+919813761247,Jio 5G,HR,CUST_0004383,DEV_0004383,2023-01-10,False,False,NONE
+919882779859,Vodafone Idea (Vi),DL,CUST_0004384,DEV_0004384,2023-01-10,False,False,NONE
+919854808266,Vodafone Idea (Vi),JH,CUST_0004385,DEV_0004385,2023-01-10,False,False,NONE
+919842555911,BSNL Mobile,GJ,CUST_0004386,DEV_0004386,2023-01-10,False,False,NONE
+919888869686,Jio 5G,KA,CUST_0004387,DEV_0004387,2023-01-10,False,False,NONE
+919857172779,Jio 5G,HR,CUST_0004388,DEV_0004388,2023-01-10,False,False,NONE
+919888265676,Jio 5G,MH,CUST_0004389,DEV_0004389,2023-01-10,False,False,NONE
+919860347181,BSNL Mobile,TS,CUST_0004390,DEV_0004390,2023-01-10,False,False,NONE
+919879336211,Vodafone Idea (Vi),GJ,CUST_0004391,DEV_0004391,2023-01-10,False,False,NONE
+919888285541,Airtel India,KA,CUST_0004392,DEV_0004392,2023-01-10,False,False,NONE
+919858385347,BSNL Mobile,WB,CUST_0004393,DEV_0004393,2023-01-10,False,False,NONE
+919865374638,Vodafone Idea (Vi),HR,CUST_0004394,DEV_0004394,2023-01-10,False,False,NONE
+919863055349,Jio 5G,DL,CUST_0004395,DEV_0004395,2023-01-10,False,True,NONE
+919886135246,Jio 5G,RJ,CUST_0004396,DEV_0004396,2023-01-10,False,True,NONE
+919811575103,Airtel India,HR,CUST_0004397,DEV_0004397,2023-01-10,False,False,NONE
+919829443947,Jio 5G,WB,CUST_0004398,DEV_0004398,2023-01-10,False,False,NONE
+919824225141,Airtel India,DL,CUST_0004399,DEV_0004399,2023-01-10,False,False,NONE
+919821935152,BSNL Mobile,DL,CUST_0004400,DEV_0004400,2023-01-10,False,False,NONE
+919816073006,BSNL Mobile,TS,CUST_0004401,DEV_0004401,2023-01-10,False,True,NONE
+919832962916,Airtel India,DL,CUST_0004402,DEV_0004402,2023-01-10,False,False,NONE
+919891990640,BSNL Mobile,GJ,CUST_0004403,DEV_0004403,2023-01-10,False,False,NONE
+919890864359,Vodafone Idea (Vi),UP,CUST_0004404,DEV_0004404,2023-01-10,False,False,NONE
+919895243592,Jio 5G,JH,CUST_0004405,DEV_0004405,2023-01-10,False,False,NONE
+919869486896,BSNL Mobile,RJ,CUST_0004406,DEV_0004406,2023-01-10,False,False,NONE
+919854155289,Vodafone Idea (Vi),DL,CUST_0004407,DEV_0004407,2023-01-10,False,False,NONE
+919859065039,Vodafone Idea (Vi),DL,CUST_0004408,DEV_0004408,2023-01-10,False,False,NONE
+919816106160,BSNL Mobile,WB,CUST_0004409,DEV_0004409,2023-01-10,False,False,NONE
+919866539460,Jio 5G,GJ,CUST_0004410,DEV_0004410,2023-01-10,False,False,NONE
+919891531734,Jio 5G,KA,CUST_0004411,DEV_0004411,2023-01-10,False,False,NONE
+919842063193,Jio 5G,WB,CUST_0004412,DEV_0004412,2023-01-10,False,False,NONE
+919836569311,BSNL Mobile,GJ,CUST_0004413,DEV_0004413,2023-01-10,False,False,NONE
+919810343012,BSNL Mobile,WB,CUST_0004414,DEV_0004414,2023-01-10,False,False,NONE
+919868399053,Vodafone Idea (Vi),GJ,CUST_0004415,DEV_0004415,2023-01-10,False,False,NONE
+919874878053,BSNL Mobile,WB,CUST_0004416,DEV_0004416,2023-01-10,False,False,NONE
+919850835829,Jio 5G,WB,CUST_0004417,DEV_0004417,2023-01-10,False,False,NONE
+919833953610,Vodafone Idea (Vi),UP,CUST_0004418,DEV_0004418,2023-01-10,False,False,NONE
+919885092072,Jio 5G,KA,CUST_0004419,DEV_0004419,2023-01-10,False,False,NONE
+919872655249,Jio 5G,HR,CUST_0004420,DEV_0004420,2023-01-10,False,False,NONE
+919874944680,BSNL Mobile,HR,CUST_0004421,DEV_0004421,2023-01-10,False,False,NONE
+919872038823,Jio 5G,HR,CUST_0004422,DEV_0004422,2023-01-10,False,False,NONE
+919841303408,Jio 5G,MH,CUST_0004423,DEV_0004423,2023-01-10,False,False,NONE
+919897893093,Vodafone Idea (Vi),TS,CUST_0004424,DEV_0004424,2023-01-10,False,False,NONE
+919842198234,Jio 5G,TS,CUST_0004425,DEV_0004425,2023-01-10,False,False,NONE
+919826002647,BSNL Mobile,GJ,CUST_0004426,DEV_0004426,2023-01-10,False,False,NONE
+919821095653,Jio 5G,KA,CUST_0004427,DEV_0004427,2023-01-10,False,False,NONE
+919832720377,Airtel India,HR,CUST_0004428,DEV_0004428,2023-01-10,False,False,NONE
+919849641447,Airtel India,HR,CUST_0004429,DEV_0004429,2023-01-10,False,False,NONE
+919852703386,Airtel India,TS,CUST_0004430,DEV_0004430,2023-01-10,False,False,NONE
+919849814271,Airtel India,HR,CUST_0004431,DEV_0004431,2023-01-10,False,False,NONE
+919859753916,BSNL Mobile,KA,CUST_0004432,DEV_0004432,2023-01-10,False,False,NONE
+919889820720,BSNL Mobile,HR,CUST_0004433,DEV_0004433,2023-01-10,False,False,NONE
+919880641212,BSNL Mobile,TS,CUST_0004434,DEV_0004434,2023-01-10,False,False,NONE
+919845810983,BSNL Mobile,DL,CUST_0004435,DEV_0004435,2023-01-10,False,False,NONE
+919844138906,Vodafone Idea (Vi),TS,CUST_0004436,DEV_0004436,2023-01-10,False,False,NONE
+919816349510,Airtel India,TS,CUST_0004437,DEV_0004437,2023-01-10,False,False,NONE
+919851418940,Vodafone Idea (Vi),WB,CUST_0004438,DEV_0004438,2023-01-10,False,False,NONE
+919871085184,Vodafone Idea (Vi),WB,CUST_0004439,DEV_0004439,2023-01-10,False,False,NONE
+919869144793,Vodafone Idea (Vi),KA,CUST_0004440,DEV_0004440,2023-01-10,False,False,NONE
+919844726483,Vodafone Idea (Vi),MH,CUST_0004441,DEV_0004441,2023-01-10,False,False,NONE
+919863775324,BSNL Mobile,DL,CUST_0004442,DEV_0004442,2023-01-10,False,False,NONE
+919875236817,Jio 5G,JH,CUST_0004443,DEV_0004443,2023-01-10,False,False,NONE
+919824002556,Airtel India,TS,CUST_0004444,DEV_0004444,2023-01-10,False,False,NONE
+919869324293,Airtel India,DL,CUST_0004445,DEV_0004445,2023-01-10,False,True,NONE
+919826545541,Jio 5G,MH,CUST_0004446,DEV_0004446,2023-01-10,False,False,NONE
+919858143851,Vodafone Idea (Vi),HR,CUST_0004447,DEV_0004447,2023-01-10,False,False,NONE
+919837341768,Jio 5G,KA,CUST_0004448,DEV_0004448,2023-01-10,False,False,NONE
+919830268999,BSNL Mobile,WB,CUST_0004449,DEV_0004449,2023-01-10,False,False,NONE
+919884921555,Jio 5G,RJ,CUST_0004450,DEV_0004450,2023-01-10,False,False,NONE
+919879396709,Jio 5G,JH,CUST_0004451,DEV_0004451,2023-01-10,False,True,NONE
+919840957694,Vodafone Idea (Vi),JH,CUST_0004452,DEV_0004452,2023-01-10,False,False,NONE
+919856602276,Airtel India,HR,CUST_0004453,DEV_0004453,2023-01-10,False,False,NONE
+919842935142,Vodafone Idea (Vi),TS,CUST_0004454,DEV_0004454,2023-01-10,False,False,NONE
+919818835927,Jio 5G,TS,CUST_0004455,DEV_0004455,2023-01-10,False,True,NONE
+919868944558,BSNL Mobile,DL,CUST_0004456,DEV_0004456,2023-01-10,False,False,NONE
+919812676253,Vodafone Idea (Vi),TS,CUST_0004457,DEV_0004457,2023-01-10,False,False,NONE
+919892840665,Airtel India,KA,CUST_0004458,DEV_0004458,2023-01-10,False,True,NONE
+919869545606,Airtel India,MH,CUST_0004459,DEV_0004459,2023-01-10,False,False,NONE
+919860570334,Airtel India,UP,CUST_0004460,DEV_0004460,2023-01-10,False,False,NONE
+919838156061,Vodafone Idea (Vi),TS,CUST_0004461,DEV_0004461,2023-01-10,False,False,NONE
+919839521304,Jio 5G,KA,CUST_0004462,DEV_0004462,2023-01-10,False,True,NONE
+919853015676,BSNL Mobile,HR,CUST_0004463,DEV_0004463,2023-01-10,False,False,NONE
+919863540154,Jio 5G,GJ,CUST_0004464,DEV_0004464,2023-01-10,False,False,NONE
+919849961963,Vodafone Idea (Vi),RJ,CUST_0004465,DEV_0004465,2023-01-10,False,False,NONE
+919814915498,Jio 5G,DL,CUST_0004466,DEV_0004466,2023-01-10,False,False,NONE
+919866115808,Airtel India,WB,CUST_0004467,DEV_0004467,2023-01-10,False,False,NONE
+919857808778,BSNL Mobile,KA,CUST_0004468,DEV_0004468,2023-01-10,False,False,NONE
+919879333070,Jio 5G,HR,CUST_0004469,DEV_0004469,2023-01-10,True,True,NONE
+919898902004,Vodafone Idea (Vi),MH,CUST_0004470,DEV_0004470,2023-01-10,False,True,NONE
+919839945691,Vodafone Idea (Vi),UP,CUST_0004471,DEV_0004471,2023-01-10,False,False,NONE
+919820796731,BSNL Mobile,MH,CUST_0004472,DEV_0004472,2023-01-10,False,False,NONE
+919872114257,Vodafone Idea (Vi),HR,CUST_0004473,DEV_0004473,2023-01-10,False,False,NONE
+919865343059,Airtel India,GJ,CUST_0004474,DEV_0004474,2023-01-10,False,False,NONE
+919872653228,Airtel India,UP,CUST_0004475,DEV_0004475,2023-01-10,True,True,NONE
+919858363543,Airtel India,KA,CUST_0004476,DEV_0004476,2023-01-10,False,False,NONE
+919827712031,Airtel India,RJ,CUST_0004477,DEV_0004477,2023-01-10,False,False,NONE
+919828727420,Airtel India,MH,CUST_0004478,DEV_0004478,2023-01-10,False,False,NONE
+919839936348,Vodafone Idea (Vi),DL,CUST_0004479,DEV_0004479,2023-01-10,False,False,NONE
+919831655660,Jio 5G,TS,CUST_0004480,DEV_0004480,2023-01-10,False,False,NONE
+919872853956,Vodafone Idea (Vi),RJ,CUST_0004481,DEV_0004481,2023-01-10,False,False,NONE
+919833820372,Vodafone Idea (Vi),DL,CUST_0004482,DEV_0004482,2023-01-10,False,False,NONE
+919832868854,Jio 5G,MH,CUST_0004483,DEV_0004483,2023-01-10,False,False,NONE
+919842450416,Vodafone Idea (Vi),JH,CUST_0004484,DEV_0004484,2023-01-10,False,False,NONE
+919810544784,Vodafone Idea (Vi),UP,CUST_0004485,DEV_0004485,2023-01-10,False,False,NONE
+919855718609,BSNL Mobile,RJ,CUST_0004486,DEV_0004486,2023-01-10,False,False,NONE
+919855780115,BSNL Mobile,KA,CUST_0004487,DEV_0004487,2023-01-10,False,False,NONE
+919833538726,Airtel India,JH,CUST_0004488,DEV_0004488,2023-01-10,False,False,NONE
+919893637411,BSNL Mobile,WB,CUST_0004489,DEV_0004489,2023-01-10,False,False,NONE
+919823085473,Airtel India,HR,CUST_0004490,DEV_0004490,2023-01-10,False,False,NONE
+919856845033,Vodafone Idea (Vi),WB,CUST_0004491,DEV_0004491,2023-01-10,False,False,NONE
+919816495983,Jio 5G,WB,CUST_0004492,DEV_0004492,2023-01-10,False,False,NONE
+919831694111,Airtel India,RJ,CUST_0004493,DEV_0004493,2023-01-10,False,False,NONE
+919841958884,Jio 5G,HR,CUST_0004494,DEV_0004494,2023-01-10,False,False,NONE
+919876925623,Vodafone Idea (Vi),DL,CUST_0004495,DEV_0004495,2023-01-10,False,False,NONE
+919863804074,Airtel India,GJ,CUST_0004496,DEV_0004496,2023-01-10,False,False,NONE
+919895514228,BSNL Mobile,MH,CUST_0004497,DEV_0004497,2023-01-10,False,True,NONE
+919889564905,Vodafone Idea (Vi),GJ,CUST_0004498,DEV_0004498,2023-01-10,False,False,NONE
+919890165162,Vodafone Idea (Vi),UP,CUST_0004499,DEV_0004499,2023-01-10,False,False,NONE
+919886132269,Vodafone Idea (Vi),JH,CUST_0004500,DEV_0004500,2023-01-10,False,False,NONE
+919870716407,Jio 5G,WB,CUST_0004501,DEV_0004501,2023-01-10,False,True,NONE
+919820490578,Jio 5G,UP,CUST_0004502,DEV_0004502,2023-01-10,False,False,NONE
+919833124076,Jio 5G,RJ,CUST_0004503,DEV_0004503,2023-01-10,False,False,NONE
+919841600608,Airtel India,TS,CUST_0004504,DEV_0004504,2023-01-10,False,False,NONE
+919850918125,Airtel India,RJ,CUST_0004505,DEV_0004505,2023-01-10,False,False,NONE
+919862522652,Jio 5G,TS,CUST_0004506,DEV_0004506,2023-01-10,False,False,NONE
+919856628724,BSNL Mobile,DL,CUST_0004507,DEV_0004507,2023-01-10,False,True,NONE
+919895850363,Jio 5G,GJ,CUST_0004508,DEV_0004508,2023-01-10,False,False,NONE
+919832494720,Jio 5G,MH,CUST_0004509,DEV_0004509,2023-01-10,False,False,NONE
+919880315976,Vodafone Idea (Vi),DL,CUST_0004510,DEV_0004510,2023-01-10,False,False,NONE
+919893759894,BSNL Mobile,UP,CUST_0004511,DEV_0004511,2023-01-10,False,False,NONE
+919860829944,Airtel India,RJ,CUST_0004512,DEV_0004512,2023-01-10,False,False,NONE
+919814969072,Airtel India,GJ,CUST_0004513,DEV_0004513,2023-01-10,True,True,NONE
+919897180805,BSNL Mobile,GJ,CUST_0004514,DEV_0004514,2023-01-10,False,False,NONE
+919898986718,Jio 5G,WB,CUST_0004515,DEV_0004515,2023-01-10,False,False,NONE
+919868989930,Vodafone Idea (Vi),MH,CUST_0004516,DEV_0004516,2023-01-10,False,True,NONE
+919859764667,Jio 5G,KA,CUST_0004517,DEV_0004517,2023-01-10,False,False,NONE
+919895241030,Vodafone Idea (Vi),UP,CUST_0004518,DEV_0004518,2023-01-10,False,False,NONE
+919833780415,BSNL Mobile,JH,CUST_0004519,DEV_0004519,2023-01-10,False,False,NONE
+919852756635,Airtel India,RJ,CUST_0004520,DEV_0004520,2023-01-10,False,False,NONE
+919837351712,Jio 5G,KA,CUST_0004521,DEV_0004521,2023-01-10,False,False,NONE
+919899818611,Jio 5G,UP,CUST_0004522,DEV_0004522,2023-01-10,False,True,NONE
+919885029939,Airtel India,MH,CUST_0004523,DEV_0004523,2023-01-10,False,True,NONE
+919844148683,BSNL Mobile,HR,CUST_0004524,DEV_0004524,2023-01-10,False,False,NONE
+919867099219,Vodafone Idea (Vi),RJ,CUST_0004525,DEV_0004525,2023-01-10,False,False,NONE
+919865769307,Vodafone Idea (Vi),HR,CUST_0004526,DEV_0004526,2023-01-10,False,False,NONE
+919826123249,Vodafone Idea (Vi),JH,CUST_0004527,DEV_0004527,2023-01-10,False,False,NONE
+919864536242,Airtel India,RJ,CUST_0004528,DEV_0004528,2023-01-10,False,False,NONE
+919817524716,Airtel India,DL,CUST_0004529,DEV_0004529,2023-01-10,False,False,NONE
+919844104742,Jio 5G,MH,CUST_0004530,DEV_0004530,2023-01-10,False,False,NONE
+919888571868,Airtel India,TS,CUST_0004531,DEV_0004531,2023-01-10,False,False,NONE
+919852796431,Jio 5G,UP,CUST_0004532,DEV_0004532,2023-01-10,False,False,NONE
+919811876359,Jio 5G,TS,CUST_0004533,DEV_0004533,2023-01-10,False,False,NONE
+919814085986,Vodafone Idea (Vi),MH,CUST_0004534,DEV_0004534,2023-01-10,False,False,NONE
+919894234824,Vodafone Idea (Vi),GJ,CUST_0004535,DEV_0004535,2023-01-10,False,False,NONE
+919871267851,Airtel India,WB,CUST_0004536,DEV_0004536,2023-01-10,False,False,NONE
+919895176004,Vodafone Idea (Vi),KA,CUST_0004537,DEV_0004537,2023-01-10,False,True,NONE
+919820535151,Jio 5G,DL,CUST_0004538,DEV_0004538,2023-01-10,False,False,NONE
+919813626044,Jio 5G,GJ,CUST_0004539,DEV_0004539,2023-01-10,False,False,NONE
+919883183714,Airtel India,WB,CUST_0004540,DEV_0004540,2023-01-10,False,False,NONE
+919879103847,Jio 5G,HR,CUST_0004541,DEV_0004541,2023-01-10,False,False,NONE
+919811204178,Jio 5G,TS,CUST_0004542,DEV_0004542,2023-01-10,False,False,NONE
+919818824029,Vodafone Idea (Vi),GJ,CUST_0004543,DEV_0004543,2023-01-10,False,False,NONE
+919884591062,Vodafone Idea (Vi),GJ,CUST_0004544,DEV_0004544,2023-01-10,False,False,NONE
+919828162555,Vodafone Idea (Vi),MH,CUST_0004545,DEV_0004545,2023-01-10,False,False,NONE
+919891353865,Airtel India,JH,CUST_0004546,DEV_0004546,2023-01-10,False,False,NONE
+919859033174,BSNL Mobile,WB,CUST_0004547,DEV_0004547,2023-01-10,False,False,NONE
+919854868739,Airtel India,UP,CUST_0004548,DEV_0004548,2023-01-10,False,False,NONE
+919840801452,Jio 5G,DL,CUST_0004549,DEV_0004549,2023-01-10,False,False,NONE
+919845175938,Airtel India,DL,CUST_0004550,DEV_0004550,2023-01-10,False,False,NONE
+919897968225,Jio 5G,JH,CUST_0004551,DEV_0004551,2023-01-10,False,False,NONE
+919854862431,BSNL Mobile,TS,CUST_0004552,DEV_0004552,2023-01-10,False,False,NONE
+919872747101,BSNL Mobile,KA,CUST_0004553,DEV_0004553,2023-01-10,False,False,NONE
+919865848112,Vodafone Idea (Vi),MH,CUST_0004554,DEV_0004554,2023-01-10,False,False,NONE
+919877423695,BSNL Mobile,DL,CUST_0004555,DEV_0004555,2023-01-10,False,False,NONE
+919867630982,Jio 5G,MH,CUST_0004556,DEV_0004556,2023-01-10,False,False,NONE
+919828078628,Airtel India,WB,CUST_0004557,DEV_0004557,2023-01-10,False,True,NONE
+919897430138,Jio 5G,JH,CUST_0004558,DEV_0004558,2023-01-10,False,False,NONE
+919873521184,Jio 5G,MH,CUST_0004559,DEV_0004559,2023-01-10,False,False,NONE
+919857561030,Airtel India,KA,CUST_0004560,DEV_0004560,2023-01-10,False,False,NONE
+919866374557,Vodafone Idea (Vi),TS,CUST_0004561,DEV_0004561,2023-01-10,False,False,NONE
+919889787813,BSNL Mobile,UP,CUST_0004562,DEV_0004562,2023-01-10,False,False,NONE
+919864786403,Airtel India,UP,CUST_0004563,DEV_0004563,2023-01-10,False,False,NONE
+919892716605,Vodafone Idea (Vi),KA,CUST_0004564,DEV_0004564,2023-01-10,False,False,NONE
+919838308245,Jio 5G,TS,CUST_0004565,DEV_0004565,2023-01-10,False,False,NONE
+919867282614,BSNL Mobile,DL,CUST_0004566,DEV_0004566,2023-01-10,False,False,NONE
+919843746357,BSNL Mobile,WB,CUST_0004567,DEV_0004567,2023-01-10,False,False,NONE
+919898538116,Vodafone Idea (Vi),WB,CUST_0004568,DEV_0004568,2023-01-10,False,False,NONE
+919877925875,Jio 5G,UP,CUST_0004569,DEV_0004569,2023-01-10,False,False,NONE
+919884596343,Airtel India,GJ,CUST_0004570,DEV_0004570,2023-01-10,False,False,NONE
+919840760306,BSNL Mobile,DL,CUST_0004571,DEV_0004571,2023-01-10,False,True,NONE
+919833020501,BSNL Mobile,WB,CUST_0004572,DEV_0004572,2023-01-10,False,False,NONE
+919842006481,Airtel India,KA,CUST_0004573,DEV_0004573,2023-01-10,False,False,NONE
+919881156387,Jio 5G,JH,CUST_0004574,DEV_0004574,2023-01-10,False,True,NONE
+919868866063,Airtel India,UP,CUST_0004575,DEV_0004575,2023-01-10,False,False,NONE
+919815140038,Jio 5G,RJ,CUST_0004576,DEV_0004576,2023-01-10,False,False,NONE
+919893936096,Airtel India,MH,CUST_0004577,DEV_0004577,2023-01-10,False,False,NONE
+919870771722,Jio 5G,JH,CUST_0004578,DEV_0004578,2023-01-10,False,False,NONE
+919824642110,Jio 5G,RJ,CUST_0004579,DEV_0004579,2023-01-10,False,False,NONE
+919836709819,Airtel India,MH,CUST_0004580,DEV_0004580,2023-01-10,True,True,NONE
+919866703919,Airtel India,DL,CUST_0004581,DEV_0004581,2023-01-10,False,False,NONE
+919857120311,Vodafone Idea (Vi),WB,CUST_0004582,DEV_0004582,2023-01-10,False,False,NONE
+919834389598,Vodafone Idea (Vi),JH,CUST_0004583,DEV_0004583,2023-01-10,False,False,NONE
+919827285739,BSNL Mobile,UP,CUST_0004584,DEV_0004584,2023-01-10,False,False,NONE
+919816883268,Airtel India,WB,CUST_0004585,DEV_0004585,2023-01-10,False,False,NONE
+919866174752,Airtel India,HR,CUST_0004586,DEV_0004586,2023-01-10,False,False,NONE
+919876636860,BSNL Mobile,GJ,CUST_0004587,DEV_0004587,2023-01-10,False,False,NONE
+919837969701,Vodafone Idea (Vi),TS,CUST_0004588,DEV_0004588,2023-01-10,False,False,NONE
+919893309225,Airtel India,DL,CUST_0004589,DEV_0004589,2023-01-10,False,False,NONE
+919893234115,BSNL Mobile,TS,CUST_0004590,DEV_0004590,2023-01-10,False,False,NONE
+919859055844,Airtel India,RJ,CUST_0004591,DEV_0004591,2023-01-10,False,False,NONE
+919872932459,Airtel India,MH,CUST_0004592,DEV_0004592,2023-01-10,False,False,NONE
+919837996749,Airtel India,WB,CUST_0004593,DEV_0004593,2023-01-10,False,False,NONE
+919857751098,Jio 5G,UP,CUST_0004594,DEV_0004594,2023-01-10,False,False,NONE
+919824520309,Jio 5G,MH,CUST_0004595,DEV_0004595,2023-01-10,False,False,NONE
+919874459569,Jio 5G,KA,CUST_0004596,DEV_0004596,2023-01-10,False,False,NONE
+919846081062,Airtel India,DL,CUST_0004597,DEV_0004597,2023-01-10,False,False,NONE
+919898114554,Jio 5G,DL,CUST_0004598,DEV_0004598,2023-01-10,False,False,NONE
+919853530932,Jio 5G,UP,CUST_0004599,DEV_0004599,2023-01-10,False,False,NONE
+919850308060,BSNL Mobile,JH,CUST_0004600,DEV_0004600,2023-01-10,False,False,NONE
+919866567304,BSNL Mobile,RJ,CUST_0004601,DEV_0004601,2023-01-10,False,False,NONE
+919871430738,Jio 5G,TS,CUST_0004602,DEV_0004602,2023-01-10,False,False,NONE
+919852178962,Vodafone Idea (Vi),KA,CUST_0004603,DEV_0004603,2023-01-10,False,False,NONE
+919833818075,Vodafone Idea (Vi),DL,CUST_0004604,DEV_0004604,2023-01-10,False,False,NONE
+919830730552,Vodafone Idea (Vi),MH,CUST_0004605,DEV_0004605,2023-01-10,False,False,NONE
+919850093415,BSNL Mobile,RJ,CUST_0004606,DEV_0004606,2023-01-10,False,False,NONE
+919810755722,Airtel India,KA,CUST_0004607,DEV_0004607,2023-01-10,False,False,NONE
+919815264563,BSNL Mobile,GJ,CUST_0004608,DEV_0004608,2023-01-10,False,True,NONE
+919836058111,Jio 5G,TS,CUST_0004609,DEV_0004609,2023-01-10,False,False,NONE
+919810353858,BSNL Mobile,DL,CUST_0004610,DEV_0004610,2023-01-10,False,False,NONE
+919813629815,BSNL Mobile,RJ,CUST_0004611,DEV_0004611,2023-01-10,False,False,NONE
+919839844905,BSNL Mobile,TS,CUST_0004612,DEV_0004612,2023-01-10,False,False,NONE
+919855936603,Airtel India,DL,CUST_0004613,DEV_0004613,2023-01-10,False,False,NONE
+919890025839,Jio 5G,JH,CUST_0004614,DEV_0004614,2023-01-10,False,False,NONE
+919852280331,BSNL Mobile,RJ,CUST_0004615,DEV_0004615,2023-01-10,False,False,NONE
+919842900152,Vodafone Idea (Vi),KA,CUST_0004616,DEV_0004616,2023-01-10,False,False,NONE
+919887881935,BSNL Mobile,RJ,CUST_0004617,DEV_0004617,2023-01-10,False,False,NONE
+919867100510,Vodafone Idea (Vi),KA,CUST_0004618,DEV_0004618,2023-01-10,False,False,NONE
+919851692390,BSNL Mobile,GJ,CUST_0004619,DEV_0004619,2023-01-10,False,False,NONE
+919838086908,Airtel India,HR,CUST_0004620,DEV_0004620,2023-01-10,False,False,NONE
+919869871432,Vodafone Idea (Vi),RJ,CUST_0004621,DEV_0004621,2023-01-10,False,False,NONE
+919828601682,Airtel India,JH,CUST_0004622,DEV_0004622,2023-01-10,False,False,NONE
+919881472352,BSNL Mobile,WB,CUST_0004623,DEV_0004623,2023-01-10,False,False,NONE
+919881963325,Vodafone Idea (Vi),KA,CUST_0004624,DEV_0004624,2023-01-10,False,False,NONE
+919827460387,Vodafone Idea (Vi),TS,CUST_0004625,DEV_0004625,2023-01-10,False,False,NONE
+919841179484,Jio 5G,HR,CUST_0004626,DEV_0004626,2023-01-10,False,False,NONE
+919848082222,Vodafone Idea (Vi),KA,CUST_0004627,DEV_0004627,2023-01-10,False,False,NONE
+919848691378,Airtel India,KA,CUST_0004628,DEV_0004628,2023-01-10,False,False,NONE
+919862048505,Jio 5G,JH,CUST_0004629,DEV_0004629,2023-01-10,False,False,NONE
+919810343766,Vodafone Idea (Vi),GJ,CUST_0004630,DEV_0004630,2023-01-10,False,False,NONE
+919855347372,Jio 5G,DL,CUST_0004631,DEV_0004631,2023-01-10,False,False,NONE
+919829080825,BSNL Mobile,KA,CUST_0004632,DEV_0004632,2023-01-10,False,False,NONE
+919874220076,Airtel India,RJ,CUST_0004633,DEV_0004633,2023-01-10,False,False,NONE
+919888803772,Airtel India,JH,CUST_0004634,DEV_0004634,2023-01-10,False,False,NONE
+919860731609,Vodafone Idea (Vi),KA,CUST_0004635,DEV_0004635,2023-01-10,False,False,NONE
+919893049577,Vodafone Idea (Vi),KA,CUST_0004636,DEV_0004636,2023-01-10,False,False,NONE
+919843033430,Airtel India,DL,CUST_0004637,DEV_0004637,2023-01-10,False,False,NONE
+919876237009,BSNL Mobile,RJ,CUST_0004638,DEV_0004638,2023-01-10,False,False,NONE
+919873660304,Airtel India,KA,CUST_0004639,DEV_0004639,2023-01-10,False,False,NONE
+919856257312,Vodafone Idea (Vi),JH,CUST_0004640,DEV_0004640,2023-01-10,False,True,NONE
+919861169092,Jio 5G,WB,CUST_0004641,DEV_0004641,2023-01-10,False,False,NONE
+919874754360,Vodafone Idea (Vi),GJ,CUST_0004642,DEV_0004642,2023-01-10,False,False,NONE
+919832678679,Vodafone Idea (Vi),RJ,CUST_0004643,DEV_0004643,2023-01-10,False,False,NONE
+919862768179,Vodafone Idea (Vi),RJ,CUST_0004644,DEV_0004644,2023-01-10,False,False,NONE
+919874784153,BSNL Mobile,GJ,CUST_0004645,DEV_0004645,2023-01-10,False,False,NONE
+919811717427,BSNL Mobile,RJ,CUST_0004646,DEV_0004646,2023-01-10,False,False,NONE
+919851690053,Jio 5G,HR,CUST_0004647,DEV_0004647,2023-01-10,False,False,NONE
+919833557302,BSNL Mobile,UP,CUST_0004648,DEV_0004648,2023-01-10,True,True,NONE
+919812529885,Airtel India,RJ,CUST_0004649,DEV_0004649,2023-01-10,False,False,NONE
+919810375726,Jio 5G,UP,CUST_0004650,DEV_0004650,2023-01-10,False,False,NONE
+919847106136,Vodafone Idea (Vi),KA,CUST_0004651,DEV_0004651,2023-01-10,False,False,NONE
+919856116580,BSNL Mobile,GJ,CUST_0004652,DEV_0004652,2023-01-10,False,False,NONE
+919893821980,Vodafone Idea (Vi),RJ,CUST_0004653,DEV_0004653,2023-01-10,False,False,NONE
+919883968610,BSNL Mobile,MH,CUST_0004654,DEV_0004654,2023-01-10,False,False,NONE
+919850151591,Jio 5G,JH,CUST_0004655,DEV_0004655,2023-01-10,False,False,NONE
+919851149173,Vodafone Idea (Vi),RJ,CUST_0004656,DEV_0004656,2023-01-10,False,False,NONE
+919838719582,Jio 5G,KA,CUST_0004657,DEV_0004657,2023-01-10,False,False,NONE
+919832271661,BSNL Mobile,GJ,CUST_0004658,DEV_0004658,2023-01-10,False,False,NONE
+919865465179,Vodafone Idea (Vi),UP,CUST_0004659,DEV_0004659,2023-01-10,False,False,NONE
+919874544328,BSNL Mobile,KA,CUST_0004660,DEV_0004660,2023-01-10,False,False,NONE
+919877658259,Vodafone Idea (Vi),DL,CUST_0004661,DEV_0004661,2023-01-10,False,True,NONE
+919872816254,Vodafone Idea (Vi),WB,CUST_0004662,DEV_0004662,2023-01-10,False,False,NONE
+919891187466,Jio 5G,DL,CUST_0004663,DEV_0004663,2023-01-10,False,False,NONE
+919879716403,Jio 5G,RJ,CUST_0004664,DEV_0004664,2023-01-10,False,False,NONE
+919872468533,Jio 5G,JH,CUST_0004665,DEV_0004665,2023-01-10,False,False,NONE
+919853991218,Jio 5G,KA,CUST_0004666,DEV_0004666,2023-01-10,False,False,NONE
+919866002829,Vodafone Idea (Vi),JH,CUST_0004667,DEV_0004667,2023-01-10,False,False,NONE
+919870006290,Airtel India,GJ,CUST_0004668,DEV_0004668,2023-01-10,False,False,NONE
+919893364358,BSNL Mobile,UP,CUST_0004669,DEV_0004669,2023-01-10,False,False,NONE
+919876461531,Vodafone Idea (Vi),UP,CUST_0004670,DEV_0004670,2023-01-10,False,False,NONE
+919893014959,BSNL Mobile,RJ,CUST_0004671,DEV_0004671,2023-01-10,False,False,NONE
+919893981570,Airtel India,JH,CUST_0004672,DEV_0004672,2023-01-10,False,False,NONE
+919881460337,Jio 5G,HR,CUST_0004673,DEV_0004673,2023-01-10,False,False,NONE
+919887450778,Vodafone Idea (Vi),KA,CUST_0004674,DEV_0004674,2023-01-10,False,False,NONE
+919876884058,Airtel India,MH,CUST_0004675,DEV_0004675,2023-01-10,False,False,NONE
+919812969473,Jio 5G,KA,CUST_0004676,DEV_0004676,2023-01-10,False,False,NONE
+919853708627,BSNL Mobile,WB,CUST_0004677,DEV_0004677,2023-01-10,False,False,NONE
+919831990249,BSNL Mobile,KA,CUST_0004678,DEV_0004678,2023-01-10,False,True,NONE
+919892588292,Jio 5G,DL,CUST_0004679,DEV_0004679,2023-01-10,False,False,NONE
+919817898959,Airtel India,WB,CUST_0004680,DEV_0004680,2023-01-10,False,False,NONE
+919813548976,Vodafone Idea (Vi),MH,CUST_0004681,DEV_0004681,2023-01-10,False,False,NONE
+919843615421,BSNL Mobile,UP,CUST_0004682,DEV_0004682,2023-01-10,False,False,NONE
+919810271051,Vodafone Idea (Vi),RJ,CUST_0004683,DEV_0004683,2023-01-10,False,True,NONE
+919890550874,Airtel India,HR,CUST_0004684,DEV_0004684,2023-01-10,False,False,NONE
+919814304344,BSNL Mobile,MH,CUST_0004685,DEV_0004685,2023-01-10,False,False,NONE
+919875497115,Jio 5G,WB,CUST_0004686,DEV_0004686,2023-01-10,False,False,NONE
+919881824352,Vodafone Idea (Vi),DL,CUST_0004687,DEV_0004687,2023-01-10,False,False,NONE
+919844804520,Jio 5G,UP,CUST_0004688,DEV_0004688,2023-01-10,False,False,NONE
+919815252699,BSNL Mobile,DL,CUST_0004689,DEV_0004689,2023-01-10,False,True,NONE
+919870583111,Jio 5G,UP,CUST_0004690,DEV_0004690,2023-01-10,False,False,NONE
+919827483500,Vodafone Idea (Vi),UP,CUST_0004691,DEV_0004691,2023-01-10,False,False,NONE
+919881223497,BSNL Mobile,KA,CUST_0004692,DEV_0004692,2023-01-10,False,False,NONE
+919874334972,Airtel India,WB,CUST_0004693,DEV_0004693,2023-01-10,False,False,NONE
+919895491058,Airtel India,RJ,CUST_0004694,DEV_0004694,2023-01-10,False,False,NONE
+919827907142,Vodafone Idea (Vi),WB,CUST_0004695,DEV_0004695,2023-01-10,False,True,NONE
+919881243297,Jio 5G,GJ,CUST_0004696,DEV_0004696,2023-01-10,False,False,NONE
+919892056534,BSNL Mobile,TS,CUST_0004697,DEV_0004697,2023-01-10,False,False,NONE
+919899924091,Vodafone Idea (Vi),RJ,CUST_0004698,DEV_0004698,2023-01-10,False,True,NONE
+919820292879,Vodafone Idea (Vi),DL,CUST_0004699,DEV_0004699,2023-01-10,False,True,NONE
+919886633424,Vodafone Idea (Vi),HR,CUST_0004700,DEV_0004700,2023-01-10,False,False,NONE
+919842473952,Jio 5G,GJ,CUST_0004701,DEV_0004701,2023-01-10,False,False,NONE
+919835855366,BSNL Mobile,UP,CUST_0004702,DEV_0004702,2023-01-10,False,False,NONE
+919848903162,Airtel India,RJ,CUST_0004703,DEV_0004703,2023-01-10,False,False,NONE
+919867297304,Jio 5G,TS,CUST_0004704,DEV_0004704,2023-01-10,False,False,NONE
+919865794098,Vodafone Idea (Vi),WB,CUST_0004705,DEV_0004705,2023-01-10,False,False,NONE
+919874609297,Jio 5G,RJ,CUST_0004706,DEV_0004706,2023-01-10,False,False,NONE
+919853447415,Airtel India,JH,CUST_0004707,DEV_0004707,2023-01-10,False,False,NONE
+919810619599,Vodafone Idea (Vi),JH,CUST_0004708,DEV_0004708,2023-01-10,False,False,NONE
+919816161367,Airtel India,KA,CUST_0004709,DEV_0004709,2023-01-10,False,False,NONE
+919840194495,Airtel India,HR,CUST_0004710,DEV_0004710,2023-01-10,False,False,NONE
+919824106782,BSNL Mobile,KA,CUST_0004711,DEV_0004711,2023-01-10,False,False,NONE
+919825709156,Vodafone Idea (Vi),WB,CUST_0004712,DEV_0004712,2023-01-10,False,False,NONE
+919871358815,Airtel India,WB,CUST_0004713,DEV_0004713,2023-01-10,False,False,NONE
+919844892578,Airtel India,DL,CUST_0004714,DEV_0004714,2023-01-10,False,False,NONE
+919851730809,BSNL Mobile,TS,CUST_0004715,DEV_0004715,2023-01-10,False,False,NONE
+919810398064,Airtel India,UP,CUST_0004716,DEV_0004716,2023-01-10,False,False,NONE
+919865664101,Airtel India,DL,CUST_0004717,DEV_0004717,2023-01-10,False,False,NONE
+919892703237,Airtel India,WB,CUST_0004718,DEV_0004718,2023-01-10,False,False,NONE
+919894621706,Jio 5G,HR,CUST_0004719,DEV_0004719,2023-01-10,False,False,NONE
+919843134994,Airtel India,JH,CUST_0004720,DEV_0004720,2023-01-10,False,False,NONE
+919854783367,BSNL Mobile,MH,CUST_0004721,DEV_0004721,2023-01-10,False,False,NONE
+919855168555,Airtel India,JH,CUST_0004722,DEV_0004722,2023-01-10,False,False,NONE
+919869646652,Jio 5G,TS,CUST_0004723,DEV_0004723,2023-01-10,False,False,NONE
+919828524299,Airtel India,KA,CUST_0004724,DEV_0004724,2023-01-10,False,False,NONE
+919875043454,Vodafone Idea (Vi),GJ,CUST_0004725,DEV_0004725,2023-01-10,False,True,NONE
+919853843672,BSNL Mobile,MH,CUST_0004726,DEV_0004726,2023-01-10,False,False,NONE
+919816429882,Vodafone Idea (Vi),DL,CUST_0004727,DEV_0004727,2023-01-10,True,True,NONE
+919820883132,Vodafone Idea (Vi),RJ,CUST_0004728,DEV_0004728,2023-01-10,False,False,NONE
+919867975692,BSNL Mobile,WB,CUST_0004729,DEV_0004729,2023-01-10,False,False,NONE
+919859444838,Jio 5G,MH,CUST_0004730,DEV_0004730,2023-01-10,False,False,NONE
+919843461806,Airtel India,KA,CUST_0004731,DEV_0004731,2023-01-10,False,False,NONE
+919889463106,BSNL Mobile,RJ,CUST_0004732,DEV_0004732,2023-01-10,False,False,NONE
+919822518052,Jio 5G,GJ,CUST_0004733,DEV_0004733,2023-01-10,True,True,NONE
+919857255087,Jio 5G,KA,CUST_0004734,DEV_0004734,2023-01-10,False,True,NONE
+919839000001,BSNL Mobile,MH,CUST_0004735,DEV_0004735,2023-01-10,False,False,NONE
+919876152674,BSNL Mobile,KA,CUST_0004736,DEV_0004736,2023-01-10,True,True,NONE
+919854379776,Jio 5G,DL,CUST_0004737,DEV_0004737,2023-01-10,False,False,NONE
+919824630137,Vodafone Idea (Vi),KA,CUST_0004738,DEV_0004738,2023-01-10,False,False,NONE
+919854828297,Vodafone Idea (Vi),WB,CUST_0004739,DEV_0004739,2023-01-10,False,False,NONE
+919874617237,BSNL Mobile,MH,CUST_0004740,DEV_0004740,2023-01-10,False,False,NONE
+919813042521,Airtel India,WB,CUST_0004741,DEV_0004741,2023-01-10,False,False,NONE
+919824894943,Vodafone Idea (Vi),KA,CUST_0004742,DEV_0004742,2023-01-10,False,False,NONE
+919811959348,Jio 5G,GJ,CUST_0004743,DEV_0004743,2023-01-10,False,True,NONE
+919889054831,Vodafone Idea (Vi),RJ,CUST_0004744,DEV_0004744,2023-01-10,False,False,NONE
+919823344042,BSNL Mobile,JH,CUST_0004745,DEV_0004745,2023-01-10,False,False,NONE
+919811571351,Airtel India,RJ,CUST_0004746,DEV_0004746,2023-01-10,False,False,NONE
+919867515327,Vodafone Idea (Vi),GJ,CUST_0004747,DEV_0004747,2023-01-10,False,False,NONE
+919895729907,Airtel India,UP,CUST_0004748,DEV_0004748,2023-01-10,False,False,NONE
+919814551443,Jio 5G,KA,CUST_0004749,DEV_0004749,2023-01-10,False,False,NONE
+919872308515,BSNL Mobile,JH,CUST_0004750,DEV_0004750,2023-01-10,False,True,NONE
+919859433195,Airtel India,WB,CUST_0004751,DEV_0004751,2023-01-10,False,False,NONE
+919894218676,Vodafone Idea (Vi),MH,CUST_0004752,DEV_0004752,2023-01-10,False,False,NONE
+919835502318,Jio 5G,DL,CUST_0004753,DEV_0004753,2023-01-10,False,False,NONE
+919848096267,Airtel India,MH,CUST_0004754,DEV_0004754,2023-01-10,False,False,NONE
+919822689575,Airtel India,JH,CUST_0004755,DEV_0004755,2023-01-10,False,False,NONE
+919873631502,Jio 5G,MH,CUST_0004756,DEV_0004756,2023-01-10,False,False,NONE
+919876495394,BSNL Mobile,TS,CUST_0004757,DEV_0004757,2023-01-10,False,False,NONE
+919851973996,BSNL Mobile,MH,CUST_0004758,DEV_0004758,2023-01-10,False,False,NONE
+919829318169,BSNL Mobile,DL,CUST_0004759,DEV_0004759,2023-01-10,False,False,NONE
+919872991551,Airtel India,DL,CUST_0004760,DEV_0004760,2023-01-10,False,False,NONE
+919895880993,BSNL Mobile,JH,CUST_0004761,DEV_0004761,2023-01-10,False,False,NONE
+919883790579,BSNL Mobile,WB,CUST_0004762,DEV_0004762,2023-01-10,False,False,NONE
+919884371498,BSNL Mobile,MH,CUST_0004763,DEV_0004763,2023-01-10,False,False,NONE
+919886866037,Jio 5G,WB,CUST_0004764,DEV_0004764,2023-01-10,False,False,NONE
+919896875599,Jio 5G,DL,CUST_0004765,DEV_0004765,2023-01-10,False,False,NONE
+919819702426,Vodafone Idea (Vi),WB,CUST_0004766,DEV_0004766,2023-01-10,False,False,NONE
+919869558040,BSNL Mobile,GJ,CUST_0004767,DEV_0004767,2023-01-10,False,False,NONE
+919861780068,Jio 5G,GJ,CUST_0004768,DEV_0004768,2023-01-10,False,False,NONE
+919814789000,BSNL Mobile,DL,CUST_0004769,DEV_0004769,2023-01-10,False,False,NONE
+919848273325,Vodafone Idea (Vi),WB,CUST_0004770,DEV_0004770,2023-01-10,False,False,NONE
+919835264323,Jio 5G,GJ,CUST_0004771,DEV_0004771,2023-01-10,False,False,NONE
+919888124902,Vodafone Idea (Vi),TS,CUST_0004772,DEV_0004772,2023-01-10,False,False,NONE
+919878841594,Jio 5G,WB,CUST_0004773,DEV_0004773,2023-01-10,False,False,NONE
+919853703361,Jio 5G,MH,CUST_0004774,DEV_0004774,2023-01-10,False,False,NONE
+919891777159,Vodafone Idea (Vi),KA,CUST_0004775,DEV_0004775,2023-01-10,False,False,NONE
+919866888179,BSNL Mobile,TS,CUST_0004776,DEV_0004776,2023-01-10,False,False,NONE
+919877610730,Vodafone Idea (Vi),RJ,CUST_0004777,DEV_0004777,2023-01-10,False,False,NONE
+919843455678,Jio 5G,GJ,CUST_0004778,DEV_0004778,2023-01-10,False,False,NONE
+919892213851,Vodafone Idea (Vi),MH,CUST_0004779,DEV_0004779,2023-01-10,False,True,NONE
+919835104549,Airtel India,MH,CUST_0004780,DEV_0004780,2023-01-10,False,False,NONE
+919820476136,BSNL Mobile,RJ,CUST_0004781,DEV_0004781,2023-01-10,False,False,NONE
+919826130005,BSNL Mobile,KA,CUST_0004782,DEV_0004782,2023-01-10,False,False,NONE
+919816536331,BSNL Mobile,HR,CUST_0004783,DEV_0004783,2023-01-10,False,False,NONE
+919899465004,Airtel India,JH,CUST_0004784,DEV_0004784,2023-01-10,False,False,NONE
+919841448983,BSNL Mobile,WB,CUST_0004785,DEV_0004785,2023-01-10,False,False,NONE
+919841382164,Vodafone Idea (Vi),KA,CUST_0004786,DEV_0004786,2023-01-10,False,True,NONE
+919825596823,Vodafone Idea (Vi),JH,CUST_0004787,DEV_0004787,2023-01-10,False,False,NONE
+919886233508,BSNL Mobile,HR,CUST_0004788,DEV_0004788,2023-01-10,False,False,NONE
+919861993353,Airtel India,JH,CUST_0004789,DEV_0004789,2023-01-10,False,False,NONE
+919848490115,Jio 5G,JH,CUST_0004790,DEV_0004790,2023-01-10,False,False,NONE
+919824496200,BSNL Mobile,UP,CUST_0004791,DEV_0004791,2023-01-10,True,True,NONE
+919852772448,Airtel India,WB,CUST_0004792,DEV_0004792,2023-01-10,False,False,NONE
+919865302233,Jio 5G,WB,CUST_0004793,DEV_0004793,2023-01-10,False,False,NONE
+919853999705,Jio 5G,HR,CUST_0004794,DEV_0004794,2023-01-10,False,False,NONE
+919842788026,Jio 5G,UP,CUST_0004795,DEV_0004795,2023-01-10,False,False,NONE
+919877955021,BSNL Mobile,KA,CUST_0004796,DEV_0004796,2023-01-10,False,False,NONE
+919846655000,Airtel India,DL,CUST_0004797,DEV_0004797,2023-01-10,False,True,NONE
+919885196091,BSNL Mobile,WB,CUST_0004798,DEV_0004798,2023-01-10,False,False,NONE
+919873344243,Vodafone Idea (Vi),KA,CUST_0004799,DEV_0004799,2023-01-10,False,False,NONE
+919897753548,Vodafone Idea (Vi),JH,CUST_0004800,DEV_0004800,2023-01-10,False,False,NONE
+919885506056,Jio 5G,MH,CUST_0004801,DEV_0004801,2023-01-10,False,False,NONE
+919841872541,Airtel India,JH,CUST_0004802,DEV_0004802,2023-01-10,False,False,NONE
+919895595764,BSNL Mobile,TS,CUST_0004803,DEV_0004803,2023-01-10,False,False,NONE
+919842340609,Airtel India,RJ,CUST_0004804,DEV_0004804,2023-01-10,False,False,NONE
+919816798312,BSNL Mobile,KA,CUST_0004805,DEV_0004805,2023-01-10,False,False,NONE
+919858880419,BSNL Mobile,WB,CUST_0004806,DEV_0004806,2023-01-10,False,False,NONE
+919831920246,BSNL Mobile,HR,CUST_0004807,DEV_0004807,2023-01-10,False,False,NONE
+919828190563,BSNL Mobile,MH,CUST_0004808,DEV_0004808,2023-01-10,False,False,NONE
+919870169269,Jio 5G,GJ,CUST_0004809,DEV_0004809,2023-01-10,False,True,NONE
+919816567478,BSNL Mobile,UP,CUST_0004810,DEV_0004810,2023-01-10,False,True,NONE
+919834328219,BSNL Mobile,HR,CUST_0004811,DEV_0004811,2023-01-10,False,True,NONE
+919865356678,Airtel India,TS,CUST_0004812,DEV_0004812,2023-01-10,False,False,NONE
+919867526810,Vodafone Idea (Vi),GJ,CUST_0004813,DEV_0004813,2023-01-10,False,False,NONE
+919898343960,Vodafone Idea (Vi),GJ,CUST_0004814,DEV_0004814,2023-01-10,False,False,NONE
+919861710200,BSNL Mobile,TS,CUST_0004815,DEV_0004815,2023-01-10,False,False,NONE
+919896527250,Airtel India,KA,CUST_0004816,DEV_0004816,2023-01-10,False,False,NONE
+919898634474,Jio 5G,GJ,CUST_0004817,DEV_0004817,2023-01-10,False,False,NONE
+919853955439,BSNL Mobile,GJ,CUST_0004818,DEV_0004818,2023-01-10,False,False,NONE
+919824640811,Jio 5G,JH,CUST_0004819,DEV_0004819,2023-01-10,False,False,NONE
+919838218769,Vodafone Idea (Vi),JH,CUST_0004820,DEV_0004820,2023-01-10,False,False,NONE
+919893454182,BSNL Mobile,KA,CUST_0004821,DEV_0004821,2023-01-10,False,False,NONE
+919847951559,Airtel India,DL,CUST_0004822,DEV_0004822,2023-01-10,False,False,NONE
+919892081645,Vodafone Idea (Vi),TS,CUST_0004823,DEV_0004823,2023-01-10,False,False,NONE
+919868718002,Jio 5G,RJ,CUST_0004824,DEV_0004824,2023-01-10,False,False,NONE
+919841859930,Airtel India,HR,CUST_0004825,DEV_0004825,2023-01-10,False,False,NONE
+919825915320,Airtel India,MH,CUST_0004826,DEV_0004826,2023-01-10,False,False,NONE
+919811296127,Vodafone Idea (Vi),GJ,CUST_0004827,DEV_0004827,2023-01-10,False,False,NONE
+919897291993,BSNL Mobile,GJ,CUST_0004828,DEV_0004828,2023-01-10,False,False,NONE
+919858238976,BSNL Mobile,DL,CUST_0004829,DEV_0004829,2023-01-10,False,False,NONE
+919880231531,Airtel India,WB,CUST_0004830,DEV_0004830,2023-01-10,False,False,NONE
+919832941615,Airtel India,MH,CUST_0004831,DEV_0004831,2023-01-10,False,False,NONE
+919895985917,Jio 5G,MH,CUST_0004832,DEV_0004832,2023-01-10,False,False,NONE
+919810449168,Jio 5G,GJ,CUST_0004833,DEV_0004833,2023-01-10,False,False,NONE
+919852686542,Jio 5G,MH,CUST_0004834,DEV_0004834,2023-01-10,False,True,NONE
+919879568885,Airtel India,HR,CUST_0004835,DEV_0004835,2023-01-10,False,True,NONE
+919880023931,Jio 5G,GJ,CUST_0004836,DEV_0004836,2023-01-10,False,False,NONE
+919885954471,Airtel India,HR,CUST_0004837,DEV_0004837,2023-01-10,False,False,NONE
+919861252896,Jio 5G,WB,CUST_0004838,DEV_0004838,2023-01-10,False,False,NONE
+919895732125,Vodafone Idea (Vi),MH,CUST_0004839,DEV_0004839,2023-01-10,False,False,NONE
+919866864286,Vodafone Idea (Vi),KA,CUST_0004840,DEV_0004840,2023-01-10,True,True,NONE
+919847687924,Vodafone Idea (Vi),JH,CUST_0004841,DEV_0004841,2023-01-10,False,False,NONE
+919844099995,Jio 5G,GJ,CUST_0004842,DEV_0004842,2023-01-10,False,False,NONE
+919818059156,Jio 5G,GJ,CUST_0004843,DEV_0004843,2023-01-10,False,False,NONE
+919826568992,BSNL Mobile,RJ,CUST_0004844,DEV_0004844,2023-01-10,False,True,NONE
+919874933918,BSNL Mobile,WB,CUST_0004845,DEV_0004845,2023-01-10,False,False,NONE
+919889061497,Airtel India,WB,CUST_0004846,DEV_0004846,2023-01-10,False,True,NONE
+919827936710,Vodafone Idea (Vi),GJ,CUST_0004847,DEV_0004847,2023-01-10,False,False,NONE
+919899267948,Airtel India,GJ,CUST_0004848,DEV_0004848,2023-01-10,False,False,NONE
+919868904615,Jio 5G,HR,CUST_0004849,DEV_0004849,2023-01-10,False,False,NONE
+919871899639,Airtel India,MH,CUST_0004850,DEV_0004850,2023-01-10,False,False,NONE
+919849852932,BSNL Mobile,RJ,CUST_0004851,DEV_0004851,2023-01-10,False,False,NONE
+919893729829,Vodafone Idea (Vi),JH,CUST_0004852,DEV_0004852,2023-01-10,False,False,NONE
+919867298273,Jio 5G,TS,CUST_0004853,DEV_0004853,2023-01-10,False,False,NONE
+919893156192,BSNL Mobile,UP,CUST_0004854,DEV_0004854,2023-01-10,False,False,NONE
+919811749820,BSNL Mobile,TS,CUST_0004855,DEV_0004855,2023-01-10,False,False,NONE
+919813136372,Jio 5G,GJ,CUST_0004856,DEV_0004856,2023-01-10,False,False,NONE
+919853557670,BSNL Mobile,TS,CUST_0004857,DEV_0004857,2023-01-10,False,False,NONE
+919880291817,Vodafone Idea (Vi),UP,CUST_0004858,DEV_0004858,2023-01-10,False,False,NONE
+919867867288,Airtel India,KA,CUST_0004859,DEV_0004859,2023-01-10,True,True,NONE
+919887126068,BSNL Mobile,GJ,CUST_0004860,DEV_0004860,2023-01-10,False,False,NONE
+919850335330,Jio 5G,HR,CUST_0004861,DEV_0004861,2023-01-10,False,False,NONE
+919868844775,BSNL Mobile,DL,CUST_0004862,DEV_0004862,2023-01-10,False,False,NONE
+919836905815,Vodafone Idea (Vi),KA,CUST_0004863,DEV_0004863,2023-01-10,False,False,NONE
+919860202028,Jio 5G,TS,CUST_0004864,DEV_0004864,2023-01-10,False,False,NONE
+919839143972,BSNL Mobile,TS,CUST_0004865,DEV_0004865,2023-01-10,False,False,NONE
+919829632694,Jio 5G,JH,CUST_0004866,DEV_0004866,2023-01-10,False,False,NONE
+919846014170,Airtel India,KA,CUST_0004867,DEV_0004867,2023-01-10,False,False,NONE
+919864305501,Airtel India,GJ,CUST_0004868,DEV_0004868,2023-01-10,False,False,NONE
+919827533257,BSNL Mobile,GJ,CUST_0004869,DEV_0004869,2023-01-10,False,True,NONE
+919870350260,Vodafone Idea (Vi),UP,CUST_0004870,DEV_0004870,2023-01-10,False,False,NONE
+919830778629,Vodafone Idea (Vi),WB,CUST_0004871,DEV_0004871,2023-01-10,False,False,NONE
+919830136501,Airtel India,DL,CUST_0004872,DEV_0004872,2023-01-10,False,False,NONE
+919855360834,Vodafone Idea (Vi),KA,CUST_0004873,DEV_0004873,2023-01-10,False,False,NONE
+919834338785,Airtel India,RJ,CUST_0004874,DEV_0004874,2023-01-10,False,True,NONE
+919867182310,Vodafone Idea (Vi),DL,CUST_0004875,DEV_0004875,2023-01-10,False,False,NONE
+919898117206,Vodafone Idea (Vi),UP,CUST_0004876,DEV_0004876,2023-01-10,False,False,NONE
+919836497312,Airtel India,DL,CUST_0004877,DEV_0004877,2023-01-10,False,False,NONE
+919865432825,BSNL Mobile,UP,CUST_0004878,DEV_0004878,2023-01-10,True,True,NONE
+919849204601,Vodafone Idea (Vi),HR,CUST_0004879,DEV_0004879,2023-01-10,False,True,NONE
+919857185385,BSNL Mobile,UP,CUST_0004880,DEV_0004880,2023-01-10,False,False,NONE
+919894327051,Airtel India,DL,CUST_0004881,DEV_0004881,2023-01-10,False,False,NONE
+919828477578,Airtel India,HR,CUST_0004882,DEV_0004882,2023-01-10,False,False,NONE
+919899968356,Vodafone Idea (Vi),WB,CUST_0004883,DEV_0004883,2023-01-10,False,False,NONE
+919878287966,Airtel India,MH,CUST_0004884,DEV_0004884,2023-01-10,False,False,NONE
+919817168957,BSNL Mobile,TS,CUST_0004885,DEV_0004885,2023-01-10,False,False,NONE
+919835779573,Airtel India,UP,CUST_0004886,DEV_0004886,2023-01-10,False,False,NONE
+919884556128,Airtel India,WB,CUST_0004887,DEV_0004887,2023-01-10,False,False,NONE
+919822963579,Vodafone Idea (Vi),UP,CUST_0004888,DEV_0004888,2023-01-10,False,False,NONE
+919895708762,Jio 5G,WB,CUST_0004889,DEV_0004889,2023-01-10,False,False,NONE
+919813064034,Jio 5G,KA,CUST_0004890,DEV_0004890,2023-01-10,True,True,NONE
+919863775378,Jio 5G,DL,CUST_0004891,DEV_0004891,2023-01-10,False,False,NONE
+919898433027,BSNL Mobile,TS,CUST_0004892,DEV_0004892,2023-01-10,False,False,NONE
+919811250940,BSNL Mobile,RJ,CUST_0004893,DEV_0004893,2023-01-10,False,False,NONE
+919811934375,Vodafone Idea (Vi),KA,CUST_0004894,DEV_0004894,2023-01-10,False,False,NONE
+919841567209,Jio 5G,MH,CUST_0004895,DEV_0004895,2023-01-10,False,False,NONE
+919840805372,Jio 5G,WB,CUST_0004896,DEV_0004896,2023-01-10,False,False,NONE
+919897823447,Airtel India,MH,CUST_0004897,DEV_0004897,2023-01-10,False,False,NONE
+919835755794,Airtel India,KA,CUST_0004898,DEV_0004898,2023-01-10,False,False,NONE
+919880975418,Airtel India,GJ,CUST_0004899,DEV_0004899,2023-01-10,False,False,NONE
+919822336149,Vodafone Idea (Vi),HR,CUST_0004900,DEV_0004900,2023-01-10,False,True,NONE
+919820043459,BSNL Mobile,JH,CUST_0004901,DEV_0004901,2023-01-10,False,False,NONE
+919899092054,Airtel India,GJ,CUST_0004902,DEV_0004902,2023-01-10,False,False,NONE
+919853116699,Jio 5G,UP,CUST_0004903,DEV_0004903,2023-01-10,False,False,NONE
+919836193907,Airtel India,UP,CUST_0004904,DEV_0004904,2023-01-10,False,False,NONE
+919830804962,Airtel India,RJ,CUST_0004905,DEV_0004905,2023-01-10,False,False,NONE
+919832090294,Airtel India,HR,CUST_0004906,DEV_0004906,2023-01-10,False,False,NONE
+919845266117,Jio 5G,MH,CUST_0004907,DEV_0004907,2023-01-10,False,True,NONE
+919882422727,Jio 5G,MH,CUST_0004908,DEV_0004908,2023-01-10,False,True,NONE
+919886153463,Vodafone Idea (Vi),WB,CUST_0004909,DEV_0004909,2023-01-10,False,True,NONE
+919838156370,BSNL Mobile,TS,CUST_0004910,DEV_0004910,2023-01-10,False,False,NONE
+919850110131,BSNL Mobile,MH,CUST_0004911,DEV_0004911,2023-01-10,False,False,NONE
+919890828998,Vodafone Idea (Vi),WB,CUST_0004912,DEV_0004912,2023-01-10,False,False,NONE
+919812948260,Airtel India,HR,CUST_0004913,DEV_0004913,2023-01-10,False,False,NONE
+919878813465,BSNL Mobile,KA,CUST_0004914,DEV_0004914,2023-01-10,False,False,NONE
+919831906836,BSNL Mobile,KA,CUST_0004915,DEV_0004915,2023-01-10,False,False,NONE
+919887419118,Vodafone Idea (Vi),UP,CUST_0004916,DEV_0004916,2023-01-10,False,False,NONE
+919831881336,BSNL Mobile,RJ,CUST_0004917,DEV_0004917,2023-01-10,False,False,NONE
+919867828079,Airtel India,TS,CUST_0004918,DEV_0004918,2023-01-10,False,False,NONE
+919852156426,Airtel India,DL,CUST_0004919,DEV_0004919,2023-01-10,False,False,NONE
+919894365572,Jio 5G,KA,CUST_0004920,DEV_0004920,2023-01-10,False,False,NONE
+919878242316,Jio 5G,HR,CUST_0004921,DEV_0004921,2023-01-10,False,False,NONE
+919856083469,Vodafone Idea (Vi),WB,CUST_0004922,DEV_0004922,2023-01-10,False,False,NONE
+919817874817,BSNL Mobile,RJ,CUST_0004923,DEV_0004923,2023-01-10,False,False,NONE
+919834206849,Jio 5G,DL,CUST_0004924,DEV_0004924,2023-01-10,False,False,NONE
+919867643099,Jio 5G,JH,CUST_0004925,DEV_0004925,2023-01-10,False,False,NONE
+919878623568,Vodafone Idea (Vi),DL,CUST_0004926,DEV_0004926,2023-01-10,False,False,NONE
+919843528762,Jio 5G,RJ,CUST_0004927,DEV_0004927,2023-01-10,False,False,NONE
+919882190325,Jio 5G,RJ,CUST_0004928,DEV_0004928,2023-01-10,False,False,NONE
+919882621592,Vodafone Idea (Vi),JH,CUST_0004929,DEV_0004929,2023-01-10,False,False,NONE
+919871345913,Jio 5G,GJ,CUST_0004930,DEV_0004930,2023-01-10,True,True,NONE
+919881490258,Airtel India,GJ,CUST_0004931,DEV_0004931,2023-01-10,False,False,NONE
+919897103658,Airtel India,MH,CUST_0004932,DEV_0004932,2023-01-10,False,False,NONE
+919839337844,BSNL Mobile,GJ,CUST_0004933,DEV_0004933,2023-01-10,False,False,NONE
+919836623243,Vodafone Idea (Vi),RJ,CUST_0004934,DEV_0004934,2023-01-10,True,True,NONE
+919826129705,BSNL Mobile,TS,CUST_0004935,DEV_0004935,2023-01-10,False,False,NONE
+919834707086,Jio 5G,JH,CUST_0004936,DEV_0004936,2023-01-10,False,False,NONE
+919825059567,Airtel India,RJ,CUST_0004937,DEV_0004937,2023-01-10,False,False,NONE
+919853069472,Airtel India,KA,CUST_0004938,DEV_0004938,2023-01-10,False,False,NONE
+919881013282,BSNL Mobile,UP,CUST_0004939,DEV_0004939,2023-01-10,False,False,NONE
+919854379848,Vodafone Idea (Vi),UP,CUST_0004940,DEV_0004940,2023-01-10,False,True,NONE
+919852309220,Jio 5G,GJ,CUST_0004941,DEV_0004941,2023-01-10,False,False,NONE
+919880435926,Airtel India,GJ,CUST_0004942,DEV_0004942,2023-01-10,False,False,NONE
+919876938472,BSNL Mobile,JH,CUST_0004943,DEV_0004943,2023-01-10,False,False,NONE
+919832237063,Vodafone Idea (Vi),DL,CUST_0004944,DEV_0004944,2023-01-10,False,False,NONE
+919876850940,Vodafone Idea (Vi),HR,CUST_0004945,DEV_0004945,2023-01-10,False,False,NONE
+919867489238,Airtel India,RJ,CUST_0004946,DEV_0004946,2023-01-10,False,False,NONE
+919843565436,Jio 5G,HR,CUST_0004947,DEV_0004947,2023-01-10,False,False,NONE
+919842900660,Jio 5G,UP,CUST_0004948,DEV_0004948,2023-01-10,False,False,NONE
+919889540660,BSNL Mobile,MH,CUST_0004949,DEV_0004949,2023-01-10,False,False,NONE
+919892115854,Jio 5G,RJ,CUST_0004950,DEV_0004950,2023-01-10,True,True,NONE
+919884424515,Airtel India,KA,CUST_0004951,DEV_0004951,2023-01-10,True,True,NONE
+919830147437,Airtel India,WB,CUST_0004952,DEV_0004952,2023-01-10,False,False,NONE
+919815600342,Jio 5G,MH,CUST_0004953,DEV_0004953,2023-01-10,False,False,NONE
+919818481935,Airtel India,RJ,CUST_0004954,DEV_0004954,2023-01-10,False,False,NONE
+919854110234,Airtel India,WB,CUST_0004955,DEV_0004955,2023-01-10,False,True,NONE
+919823668552,Vodafone Idea (Vi),WB,CUST_0004956,DEV_0004956,2023-01-10,False,False,NONE
+919877159785,Jio 5G,GJ,CUST_0004957,DEV_0004957,2023-01-10,False,False,NONE
+919816142647,Jio 5G,MH,CUST_0004958,DEV_0004958,2023-01-10,False,False,NONE
+919834344248,Vodafone Idea (Vi),MH,CUST_0004959,DEV_0004959,2023-01-10,False,False,NONE
+919894939445,Jio 5G,WB,CUST_0004960,DEV_0004960,2023-01-10,False,False,NONE
+919826673469,BSNL Mobile,JH,CUST_0004961,DEV_0004961,2023-01-10,False,False,NONE
+919814959045,Airtel India,KA,CUST_0004962,DEV_0004962,2023-01-10,False,False,NONE
+919885263100,Jio 5G,KA,CUST_0004963,DEV_0004963,2023-01-10,False,False,NONE
+919839003371,Jio 5G,WB,CUST_0004964,DEV_0004964,2023-01-10,False,False,NONE
+919894803083,Jio 5G,MH,CUST_0004965,DEV_0004965,2023-01-10,False,False,NONE
+919896070407,Airtel India,WB,CUST_0004966,DEV_0004966,2023-01-10,False,False,NONE
+919849097445,Jio 5G,GJ,CUST_0004967,DEV_0004967,2023-01-10,False,False,NONE
+919899313992,Vodafone Idea (Vi),HR,CUST_0004968,DEV_0004968,2023-01-10,False,False,NONE
+919855478560,Airtel India,UP,CUST_0004969,DEV_0004969,2023-01-10,False,True,NONE
+919812788484,Vodafone Idea (Vi),UP,CUST_0004970,DEV_0004970,2023-01-10,False,False,NONE
+919877370627,Jio 5G,HR,CUST_0004971,DEV_0004971,2023-01-10,False,False,NONE
+919857651869,Jio 5G,DL,CUST_0004972,DEV_0004972,2023-01-10,False,False,NONE
+919877449872,Jio 5G,WB,CUST_0004973,DEV_0004973,2023-01-10,False,False,NONE
+919885173464,Vodafone Idea (Vi),HR,CUST_0004974,DEV_0004974,2023-01-10,False,False,NONE
+919864570441,Vodafone Idea (Vi),KA,CUST_0004975,DEV_0004975,2023-01-10,False,True,NONE
+919858719870,BSNL Mobile,DL,CUST_0004976,DEV_0004976,2023-01-10,False,False,NONE
+919898254585,BSNL Mobile,DL,CUST_0004977,DEV_0004977,2023-01-10,False,False,NONE
+919842990267,BSNL Mobile,KA,CUST_0004978,DEV_0004978,2023-01-10,False,False,NONE
+919894025279,BSNL Mobile,WB,CUST_0004979,DEV_0004979,2023-01-10,False,False,NONE
+919817418175,Vodafone Idea (Vi),MH,CUST_0004980,DEV_0004980,2023-01-10,False,False,NONE
+919819315677,Jio 5G,GJ,CUST_0004981,DEV_0004981,2023-01-10,False,False,NONE
+919879245022,Airtel India,GJ,CUST_0004982,DEV_0004982,2023-01-10,False,True,NONE
+919817789820,Airtel India,RJ,CUST_0004983,DEV_0004983,2023-01-10,False,False,NONE
+919868251208,BSNL Mobile,KA,CUST_0004984,DEV_0004984,2023-01-10,False,False,NONE
+919851917078,Vodafone Idea (Vi),TS,CUST_0004985,DEV_0004985,2023-01-10,False,False,NONE
+919820766492,Airtel India,WB,CUST_0004986,DEV_0004986,2023-01-10,False,False,NONE
+919811462557,Jio 5G,MH,CUST_0004987,DEV_0004987,2023-01-10,False,False,NONE
+919844784809,Jio 5G,UP,CUST_0004988,DEV_0004988,2023-01-10,False,False,NONE
+919859513267,BSNL Mobile,GJ,CUST_0004989,DEV_0004989,2023-01-10,False,False,NONE
+919872673271,Airtel India,JH,CUST_0004990,DEV_0004990,2023-01-10,False,False,NONE
+919889260845,Vodafone Idea (Vi),KA,CUST_0004991,DEV_0004991,2023-01-10,False,False,NONE
+919885538741,BSNL Mobile,WB,CUST_0004992,DEV_0004992,2023-01-10,False,False,NONE
+919854814535,BSNL Mobile,HR,CUST_0004993,DEV_0004993,2023-01-10,False,False,NONE
+919827848715,Vodafone Idea (Vi),UP,CUST_0004994,DEV_0004994,2023-01-10,False,False,NONE
+919818694435,Vodafone Idea (Vi),TS,CUST_0004995,DEV_0004995,2023-01-10,False,False,NONE
+919849551150,BSNL Mobile,RJ,CUST_0004996,DEV_0004996,2023-01-10,False,False,NONE
+919830211543,Jio 5G,UP,CUST_0004997,DEV_0004997,2023-01-10,False,False,NONE
+919871514576,Airtel India,DL,CUST_0004998,DEV_0004998,2023-01-10,False,False,NONE
+919877789701,Jio 5G,KA,CUST_0004999,DEV_0004999,2023-01-10,False,False,NONE
+919825767126,Vodafone Idea (Vi),TS,CUST_0005000,DEV_0005000,2023-01-10,False,False,NONE
+919846627328,BSNL Mobile,KA,CUST_0005001,DEV_0005001,2023-01-10,False,False,NONE
+919860019632,Jio 5G,JH,CUST_0005002,DEV_0005002,2023-01-10,False,False,NONE
+919833154375,Jio 5G,TS,CUST_0005003,DEV_0005003,2023-01-10,False,False,NONE
+919822866504,Airtel India,HR,CUST_0005004,DEV_0005004,2023-01-10,False,False,NONE
+919866079241,Vodafone Idea (Vi),MH,CUST_0005005,DEV_0005005,2023-01-10,False,False,NONE
+919841763087,Airtel India,UP,CUST_0005006,DEV_0005006,2023-01-10,False,False,NONE
+919867253178,Airtel India,GJ,CUST_0005007,DEV_0005007,2023-01-10,False,False,NONE
+919841067379,BSNL Mobile,TS,CUST_0005008,DEV_0005008,2023-01-10,False,False,NONE
+919886452960,BSNL Mobile,GJ,CUST_0005009,DEV_0005009,2023-01-10,False,False,NONE
+919814016028,Vodafone Idea (Vi),JH,CUST_0005010,DEV_0005010,2023-01-10,False,False,NONE
+919841344119,Airtel India,UP,CUST_0005011,DEV_0005011,2023-01-10,False,False,NONE
+919834291899,Vodafone Idea (Vi),HR,CUST_0005012,DEV_0005012,2023-01-10,False,False,NONE
+919855491395,Jio 5G,DL,CUST_0005013,DEV_0005013,2023-01-10,False,False,NONE
+919893365747,Airtel India,RJ,CUST_0005014,DEV_0005014,2023-01-10,False,False,NONE
+919813972324,Vodafone Idea (Vi),KA,CUST_0005015,DEV_0005015,2023-01-10,False,False,NONE
+919818062082,BSNL Mobile,DL,CUST_0005016,DEV_0005016,2023-01-10,False,False,NONE
+919890363685,BSNL Mobile,DL,CUST_0005017,DEV_0005017,2023-01-10,False,False,NONE
+919898998921,Airtel India,JH,CUST_0005018,DEV_0005018,2023-01-10,False,False,NONE
+919882124018,Airtel India,MH,CUST_0005019,DEV_0005019,2023-01-10,False,False,NONE
+919817043120,Vodafone Idea (Vi),JH,CUST_0005020,DEV_0005020,2023-01-10,False,False,NONE
+919875933610,Jio 5G,MH,CUST_0005021,DEV_0005021,2023-01-10,False,True,NONE
+919811117647,Jio 5G,TS,CUST_0005022,DEV_0005022,2023-01-10,False,True,NONE
+919891933189,Airtel India,GJ,CUST_0005023,DEV_0005023,2023-01-10,False,False,NONE
+919858376552,BSNL Mobile,RJ,CUST_0005024,DEV_0005024,2023-01-10,False,False,NONE
+919850012100,Jio 5G,GJ,CUST_0005025,DEV_0005025,2023-01-10,False,False,NONE
+919881033982,Jio 5G,UP,CUST_0005026,DEV_0005026,2023-01-10,False,False,NONE
+919846197549,Jio 5G,GJ,CUST_0005027,DEV_0005027,2023-01-10,False,False,NONE
+919822219786,Vodafone Idea (Vi),RJ,CUST_0005028,DEV_0005028,2023-01-10,False,False,NONE
+919870614848,BSNL Mobile,RJ,CUST_0005029,DEV_0005029,2023-01-10,False,False,NONE
+919841957588,Jio 5G,DL,CUST_0005030,DEV_0005030,2023-01-10,False,False,NONE
+919857132588,BSNL Mobile,DL,CUST_0005031,DEV_0005031,2023-01-10,False,False,NONE
+919895335261,Vodafone Idea (Vi),KA,CUST_0005032,DEV_0005032,2023-01-10,True,True,NONE
+919879494985,Jio 5G,MH,CUST_0005033,DEV_0005033,2023-01-10,True,True,NONE
+919816218941,BSNL Mobile,HR,CUST_0005034,DEV_0005034,2023-01-10,False,False,NONE
+919872803015,Vodafone Idea (Vi),KA,CUST_0005035,DEV_0005035,2023-01-10,False,False,NONE
+919848956455,Vodafone Idea (Vi),KA,CUST_0005036,DEV_0005036,2023-01-10,False,False,NONE
+919874590717,BSNL Mobile,RJ,CUST_0005037,DEV_0005037,2023-01-10,False,False,NONE
+919861952391,Vodafone Idea (Vi),GJ,CUST_0005038,DEV_0005038,2023-01-10,False,False,NONE
+919852852899,Airtel India,DL,CUST_0005039,DEV_0005039,2023-01-10,False,True,NONE
+919844361855,Jio 5G,MH,CUST_0005040,DEV_0005040,2023-01-10,False,False,NONE
+919873349147,Vodafone Idea (Vi),HR,CUST_0005041,DEV_0005041,2023-01-10,False,False,NONE
+919865124354,Airtel India,MH,CUST_0005042,DEV_0005042,2023-01-10,False,False,NONE
+919854618898,Jio 5G,UP,CUST_0005043,DEV_0005043,2023-01-10,False,False,NONE
+919899961199,BSNL Mobile,DL,CUST_0005044,DEV_0005044,2023-01-10,False,True,NONE
+919813874557,Vodafone Idea (Vi),TS,CUST_0005045,DEV_0005045,2023-01-10,False,False,NONE
+919898492792,Airtel India,WB,CUST_0005046,DEV_0005046,2023-01-10,False,False,NONE
+919868716152,Vodafone Idea (Vi),UP,CUST_0005047,DEV_0005047,2023-01-10,False,False,NONE
+919890694123,BSNL Mobile,TS,CUST_0005048,DEV_0005048,2023-01-10,False,False,NONE
+919831502571,BSNL Mobile,JH,CUST_0005049,DEV_0005049,2023-01-10,False,False,NONE
+919836361823,Vodafone Idea (Vi),DL,CUST_0005050,DEV_0005050,2023-01-10,False,False,NONE
+919813651691,Jio 5G,GJ,CUST_0005051,DEV_0005051,2023-01-10,False,False,NONE
+919840169574,Airtel India,WB,CUST_0005052,DEV_0005052,2023-01-10,False,True,NONE
+919818707680,Vodafone Idea (Vi),KA,CUST_0005053,DEV_0005053,2023-01-10,False,False,NONE
+919838014994,Jio 5G,MH,CUST_0005054,DEV_0005054,2023-01-10,False,False,NONE
+919837548597,BSNL Mobile,TS,CUST_0005055,DEV_0005055,2023-01-10,False,False,NONE
+919861042317,Jio 5G,HR,CUST_0005056,DEV_0005056,2023-01-10,False,False,NONE
+919885276653,Airtel India,MH,CUST_0005057,DEV_0005057,2023-01-10,False,False,NONE
+919874824701,Airtel India,MH,CUST_0005058,DEV_0005058,2023-01-10,False,False,NONE
+919854321129,Airtel India,JH,CUST_0005059,DEV_0005059,2023-01-10,False,False,NONE
+919876055864,BSNL Mobile,GJ,CUST_0005060,DEV_0005060,2023-01-10,False,False,NONE
+919832920352,BSNL Mobile,KA,CUST_0005061,DEV_0005061,2023-01-10,False,False,NONE
+919863482143,Jio 5G,TS,CUST_0005062,DEV_0005062,2023-01-10,False,False,NONE
+919883357892,Jio 5G,WB,CUST_0005063,DEV_0005063,2023-01-10,False,False,NONE
+919839550997,Vodafone Idea (Vi),KA,CUST_0005064,DEV_0005064,2023-01-10,False,False,NONE
+919848288420,Airtel India,KA,CUST_0005065,DEV_0005065,2023-01-10,False,False,NONE
+919826396937,BSNL Mobile,TS,CUST_0005066,DEV_0005066,2023-01-10,False,True,NONE
+919818941070,BSNL Mobile,DL,CUST_0005067,DEV_0005067,2023-01-10,False,False,NONE
+919872535268,Airtel India,UP,CUST_0005068,DEV_0005068,2023-01-10,False,False,NONE
+919864187040,Jio 5G,TS,CUST_0005069,DEV_0005069,2023-01-10,False,False,NONE
+919824914900,BSNL Mobile,TS,CUST_0005070,DEV_0005070,2023-01-10,False,False,NONE
+919886633765,Vodafone Idea (Vi),HR,CUST_0005071,DEV_0005071,2023-01-10,False,False,NONE
+919834070969,Jio 5G,MH,CUST_0005072,DEV_0005072,2023-01-10,False,False,NONE
+919877073611,Airtel India,HR,CUST_0005073,DEV_0005073,2023-01-10,False,True,NONE
+919816691519,Vodafone Idea (Vi),HR,CUST_0005074,DEV_0005074,2023-01-10,False,False,NONE
+919894006049,BSNL Mobile,TS,CUST_0005075,DEV_0005075,2023-01-10,False,True,NONE
+919833200353,BSNL Mobile,RJ,CUST_0005076,DEV_0005076,2023-01-10,False,False,NONE
+919878519241,BSNL Mobile,JH,CUST_0005077,DEV_0005077,2023-01-10,False,False,NONE
+919858074452,Vodafone Idea (Vi),JH,CUST_0005078,DEV_0005078,2023-01-10,False,False,NONE
+919820391441,Jio 5G,MH,CUST_0005079,DEV_0005079,2023-01-10,False,False,NONE
+919875235240,Airtel India,MH,CUST_0005080,DEV_0005080,2023-01-10,False,False,NONE
+919815043622,Airtel India,WB,CUST_0005081,DEV_0005081,2023-01-10,False,False,NONE
+919821633096,BSNL Mobile,RJ,CUST_0005082,DEV_0005082,2023-01-10,False,False,NONE
+919895936999,Airtel India,WB,CUST_0005083,DEV_0005083,2023-01-10,False,False,NONE
+919887411211,BSNL Mobile,RJ,CUST_0005084,DEV_0005084,2023-01-10,False,False,NONE
+919880284116,BSNL Mobile,DL,CUST_0005085,DEV_0005085,2023-01-10,False,False,NONE
+919865386198,Jio 5G,MH,CUST_0005086,DEV_0005086,2023-01-10,False,False,NONE
+919845616552,Airtel India,HR,CUST_0005087,DEV_0005087,2023-01-10,False,False,NONE
+919848986459,BSNL Mobile,KA,CUST_0005088,DEV_0005088,2023-01-10,False,False,NONE
+919845920222,Airtel India,DL,CUST_0005089,DEV_0005089,2023-01-10,False,False,NONE
+919876406315,BSNL Mobile,JH,CUST_0005090,DEV_0005090,2023-01-10,False,False,NONE
+919823738024,Airtel India,JH,CUST_0005091,DEV_0005091,2023-01-10,False,False,NONE
+919883253778,Vodafone Idea (Vi),KA,CUST_0005092,DEV_0005092,2023-01-10,False,False,NONE
+919832842237,Vodafone Idea (Vi),JH,CUST_0005093,DEV_0005093,2023-01-10,False,True,NONE
+919898757892,Vodafone Idea (Vi),RJ,CUST_0005094,DEV_0005094,2023-01-10,False,False,NONE
+919848099139,Airtel India,GJ,CUST_0005095,DEV_0005095,2023-01-10,False,False,NONE
+919851050256,Vodafone Idea (Vi),WB,CUST_0005096,DEV_0005096,2023-01-10,False,False,NONE
+919874103517,BSNL Mobile,WB,CUST_0005097,DEV_0005097,2023-01-10,False,False,NONE
+919877823518,BSNL Mobile,UP,CUST_0005098,DEV_0005098,2023-01-10,False,False,NONE
+919821035257,Vodafone Idea (Vi),TS,CUST_0005099,DEV_0005099,2023-01-10,False,False,NONE
+919816330925,BSNL Mobile,JH,CUST_0005100,DEV_0005100,2023-01-10,False,False,NONE
+919875596741,Airtel India,HR,CUST_0005101,DEV_0005101,2023-01-10,False,False,NONE
+919889396962,Jio 5G,HR,CUST_0005102,DEV_0005102,2023-01-10,False,False,NONE
+919869375387,BSNL Mobile,GJ,CUST_0005103,DEV_0005103,2023-01-10,False,False,NONE
+919875916120,Jio 5G,DL,CUST_0005104,DEV_0005104,2023-01-10,False,False,NONE
+919818955920,Vodafone Idea (Vi),UP,CUST_0005105,DEV_0005105,2023-01-10,False,False,NONE
+919889091910,Vodafone Idea (Vi),WB,CUST_0005106,DEV_0005106,2023-01-10,False,False,NONE
+919813678970,Airtel India,HR,CUST_0005107,DEV_0005107,2023-01-10,True,True,NONE
+919858343136,Airtel India,HR,CUST_0005108,DEV_0005108,2023-01-10,False,False,NONE
+919836794355,BSNL Mobile,JH,CUST_0005109,DEV_0005109,2023-01-10,False,False,NONE
+919845825298,Vodafone Idea (Vi),HR,CUST_0005110,DEV_0005110,2023-01-10,False,False,NONE
+919855211481,Airtel India,JH,CUST_0005111,DEV_0005111,2023-01-10,True,True,NONE
+919812541779,Jio 5G,UP,CUST_0005112,DEV_0005112,2023-01-10,False,False,NONE
+919850518517,Airtel India,DL,CUST_0005113,DEV_0005113,2023-01-10,False,False,NONE
+919866012536,Airtel India,KA,CUST_0005114,DEV_0005114,2023-01-10,False,False,NONE
+919841282763,Vodafone Idea (Vi),GJ,CUST_0005115,DEV_0005115,2023-01-10,False,False,NONE
+919875127852,Jio 5G,KA,CUST_0005116,DEV_0005116,2023-01-10,False,False,NONE
+919878545240,Jio 5G,WB,CUST_0005117,DEV_0005117,2023-01-10,False,False,NONE
+919827422245,Airtel India,UP,CUST_0005118,DEV_0005118,2023-01-10,False,False,NONE
+919854099141,BSNL Mobile,TS,CUST_0005119,DEV_0005119,2023-01-10,False,False,NONE
+919898125227,BSNL Mobile,HR,CUST_0005120,DEV_0005120,2023-01-10,False,False,NONE
+919835533391,Airtel India,MH,CUST_0005121,DEV_0005121,2023-01-10,False,False,NONE
+919870786138,Jio 5G,UP,CUST_0005122,DEV_0005122,2023-01-10,False,False,NONE
+919893399019,Vodafone Idea (Vi),RJ,CUST_0005123,DEV_0005123,2023-01-10,False,False,NONE
+919818170417,Airtel India,WB,CUST_0005124,DEV_0005124,2023-01-10,False,False,NONE
+919813257504,Airtel India,DL,CUST_0005125,DEV_0005125,2023-01-10,False,False,NONE
+919848412824,Airtel India,WB,CUST_0005126,DEV_0005126,2023-01-10,False,False,NONE
+919848209019,Jio 5G,UP,CUST_0005127,DEV_0005127,2023-01-10,False,False,NONE
+919815365235,Jio 5G,MH,CUST_0005128,DEV_0005128,2023-01-10,False,False,NONE
+919858956225,Jio 5G,MH,CUST_0005129,DEV_0005129,2023-01-10,False,True,NONE
+919825674369,Airtel India,UP,CUST_0005130,DEV_0005130,2023-01-10,False,False,NONE
+919847630184,Jio 5G,WB,CUST_0005131,DEV_0005131,2023-01-10,False,False,NONE
+919825403397,BSNL Mobile,WB,CUST_0005132,DEV_0005132,2023-01-10,False,False,NONE
+919840023916,Airtel India,DL,CUST_0005133,DEV_0005133,2023-01-10,False,False,NONE
+919862089692,BSNL Mobile,HR,CUST_0005134,DEV_0005134,2023-01-10,True,True,NONE
+919839826467,Airtel India,WB,CUST_0005135,DEV_0005135,2023-01-10,False,False,NONE
+919896282372,Airtel India,HR,CUST_0005136,DEV_0005136,2023-01-10,False,False,NONE
+919826180017,Jio 5G,MH,CUST_0005137,DEV_0005137,2023-01-10,False,True,NONE
+919875222844,BSNL Mobile,WB,CUST_0005138,DEV_0005138,2023-01-10,False,False,NONE
+919824893215,Vodafone Idea (Vi),GJ,CUST_0005139,DEV_0005139,2023-01-10,False,False,NONE
+919846901936,Jio 5G,WB,CUST_0005140,DEV_0005140,2023-01-10,True,True,NONE
+919862600213,BSNL Mobile,RJ,CUST_0005141,DEV_0005141,2023-01-10,False,False,NONE
+919853298894,Vodafone Idea (Vi),KA,CUST_0005142,DEV_0005142,2023-01-10,False,True,NONE
+919894724857,Vodafone Idea (Vi),WB,CUST_0005143,DEV_0005143,2023-01-10,False,False,NONE
+919881691573,Jio 5G,DL,CUST_0005144,DEV_0005144,2023-01-10,False,False,NONE
+919819680828,BSNL Mobile,UP,CUST_0005145,DEV_0005145,2023-01-10,False,False,NONE
+919864890677,Airtel India,GJ,CUST_0005146,DEV_0005146,2023-01-10,False,False,NONE
+919871404159,Jio 5G,DL,CUST_0005147,DEV_0005147,2023-01-10,False,False,NONE
+919849383317,Airtel India,MH,CUST_0005148,DEV_0005148,2023-01-10,False,True,NONE
+919829654218,Jio 5G,GJ,CUST_0005149,DEV_0005149,2023-01-10,False,False,NONE
+919810095079,BSNL Mobile,KA,CUST_0005150,DEV_0005150,2023-01-10,True,True,NONE
+919813829316,Jio 5G,WB,CUST_0005151,DEV_0005151,2023-01-10,False,False,NONE
+919840126650,Jio 5G,JH,CUST_0005152,DEV_0005152,2023-01-10,False,False,NONE
+919835527627,BSNL Mobile,JH,CUST_0005153,DEV_0005153,2023-01-10,False,False,NONE
+919845932994,BSNL Mobile,JH,CUST_0005154,DEV_0005154,2023-01-10,False,False,NONE
+919824293215,BSNL Mobile,GJ,CUST_0005155,DEV_0005155,2023-01-10,False,False,NONE
+919829453783,BSNL Mobile,WB,CUST_0005156,DEV_0005156,2023-01-10,False,False,NONE
+919845985374,BSNL Mobile,JH,CUST_0005157,DEV_0005157,2023-01-10,False,False,NONE
+919836140599,BSNL Mobile,JH,CUST_0005158,DEV_0005158,2023-01-10,False,False,NONE
+919821239485,Vodafone Idea (Vi),MH,CUST_0005159,DEV_0005159,2023-01-10,False,False,NONE
+919841194804,Airtel India,HR,CUST_0005160,DEV_0005160,2023-01-10,False,False,NONE
+919863174725,Airtel India,KA,CUST_0005161,DEV_0005161,2023-01-10,False,False,NONE
+919898778031,Vodafone Idea (Vi),JH,CUST_0005162,DEV_0005162,2023-01-10,False,False,NONE
+919899423680,BSNL Mobile,DL,CUST_0005163,DEV_0005163,2023-01-10,False,False,NONE
+919870217415,Jio 5G,TS,CUST_0005164,DEV_0005164,2023-01-10,False,False,NONE
+919894866364,Vodafone Idea (Vi),WB,CUST_0005165,DEV_0005165,2023-01-10,False,False,NONE
+919872874539,Vodafone Idea (Vi),MH,CUST_0005166,DEV_0005166,2023-01-10,False,False,NONE
+919830463717,BSNL Mobile,DL,CUST_0005167,DEV_0005167,2023-01-10,False,False,NONE
+919887868474,Airtel India,WB,CUST_0005168,DEV_0005168,2023-01-10,False,False,NONE
+919895694192,Airtel India,TS,CUST_0005169,DEV_0005169,2023-01-10,False,False,NONE
+919890528692,Jio 5G,MH,CUST_0005170,DEV_0005170,2023-01-10,False,False,NONE
+919853037547,Vodafone Idea (Vi),RJ,CUST_0005171,DEV_0005171,2023-01-10,False,False,NONE
+919881752604,Vodafone Idea (Vi),TS,CUST_0005172,DEV_0005172,2023-01-10,False,False,NONE
+919883247752,Jio 5G,HR,CUST_0005173,DEV_0005173,2023-01-10,False,False,NONE
+919856989869,Jio 5G,UP,CUST_0005174,DEV_0005174,2023-01-10,False,False,NONE
+919892980833,Airtel India,TS,CUST_0005175,DEV_0005175,2023-01-10,False,True,NONE
+919871227645,Jio 5G,RJ,CUST_0005176,DEV_0005176,2023-01-10,False,False,NONE
+919824447363,Jio 5G,DL,CUST_0005177,DEV_0005177,2023-01-10,False,False,NONE
+919829441034,Jio 5G,GJ,CUST_0005178,DEV_0005178,2023-01-10,False,False,NONE
+919887380110,Vodafone Idea (Vi),DL,CUST_0005179,DEV_0005179,2023-01-10,False,False,NONE
+919813285930,Jio 5G,RJ,CUST_0005180,DEV_0005180,2023-01-10,False,False,NONE
+919883718913,Vodafone Idea (Vi),KA,CUST_0005181,DEV_0005181,2023-01-10,False,False,NONE
+919851886461,Jio 5G,RJ,CUST_0005182,DEV_0005182,2023-01-10,False,False,NONE
+919826419751,Vodafone Idea (Vi),KA,CUST_0005183,DEV_0005183,2023-01-10,False,False,NONE
+919854846768,BSNL Mobile,GJ,CUST_0005184,DEV_0005184,2023-01-10,False,False,NONE
+919853093972,Vodafone Idea (Vi),MH,CUST_0005185,DEV_0005185,2023-01-10,False,False,NONE
+919878663979,Jio 5G,JH,CUST_0005186,DEV_0005186,2023-01-10,False,False,NONE
+919873652385,BSNL Mobile,GJ,CUST_0005187,DEV_0005187,2023-01-10,False,False,NONE
+919864034786,Airtel India,GJ,CUST_0005188,DEV_0005188,2023-01-10,False,True,NONE
+919833418587,BSNL Mobile,JH,CUST_0005189,DEV_0005189,2023-01-10,False,False,NONE
+919836910463,Airtel India,JH,CUST_0005190,DEV_0005190,2023-01-10,False,False,NONE
+919831943938,Vodafone Idea (Vi),JH,CUST_0005191,DEV_0005191,2023-01-10,False,False,NONE
+919859023804,Airtel India,GJ,CUST_0005192,DEV_0005192,2023-01-10,False,False,NONE
+919870308682,BSNL Mobile,GJ,CUST_0005193,DEV_0005193,2023-01-10,False,False,NONE
+919875765612,Jio 5G,TS,CUST_0005194,DEV_0005194,2023-01-10,False,False,NONE
+919822426789,Jio 5G,HR,CUST_0005195,DEV_0005195,2023-01-10,False,False,NONE
+919865769604,Jio 5G,MH,CUST_0005196,DEV_0005196,2023-01-10,False,False,NONE
+919893284737,Vodafone Idea (Vi),HR,CUST_0005197,DEV_0005197,2023-01-10,False,False,NONE
+919866216800,Jio 5G,WB,CUST_0005198,DEV_0005198,2023-01-10,False,False,NONE
+919858231708,BSNL Mobile,KA,CUST_0005199,DEV_0005199,2023-01-10,False,False,NONE
+919860933565,Vodafone Idea (Vi),HR,CUST_0005200,DEV_0005200,2023-01-10,False,False,NONE
+919828807994,Jio 5G,MH,CUST_0005201,DEV_0005201,2023-01-10,False,False,NONE
+919816595297,Airtel India,KA,CUST_0005202,DEV_0005202,2023-01-10,False,False,NONE
+919880369290,Jio 5G,HR,CUST_0005203,DEV_0005203,2023-01-10,False,False,NONE
+919826914726,Jio 5G,UP,CUST_0005204,DEV_0005204,2023-01-10,False,False,NONE
+919852936992,BSNL Mobile,WB,CUST_0005205,DEV_0005205,2023-01-10,False,False,NONE
+919875510208,Airtel India,KA,CUST_0005206,DEV_0005206,2023-01-10,False,False,NONE
+919833325615,Jio 5G,DL,CUST_0005207,DEV_0005207,2023-01-10,False,False,NONE
+919861401409,BSNL Mobile,HR,CUST_0005208,DEV_0005208,2023-01-10,False,False,NONE
+919882992620,Vodafone Idea (Vi),DL,CUST_0005209,DEV_0005209,2023-01-10,False,False,NONE
+919858402835,BSNL Mobile,JH,CUST_0005210,DEV_0005210,2023-01-10,False,False,NONE
+919828303302,BSNL Mobile,JH,CUST_0005211,DEV_0005211,2023-01-10,False,False,NONE
+919838582368,Vodafone Idea (Vi),UP,CUST_0005212,DEV_0005212,2023-01-10,False,False,NONE
+919842885048,Airtel India,UP,CUST_0005213,DEV_0005213,2023-01-10,False,False,NONE
+919841485361,Vodafone Idea (Vi),RJ,CUST_0005214,DEV_0005214,2023-01-10,False,False,NONE
+919810299030,Jio 5G,MH,CUST_0005215,DEV_0005215,2023-01-10,False,True,NONE
+919859425228,BSNL Mobile,HR,CUST_0005216,DEV_0005216,2023-01-10,False,False,NONE
+919886262400,Jio 5G,TS,CUST_0005217,DEV_0005217,2023-01-10,False,False,NONE
+919879316596,Jio 5G,HR,CUST_0005218,DEV_0005218,2023-01-10,False,False,NONE
+919810882591,BSNL Mobile,HR,CUST_0005219,DEV_0005219,2023-01-10,False,False,NONE
+919894782752,Airtel India,JH,CUST_0005220,DEV_0005220,2023-01-10,False,False,NONE
+919860281141,BSNL Mobile,WB,CUST_0005221,DEV_0005221,2023-01-10,False,False,NONE
+919826884793,Jio 5G,TS,CUST_0005222,DEV_0005222,2023-01-10,False,False,NONE
+919867448520,BSNL Mobile,HR,CUST_0005223,DEV_0005223,2023-01-10,False,False,NONE
+919880166547,BSNL Mobile,MH,CUST_0005224,DEV_0005224,2023-01-10,False,False,NONE
+919825752846,Airtel India,RJ,CUST_0005225,DEV_0005225,2023-01-10,False,False,NONE
+919853870096,Jio 5G,WB,CUST_0005226,DEV_0005226,2023-01-10,False,False,NONE
+919829617299,Vodafone Idea (Vi),MH,CUST_0005227,DEV_0005227,2023-01-10,False,False,NONE
+919846485764,Vodafone Idea (Vi),KA,CUST_0005228,DEV_0005228,2023-01-10,False,False,NONE
+919834114433,BSNL Mobile,JH,CUST_0005229,DEV_0005229,2023-01-10,False,False,NONE
+919888810705,Airtel India,TS,CUST_0005230,DEV_0005230,2023-01-10,False,True,NONE
+919818705409,Jio 5G,JH,CUST_0005231,DEV_0005231,2023-01-10,True,True,NONE
+919811790045,Airtel India,KA,CUST_0005232,DEV_0005232,2023-01-10,False,False,NONE
+919857924459,Vodafone Idea (Vi),UP,CUST_0005233,DEV_0005233,2023-01-10,False,False,NONE
+919864098191,BSNL Mobile,HR,CUST_0005234,DEV_0005234,2023-01-10,False,False,NONE
+919860845670,BSNL Mobile,JH,CUST_0005235,DEV_0005235,2023-01-10,False,False,NONE
+919835568593,Airtel India,UP,CUST_0005236,DEV_0005236,2023-01-10,False,False,NONE
+919877146640,Vodafone Idea (Vi),RJ,CUST_0005237,DEV_0005237,2023-01-10,False,False,NONE
+919867766821,Vodafone Idea (Vi),RJ,CUST_0005238,DEV_0005238,2023-01-10,False,False,NONE
+919894702594,BSNL Mobile,HR,CUST_0005239,DEV_0005239,2023-01-10,False,False,NONE
+919887667983,Vodafone Idea (Vi),KA,CUST_0005240,DEV_0005240,2023-01-10,False,False,NONE
+919855345290,Airtel India,MH,CUST_0005241,DEV_0005241,2023-01-10,False,False,NONE
+919868323624,Jio 5G,HR,CUST_0005242,DEV_0005242,2023-01-10,False,False,NONE
+919833631440,Airtel India,UP,CUST_0005243,DEV_0005243,2023-01-10,False,False,NONE
+919854990316,Airtel India,KA,CUST_0005244,DEV_0005244,2023-01-10,False,False,NONE
+919825009658,Jio 5G,WB,CUST_0005245,DEV_0005245,2023-01-10,False,False,NONE
+919843929125,Airtel India,TS,CUST_0005246,DEV_0005246,2023-01-10,False,True,NONE
+919851215613,BSNL Mobile,UP,CUST_0005247,DEV_0005247,2023-01-10,True,True,NONE
+919876332678,BSNL Mobile,DL,CUST_0005248,DEV_0005248,2023-01-10,False,False,NONE
+919870719724,BSNL Mobile,HR,CUST_0005249,DEV_0005249,2023-01-10,False,False,NONE
+919864148805,BSNL Mobile,TS,CUST_0005250,DEV_0005250,2023-01-10,False,False,NONE
+919827838346,Jio 5G,WB,CUST_0005251,DEV_0005251,2023-01-10,False,False,NONE
+919875474825,Vodafone Idea (Vi),KA,CUST_0005252,DEV_0005252,2023-01-10,False,False,NONE
+919840043345,BSNL Mobile,UP,CUST_0005253,DEV_0005253,2023-01-10,False,False,NONE
+919829982594,Airtel India,WB,CUST_0005254,DEV_0005254,2023-01-10,False,False,NONE
+919893931965,Vodafone Idea (Vi),DL,CUST_0005255,DEV_0005255,2023-01-10,False,True,NONE
+919810434767,Jio 5G,RJ,CUST_0005256,DEV_0005256,2023-01-10,False,False,NONE
+919868303933,BSNL Mobile,JH,CUST_0005257,DEV_0005257,2023-01-10,False,False,NONE
+919837823703,BSNL Mobile,JH,CUST_0005258,DEV_0005258,2023-01-10,False,False,NONE
+919866907645,Vodafone Idea (Vi),TS,CUST_0005259,DEV_0005259,2023-01-10,False,False,NONE
+919885442641,Airtel India,KA,CUST_0005260,DEV_0005260,2023-01-10,False,False,NONE
+919851432199,Airtel India,DL,CUST_0005261,DEV_0005261,2023-01-10,False,False,NONE
+919843559001,Vodafone Idea (Vi),HR,CUST_0005262,DEV_0005262,2023-01-10,False,False,NONE
+919856029192,Airtel India,DL,CUST_0005263,DEV_0005263,2023-01-10,False,False,NONE
+919877286454,BSNL Mobile,UP,CUST_0005264,DEV_0005264,2023-01-10,False,False,NONE
+919867073485,Vodafone Idea (Vi),UP,CUST_0005265,DEV_0005265,2023-01-10,False,False,NONE
+919815333640,BSNL Mobile,MH,CUST_0005266,DEV_0005266,2023-01-10,False,True,NONE
+919830481357,Airtel India,KA,CUST_0005267,DEV_0005267,2023-01-10,False,False,NONE
+919843012784,Jio 5G,TS,CUST_0005268,DEV_0005268,2023-01-10,False,False,NONE
+919834903155,Vodafone Idea (Vi),UP,CUST_0005269,DEV_0005269,2023-01-10,False,False,NONE
+919836249642,Airtel India,MH,CUST_0005270,DEV_0005270,2023-01-10,False,False,NONE
+919879124137,Vodafone Idea (Vi),GJ,CUST_0005271,DEV_0005271,2023-01-10,False,False,NONE
+919845206847,Airtel India,UP,CUST_0005272,DEV_0005272,2023-01-10,False,False,NONE
+919823908555,Vodafone Idea (Vi),GJ,CUST_0005273,DEV_0005273,2023-01-10,False,False,NONE
+919852264028,Vodafone Idea (Vi),RJ,CUST_0005274,DEV_0005274,2023-01-10,False,False,NONE
+919834984675,Jio 5G,WB,CUST_0005275,DEV_0005275,2023-01-10,False,False,NONE
+919894153857,Jio 5G,TS,CUST_0005276,DEV_0005276,2023-01-10,False,False,NONE
+919878153886,Jio 5G,DL,CUST_0005277,DEV_0005277,2023-01-10,False,False,NONE
+919827658986,Airtel India,MH,CUST_0005278,DEV_0005278,2023-01-10,False,False,NONE
+919871768205,BSNL Mobile,UP,CUST_0005279,DEV_0005279,2023-01-10,False,False,NONE
+919847623889,BSNL Mobile,MH,CUST_0005280,DEV_0005280,2023-01-10,False,False,NONE
+919816175027,BSNL Mobile,KA,CUST_0005281,DEV_0005281,2023-01-10,False,False,NONE
+919842542533,Jio 5G,DL,CUST_0005282,DEV_0005282,2023-01-10,False,False,NONE
+919890784459,Vodafone Idea (Vi),JH,CUST_0005283,DEV_0005283,2023-01-10,False,True,NONE
+919851569511,Airtel India,GJ,CUST_0005284,DEV_0005284,2023-01-10,False,False,NONE
+919876854296,Airtel India,JH,CUST_0005285,DEV_0005285,2023-01-10,False,False,NONE
+919876297303,Airtel India,MH,CUST_0005286,DEV_0005286,2023-01-10,False,False,NONE
+919810777443,Airtel India,JH,CUST_0005287,DEV_0005287,2023-01-10,False,False,NONE
+919899910283,BSNL Mobile,JH,CUST_0005288,DEV_0005288,2023-01-10,False,False,NONE
+919824473290,Jio 5G,GJ,CUST_0005289,DEV_0005289,2023-01-10,False,False,NONE
+919825474181,Airtel India,RJ,CUST_0005290,DEV_0005290,2023-01-10,False,False,NONE
+919841670634,Airtel India,HR,CUST_0005291,DEV_0005291,2023-01-10,False,False,NONE
+919895058036,BSNL Mobile,RJ,CUST_0005292,DEV_0005292,2023-01-10,False,False,NONE
+919825278875,Airtel India,TS,CUST_0005293,DEV_0005293,2023-01-10,False,True,NONE
+919866690221,Jio 5G,DL,CUST_0005294,DEV_0005294,2023-01-10,True,True,NONE
+919815811562,Jio 5G,JH,CUST_0005295,DEV_0005295,2023-01-10,False,False,NONE
+919884239392,BSNL Mobile,TS,CUST_0005296,DEV_0005296,2023-01-10,False,False,NONE
+919883265887,BSNL Mobile,RJ,CUST_0005297,DEV_0005297,2023-01-10,False,False,NONE
+919827355510,Vodafone Idea (Vi),TS,CUST_0005298,DEV_0005298,2023-01-10,False,False,NONE
+919849676849,Jio 5G,HR,CUST_0005299,DEV_0005299,2023-01-10,False,False,NONE
+919875407912,Vodafone Idea (Vi),RJ,CUST_0005300,DEV_0005300,2023-01-10,False,False,NONE
+919864055959,Jio 5G,TS,CUST_0005301,DEV_0005301,2023-01-10,False,False,NONE
+919854292341,Vodafone Idea (Vi),HR,CUST_0005302,DEV_0005302,2023-01-10,True,True,NONE
+919895651304,Airtel India,HR,CUST_0005303,DEV_0005303,2023-01-10,False,False,NONE
+919814037802,Vodafone Idea (Vi),TS,CUST_0005304,DEV_0005304,2023-01-10,False,False,NONE
+919826796796,BSNL Mobile,MH,CUST_0005305,DEV_0005305,2023-01-10,False,True,NONE
+919847447425,BSNL Mobile,JH,CUST_0005306,DEV_0005306,2023-01-10,False,False,NONE
+919844350001,Airtel India,MH,CUST_0005307,DEV_0005307,2023-01-10,False,False,NONE
+919842390513,Jio 5G,JH,CUST_0005308,DEV_0005308,2023-01-10,False,False,NONE
+919864834483,Jio 5G,TS,CUST_0005309,DEV_0005309,2023-01-10,False,False,NONE
+919817891228,Airtel India,UP,CUST_0005310,DEV_0005310,2023-01-10,False,False,NONE
+919870035525,Airtel India,DL,CUST_0005311,DEV_0005311,2023-01-10,False,False,NONE
+919850526631,Vodafone Idea (Vi),MH,CUST_0005312,DEV_0005312,2023-01-10,False,False,NONE
+919897356116,Jio 5G,UP,CUST_0005313,DEV_0005313,2023-01-10,False,False,NONE
+919813963556,BSNL Mobile,RJ,CUST_0005314,DEV_0005314,2023-01-10,False,False,NONE
+919814974998,Jio 5G,DL,CUST_0005315,DEV_0005315,2023-01-10,False,False,NONE
+919870702189,BSNL Mobile,UP,CUST_0005316,DEV_0005316,2023-01-10,False,True,NONE
+919870046548,Airtel India,KA,CUST_0005317,DEV_0005317,2023-01-10,False,False,NONE
+919870640256,Airtel India,TS,CUST_0005318,DEV_0005318,2023-01-10,False,True,NONE
+919867985817,BSNL Mobile,JH,CUST_0005319,DEV_0005319,2023-01-10,False,False,NONE
+919862438768,Airtel India,TS,CUST_0005320,DEV_0005320,2023-01-10,False,False,NONE
+919813302396,Airtel India,GJ,CUST_0005321,DEV_0005321,2023-01-10,False,True,NONE
+919855127734,Jio 5G,MH,CUST_0005322,DEV_0005322,2023-01-10,False,True,NONE
+919857139122,Vodafone Idea (Vi),HR,CUST_0005323,DEV_0005323,2023-01-10,False,False,NONE
+919825472349,Jio 5G,RJ,CUST_0005324,DEV_0005324,2023-01-10,False,False,NONE
+919850886048,Airtel India,UP,CUST_0005325,DEV_0005325,2023-01-10,False,False,NONE
+919867578166,BSNL Mobile,UP,CUST_0005326,DEV_0005326,2023-01-10,False,False,NONE
+919822993463,Jio 5G,WB,CUST_0005327,DEV_0005327,2023-01-10,False,False,NONE
+919879381610,Jio 5G,MH,CUST_0005328,DEV_0005328,2023-01-10,False,False,NONE
+919861213035,Jio 5G,WB,CUST_0005329,DEV_0005329,2023-01-10,False,True,NONE
+919816208089,Airtel India,KA,CUST_0005330,DEV_0005330,2023-01-10,False,False,NONE
+919888496345,Airtel India,RJ,CUST_0005331,DEV_0005331,2023-01-10,True,True,NONE
+919850554616,BSNL Mobile,KA,CUST_0005332,DEV_0005332,2023-01-10,False,False,NONE
+919855930594,Vodafone Idea (Vi),KA,CUST_0005333,DEV_0005333,2023-01-10,False,False,NONE
+919876857265,Jio 5G,UP,CUST_0005334,DEV_0005334,2023-01-10,False,True,NONE
+919850311762,BSNL Mobile,HR,CUST_0005335,DEV_0005335,2023-01-10,False,False,NONE
+919826026380,Vodafone Idea (Vi),WB,CUST_0005336,DEV_0005336,2023-01-10,False,False,NONE
+919826947984,Vodafone Idea (Vi),HR,CUST_0005337,DEV_0005337,2023-01-10,False,False,NONE
+919876361191,BSNL Mobile,WB,CUST_0005338,DEV_0005338,2023-01-10,False,False,NONE
+919869587093,Vodafone Idea (Vi),TS,CUST_0005339,DEV_0005339,2023-01-10,False,False,NONE
+919870871820,Airtel India,TS,CUST_0005340,DEV_0005340,2023-01-10,False,True,NONE
+919876378493,Airtel India,HR,CUST_0005341,DEV_0005341,2023-01-10,False,False,NONE
+919875738344,BSNL Mobile,JH,CUST_0005342,DEV_0005342,2023-01-10,False,False,NONE
+919879037658,Vodafone Idea (Vi),WB,CUST_0005343,DEV_0005343,2023-01-10,False,False,NONE
+919851760125,Jio 5G,HR,CUST_0005344,DEV_0005344,2023-01-10,False,False,NONE
+919862592756,BSNL Mobile,DL,CUST_0005345,DEV_0005345,2023-01-10,False,True,NONE
+919841352859,BSNL Mobile,MH,CUST_0005346,DEV_0005346,2023-01-10,False,False,NONE
+919887998881,Jio 5G,MH,CUST_0005347,DEV_0005347,2023-01-10,False,False,NONE
+919812010365,Vodafone Idea (Vi),JH,CUST_0005348,DEV_0005348,2023-01-10,False,False,NONE
+919859917611,Vodafone Idea (Vi),JH,CUST_0005349,DEV_0005349,2023-01-10,False,False,NONE
+919883499531,Vodafone Idea (Vi),TS,CUST_0005350,DEV_0005350,2023-01-10,False,False,NONE
+919826342661,Airtel India,DL,CUST_0005351,DEV_0005351,2023-01-10,False,True,NONE
+919863264696,Airtel India,JH,CUST_0005352,DEV_0005352,2023-01-10,False,False,NONE
+919864472689,Jio 5G,GJ,CUST_0005353,DEV_0005353,2023-01-10,False,False,NONE
+919833048359,Vodafone Idea (Vi),MH,CUST_0005354,DEV_0005354,2023-01-10,False,False,NONE
+919812759831,Airtel India,JH,CUST_0005355,DEV_0005355,2023-01-10,False,False,NONE
+919873239430,Jio 5G,DL,CUST_0005356,DEV_0005356,2023-01-10,False,False,NONE
+919831154052,BSNL Mobile,JH,CUST_0005357,DEV_0005357,2023-01-10,False,False,NONE
+919830579481,BSNL Mobile,RJ,CUST_0005358,DEV_0005358,2023-01-10,False,False,NONE
+919847211855,Airtel India,HR,CUST_0005359,DEV_0005359,2023-01-10,False,False,NONE
+919898327752,Vodafone Idea (Vi),WB,CUST_0005360,DEV_0005360,2023-01-10,False,False,NONE
+919829030227,BSNL Mobile,GJ,CUST_0005361,DEV_0005361,2023-01-10,True,True,NONE
+919876357037,Airtel India,WB,CUST_0005362,DEV_0005362,2023-01-10,True,True,NONE
+919899506721,Vodafone Idea (Vi),WB,CUST_0005363,DEV_0005363,2023-01-10,False,False,NONE
+919883072191,Airtel India,RJ,CUST_0005364,DEV_0005364,2023-01-10,False,False,NONE
+919848613520,Jio 5G,RJ,CUST_0005365,DEV_0005365,2023-01-10,False,False,NONE
+919877489137,BSNL Mobile,JH,CUST_0005366,DEV_0005366,2023-01-10,False,False,NONE
+919898216135,Jio 5G,TS,CUST_0005367,DEV_0005367,2023-01-10,False,False,NONE
+919857496996,Jio 5G,UP,CUST_0005368,DEV_0005368,2023-01-10,False,False,NONE
+919856093608,Jio 5G,GJ,CUST_0005369,DEV_0005369,2023-01-10,False,False,NONE
+919856185726,Vodafone Idea (Vi),DL,CUST_0005370,DEV_0005370,2023-01-10,False,False,NONE
+919812422764,BSNL Mobile,MH,CUST_0005371,DEV_0005371,2023-01-10,False,False,NONE
+919887158291,Jio 5G,MH,CUST_0005372,DEV_0005372,2023-01-10,False,False,NONE
+919886276857,Airtel India,HR,CUST_0005373,DEV_0005373,2023-01-10,False,False,NONE
+919855553141,Airtel India,KA,CUST_0005374,DEV_0005374,2023-01-10,False,False,NONE
+919821443130,Vodafone Idea (Vi),MH,CUST_0005375,DEV_0005375,2023-01-10,False,False,NONE
+919893978929,BSNL Mobile,WB,CUST_0005376,DEV_0005376,2023-01-10,False,False,NONE
+919865456041,Vodafone Idea (Vi),JH,CUST_0005377,DEV_0005377,2023-01-10,False,True,NONE
+919870924662,Vodafone Idea (Vi),TS,CUST_0005378,DEV_0005378,2023-01-10,False,False,NONE
+919868672883,Jio 5G,KA,CUST_0005379,DEV_0005379,2023-01-10,False,False,NONE
+919857702711,BSNL Mobile,WB,CUST_0005380,DEV_0005380,2023-01-10,False,False,NONE
+919849808304,BSNL Mobile,RJ,CUST_0005381,DEV_0005381,2023-01-10,False,False,NONE
+919855834765,Vodafone Idea (Vi),UP,CUST_0005382,DEV_0005382,2023-01-10,False,False,NONE
+919816252631,Vodafone Idea (Vi),JH,CUST_0005383,DEV_0005383,2023-01-10,False,True,NONE
+919817082522,BSNL Mobile,DL,CUST_0005384,DEV_0005384,2023-01-10,False,False,NONE
+919849527738,Jio 5G,MH,CUST_0005385,DEV_0005385,2023-01-10,False,False,NONE
+919898175001,Airtel India,MH,CUST_0005386,DEV_0005386,2023-01-10,False,False,NONE
+919835931249,BSNL Mobile,UP,CUST_0005387,DEV_0005387,2023-01-10,False,False,NONE
+919896608052,Vodafone Idea (Vi),JH,CUST_0005388,DEV_0005388,2023-01-10,False,False,NONE
+919840973707,Jio 5G,HR,CUST_0005389,DEV_0005389,2023-01-10,False,False,NONE
+919855162551,Jio 5G,TS,CUST_0005390,DEV_0005390,2023-01-10,False,False,NONE
+919847499961,BSNL Mobile,DL,CUST_0005391,DEV_0005391,2023-01-10,True,True,NONE
+919893807691,BSNL Mobile,JH,CUST_0005392,DEV_0005392,2023-01-10,False,False,NONE
+919856185463,Airtel India,JH,CUST_0005393,DEV_0005393,2023-01-10,False,False,NONE
+919878034383,Vodafone Idea (Vi),TS,CUST_0005394,DEV_0005394,2023-01-10,False,False,NONE
+919846556903,BSNL Mobile,MH,CUST_0005395,DEV_0005395,2023-01-10,False,False,NONE
+919883523529,BSNL Mobile,KA,CUST_0005396,DEV_0005396,2023-01-10,False,False,NONE
+919812716148,Jio 5G,WB,CUST_0005397,DEV_0005397,2023-01-10,False,False,NONE
+919869064689,Airtel India,MH,CUST_0005398,DEV_0005398,2023-01-10,False,True,NONE
+919835874276,Vodafone Idea (Vi),MH,CUST_0005399,DEV_0005399,2023-01-10,False,False,NONE
+919864095056,Vodafone Idea (Vi),RJ,CUST_0005400,DEV_0005400,2023-01-10,False,False,NONE
+919817930484,Airtel India,WB,CUST_0005401,DEV_0005401,2023-01-10,False,False,NONE
+919821237161,Airtel India,HR,CUST_0005402,DEV_0005402,2023-01-10,False,False,NONE
+919858543263,Airtel India,JH,CUST_0005403,DEV_0005403,2023-01-10,False,False,NONE
+919867826296,Jio 5G,UP,CUST_0005404,DEV_0005404,2023-01-10,False,False,NONE
+919844115118,Jio 5G,RJ,CUST_0005405,DEV_0005405,2023-01-10,False,False,NONE
+919883797069,Airtel India,MH,CUST_0005406,DEV_0005406,2023-01-10,False,False,NONE
+919856894095,BSNL Mobile,HR,CUST_0005407,DEV_0005407,2023-01-10,False,False,NONE
+919874013369,BSNL Mobile,JH,CUST_0005408,DEV_0005408,2023-01-10,False,False,NONE
+919831252833,Vodafone Idea (Vi),KA,CUST_0005409,DEV_0005409,2023-01-10,False,False,NONE
+919881095780,Airtel India,MH,CUST_0005410,DEV_0005410,2023-01-10,False,False,NONE
+919836287006,Vodafone Idea (Vi),DL,CUST_0005411,DEV_0005411,2023-01-10,False,False,NONE
+919829557586,BSNL Mobile,JH,CUST_0005412,DEV_0005412,2023-01-10,False,False,NONE
+919854827755,Jio 5G,RJ,CUST_0005413,DEV_0005413,2023-01-10,False,False,NONE
+919884187627,Airtel India,RJ,CUST_0005414,DEV_0005414,2023-01-10,False,False,NONE
+919843456330,BSNL Mobile,TS,CUST_0005415,DEV_0005415,2023-01-10,False,False,NONE
+919814773245,BSNL Mobile,WB,CUST_0005416,DEV_0005416,2023-01-10,False,False,NONE
+919875810243,Airtel India,KA,CUST_0005417,DEV_0005417,2023-01-10,False,False,NONE
+919823318635,BSNL Mobile,UP,CUST_0005418,DEV_0005418,2023-01-10,False,True,NONE
+919891570245,BSNL Mobile,MH,CUST_0005419,DEV_0005419,2023-01-10,False,False,NONE
+919874547641,Jio 5G,GJ,CUST_0005420,DEV_0005420,2023-01-10,False,False,NONE
+919880934882,Airtel India,MH,CUST_0005421,DEV_0005421,2023-01-10,False,False,NONE
+919830882319,BSNL Mobile,WB,CUST_0005422,DEV_0005422,2023-01-10,False,False,NONE
+919838329659,Vodafone Idea (Vi),UP,CUST_0005423,DEV_0005423,2023-01-10,False,True,NONE
+919846616415,BSNL Mobile,TS,CUST_0005424,DEV_0005424,2023-01-10,False,False,NONE
+919851670192,Vodafone Idea (Vi),TS,CUST_0005425,DEV_0005425,2023-01-10,False,False,NONE
+919827425026,Vodafone Idea (Vi),TS,CUST_0005426,DEV_0005426,2023-01-10,False,False,NONE
+919815297873,Vodafone Idea (Vi),HR,CUST_0005427,DEV_0005427,2023-01-10,False,False,NONE
+919879854066,BSNL Mobile,UP,CUST_0005428,DEV_0005428,2023-01-10,False,False,NONE
+919890397827,BSNL Mobile,UP,CUST_0005429,DEV_0005429,2023-01-10,False,False,NONE
+919882706821,Airtel India,JH,CUST_0005430,DEV_0005430,2023-01-10,False,False,NONE
+919861750042,Vodafone Idea (Vi),UP,CUST_0005431,DEV_0005431,2023-01-10,False,False,NONE
+919880398814,Airtel India,UP,CUST_0005432,DEV_0005432,2023-01-10,False,True,NONE
+919872857211,Jio 5G,WB,CUST_0005433,DEV_0005433,2023-01-10,False,False,NONE
+919887331871,BSNL Mobile,MH,CUST_0005434,DEV_0005434,2023-01-10,False,False,NONE
+919830660863,Airtel India,KA,CUST_0005435,DEV_0005435,2023-01-10,False,True,NONE
+919813126519,Jio 5G,JH,CUST_0005436,DEV_0005436,2023-01-10,False,False,NONE
+919879549693,Vodafone Idea (Vi),TS,CUST_0005437,DEV_0005437,2023-01-10,False,False,NONE
+919827401389,BSNL Mobile,WB,CUST_0005438,DEV_0005438,2023-01-10,False,False,NONE
+919851511545,Jio 5G,MH,CUST_0005439,DEV_0005439,2023-01-10,False,False,NONE
+919894614274,Airtel India,GJ,CUST_0005440,DEV_0005440,2023-01-10,False,False,NONE
+919838401071,Vodafone Idea (Vi),RJ,CUST_0005441,DEV_0005441,2023-01-10,False,False,NONE
+919864265043,Jio 5G,KA,CUST_0005442,DEV_0005442,2023-01-10,False,False,NONE
+919868876925,Airtel India,KA,CUST_0005443,DEV_0005443,2023-01-10,False,False,NONE
+919836043267,Vodafone Idea (Vi),DL,CUST_0005444,DEV_0005444,2023-01-10,False,False,NONE
+919854013833,BSNL Mobile,DL,CUST_0005445,DEV_0005445,2023-01-10,False,False,NONE
+919885411349,Airtel India,RJ,CUST_0005446,DEV_0005446,2023-01-10,False,False,NONE
+919815248130,BSNL Mobile,RJ,CUST_0005447,DEV_0005447,2023-01-10,False,False,NONE
+919832206655,Vodafone Idea (Vi),JH,CUST_0005448,DEV_0005448,2023-01-10,False,False,NONE
+919881519430,Airtel India,HR,CUST_0005449,DEV_0005449,2023-01-10,False,False,NONE
+919868893916,Airtel India,UP,CUST_0005450,DEV_0005450,2023-01-10,False,False,NONE
+919821638683,Airtel India,KA,CUST_0005451,DEV_0005451,2023-01-10,False,True,NONE
+919897097706,Vodafone Idea (Vi),GJ,CUST_0005452,DEV_0005452,2023-01-10,False,False,NONE
+919881402796,Airtel India,DL,CUST_0005453,DEV_0005453,2023-01-10,False,False,NONE
+919842167620,Airtel India,HR,CUST_0005454,DEV_0005454,2023-01-10,False,False,NONE
+919885816076,Vodafone Idea (Vi),MH,CUST_0005455,DEV_0005455,2023-01-10,False,False,NONE
+919835996109,Jio 5G,RJ,CUST_0005456,DEV_0005456,2023-01-10,False,False,NONE
+919859206508,Vodafone Idea (Vi),WB,CUST_0005457,DEV_0005457,2023-01-10,False,False,NONE
+919832611931,BSNL Mobile,RJ,CUST_0005458,DEV_0005458,2023-01-10,False,False,NONE
+919846686657,Jio 5G,RJ,CUST_0005459,DEV_0005459,2023-01-10,False,False,NONE
+919860719591,Jio 5G,KA,CUST_0005460,DEV_0005460,2023-01-10,False,False,NONE
+919823581274,Vodafone Idea (Vi),RJ,CUST_0005461,DEV_0005461,2023-01-10,False,False,NONE
+919869179079,BSNL Mobile,UP,CUST_0005462,DEV_0005462,2023-01-10,False,False,NONE
+919838744660,BSNL Mobile,DL,CUST_0005463,DEV_0005463,2023-01-10,False,False,NONE
+919861635892,Jio 5G,UP,CUST_0005464,DEV_0005464,2023-01-10,False,False,NONE
+919826022154,Airtel India,KA,CUST_0005465,DEV_0005465,2023-01-10,False,False,NONE
+919856986194,Vodafone Idea (Vi),RJ,CUST_0005466,DEV_0005466,2023-01-10,False,False,NONE
+919814930235,Jio 5G,TS,CUST_0005467,DEV_0005467,2023-01-10,False,False,NONE
+919882793515,Jio 5G,GJ,CUST_0005468,DEV_0005468,2023-01-10,False,False,NONE
+919851478043,Airtel India,DL,CUST_0005469,DEV_0005469,2023-01-10,False,False,NONE
+919817397088,Jio 5G,MH,CUST_0005470,DEV_0005470,2023-01-10,False,False,NONE
+919817218444,BSNL Mobile,DL,CUST_0005471,DEV_0005471,2023-01-10,False,False,NONE
+919879487473,BSNL Mobile,GJ,CUST_0005472,DEV_0005472,2023-01-10,False,False,NONE
+919863296664,Vodafone Idea (Vi),UP,CUST_0005473,DEV_0005473,2023-01-10,False,False,NONE
+919880559757,Vodafone Idea (Vi),MH,CUST_0005474,DEV_0005474,2023-01-10,False,False,NONE
+919831788455,Vodafone Idea (Vi),DL,CUST_0005475,DEV_0005475,2023-01-10,False,False,NONE
+919877257764,Airtel India,TS,CUST_0005476,DEV_0005476,2023-01-10,False,False,NONE
+919882187687,Airtel India,TS,CUST_0005477,DEV_0005477,2023-01-10,False,False,NONE
+919894550492,BSNL Mobile,DL,CUST_0005478,DEV_0005478,2023-01-10,False,False,NONE
+919878536401,Airtel India,UP,CUST_0005479,DEV_0005479,2023-01-10,False,False,NONE
+919883781180,Jio 5G,GJ,CUST_0005480,DEV_0005480,2023-01-10,False,True,NONE
+919832009102,Airtel India,UP,CUST_0005481,DEV_0005481,2023-01-10,False,False,NONE
+919899328576,Airtel India,GJ,CUST_0005482,DEV_0005482,2023-01-10,False,False,NONE
+919826215678,BSNL Mobile,GJ,CUST_0005483,DEV_0005483,2023-01-10,False,False,NONE
+919836459854,BSNL Mobile,HR,CUST_0005484,DEV_0005484,2023-01-10,False,False,NONE
+919826104682,Jio 5G,KA,CUST_0005485,DEV_0005485,2023-01-10,False,False,NONE
+919886086030,Jio 5G,DL,CUST_0005486,DEV_0005486,2023-01-10,False,False,NONE
+919857440679,Airtel India,HR,CUST_0005487,DEV_0005487,2023-01-10,False,False,NONE
+919865109795,Jio 5G,GJ,CUST_0005488,DEV_0005488,2023-01-10,False,False,NONE
+919862170520,BSNL Mobile,DL,CUST_0005489,DEV_0005489,2023-01-10,False,False,NONE
+919828050300,BSNL Mobile,JH,CUST_0005490,DEV_0005490,2023-01-10,False,False,NONE
+919849679399,Vodafone Idea (Vi),DL,CUST_0005491,DEV_0005491,2023-01-10,False,False,NONE
+919899904245,Airtel India,JH,CUST_0005492,DEV_0005492,2023-01-10,False,False,NONE
+919826007788,Airtel India,GJ,CUST_0005493,DEV_0005493,2023-01-10,False,False,NONE
+919891780545,Jio 5G,HR,CUST_0005494,DEV_0005494,2023-01-10,False,False,NONE
+919822545260,BSNL Mobile,UP,CUST_0005495,DEV_0005495,2023-01-10,False,False,NONE
+919883596775,Jio 5G,KA,CUST_0005496,DEV_0005496,2023-01-10,False,False,NONE
+919848562997,Vodafone Idea (Vi),JH,CUST_0005497,DEV_0005497,2023-01-10,False,False,NONE
+919830262716,Vodafone Idea (Vi),DL,CUST_0005498,DEV_0005498,2023-01-10,False,True,NONE
+919818477597,Vodafone Idea (Vi),UP,CUST_0005499,DEV_0005499,2023-01-10,False,False,NONE
+919844243882,Airtel India,JH,CUST_0005500,DEV_0005500,2023-01-10,False,False,NONE
+919851564837,Vodafone Idea (Vi),HR,CUST_0005501,DEV_0005501,2023-01-10,False,False,NONE
+919870041380,Vodafone Idea (Vi),TS,CUST_0005502,DEV_0005502,2023-01-10,False,False,NONE
+919852009841,Jio 5G,GJ,CUST_0005503,DEV_0005503,2023-01-10,False,False,NONE
+919883951299,BSNL Mobile,RJ,CUST_0005504,DEV_0005504,2023-01-10,False,False,NONE
+919887701512,Jio 5G,GJ,CUST_0005505,DEV_0005505,2023-01-10,False,False,NONE
+919853786193,Jio 5G,WB,CUST_0005506,DEV_0005506,2023-01-10,False,False,NONE
+919860220633,BSNL Mobile,MH,CUST_0005507,DEV_0005507,2023-01-10,False,True,NONE
+919852117972,Airtel India,JH,CUST_0005508,DEV_0005508,2023-01-10,False,False,NONE
+919880758494,BSNL Mobile,KA,CUST_0005509,DEV_0005509,2023-01-10,False,False,NONE
+919819819225,Vodafone Idea (Vi),TS,CUST_0005510,DEV_0005510,2023-01-10,False,False,NONE
+919839772774,Vodafone Idea (Vi),GJ,CUST_0005511,DEV_0005511,2023-01-10,False,False,NONE
+919825548474,Jio 5G,WB,CUST_0005512,DEV_0005512,2023-01-10,False,False,NONE
+919893467277,Airtel India,DL,CUST_0005513,DEV_0005513,2023-01-10,False,False,NONE
+919882269143,Vodafone Idea (Vi),DL,CUST_0005514,DEV_0005514,2023-01-10,False,False,NONE
+919853224682,Vodafone Idea (Vi),KA,CUST_0005515,DEV_0005515,2023-01-10,False,False,NONE
+919891609827,Vodafone Idea (Vi),DL,CUST_0005516,DEV_0005516,2023-01-10,False,False,NONE
+919860179001,Jio 5G,DL,CUST_0005517,DEV_0005517,2023-01-10,False,False,NONE
+919892943442,Vodafone Idea (Vi),HR,CUST_0005518,DEV_0005518,2023-01-10,False,False,NONE
+919845984887,BSNL Mobile,RJ,CUST_0005519,DEV_0005519,2023-01-10,False,False,NONE
+919831094606,Vodafone Idea (Vi),KA,CUST_0005520,DEV_0005520,2023-01-10,False,True,NONE
+919820401186,Airtel India,UP,CUST_0005521,DEV_0005521,2023-01-10,False,False,NONE
+919860182376,Airtel India,TS,CUST_0005522,DEV_0005522,2023-01-10,False,False,NONE
+919869135090,Airtel India,GJ,CUST_0005523,DEV_0005523,2023-01-10,False,False,NONE
+919834372033,Airtel India,JH,CUST_0005524,DEV_0005524,2023-01-10,False,False,NONE
+919840427798,BSNL Mobile,MH,CUST_0005525,DEV_0005525,2023-01-10,False,False,NONE
+919846493863,Airtel India,DL,CUST_0005526,DEV_0005526,2023-01-10,False,False,NONE
+919840663038,Jio 5G,WB,CUST_0005527,DEV_0005527,2023-01-10,False,False,NONE
+919834927251,Airtel India,DL,CUST_0005528,DEV_0005528,2023-01-10,False,False,NONE
+919888735399,Airtel India,JH,CUST_0005529,DEV_0005529,2023-01-10,False,False,NONE
+919844493082,Vodafone Idea (Vi),GJ,CUST_0005530,DEV_0005530,2023-01-10,False,False,NONE
+919832815140,BSNL Mobile,KA,CUST_0005531,DEV_0005531,2023-01-10,False,False,NONE
+919822839481,Vodafone Idea (Vi),HR,CUST_0005532,DEV_0005532,2023-01-10,False,False,NONE
+919823179572,Airtel India,TS,CUST_0005533,DEV_0005533,2023-01-10,False,True,NONE
+919842826007,BSNL Mobile,MH,CUST_0005534,DEV_0005534,2023-01-10,False,False,NONE
+919891547680,Airtel India,GJ,CUST_0005535,DEV_0005535,2023-01-10,False,False,NONE
+919840097366,Airtel India,UP,CUST_0005536,DEV_0005536,2023-01-10,False,False,NONE
+919895738955,Vodafone Idea (Vi),KA,CUST_0005537,DEV_0005537,2023-01-10,False,False,NONE
+919866207955,Jio 5G,DL,CUST_0005538,DEV_0005538,2023-01-10,False,False,NONE
+919820358590,Vodafone Idea (Vi),TS,CUST_0005539,DEV_0005539,2023-01-10,False,False,NONE
+919819676807,Jio 5G,KA,CUST_0005540,DEV_0005540,2023-01-10,False,False,NONE
+919843240173,Jio 5G,TS,CUST_0005541,DEV_0005541,2023-01-10,False,False,NONE
+919815067964,Airtel India,JH,CUST_0005542,DEV_0005542,2023-01-10,False,False,NONE
+919873512583,Airtel India,UP,CUST_0005543,DEV_0005543,2023-01-10,False,False,NONE
+919889469496,BSNL Mobile,JH,CUST_0005544,DEV_0005544,2023-01-10,False,False,NONE
+919822062417,Vodafone Idea (Vi),RJ,CUST_0005545,DEV_0005545,2023-01-10,False,False,NONE
+919894292407,Vodafone Idea (Vi),WB,CUST_0005546,DEV_0005546,2023-01-10,False,False,NONE
+919860013359,Jio 5G,WB,CUST_0005547,DEV_0005547,2023-01-10,False,False,NONE
+919879945780,BSNL Mobile,JH,CUST_0005548,DEV_0005548,2023-01-10,False,False,NONE
+919853923299,Jio 5G,DL,CUST_0005549,DEV_0005549,2023-01-10,False,False,NONE
+919863787499,Jio 5G,UP,CUST_0005550,DEV_0005550,2023-01-10,False,False,NONE
+919820856061,Vodafone Idea (Vi),UP,CUST_0005551,DEV_0005551,2023-01-10,False,False,NONE
+919815636900,Jio 5G,WB,CUST_0005552,DEV_0005552,2023-01-10,False,False,NONE
+919837942294,Airtel India,GJ,CUST_0005553,DEV_0005553,2023-01-10,False,False,NONE
+919828821707,Jio 5G,KA,CUST_0005554,DEV_0005554,2023-01-10,False,False,NONE
+919818133424,Airtel India,JH,CUST_0005555,DEV_0005555,2023-01-10,False,False,NONE
+919839423362,Vodafone Idea (Vi),RJ,CUST_0005556,DEV_0005556,2023-01-10,False,False,NONE
+919895849448,Airtel India,MH,CUST_0005557,DEV_0005557,2023-01-10,False,False,NONE
+919879251961,Airtel India,MH,CUST_0005558,DEV_0005558,2023-01-10,False,False,NONE
+919821657564,Jio 5G,TS,CUST_0005559,DEV_0005559,2023-01-10,False,False,NONE
+919861735157,Airtel India,DL,CUST_0005560,DEV_0005560,2023-01-10,False,False,NONE
+919816732430,Jio 5G,WB,CUST_0005561,DEV_0005561,2023-01-10,False,False,NONE
+919887951022,Vodafone Idea (Vi),HR,CUST_0005562,DEV_0005562,2023-01-10,False,False,NONE
+919814589536,BSNL Mobile,MH,CUST_0005563,DEV_0005563,2023-01-10,False,False,NONE
+919874818338,Airtel India,KA,CUST_0005564,DEV_0005564,2023-01-10,False,True,NONE
+919837874341,BSNL Mobile,GJ,CUST_0005565,DEV_0005565,2023-01-10,False,False,NONE
+919882023437,Jio 5G,MH,CUST_0005566,DEV_0005566,2023-01-10,False,False,NONE
+919844468986,BSNL Mobile,KA,CUST_0005567,DEV_0005567,2023-01-10,False,True,NONE
+919896132753,Airtel India,KA,CUST_0005568,DEV_0005568,2023-01-10,False,False,NONE
+919865526577,BSNL Mobile,TS,CUST_0005569,DEV_0005569,2023-01-10,False,False,NONE
+919838170276,Vodafone Idea (Vi),DL,CUST_0005570,DEV_0005570,2023-01-10,False,False,NONE
+919812666371,Jio 5G,GJ,CUST_0005571,DEV_0005571,2023-01-10,False,False,NONE
+919898826839,Vodafone Idea (Vi),WB,CUST_0005572,DEV_0005572,2023-01-10,False,False,NONE
+919885133666,Vodafone Idea (Vi),RJ,CUST_0005573,DEV_0005573,2023-01-10,False,False,NONE
+919828285586,Jio 5G,WB,CUST_0005574,DEV_0005574,2023-01-10,False,False,NONE
+919874101951,Airtel India,JH,CUST_0005575,DEV_0005575,2023-01-10,False,False,NONE
+919873992345,Jio 5G,GJ,CUST_0005576,DEV_0005576,2023-01-10,False,False,NONE
+919878382187,BSNL Mobile,KA,CUST_0005577,DEV_0005577,2023-01-10,False,False,NONE
+919816832871,BSNL Mobile,RJ,CUST_0005578,DEV_0005578,2023-01-10,False,False,NONE
+919812116705,BSNL Mobile,UP,CUST_0005579,DEV_0005579,2023-01-10,False,False,NONE
+919846084465,BSNL Mobile,JH,CUST_0005580,DEV_0005580,2023-01-10,False,True,NONE
+919866847251,BSNL Mobile,DL,CUST_0005581,DEV_0005581,2023-01-10,False,True,NONE
+919869973208,Vodafone Idea (Vi),MH,CUST_0005582,DEV_0005582,2023-01-10,False,False,NONE
+919863008150,Jio 5G,MH,CUST_0005583,DEV_0005583,2023-01-10,False,False,NONE
+919882080265,BSNL Mobile,KA,CUST_0005584,DEV_0005584,2023-01-10,False,False,NONE
+919842876606,Jio 5G,WB,CUST_0005585,DEV_0005585,2023-01-10,False,False,NONE
+919851663744,BSNL Mobile,HR,CUST_0005586,DEV_0005586,2023-01-10,False,True,NONE
+919871522479,Vodafone Idea (Vi),DL,CUST_0005587,DEV_0005587,2023-01-10,False,False,NONE
+919851170521,Jio 5G,JH,CUST_0005588,DEV_0005588,2023-01-10,False,False,NONE
+919898022383,Vodafone Idea (Vi),KA,CUST_0005589,DEV_0005589,2023-01-10,False,False,NONE
+919853159594,BSNL Mobile,DL,CUST_0005590,DEV_0005590,2023-01-10,False,False,NONE
+919854739596,Vodafone Idea (Vi),UP,CUST_0005591,DEV_0005591,2023-01-10,False,False,NONE
+919813779191,Jio 5G,HR,CUST_0005592,DEV_0005592,2023-01-10,False,False,NONE
+919829392804,Jio 5G,RJ,CUST_0005593,DEV_0005593,2023-01-10,False,False,NONE
+919859507582,BSNL Mobile,TS,CUST_0005594,DEV_0005594,2023-01-10,False,False,NONE
+919879480303,Vodafone Idea (Vi),RJ,CUST_0005595,DEV_0005595,2023-01-10,False,False,NONE
+919856729728,Jio 5G,WB,CUST_0005596,DEV_0005596,2023-01-10,False,False,NONE
+919843465056,BSNL Mobile,KA,CUST_0005597,DEV_0005597,2023-01-10,False,False,NONE
+919884557392,Airtel India,KA,CUST_0005598,DEV_0005598,2023-01-10,True,True,NONE
+919872671078,Airtel India,DL,CUST_0005599,DEV_0005599,2023-01-10,False,False,NONE
+919895034369,BSNL Mobile,HR,CUST_0005600,DEV_0005600,2023-01-10,False,False,NONE
+919887356271,BSNL Mobile,GJ,CUST_0005601,DEV_0005601,2023-01-10,False,False,NONE
+919869275445,BSNL Mobile,JH,CUST_0005602,DEV_0005602,2023-01-10,False,False,NONE
+919864738493,Vodafone Idea (Vi),UP,CUST_0005603,DEV_0005603,2023-01-10,False,False,NONE
+919865129603,Vodafone Idea (Vi),JH,CUST_0005604,DEV_0005604,2023-01-10,False,False,NONE
+919844972767,Jio 5G,HR,CUST_0005605,DEV_0005605,2023-01-10,False,False,NONE
+919871979172,Jio 5G,HR,CUST_0005606,DEV_0005606,2023-01-10,False,False,NONE
+919814898860,Jio 5G,TS,CUST_0005607,DEV_0005607,2023-01-10,True,True,NONE
+919871576880,BSNL Mobile,KA,CUST_0005608,DEV_0005608,2023-01-10,False,False,NONE
+919816086124,Jio 5G,UP,CUST_0005609,DEV_0005609,2023-01-10,False,False,NONE
+919873316436,Airtel India,MH,CUST_0005610,DEV_0005610,2023-01-10,False,False,NONE
+919835827779,BSNL Mobile,JH,CUST_0005611,DEV_0005611,2023-01-10,False,False,NONE
+919877508487,Vodafone Idea (Vi),JH,CUST_0005612,DEV_0005612,2023-01-10,False,False,NONE
+919836127867,BSNL Mobile,JH,CUST_0005613,DEV_0005613,2023-01-10,False,False,NONE
+919861676139,BSNL Mobile,WB,CUST_0005614,DEV_0005614,2023-01-10,False,False,NONE
+919857464766,BSNL Mobile,MH,CUST_0005615,DEV_0005615,2023-01-10,False,False,NONE
+919818553134,Vodafone Idea (Vi),TS,CUST_0005616,DEV_0005616,2023-01-10,False,False,NONE
+919854584817,Jio 5G,TS,CUST_0005617,DEV_0005617,2023-01-10,False,True,NONE
+919850761073,Vodafone Idea (Vi),WB,CUST_0005618,DEV_0005618,2023-01-10,False,False,NONE
+919865829159,Jio 5G,WB,CUST_0005619,DEV_0005619,2023-01-10,False,False,NONE
+919834787492,Jio 5G,GJ,CUST_0005620,DEV_0005620,2023-01-10,False,False,NONE
+919847459495,BSNL Mobile,DL,CUST_0005621,DEV_0005621,2023-01-10,False,False,NONE
+919835579624,Jio 5G,GJ,CUST_0005622,DEV_0005622,2023-01-10,False,False,NONE
+919857506156,Vodafone Idea (Vi),TS,CUST_0005623,DEV_0005623,2023-01-10,False,False,NONE
+919817309605,BSNL Mobile,JH,CUST_0005624,DEV_0005624,2023-01-10,False,False,NONE
+919852891061,Airtel India,RJ,CUST_0005625,DEV_0005625,2023-01-10,False,False,NONE
+919830733080,BSNL Mobile,GJ,CUST_0005626,DEV_0005626,2023-01-10,False,False,NONE
+919814761084,BSNL Mobile,TS,CUST_0005627,DEV_0005627,2023-01-10,False,False,NONE
+919859488435,Jio 5G,GJ,CUST_0005628,DEV_0005628,2023-01-10,False,False,NONE
+919888209480,Airtel India,DL,CUST_0005629,DEV_0005629,2023-01-10,False,False,NONE
+919840416500,Airtel India,KA,CUST_0005630,DEV_0005630,2023-01-10,False,False,NONE
+919820949308,Airtel India,GJ,CUST_0005631,DEV_0005631,2023-01-10,False,False,NONE
+919845370499,Vodafone Idea (Vi),MH,CUST_0005632,DEV_0005632,2023-01-10,False,False,NONE
+919891763001,Jio 5G,UP,CUST_0005633,DEV_0005633,2023-01-10,False,False,NONE
+919841800733,Airtel India,UP,CUST_0005634,DEV_0005634,2023-01-10,False,False,NONE
+919872543408,Jio 5G,DL,CUST_0005635,DEV_0005635,2023-01-10,False,False,NONE
+919892205567,Airtel India,UP,CUST_0005636,DEV_0005636,2023-01-10,False,False,NONE
+919883073085,Vodafone Idea (Vi),JH,CUST_0005637,DEV_0005637,2023-01-10,False,False,NONE
+919827468423,Airtel India,JH,CUST_0005638,DEV_0005638,2023-01-10,False,False,NONE
+919849251195,Jio 5G,KA,CUST_0005639,DEV_0005639,2023-01-10,False,False,NONE
+919880779738,Airtel India,GJ,CUST_0005640,DEV_0005640,2023-01-10,False,False,NONE
+919893794348,Vodafone Idea (Vi),WB,CUST_0005641,DEV_0005641,2023-01-10,False,False,NONE
+919833063280,Jio 5G,DL,CUST_0005642,DEV_0005642,2023-01-10,False,False,NONE
+919868348595,Jio 5G,WB,CUST_0005643,DEV_0005643,2023-01-10,False,False,NONE
+919885324999,BSNL Mobile,RJ,CUST_0005644,DEV_0005644,2023-01-10,False,False,NONE
+919877991216,BSNL Mobile,TS,CUST_0005645,DEV_0005645,2023-01-10,False,False,NONE
+919871962969,Jio 5G,UP,CUST_0005646,DEV_0005646,2023-01-10,False,False,NONE
+919896263057,Airtel India,KA,CUST_0005647,DEV_0005647,2023-01-10,False,False,NONE
+919855773967,BSNL Mobile,RJ,CUST_0005648,DEV_0005648,2023-01-10,False,False,NONE
+919871541433,BSNL Mobile,KA,CUST_0005649,DEV_0005649,2023-01-10,False,True,NONE
+919856461769,Vodafone Idea (Vi),UP,CUST_0005650,DEV_0005650,2023-01-10,False,False,NONE
+919864217830,Vodafone Idea (Vi),JH,CUST_0005651,DEV_0005651,2023-01-10,False,False,NONE
+919859000895,Vodafone Idea (Vi),WB,CUST_0005652,DEV_0005652,2023-01-10,False,False,NONE
+919875150170,Vodafone Idea (Vi),RJ,CUST_0005653,DEV_0005653,2023-01-10,False,False,NONE
+919812004414,BSNL Mobile,KA,CUST_0005654,DEV_0005654,2023-01-10,False,False,NONE
+919868684867,Jio 5G,UP,CUST_0005655,DEV_0005655,2023-01-10,False,False,NONE
+919815946958,Vodafone Idea (Vi),UP,CUST_0005656,DEV_0005656,2023-01-10,False,False,NONE
+919882622071,Vodafone Idea (Vi),MH,CUST_0005657,DEV_0005657,2023-01-10,False,False,NONE
+919831401972,Jio 5G,RJ,CUST_0005658,DEV_0005658,2023-01-10,False,False,NONE
+919844285114,Vodafone Idea (Vi),MH,CUST_0005659,DEV_0005659,2023-01-10,False,False,NONE
+919840147346,Jio 5G,HR,CUST_0005660,DEV_0005660,2023-01-10,False,False,NONE
+919889385342,Airtel India,TS,CUST_0005661,DEV_0005661,2023-01-10,False,False,NONE
+919841082260,Jio 5G,JH,CUST_0005662,DEV_0005662,2023-01-10,False,False,NONE
+919874770805,Jio 5G,MH,CUST_0005663,DEV_0005663,2023-01-10,False,False,NONE
+919859666632,Jio 5G,MH,CUST_0005664,DEV_0005664,2023-01-10,False,False,NONE
+919881920210,BSNL Mobile,MH,CUST_0005665,DEV_0005665,2023-01-10,False,False,NONE
+919837465365,Airtel India,DL,CUST_0005666,DEV_0005666,2023-01-10,False,False,NONE
+919854369106,BSNL Mobile,UP,CUST_0005667,DEV_0005667,2023-01-10,False,False,NONE
+919877582003,Airtel India,HR,CUST_0005668,DEV_0005668,2023-01-10,False,False,NONE
+919813244434,Jio 5G,MH,CUST_0005669,DEV_0005669,2023-01-10,False,False,NONE
+919853171075,Vodafone Idea (Vi),UP,CUST_0005670,DEV_0005670,2023-01-10,False,False,NONE
+919844646742,Vodafone Idea (Vi),WB,CUST_0005671,DEV_0005671,2023-01-10,False,False,NONE
+919822685009,BSNL Mobile,DL,CUST_0005672,DEV_0005672,2023-01-10,False,False,NONE
+919846120024,BSNL Mobile,UP,CUST_0005673,DEV_0005673,2023-01-10,False,False,NONE
+919830369651,BSNL Mobile,RJ,CUST_0005674,DEV_0005674,2023-01-10,False,False,NONE
+919899342875,BSNL Mobile,MH,CUST_0005675,DEV_0005675,2023-01-10,False,False,NONE
+919884505658,Jio 5G,MH,CUST_0005676,DEV_0005676,2023-01-10,False,False,NONE
+919885984179,Jio 5G,JH,CUST_0005677,DEV_0005677,2023-01-10,False,False,NONE
+919841952607,BSNL Mobile,KA,CUST_0005678,DEV_0005678,2023-01-10,False,False,NONE
+919856331961,BSNL Mobile,UP,CUST_0005679,DEV_0005679,2023-01-10,False,True,NONE
+919885106551,Jio 5G,TS,CUST_0005680,DEV_0005680,2023-01-10,False,False,NONE
+919866147592,BSNL Mobile,GJ,CUST_0005681,DEV_0005681,2023-01-10,False,False,NONE
+919814224049,Airtel India,RJ,CUST_0005682,DEV_0005682,2023-01-10,False,False,NONE
+919850853084,BSNL Mobile,MH,CUST_0005683,DEV_0005683,2023-01-10,False,False,NONE
+919847719174,Jio 5G,MH,CUST_0005684,DEV_0005684,2023-01-10,False,False,NONE
+919898713390,Jio 5G,KA,CUST_0005685,DEV_0005685,2023-01-10,False,False,NONE
+919869354489,BSNL Mobile,WB,CUST_0005686,DEV_0005686,2023-01-10,False,True,NONE
+919834494758,BSNL Mobile,TS,CUST_0005687,DEV_0005687,2023-01-10,False,False,NONE
+919870242440,Jio 5G,GJ,CUST_0005688,DEV_0005688,2023-01-10,False,False,NONE
+919826914169,BSNL Mobile,JH,CUST_0005689,DEV_0005689,2023-01-10,False,False,NONE
+919868898645,Airtel India,UP,CUST_0005690,DEV_0005690,2023-01-10,False,False,NONE
+919872668298,Airtel India,RJ,CUST_0005691,DEV_0005691,2023-01-10,False,True,NONE
+919823166237,Vodafone Idea (Vi),MH,CUST_0005692,DEV_0005692,2023-01-10,False,False,NONE
+919870680753,BSNL Mobile,KA,CUST_0005693,DEV_0005693,2023-01-10,False,False,NONE
+919865958568,BSNL Mobile,DL,CUST_0005694,DEV_0005694,2023-01-10,False,False,NONE
+919820318493,Vodafone Idea (Vi),GJ,CUST_0005695,DEV_0005695,2023-01-10,False,False,NONE
+919817170947,Vodafone Idea (Vi),WB,CUST_0005696,DEV_0005696,2023-01-10,False,True,NONE
+919837914991,Vodafone Idea (Vi),WB,CUST_0005697,DEV_0005697,2023-01-10,False,False,NONE
+919847459991,Jio 5G,DL,CUST_0005698,DEV_0005698,2023-01-10,False,False,NONE
+919864980918,Airtel India,GJ,CUST_0005699,DEV_0005699,2023-01-10,False,False,NONE
+919879836579,BSNL Mobile,RJ,CUST_0005700,DEV_0005700,2023-01-10,False,False,NONE
+919888709335,BSNL Mobile,JH,CUST_0005701,DEV_0005701,2023-01-10,False,False,NONE
+919824811370,Airtel India,TS,CUST_0005702,DEV_0005702,2023-01-10,False,False,NONE
+919886159753,Vodafone Idea (Vi),TS,CUST_0005703,DEV_0005703,2023-01-10,False,False,NONE
+919813075327,Jio 5G,WB,CUST_0005704,DEV_0005704,2023-01-10,False,False,NONE
+919830458734,Jio 5G,UP,CUST_0005705,DEV_0005705,2023-01-10,False,False,NONE
+919850233565,BSNL Mobile,GJ,CUST_0005706,DEV_0005706,2023-01-10,False,False,NONE
+919814516797,Airtel India,WB,CUST_0005707,DEV_0005707,2023-01-10,False,False,NONE
+919815321019,Vodafone Idea (Vi),TS,CUST_0005708,DEV_0005708,2023-01-10,False,False,NONE
+919814285236,Vodafone Idea (Vi),DL,CUST_0005709,DEV_0005709,2023-01-10,False,False,NONE
+919860207429,Jio 5G,GJ,CUST_0005710,DEV_0005710,2023-01-10,False,False,NONE
+919877750674,Jio 5G,UP,CUST_0005711,DEV_0005711,2023-01-10,False,False,NONE
+919882467109,BSNL Mobile,KA,CUST_0005712,DEV_0005712,2023-01-10,False,False,NONE
+919886651908,BSNL Mobile,DL,CUST_0005713,DEV_0005713,2023-01-10,False,False,NONE
+919826438986,Jio 5G,WB,CUST_0005714,DEV_0005714,2023-01-10,False,True,NONE
+919843185898,Airtel India,MH,CUST_0005715,DEV_0005715,2023-01-10,False,False,NONE
+919818506117,BSNL Mobile,DL,CUST_0005716,DEV_0005716,2023-01-10,False,True,NONE
+919890495184,Vodafone Idea (Vi),UP,CUST_0005717,DEV_0005717,2023-01-10,False,False,NONE
+919868288795,Jio 5G,UP,CUST_0005718,DEV_0005718,2023-01-10,False,False,NONE
+919859766853,BSNL Mobile,DL,CUST_0005719,DEV_0005719,2023-01-10,False,False,NONE
+919876616666,Airtel India,KA,CUST_0005720,DEV_0005720,2023-01-10,False,False,NONE
+919823170640,BSNL Mobile,HR,CUST_0005721,DEV_0005721,2023-01-10,False,False,NONE
+919819404177,Jio 5G,DL,CUST_0005722,DEV_0005722,2023-01-10,False,False,NONE
+919885324188,Airtel India,GJ,CUST_0005723,DEV_0005723,2023-01-10,False,False,NONE
+919867870178,Vodafone Idea (Vi),WB,CUST_0005724,DEV_0005724,2023-01-10,False,False,NONE
+919871122010,Airtel India,JH,CUST_0005725,DEV_0005725,2023-01-10,False,False,NONE
+919897750152,BSNL Mobile,MH,CUST_0005726,DEV_0005726,2023-01-10,False,False,NONE
+919813383019,Jio 5G,KA,CUST_0005727,DEV_0005727,2023-01-10,False,False,NONE
+919833030407,Airtel India,HR,CUST_0005728,DEV_0005728,2023-01-10,False,False,NONE
+919822023915,Airtel India,JH,CUST_0005729,DEV_0005729,2023-01-10,False,False,NONE
+919897474159,Jio 5G,TS,CUST_0005730,DEV_0005730,2023-01-10,False,False,NONE
+919873192642,Vodafone Idea (Vi),WB,CUST_0005731,DEV_0005731,2023-01-10,False,False,NONE
+919821438600,BSNL Mobile,MH,CUST_0005732,DEV_0005732,2023-01-10,False,False,NONE
+919838527162,Jio 5G,KA,CUST_0005733,DEV_0005733,2023-01-10,False,False,NONE
+919839699151,BSNL Mobile,TS,CUST_0005734,DEV_0005734,2023-01-10,False,False,NONE
+919884371100,Jio 5G,TS,CUST_0005735,DEV_0005735,2023-01-10,False,False,NONE
+919885553023,Vodafone Idea (Vi),JH,CUST_0005736,DEV_0005736,2023-01-10,False,False,NONE
+919849150369,Vodafone Idea (Vi),JH,CUST_0005737,DEV_0005737,2023-01-10,False,False,NONE
+919825594288,Airtel India,HR,CUST_0005738,DEV_0005738,2023-01-10,False,False,NONE
+919833221390,Vodafone Idea (Vi),HR,CUST_0005739,DEV_0005739,2023-01-10,False,False,NONE
+919881664319,Airtel India,KA,CUST_0005740,DEV_0005740,2023-01-10,False,True,NONE
+919832631562,Vodafone Idea (Vi),HR,CUST_0005741,DEV_0005741,2023-01-10,False,False,NONE
+919864406317,BSNL Mobile,DL,CUST_0005742,DEV_0005742,2023-01-10,False,False,NONE
+919848508260,Jio 5G,MH,CUST_0005743,DEV_0005743,2023-01-10,False,True,NONE
+919860930297,BSNL Mobile,JH,CUST_0005744,DEV_0005744,2023-01-10,False,False,NONE
+919866777160,Jio 5G,RJ,CUST_0005745,DEV_0005745,2023-01-10,False,False,NONE
+919877976546,Airtel India,KA,CUST_0005746,DEV_0005746,2023-01-10,False,False,NONE
+919894407996,Vodafone Idea (Vi),TS,CUST_0005747,DEV_0005747,2023-01-10,False,False,NONE
+919890488645,Jio 5G,HR,CUST_0005748,DEV_0005748,2023-01-10,False,False,NONE
+919880241143,Vodafone Idea (Vi),DL,CUST_0005749,DEV_0005749,2023-01-10,False,False,NONE
+919847561954,BSNL Mobile,KA,CUST_0005750,DEV_0005750,2023-01-10,False,False,NONE
+919870555319,BSNL Mobile,TS,CUST_0005751,DEV_0005751,2023-01-10,False,False,NONE
+919815624889,Airtel India,JH,CUST_0005752,DEV_0005752,2023-01-10,False,False,NONE
+919882555066,Vodafone Idea (Vi),HR,CUST_0005753,DEV_0005753,2023-01-10,False,False,NONE
+919842671883,BSNL Mobile,JH,CUST_0005754,DEV_0005754,2023-01-10,False,True,NONE
+919864349400,Vodafone Idea (Vi),UP,CUST_0005755,DEV_0005755,2023-01-10,False,False,NONE
+919870687639,Vodafone Idea (Vi),KA,CUST_0005756,DEV_0005756,2023-01-10,False,False,NONE
+919865668039,Airtel India,UP,CUST_0005757,DEV_0005757,2023-01-10,False,False,NONE
+919880136369,Jio 5G,MH,CUST_0005758,DEV_0005758,2023-01-10,False,False,NONE
+919824176795,BSNL Mobile,HR,CUST_0005759,DEV_0005759,2023-01-10,False,False,NONE
+919873656661,BSNL Mobile,WB,CUST_0005760,DEV_0005760,2023-01-10,False,False,NONE
+919847524364,Vodafone Idea (Vi),RJ,CUST_0005761,DEV_0005761,2023-01-10,False,True,NONE
+919886100917,Vodafone Idea (Vi),WB,CUST_0005762,DEV_0005762,2023-01-10,False,False,NONE
+919899046958,Jio 5G,DL,CUST_0005763,DEV_0005763,2023-01-10,False,False,NONE
+919855940032,Airtel India,WB,CUST_0005764,DEV_0005764,2023-01-10,False,False,NONE
+919832312064,Airtel India,WB,CUST_0005765,DEV_0005765,2023-01-10,True,True,NONE
+919833388918,Vodafone Idea (Vi),KA,CUST_0005766,DEV_0005766,2023-01-10,False,False,NONE
+919817303539,Vodafone Idea (Vi),MH,CUST_0005767,DEV_0005767,2023-01-10,False,False,NONE
+919878697912,Vodafone Idea (Vi),TS,CUST_0005768,DEV_0005768,2023-01-10,False,False,NONE
+919892505236,BSNL Mobile,GJ,CUST_0005769,DEV_0005769,2023-01-10,False,False,NONE
+919819177351,Airtel India,RJ,CUST_0005770,DEV_0005770,2023-01-10,False,False,NONE
+919884494135,BSNL Mobile,HR,CUST_0005771,DEV_0005771,2023-01-10,False,False,NONE
+919833447851,Vodafone Idea (Vi),UP,CUST_0005772,DEV_0005772,2023-01-10,False,False,NONE
+919834076177,Airtel India,UP,CUST_0005773,DEV_0005773,2023-01-10,False,False,NONE
+919829147828,BSNL Mobile,GJ,CUST_0005774,DEV_0005774,2023-01-10,False,False,NONE
+919834401628,Airtel India,GJ,CUST_0005775,DEV_0005775,2023-01-10,False,False,NONE
+919857833824,Jio 5G,JH,CUST_0005776,DEV_0005776,2023-01-10,False,False,NONE
+919856458169,Airtel India,GJ,CUST_0005777,DEV_0005777,2023-01-10,False,False,NONE
+919852579143,Jio 5G,DL,CUST_0005778,DEV_0005778,2023-01-10,False,True,NONE
+919841170876,Jio 5G,WB,CUST_0005779,DEV_0005779,2023-01-10,False,False,NONE
+919891099374,Jio 5G,DL,CUST_0005780,DEV_0005780,2023-01-10,False,False,NONE
+919899631150,Vodafone Idea (Vi),DL,CUST_0005781,DEV_0005781,2023-01-10,False,False,NONE
+919849666304,Airtel India,HR,CUST_0005782,DEV_0005782,2023-01-10,False,False,NONE
+919898140367,Jio 5G,MH,CUST_0005783,DEV_0005783,2023-01-10,False,False,NONE
+919892454154,Vodafone Idea (Vi),GJ,CUST_0005784,DEV_0005784,2023-01-10,False,False,NONE
+919829561209,Airtel India,DL,CUST_0005785,DEV_0005785,2023-01-10,False,False,NONE
+919826658717,Jio 5G,WB,CUST_0005786,DEV_0005786,2023-01-10,False,False,NONE
+919846496913,Vodafone Idea (Vi),KA,CUST_0005787,DEV_0005787,2023-01-10,False,False,NONE
+919826393418,Vodafone Idea (Vi),WB,CUST_0005788,DEV_0005788,2023-01-10,False,False,NONE
+919868494017,Vodafone Idea (Vi),TS,CUST_0005789,DEV_0005789,2023-01-10,False,True,NONE
+919872711611,BSNL Mobile,WB,CUST_0005790,DEV_0005790,2023-01-10,False,False,NONE
+919892063180,BSNL Mobile,HR,CUST_0005791,DEV_0005791,2023-01-10,False,False,NONE
+919856111117,Vodafone Idea (Vi),JH,CUST_0005792,DEV_0005792,2023-01-10,False,False,NONE
+919837407413,Airtel India,KA,CUST_0005793,DEV_0005793,2023-01-10,False,False,NONE
+919892148214,Airtel India,GJ,CUST_0005794,DEV_0005794,2023-01-10,False,True,NONE
+919830228280,BSNL Mobile,JH,CUST_0005795,DEV_0005795,2023-01-10,False,False,NONE
+919892440164,Airtel India,GJ,CUST_0005796,DEV_0005796,2023-01-10,False,False,NONE
+919853496110,Vodafone Idea (Vi),DL,CUST_0005797,DEV_0005797,2023-01-10,False,False,NONE
+919842829685,BSNL Mobile,JH,CUST_0005798,DEV_0005798,2023-01-10,False,False,NONE
+919868986160,BSNL Mobile,WB,CUST_0005799,DEV_0005799,2023-01-10,False,False,NONE
+919856273056,Jio 5G,KA,CUST_0005800,DEV_0005800,2023-01-10,False,False,NONE
+919844684504,Jio 5G,HR,CUST_0005801,DEV_0005801,2023-01-10,False,False,NONE
+919853965096,Jio 5G,JH,CUST_0005802,DEV_0005802,2023-01-10,False,False,NONE
+919829934646,Jio 5G,KA,CUST_0005803,DEV_0005803,2023-01-10,False,False,NONE
+919865622446,Jio 5G,MH,CUST_0005804,DEV_0005804,2023-01-10,False,False,NONE
+919859316383,Airtel India,KA,CUST_0005805,DEV_0005805,2023-01-10,False,False,NONE
+919868399288,Vodafone Idea (Vi),WB,CUST_0005806,DEV_0005806,2023-01-10,False,False,NONE
+919851569923,Vodafone Idea (Vi),JH,CUST_0005807,DEV_0005807,2023-01-10,True,True,NONE
+919890484063,Vodafone Idea (Vi),RJ,CUST_0005808,DEV_0005808,2023-01-10,False,False,NONE
+919847039726,Jio 5G,GJ,CUST_0005809,DEV_0005809,2023-01-10,False,False,NONE
+919835018956,Airtel India,UP,CUST_0005810,DEV_0005810,2023-01-10,False,False,NONE
+919843447655,Airtel India,DL,CUST_0005811,DEV_0005811,2023-01-10,False,False,NONE
+919875681018,BSNL Mobile,UP,CUST_0005812,DEV_0005812,2023-01-10,False,False,NONE
+919830612102,BSNL Mobile,RJ,CUST_0005813,DEV_0005813,2023-01-10,False,False,NONE
+919859600976,Vodafone Idea (Vi),GJ,CUST_0005814,DEV_0005814,2023-01-10,False,False,NONE
+919879746315,BSNL Mobile,UP,CUST_0005815,DEV_0005815,2023-01-10,False,True,NONE
+919862095755,Jio 5G,TS,CUST_0005816,DEV_0005816,2023-01-10,False,True,NONE
+919857350217,Jio 5G,HR,CUST_0005817,DEV_0005817,2023-01-10,False,True,NONE
+919854585498,BSNL Mobile,TS,CUST_0005818,DEV_0005818,2023-01-10,False,False,NONE
+919840528113,BSNL Mobile,WB,CUST_0005819,DEV_0005819,2023-01-10,False,True,NONE
+919867667942,BSNL Mobile,TS,CUST_0005820,DEV_0005820,2023-01-10,False,False,NONE
+919836908637,Vodafone Idea (Vi),JH,CUST_0005821,DEV_0005821,2023-01-10,False,False,NONE
+919853271036,Airtel India,MH,CUST_0005822,DEV_0005822,2023-01-10,False,False,NONE
+919876203551,Airtel India,GJ,CUST_0005823,DEV_0005823,2023-01-10,False,False,NONE
+919813546829,Jio 5G,RJ,CUST_0005824,DEV_0005824,2023-01-10,False,False,NONE
+919874803975,Airtel India,TS,CUST_0005825,DEV_0005825,2023-01-10,False,False,NONE
+919842067019,Jio 5G,DL,CUST_0005826,DEV_0005826,2023-01-10,False,False,NONE
+919840734442,Vodafone Idea (Vi),MH,CUST_0005827,DEV_0005827,2023-01-10,False,False,NONE
+919819439216,Jio 5G,RJ,CUST_0005828,DEV_0005828,2023-01-10,False,False,NONE
+919824508504,Airtel India,MH,CUST_0005829,DEV_0005829,2023-01-10,False,False,NONE
+919820283828,BSNL Mobile,UP,CUST_0005830,DEV_0005830,2023-01-10,False,False,NONE
+919862224308,Jio 5G,TS,CUST_0005831,DEV_0005831,2023-01-10,False,False,NONE
+919843648317,Vodafone Idea (Vi),WB,CUST_0005832,DEV_0005832,2023-01-10,False,False,NONE
+919877035221,Jio 5G,RJ,CUST_0005833,DEV_0005833,2023-01-10,False,False,NONE
+919816527908,BSNL Mobile,UP,CUST_0005834,DEV_0005834,2023-01-10,False,False,NONE
+919816014248,BSNL Mobile,UP,CUST_0005835,DEV_0005835,2023-01-10,False,True,NONE
+919855606507,Vodafone Idea (Vi),RJ,CUST_0005836,DEV_0005836,2023-01-10,False,False,NONE
+919848344809,BSNL Mobile,JH,CUST_0005837,DEV_0005837,2023-01-10,False,False,NONE
+919857157619,Airtel India,RJ,CUST_0005838,DEV_0005838,2023-01-10,False,False,NONE
+919899947615,Jio 5G,MH,CUST_0005839,DEV_0005839,2023-01-10,False,True,NONE
+919869918592,Jio 5G,MH,CUST_0005840,DEV_0005840,2023-01-10,False,False,NONE
+919823838161,Airtel India,KA,CUST_0005841,DEV_0005841,2023-01-10,False,False,NONE
+919852036985,Airtel India,UP,CUST_0005842,DEV_0005842,2023-01-10,False,False,NONE
+919896296225,Jio 5G,TS,CUST_0005843,DEV_0005843,2023-01-10,False,False,NONE
+919865750403,Jio 5G,DL,CUST_0005844,DEV_0005844,2023-01-10,False,False,NONE
+919844182368,Vodafone Idea (Vi),GJ,CUST_0005845,DEV_0005845,2023-01-10,False,False,NONE
+919891997583,Airtel India,WB,CUST_0005846,DEV_0005846,2023-01-10,False,False,NONE
+919864552805,Vodafone Idea (Vi),MH,CUST_0005847,DEV_0005847,2023-01-10,False,False,NONE
+919815774219,BSNL Mobile,TS,CUST_0005848,DEV_0005848,2023-01-10,False,True,NONE
+919852762485,Jio 5G,JH,CUST_0005849,DEV_0005849,2023-01-10,False,False,NONE
+919858997900,BSNL Mobile,GJ,CUST_0005850,DEV_0005850,2023-01-10,True,True,NONE
+919813183262,BSNL Mobile,RJ,CUST_0005851,DEV_0005851,2023-01-10,False,False,NONE
+919835285591,Vodafone Idea (Vi),MH,CUST_0005852,DEV_0005852,2023-01-10,False,False,NONE
+919868791961,BSNL Mobile,MH,CUST_0005853,DEV_0005853,2023-01-10,False,False,NONE
+919893306805,Airtel India,GJ,CUST_0005854,DEV_0005854,2023-01-10,False,False,NONE
+919872252426,Airtel India,MH,CUST_0005855,DEV_0005855,2023-01-10,False,False,NONE
+919836616035,Airtel India,TS,CUST_0005856,DEV_0005856,2023-01-10,False,False,NONE
+919866357532,Vodafone Idea (Vi),KA,CUST_0005857,DEV_0005857,2023-01-10,False,False,NONE
+919844647229,Vodafone Idea (Vi),JH,CUST_0005858,DEV_0005858,2023-01-10,False,False,NONE
+919832391463,Airtel India,HR,CUST_0005859,DEV_0005859,2023-01-10,False,False,NONE
+919840789462,Vodafone Idea (Vi),HR,CUST_0005860,DEV_0005860,2023-01-10,False,False,NONE
+919816376156,BSNL Mobile,MH,CUST_0005861,DEV_0005861,2023-01-10,False,False,NONE
+919851403453,Airtel India,RJ,CUST_0005862,DEV_0005862,2023-01-10,False,False,NONE
+919832912052,Airtel India,UP,CUST_0005863,DEV_0005863,2023-01-10,False,False,NONE
+919847853146,BSNL Mobile,WB,CUST_0005864,DEV_0005864,2023-01-10,False,False,NONE
+919884254576,Vodafone Idea (Vi),MH,CUST_0005865,DEV_0005865,2023-01-10,False,False,NONE
+919838213545,Jio 5G,WB,CUST_0005866,DEV_0005866,2023-01-10,False,False,NONE
+919859274201,Vodafone Idea (Vi),KA,CUST_0005867,DEV_0005867,2023-01-10,False,False,NONE
+919893124763,Airtel India,GJ,CUST_0005868,DEV_0005868,2023-01-10,False,False,NONE
+919888410970,Airtel India,DL,CUST_0005869,DEV_0005869,2023-01-10,False,False,NONE
+919884689129,Vodafone Idea (Vi),MH,CUST_0005870,DEV_0005870,2023-01-10,False,True,NONE
+919813135932,Vodafone Idea (Vi),TS,CUST_0005871,DEV_0005871,2023-01-10,False,False,NONE
+919851133132,Vodafone Idea (Vi),MH,CUST_0005872,DEV_0005872,2023-01-10,False,False,NONE
+919873201981,Vodafone Idea (Vi),RJ,CUST_0005873,DEV_0005873,2023-01-10,False,True,NONE
+919831962177,Vodafone Idea (Vi),UP,CUST_0005874,DEV_0005874,2023-01-10,False,False,NONE
+919884865130,Vodafone Idea (Vi),TS,CUST_0005875,DEV_0005875,2023-01-10,False,False,NONE
+919847963755,Vodafone Idea (Vi),WB,CUST_0005876,DEV_0005876,2023-01-10,False,False,NONE
+919824797630,BSNL Mobile,HR,CUST_0005877,DEV_0005877,2023-01-10,False,False,NONE
+919857165537,Jio 5G,JH,CUST_0005878,DEV_0005878,2023-01-10,False,False,NONE
+919849779453,Airtel India,JH,CUST_0005879,DEV_0005879,2023-01-10,False,True,NONE
+919818312648,BSNL Mobile,WB,CUST_0005880,DEV_0005880,2023-01-10,False,False,NONE
+919890115586,Airtel India,UP,CUST_0005881,DEV_0005881,2023-01-10,False,True,NONE
+919856195766,BSNL Mobile,TS,CUST_0005882,DEV_0005882,2023-01-10,False,False,NONE
+919899160139,Vodafone Idea (Vi),HR,CUST_0005883,DEV_0005883,2023-01-10,False,False,NONE
+919879195410,Vodafone Idea (Vi),HR,CUST_0005884,DEV_0005884,2023-01-10,False,False,NONE
+919869991835,Vodafone Idea (Vi),MH,CUST_0005885,DEV_0005885,2023-01-10,False,True,NONE
+919840641136,BSNL Mobile,UP,CUST_0005886,DEV_0005886,2023-01-10,False,True,NONE
+919830137100,Vodafone Idea (Vi),JH,CUST_0005887,DEV_0005887,2023-01-10,False,False,NONE
+919896792525,Vodafone Idea (Vi),RJ,CUST_0005888,DEV_0005888,2023-01-10,False,True,NONE
+919885446238,Vodafone Idea (Vi),GJ,CUST_0005889,DEV_0005889,2023-01-10,False,True,NONE
+919811308905,Airtel India,RJ,CUST_0005890,DEV_0005890,2023-01-10,False,False,NONE
+919862776263,BSNL Mobile,JH,CUST_0005891,DEV_0005891,2023-01-10,False,True,NONE
+919876718563,Jio 5G,WB,CUST_0005892,DEV_0005892,2023-01-10,False,False,NONE
+919840850800,Airtel India,GJ,CUST_0005893,DEV_0005893,2023-01-10,False,False,NONE
+919874696481,BSNL Mobile,WB,CUST_0005894,DEV_0005894,2023-01-10,False,False,NONE
+919847103838,BSNL Mobile,UP,CUST_0005895,DEV_0005895,2023-01-10,False,False,NONE
+919829304379,Airtel India,RJ,CUST_0005896,DEV_0005896,2023-01-10,False,False,NONE
+919845301384,Airtel India,TS,CUST_0005897,DEV_0005897,2023-01-10,False,False,NONE
+919857681773,BSNL Mobile,WB,CUST_0005898,DEV_0005898,2023-01-10,False,False,NONE
+919845155893,Vodafone Idea (Vi),TS,CUST_0005899,DEV_0005899,2023-01-10,False,False,NONE
+919888421875,BSNL Mobile,GJ,CUST_0005900,DEV_0005900,2023-01-10,False,False,NONE
+919879966931,BSNL Mobile,UP,CUST_0005901,DEV_0005901,2023-01-10,False,False,NONE
+919879909466,Airtel India,DL,CUST_0005902,DEV_0005902,2023-01-10,False,False,NONE
+919889215138,Jio 5G,JH,CUST_0005903,DEV_0005903,2023-01-10,False,False,NONE
+919819176779,Vodafone Idea (Vi),DL,CUST_0005904,DEV_0005904,2023-01-10,False,False,NONE
+919843079233,Vodafone Idea (Vi),HR,CUST_0005905,DEV_0005905,2023-01-10,False,False,NONE
+919835379861,BSNL Mobile,RJ,CUST_0005906,DEV_0005906,2023-01-10,False,False,NONE
+919869306501,Jio 5G,JH,CUST_0005907,DEV_0005907,2023-01-10,False,False,NONE
+919820160127,BSNL Mobile,MH,CUST_0005908,DEV_0005908,2023-01-10,False,False,NONE
+919853716329,BSNL Mobile,DL,CUST_0005909,DEV_0005909,2023-01-10,False,False,NONE
+919891913616,Vodafone Idea (Vi),RJ,CUST_0005910,DEV_0005910,2023-01-10,False,False,NONE
+919875650143,Vodafone Idea (Vi),DL,CUST_0005911,DEV_0005911,2023-01-10,False,False,NONE
+919817330925,BSNL Mobile,JH,CUST_0005912,DEV_0005912,2023-01-10,False,False,NONE
+919820049010,Vodafone Idea (Vi),HR,CUST_0005913,DEV_0005913,2023-01-10,False,False,NONE
+919811781375,Airtel India,RJ,CUST_0005914,DEV_0005914,2023-01-10,False,False,NONE
+919881556666,Vodafone Idea (Vi),TS,CUST_0005915,DEV_0005915,2023-01-10,False,False,NONE
+919881065769,Jio 5G,GJ,CUST_0005916,DEV_0005916,2023-01-10,False,False,NONE
+919823072244,Airtel India,WB,CUST_0005917,DEV_0005917,2023-01-10,False,False,NONE
+919869801950,Airtel India,DL,CUST_0005918,DEV_0005918,2023-01-10,False,False,NONE
+919854325887,BSNL Mobile,WB,CUST_0005919,DEV_0005919,2023-01-10,False,False,NONE
+919855343050,Jio 5G,MH,CUST_0005920,DEV_0005920,2023-01-10,False,False,NONE
+919885108142,Vodafone Idea (Vi),HR,CUST_0005921,DEV_0005921,2023-01-10,False,False,NONE
+919881369700,BSNL Mobile,HR,CUST_0005922,DEV_0005922,2023-01-10,False,False,NONE
+919887853789,BSNL Mobile,MH,CUST_0005923,DEV_0005923,2023-01-10,False,True,NONE
+919856447566,Airtel India,HR,CUST_0005924,DEV_0005924,2023-01-10,False,False,NONE
+919892619815,BSNL Mobile,TS,CUST_0005925,DEV_0005925,2023-01-10,False,False,NONE
+919873899085,Vodafone Idea (Vi),GJ,CUST_0005926,DEV_0005926,2023-01-10,False,False,NONE
+919849439592,Jio 5G,GJ,CUST_0005927,DEV_0005927,2023-01-10,False,False,NONE
+919890314038,Jio 5G,GJ,CUST_0005928,DEV_0005928,2023-01-10,False,False,NONE
+919832030386,Vodafone Idea (Vi),UP,CUST_0005929,DEV_0005929,2023-01-10,False,False,NONE
+919859940259,Vodafone Idea (Vi),TS,CUST_0005930,DEV_0005930,2023-01-10,False,False,NONE
+919863140972,Jio 5G,GJ,CUST_0005931,DEV_0005931,2023-01-10,False,False,NONE
+919882637520,Airtel India,WB,CUST_0005932,DEV_0005932,2023-01-10,False,False,NONE
+919825256725,Airtel India,WB,CUST_0005933,DEV_0005933,2023-01-10,False,False,NONE
+919857117769,Vodafone Idea (Vi),KA,CUST_0005934,DEV_0005934,2023-01-10,False,False,NONE
+919815776435,BSNL Mobile,HR,CUST_0005935,DEV_0005935,2023-01-10,False,False,NONE
+919845929102,Airtel India,GJ,CUST_0005936,DEV_0005936,2023-01-10,False,False,NONE
+919852844562,Jio 5G,GJ,CUST_0005937,DEV_0005937,2023-01-10,False,False,NONE
+919888076589,Jio 5G,MH,CUST_0005938,DEV_0005938,2023-01-10,False,False,NONE
+919875368631,Airtel India,WB,CUST_0005939,DEV_0005939,2023-01-10,False,False,NONE
+919826830732,Vodafone Idea (Vi),RJ,CUST_0005940,DEV_0005940,2023-01-10,False,False,NONE
+919895228097,Airtel India,KA,CUST_0005941,DEV_0005941,2023-01-10,False,False,NONE
+919835556142,BSNL Mobile,TS,CUST_0005942,DEV_0005942,2023-01-10,False,False,NONE
+919857096300,Jio 5G,HR,CUST_0005943,DEV_0005943,2023-01-10,False,False,NONE
+919873873395,Jio 5G,DL,CUST_0005944,DEV_0005944,2023-01-10,False,False,NONE
+919819627835,BSNL Mobile,GJ,CUST_0005945,DEV_0005945,2023-01-10,False,False,NONE
+919857139192,BSNL Mobile,HR,CUST_0005946,DEV_0005946,2023-01-10,False,False,NONE
+919877010850,Jio 5G,UP,CUST_0005947,DEV_0005947,2023-01-10,False,False,NONE
+919813969974,Airtel India,MH,CUST_0005948,DEV_0005948,2023-01-10,False,False,NONE
+919862435831,Jio 5G,UP,CUST_0005949,DEV_0005949,2023-01-10,False,False,NONE
+919830142425,Jio 5G,HR,CUST_0005950,DEV_0005950,2023-01-10,False,False,NONE
+919833311507,Jio 5G,RJ,CUST_0005951,DEV_0005951,2023-01-10,False,False,NONE
+919872247688,BSNL Mobile,MH,CUST_0005952,DEV_0005952,2023-01-10,False,False,NONE
+919811097290,BSNL Mobile,JH,CUST_0005953,DEV_0005953,2023-01-10,False,False,NONE
+919854085080,Jio 5G,MH,CUST_0005954,DEV_0005954,2023-01-10,False,True,NONE
+919831686862,BSNL Mobile,GJ,CUST_0005955,DEV_0005955,2023-01-10,False,False,NONE
+919884193094,Airtel India,KA,CUST_0005956,DEV_0005956,2023-01-10,True,True,NONE
+919863511074,Jio 5G,MH,CUST_0005957,DEV_0005957,2023-01-10,False,False,NONE
+919885369115,BSNL Mobile,HR,CUST_0005958,DEV_0005958,2023-01-10,False,True,NONE
+919818909499,Jio 5G,WB,CUST_0005959,DEV_0005959,2023-01-10,False,False,NONE
+919847644260,BSNL Mobile,TS,CUST_0005960,DEV_0005960,2023-01-10,False,False,NONE
+919861660160,Airtel India,KA,CUST_0005961,DEV_0005961,2023-01-10,False,False,NONE
+919848994686,Vodafone Idea (Vi),UP,CUST_0005962,DEV_0005962,2023-01-10,False,False,NONE
+919892427631,Jio 5G,HR,CUST_0005963,DEV_0005963,2023-01-10,False,False,NONE
+919847285135,Airtel India,TS,CUST_0005964,DEV_0005964,2023-01-10,False,False,NONE
+919853294470,BSNL Mobile,GJ,CUST_0005965,DEV_0005965,2023-01-10,False,False,NONE
+919842509152,Airtel India,TS,CUST_0005966,DEV_0005966,2023-01-10,False,False,NONE
+919810354672,Vodafone Idea (Vi),TS,CUST_0005967,DEV_0005967,2023-01-10,False,False,NONE
+919821968970,BSNL Mobile,GJ,CUST_0005968,DEV_0005968,2023-01-10,False,False,NONE
+919863442051,Airtel India,DL,CUST_0005969,DEV_0005969,2023-01-10,False,False,NONE
+919844592926,Vodafone Idea (Vi),UP,CUST_0005970,DEV_0005970,2023-01-10,False,False,NONE
+919890881852,Jio 5G,KA,CUST_0005971,DEV_0005971,2023-01-10,False,False,NONE
+919851070272,Vodafone Idea (Vi),JH,CUST_0005972,DEV_0005972,2023-01-10,False,False,NONE
+919860580309,Airtel India,GJ,CUST_0005973,DEV_0005973,2023-01-10,False,True,NONE
+919893684865,BSNL Mobile,KA,CUST_0005974,DEV_0005974,2023-01-10,False,False,NONE
+919854844144,BSNL Mobile,TS,CUST_0005975,DEV_0005975,2023-01-10,False,False,NONE
+919890253301,BSNL Mobile,RJ,CUST_0005976,DEV_0005976,2023-01-10,False,False,NONE
+919871121090,BSNL Mobile,KA,CUST_0005977,DEV_0005977,2023-01-10,False,False,NONE
+919872712122,BSNL Mobile,RJ,CUST_0005978,DEV_0005978,2023-01-10,False,False,NONE
+919842263547,BSNL Mobile,HR,CUST_0005979,DEV_0005979,2023-01-10,False,False,NONE
+919853594468,Jio 5G,DL,CUST_0005980,DEV_0005980,2023-01-10,False,False,NONE
+919888924011,Vodafone Idea (Vi),RJ,CUST_0005981,DEV_0005981,2023-01-10,False,False,NONE
+919884260560,BSNL Mobile,MH,CUST_0005982,DEV_0005982,2023-01-10,False,False,NONE
+919830531578,Airtel India,MH,CUST_0005983,DEV_0005983,2023-01-10,False,False,NONE
+919835162601,Airtel India,JH,CUST_0005984,DEV_0005984,2023-01-10,False,False,NONE
+919872474604,Vodafone Idea (Vi),JH,CUST_0005985,DEV_0005985,2023-01-10,False,False,NONE
+919862580302,Jio 5G,KA,CUST_0005986,DEV_0005986,2023-01-10,False,False,NONE
+919886499490,BSNL Mobile,RJ,CUST_0005987,DEV_0005987,2023-01-10,False,False,NONE
+919836516876,Jio 5G,DL,CUST_0005988,DEV_0005988,2023-01-10,False,False,NONE
+919834702005,BSNL Mobile,TS,CUST_0005989,DEV_0005989,2023-01-10,False,False,NONE
+919858251199,Airtel India,RJ,CUST_0005990,DEV_0005990,2023-01-10,False,False,NONE
+919861439991,Jio 5G,MH,CUST_0005991,DEV_0005991,2023-01-10,False,False,NONE
+919851680482,Vodafone Idea (Vi),DL,CUST_0005992,DEV_0005992,2023-01-10,False,False,NONE
+919840729522,BSNL Mobile,HR,CUST_0005993,DEV_0005993,2023-01-10,False,False,NONE
+919897203526,BSNL Mobile,MH,CUST_0005994,DEV_0005994,2023-01-10,False,False,NONE
+919821467894,Vodafone Idea (Vi),WB,CUST_0005995,DEV_0005995,2023-01-10,False,False,NONE
+919848780694,Airtel India,TS,CUST_0005996,DEV_0005996,2023-01-10,False,False,NONE
+919881693156,BSNL Mobile,KA,CUST_0005997,DEV_0005997,2023-01-10,False,False,NONE
+919899627660,Vodafone Idea (Vi),JH,CUST_0005998,DEV_0005998,2023-01-10,False,False,NONE
+919889187263,Jio 5G,HR,CUST_0005999,DEV_0005999,2023-01-10,False,False,NONE
+919824349707,Airtel India,DL,CUST_0006000,DEV_0006000,2023-01-10,False,False,NONE
+919885111452,Jio 5G,DL,CUST_0006001,DEV_0006001,2023-01-10,False,False,NONE
+919815707643,Airtel India,MH,CUST_0006002,DEV_0006002,2023-01-10,False,True,NONE
+919873379891,Vodafone Idea (Vi),UP,CUST_0006003,DEV_0006003,2023-01-10,False,False,NONE
+919834307509,Vodafone Idea (Vi),TS,CUST_0006004,DEV_0006004,2023-01-10,False,False,NONE
+919817120154,BSNL Mobile,TS,CUST_0006005,DEV_0006005,2023-01-10,False,False,NONE
+919818242552,Jio 5G,HR,CUST_0006006,DEV_0006006,2023-01-10,False,False,NONE
+919854308237,BSNL Mobile,GJ,CUST_0006007,DEV_0006007,2023-01-10,False,True,NONE
+919853311232,BSNL Mobile,HR,CUST_0006008,DEV_0006008,2023-01-10,False,False,NONE
+919848433289,Airtel India,MH,CUST_0006009,DEV_0006009,2023-01-10,False,False,NONE
+919876195433,BSNL Mobile,HR,CUST_0006010,DEV_0006010,2023-01-10,False,False,NONE
+919820907713,Vodafone Idea (Vi),RJ,CUST_0006011,DEV_0006011,2023-01-10,False,False,NONE
+919810289869,Vodafone Idea (Vi),DL,CUST_0006012,DEV_0006012,2023-01-10,False,False,NONE
+919842822854,BSNL Mobile,HR,CUST_0006013,DEV_0006013,2023-01-10,False,False,NONE
+919823530822,Jio 5G,TS,CUST_0006014,DEV_0006014,2023-01-10,False,False,NONE
+919882647324,Jio 5G,DL,CUST_0006015,DEV_0006015,2023-01-10,False,False,NONE
+919857957902,Jio 5G,JH,CUST_0006016,DEV_0006016,2023-01-10,False,True,NONE
+919838578903,Airtel India,TS,CUST_0006017,DEV_0006017,2023-01-10,False,False,NONE
+919889112680,Jio 5G,JH,CUST_0006018,DEV_0006018,2023-01-10,False,False,NONE
+919874743739,Airtel India,UP,CUST_0006019,DEV_0006019,2023-01-10,False,False,NONE
+919831733739,Jio 5G,WB,CUST_0006020,DEV_0006020,2023-01-10,False,False,NONE
+919889932151,BSNL Mobile,GJ,CUST_0006021,DEV_0006021,2023-01-10,False,False,NONE
+919873432649,BSNL Mobile,MH,CUST_0006022,DEV_0006022,2023-01-10,False,False,NONE
+919810986613,Vodafone Idea (Vi),UP,CUST_0006023,DEV_0006023,2023-01-10,False,False,NONE
+919897150271,Vodafone Idea (Vi),MH,CUST_0006024,DEV_0006024,2023-01-10,False,True,NONE
+919866686826,Jio 5G,HR,CUST_0006025,DEV_0006025,2023-01-10,False,False,NONE
+919856724103,Vodafone Idea (Vi),JH,CUST_0006026,DEV_0006026,2023-01-10,False,True,NONE
+919839894596,Jio 5G,MH,CUST_0006027,DEV_0006027,2023-01-10,False,False,NONE
+919829379923,Airtel India,UP,CUST_0006028,DEV_0006028,2023-01-10,False,False,NONE
+919867813358,BSNL Mobile,GJ,CUST_0006029,DEV_0006029,2023-01-10,False,False,NONE
+919897468284,BSNL Mobile,GJ,CUST_0006030,DEV_0006030,2023-01-10,False,False,NONE
+919888240320,Airtel India,GJ,CUST_0006031,DEV_0006031,2023-01-10,False,False,NONE
+919854364665,Airtel India,UP,CUST_0006032,DEV_0006032,2023-01-10,False,True,NONE
+919893082175,Vodafone Idea (Vi),RJ,CUST_0006033,DEV_0006033,2023-01-10,False,False,NONE
+919893720035,Jio 5G,UP,CUST_0006034,DEV_0006034,2023-01-10,False,False,NONE
+919835654648,BSNL Mobile,KA,CUST_0006035,DEV_0006035,2023-01-10,False,False,NONE
+919844154689,Jio 5G,WB,CUST_0006036,DEV_0006036,2023-01-10,False,False,NONE
+919863673115,Vodafone Idea (Vi),RJ,CUST_0006037,DEV_0006037,2023-01-10,False,False,NONE
+919887894705,BSNL Mobile,MH,CUST_0006038,DEV_0006038,2023-01-10,False,False,NONE
+919862741241,Vodafone Idea (Vi),MH,CUST_0006039,DEV_0006039,2023-01-10,False,False,NONE
+919844105739,Vodafone Idea (Vi),TS,CUST_0006040,DEV_0006040,2023-01-10,True,True,NONE
+919879510856,Airtel India,HR,CUST_0006041,DEV_0006041,2023-01-10,False,False,NONE
+919867828295,Jio 5G,KA,CUST_0006042,DEV_0006042,2023-01-10,False,False,NONE
+919868105796,Vodafone Idea (Vi),GJ,CUST_0006043,DEV_0006043,2023-01-10,False,False,NONE
+919820746753,Vodafone Idea (Vi),KA,CUST_0006044,DEV_0006044,2023-01-10,False,False,NONE
+919881999072,Airtel India,WB,CUST_0006045,DEV_0006045,2023-01-10,False,False,NONE
+919863415681,Vodafone Idea (Vi),TS,CUST_0006046,DEV_0006046,2023-01-10,False,False,NONE
+919831548747,Jio 5G,TS,CUST_0006047,DEV_0006047,2023-01-10,False,False,NONE
+919882802243,BSNL Mobile,DL,CUST_0006048,DEV_0006048,2023-01-10,False,False,NONE
+919823619712,Vodafone Idea (Vi),UP,CUST_0006049,DEV_0006049,2023-01-10,True,True,NONE
+919860883871,Airtel India,JH,CUST_0006050,DEV_0006050,2023-01-10,False,False,NONE
+919855967837,BSNL Mobile,RJ,CUST_0006051,DEV_0006051,2023-01-10,False,False,NONE
+919847075141,Vodafone Idea (Vi),KA,CUST_0006052,DEV_0006052,2023-01-10,False,False,NONE
+919861684656,Vodafone Idea (Vi),KA,CUST_0006053,DEV_0006053,2023-01-10,False,False,NONE
+919893875749,Jio 5G,GJ,CUST_0006054,DEV_0006054,2023-01-10,False,False,NONE
+919817853500,BSNL Mobile,JH,CUST_0006055,DEV_0006055,2023-01-10,False,False,NONE
+919813782760,Airtel India,TS,CUST_0006056,DEV_0006056,2023-01-10,False,False,NONE
+919848239365,BSNL Mobile,GJ,CUST_0006057,DEV_0006057,2023-01-10,False,False,NONE
+919871958538,Jio 5G,JH,CUST_0006058,DEV_0006058,2023-01-10,False,False,NONE
+919815779055,Jio 5G,DL,CUST_0006059,DEV_0006059,2023-01-10,False,False,NONE
+919885498658,Jio 5G,WB,CUST_0006060,DEV_0006060,2023-01-10,False,False,NONE
+919891909736,Vodafone Idea (Vi),DL,CUST_0006061,DEV_0006061,2023-01-10,False,False,NONE
+919896258523,Airtel India,JH,CUST_0006062,DEV_0006062,2023-01-10,False,False,NONE
+919811217324,BSNL Mobile,DL,CUST_0006063,DEV_0006063,2023-01-10,False,False,NONE
+919859420665,BSNL Mobile,MH,CUST_0006064,DEV_0006064,2023-01-10,False,False,NONE
+919838535353,BSNL Mobile,WB,CUST_0006065,DEV_0006065,2023-01-10,False,False,NONE
+919816595106,Airtel India,UP,CUST_0006066,DEV_0006066,2023-01-10,False,True,NONE
+919833116371,Airtel India,GJ,CUST_0006067,DEV_0006067,2023-01-10,False,False,NONE
+919842458810,Airtel India,JH,CUST_0006068,DEV_0006068,2023-01-10,False,False,NONE
+919835549369,Vodafone Idea (Vi),WB,CUST_0006069,DEV_0006069,2023-01-10,False,False,NONE
+919889120109,BSNL Mobile,DL,CUST_0006070,DEV_0006070,2023-01-10,False,False,NONE
+919878370688,BSNL Mobile,DL,CUST_0006071,DEV_0006071,2023-01-10,False,False,NONE
+919812700922,Vodafone Idea (Vi),KA,CUST_0006072,DEV_0006072,2023-01-10,False,False,NONE
+919854960273,Vodafone Idea (Vi),HR,CUST_0006073,DEV_0006073,2023-01-10,False,False,NONE
+919897656398,BSNL Mobile,HR,CUST_0006074,DEV_0006074,2023-01-10,False,False,NONE
+919878715218,Airtel India,UP,CUST_0006075,DEV_0006075,2023-01-10,False,False,NONE
+919817477875,Vodafone Idea (Vi),KA,CUST_0006076,DEV_0006076,2023-01-10,False,False,NONE
+919862949221,BSNL Mobile,RJ,CUST_0006077,DEV_0006077,2023-01-10,False,False,NONE
+919876111479,BSNL Mobile,TS,CUST_0006078,DEV_0006078,2023-01-10,False,False,NONE
+919838350255,Airtel India,WB,CUST_0006079,DEV_0006079,2023-01-10,False,False,NONE
+919811845419,BSNL Mobile,JH,CUST_0006080,DEV_0006080,2023-01-10,False,False,NONE
+919821028996,Vodafone Idea (Vi),TS,CUST_0006081,DEV_0006081,2023-01-10,False,False,NONE
+919879236127,Vodafone Idea (Vi),KA,CUST_0006082,DEV_0006082,2023-01-10,False,False,NONE
+919840391770,BSNL Mobile,KA,CUST_0006083,DEV_0006083,2023-01-10,False,False,NONE
+919862707108,Vodafone Idea (Vi),DL,CUST_0006084,DEV_0006084,2023-01-10,False,False,NONE
+919887797601,Vodafone Idea (Vi),HR,CUST_0006085,DEV_0006085,2023-01-10,False,False,NONE
+919859444590,BSNL Mobile,RJ,CUST_0006086,DEV_0006086,2023-01-10,False,False,NONE
+919875307424,Jio 5G,MH,CUST_0006087,DEV_0006087,2023-01-10,False,False,NONE
+919841560475,Vodafone Idea (Vi),UP,CUST_0006088,DEV_0006088,2023-01-10,False,True,NONE
+919837427366,BSNL Mobile,TS,CUST_0006089,DEV_0006089,2023-01-10,False,True,NONE
+919885976061,Vodafone Idea (Vi),WB,CUST_0006090,DEV_0006090,2023-01-10,False,False,NONE
+919884758948,BSNL Mobile,TS,CUST_0006091,DEV_0006091,2023-01-10,False,False,NONE
+919828596304,BSNL Mobile,MH,CUST_0006092,DEV_0006092,2023-01-10,False,False,NONE
+919873222030,BSNL Mobile,TS,CUST_0006093,DEV_0006093,2023-01-10,False,False,NONE
+919845005489,Vodafone Idea (Vi),RJ,CUST_0006094,DEV_0006094,2023-01-10,False,False,NONE
+919854933532,Jio 5G,TS,CUST_0006095,DEV_0006095,2023-01-10,False,False,NONE
+919849336276,Airtel India,UP,CUST_0006096,DEV_0006096,2023-01-10,False,False,NONE
+919880537130,Airtel India,JH,CUST_0006097,DEV_0006097,2023-01-10,False,False,NONE
+919847582534,Jio 5G,DL,CUST_0006098,DEV_0006098,2023-01-10,False,False,NONE
+919836064799,Airtel India,KA,CUST_0006099,DEV_0006099,2023-01-10,False,False,NONE
+919879794079,Vodafone Idea (Vi),RJ,CUST_0006100,DEV_0006100,2023-01-10,False,False,NONE
+919838971200,Vodafone Idea (Vi),JH,CUST_0006101,DEV_0006101,2023-01-10,False,True,NONE
+919898917002,Vodafone Idea (Vi),GJ,CUST_0006102,DEV_0006102,2023-01-10,False,False,NONE
+919898885012,Jio 5G,JH,CUST_0006103,DEV_0006103,2023-01-10,False,False,NONE
+919897950283,Vodafone Idea (Vi),GJ,CUST_0006104,DEV_0006104,2023-01-10,False,False,NONE
+919889975636,BSNL Mobile,KA,CUST_0006105,DEV_0006105,2023-01-10,False,False,NONE
+919874348325,Jio 5G,JH,CUST_0006106,DEV_0006106,2023-01-10,False,False,NONE
+919826361376,Airtel India,UP,CUST_0006107,DEV_0006107,2023-01-10,False,True,NONE
+919853709999,Jio 5G,TS,CUST_0006108,DEV_0006108,2023-01-10,False,True,NONE
+919817891708,Airtel India,MH,CUST_0006109,DEV_0006109,2023-01-10,False,False,NONE
+919875736710,Jio 5G,TS,CUST_0006110,DEV_0006110,2023-01-10,False,True,NONE
+919869348909,Airtel India,TS,CUST_0006111,DEV_0006111,2023-01-10,False,False,NONE
+919891373687,Jio 5G,RJ,CUST_0006112,DEV_0006112,2023-01-10,False,False,NONE
+919887688516,BSNL Mobile,TS,CUST_0006113,DEV_0006113,2023-01-10,False,False,NONE
+919825847779,Vodafone Idea (Vi),TS,CUST_0006114,DEV_0006114,2023-01-10,False,False,NONE
+919846214053,Vodafone Idea (Vi),GJ,CUST_0006115,DEV_0006115,2023-01-10,True,True,NONE
+919870882781,Airtel India,WB,CUST_0006116,DEV_0006116,2023-01-10,False,False,NONE
+919881180930,BSNL Mobile,UP,CUST_0006117,DEV_0006117,2023-01-10,True,True,NONE
+919868592421,Jio 5G,RJ,CUST_0006118,DEV_0006118,2023-01-10,False,False,NONE
+919848842506,Airtel India,TS,CUST_0006119,DEV_0006119,2023-01-10,False,False,NONE
+919864401611,Jio 5G,KA,CUST_0006120,DEV_0006120,2023-01-10,False,False,NONE
+919830414940,Airtel India,KA,CUST_0006121,DEV_0006121,2023-01-10,False,False,NONE
+919874459178,BSNL Mobile,MH,CUST_0006122,DEV_0006122,2023-01-10,False,False,NONE
+919897652995,Jio 5G,HR,CUST_0006123,DEV_0006123,2023-01-10,False,False,NONE
+919864845566,BSNL Mobile,KA,CUST_0006124,DEV_0006124,2023-01-10,False,False,NONE
+919812693345,Jio 5G,KA,CUST_0006125,DEV_0006125,2023-01-10,False,False,NONE
+919890302256,BSNL Mobile,JH,CUST_0006126,DEV_0006126,2023-01-10,False,False,NONE
+919838922482,Vodafone Idea (Vi),HR,CUST_0006127,DEV_0006127,2023-01-10,False,False,NONE
+919890633961,Vodafone Idea (Vi),GJ,CUST_0006128,DEV_0006128,2023-01-10,False,False,NONE
+919864201016,Jio 5G,DL,CUST_0006129,DEV_0006129,2023-01-10,False,False,NONE
+919815741949,Vodafone Idea (Vi),TS,CUST_0006130,DEV_0006130,2023-01-10,False,False,NONE
+919826405057,BSNL Mobile,KA,CUST_0006131,DEV_0006131,2023-01-10,False,False,NONE
+919877544307,Vodafone Idea (Vi),TS,CUST_0006132,DEV_0006132,2023-01-10,False,False,NONE
+919888516648,Jio 5G,RJ,CUST_0006133,DEV_0006133,2023-01-10,False,True,NONE
+919889508707,Airtel India,MH,CUST_0006134,DEV_0006134,2023-01-10,False,False,NONE
+919843082237,Airtel India,GJ,CUST_0006135,DEV_0006135,2023-01-10,False,False,NONE
+919834486057,Airtel India,MH,CUST_0006136,DEV_0006136,2023-01-10,False,False,NONE
+919878115927,Jio 5G,KA,CUST_0006137,DEV_0006137,2023-01-10,False,False,NONE
+919879736321,BSNL Mobile,WB,CUST_0006138,DEV_0006138,2023-01-10,False,False,NONE
+919859010567,Vodafone Idea (Vi),MH,CUST_0006139,DEV_0006139,2023-01-10,False,False,NONE
+919844861824,BSNL Mobile,MH,CUST_0006140,DEV_0006140,2023-01-10,False,True,NONE
+919875146350,Jio 5G,TS,CUST_0006141,DEV_0006141,2023-01-10,False,False,NONE
+919861140112,BSNL Mobile,UP,CUST_0006142,DEV_0006142,2023-01-10,False,False,NONE
+919835273544,Airtel India,HR,CUST_0006143,DEV_0006143,2023-01-10,False,False,NONE
+919863690347,BSNL Mobile,RJ,CUST_0006144,DEV_0006144,2023-01-10,False,False,NONE
+919893349448,Jio 5G,KA,CUST_0006145,DEV_0006145,2023-01-10,True,True,NONE
+919865790285,Airtel India,UP,CUST_0006146,DEV_0006146,2023-01-10,False,False,NONE
+919891853986,Jio 5G,UP,CUST_0006147,DEV_0006147,2023-01-10,False,False,NONE
+919871161730,Airtel India,GJ,CUST_0006148,DEV_0006148,2023-01-10,False,False,NONE
+919884178680,Airtel India,RJ,CUST_0006149,DEV_0006149,2023-01-10,False,True,NONE
+919873353755,Jio 5G,RJ,CUST_0006150,DEV_0006150,2023-01-10,False,False,NONE
+919815930614,BSNL Mobile,GJ,CUST_0006151,DEV_0006151,2023-01-10,True,True,NONE
+919874652744,Jio 5G,UP,CUST_0006152,DEV_0006152,2023-01-10,False,True,NONE
+919873580975,BSNL Mobile,RJ,CUST_0006153,DEV_0006153,2023-01-10,False,False,NONE
+919877231283,Jio 5G,KA,CUST_0006154,DEV_0006154,2023-01-10,False,False,NONE
+919820291890,Airtel India,MH,CUST_0006155,DEV_0006155,2023-01-10,False,False,NONE
+919869102257,Jio 5G,JH,CUST_0006156,DEV_0006156,2023-01-10,False,False,NONE
+919873318774,Airtel India,WB,CUST_0006157,DEV_0006157,2023-01-10,False,False,NONE
+919813207347,Vodafone Idea (Vi),DL,CUST_0006158,DEV_0006158,2023-01-10,False,False,NONE
+919886186320,BSNL Mobile,UP,CUST_0006159,DEV_0006159,2023-01-10,False,False,NONE
+919835087173,Airtel India,DL,CUST_0006160,DEV_0006160,2023-01-10,False,False,NONE
+919820968054,Jio 5G,WB,CUST_0006161,DEV_0006161,2023-01-10,False,False,NONE
+919830706323,BSNL Mobile,MH,CUST_0006162,DEV_0006162,2023-01-10,False,False,NONE
+919836172775,BSNL Mobile,WB,CUST_0006163,DEV_0006163,2023-01-10,False,False,NONE
+919853458201,Jio 5G,UP,CUST_0006164,DEV_0006164,2023-01-10,False,False,NONE
+919821242660,Vodafone Idea (Vi),WB,CUST_0006165,DEV_0006165,2023-01-10,False,False,NONE
+919824595500,Vodafone Idea (Vi),GJ,CUST_0006166,DEV_0006166,2023-01-10,False,False,NONE
+919861030763,Airtel India,UP,CUST_0006167,DEV_0006167,2023-01-10,False,False,NONE
+919839950126,Vodafone Idea (Vi),UP,CUST_0006168,DEV_0006168,2023-01-10,False,False,NONE
+919819215119,Airtel India,MH,CUST_0006169,DEV_0006169,2023-01-10,False,False,NONE
+919839107461,Airtel India,HR,CUST_0006170,DEV_0006170,2023-01-10,False,False,NONE
+919881201768,BSNL Mobile,KA,CUST_0006171,DEV_0006171,2023-01-10,False,True,NONE
+919843657595,Jio 5G,UP,CUST_0006172,DEV_0006172,2023-01-10,False,False,NONE
+919899637288,Jio 5G,DL,CUST_0006173,DEV_0006173,2023-01-10,False,False,NONE
+919827787127,Vodafone Idea (Vi),HR,CUST_0006174,DEV_0006174,2023-01-10,False,False,NONE
+919833793211,Jio 5G,KA,CUST_0006175,DEV_0006175,2023-01-10,False,False,NONE
+919838523589,Jio 5G,WB,CUST_0006176,DEV_0006176,2023-01-10,False,True,NONE
+919898777334,Vodafone Idea (Vi),DL,CUST_0006177,DEV_0006177,2023-01-10,False,False,NONE
+919859946015,Jio 5G,RJ,CUST_0006178,DEV_0006178,2023-01-10,False,False,NONE
+919871774129,BSNL Mobile,UP,CUST_0006179,DEV_0006179,2023-01-10,False,False,NONE
+919878878406,Jio 5G,WB,CUST_0006180,DEV_0006180,2023-01-10,True,True,NONE
+919897747227,Jio 5G,DL,CUST_0006181,DEV_0006181,2023-01-10,False,False,NONE
+919876401849,BSNL Mobile,JH,CUST_0006182,DEV_0006182,2023-01-10,False,False,NONE
+919863186994,BSNL Mobile,UP,CUST_0006183,DEV_0006183,2023-01-10,False,True,NONE
+919894250461,Vodafone Idea (Vi),JH,CUST_0006184,DEV_0006184,2023-01-10,False,False,NONE
+919869806154,BSNL Mobile,UP,CUST_0006185,DEV_0006185,2023-01-10,False,False,NONE
+919823263140,Vodafone Idea (Vi),GJ,CUST_0006186,DEV_0006186,2023-01-10,False,False,NONE
+919847996457,Vodafone Idea (Vi),DL,CUST_0006187,DEV_0006187,2023-01-10,False,False,NONE
+919860210007,BSNL Mobile,DL,CUST_0006188,DEV_0006188,2023-01-10,False,False,NONE
+919864706358,BSNL Mobile,KA,CUST_0006189,DEV_0006189,2023-01-10,False,False,NONE
+919888854963,Jio 5G,RJ,CUST_0006190,DEV_0006190,2023-01-10,False,False,NONE
+919867237163,Vodafone Idea (Vi),JH,CUST_0006191,DEV_0006191,2023-01-10,False,False,NONE
+919860041856,BSNL Mobile,RJ,CUST_0006192,DEV_0006192,2023-01-10,False,False,NONE
+919862266125,Jio 5G,UP,CUST_0006193,DEV_0006193,2023-01-10,False,False,NONE
+919868548594,BSNL Mobile,JH,CUST_0006194,DEV_0006194,2023-01-10,False,True,NONE
+919834186314,BSNL Mobile,DL,CUST_0006195,DEV_0006195,2023-01-10,False,False,NONE
+919851366411,Jio 5G,HR,CUST_0006196,DEV_0006196,2023-01-10,False,False,NONE
+919860183304,Jio 5G,HR,CUST_0006197,DEV_0006197,2023-01-10,False,False,NONE
+919885381496,Airtel India,WB,CUST_0006198,DEV_0006198,2023-01-10,False,False,NONE
+919816084993,Jio 5G,MH,CUST_0006199,DEV_0006199,2023-01-10,False,False,NONE
+919894265165,Airtel India,GJ,CUST_0006200,DEV_0006200,2023-01-10,False,False,NONE
+919822770762,Airtel India,DL,CUST_0006201,DEV_0006201,2023-01-10,False,False,NONE
+919833655887,Vodafone Idea (Vi),JH,CUST_0006202,DEV_0006202,2023-01-10,False,False,NONE
+919878373299,Jio 5G,JH,CUST_0006203,DEV_0006203,2023-01-10,False,False,NONE
+919867894207,BSNL Mobile,MH,CUST_0006204,DEV_0006204,2023-01-10,False,False,NONE
+919857281952,Jio 5G,DL,CUST_0006205,DEV_0006205,2023-01-10,False,False,NONE
+919824612095,BSNL Mobile,KA,CUST_0006206,DEV_0006206,2023-01-10,False,False,NONE
+919879452801,BSNL Mobile,KA,CUST_0006207,DEV_0006207,2023-01-10,False,False,NONE
+919882967935,Jio 5G,JH,CUST_0006208,DEV_0006208,2023-01-10,False,False,NONE
+919852189706,Jio 5G,JH,CUST_0006209,DEV_0006209,2023-01-10,False,False,NONE
+919897517243,Jio 5G,MH,CUST_0006210,DEV_0006210,2023-01-10,False,False,NONE
+919834970998,Jio 5G,UP,CUST_0006211,DEV_0006211,2023-01-10,False,False,NONE
+919887026036,Jio 5G,DL,CUST_0006212,DEV_0006212,2023-01-10,False,False,NONE
+919893624324,Vodafone Idea (Vi),WB,CUST_0006213,DEV_0006213,2023-01-10,False,False,NONE
+919868910972,Jio 5G,TS,CUST_0006214,DEV_0006214,2023-01-10,False,False,NONE
+919865315818,BSNL Mobile,HR,CUST_0006215,DEV_0006215,2023-01-10,False,False,NONE
+919845690818,Airtel India,KA,CUST_0006216,DEV_0006216,2023-01-10,False,False,NONE
+919837601001,Jio 5G,KA,CUST_0006217,DEV_0006217,2023-01-10,False,False,NONE
+919817665513,Jio 5G,MH,CUST_0006218,DEV_0006218,2023-01-10,False,False,NONE
+919873904310,Vodafone Idea (Vi),WB,CUST_0006219,DEV_0006219,2023-01-10,False,False,NONE
+919877046843,Vodafone Idea (Vi),HR,CUST_0006220,DEV_0006220,2023-01-10,False,False,NONE
+919870349312,Vodafone Idea (Vi),KA,CUST_0006221,DEV_0006221,2023-01-10,False,False,NONE
+919821187400,Airtel India,MH,CUST_0006222,DEV_0006222,2023-01-10,False,False,NONE
+919890461547,BSNL Mobile,DL,CUST_0006223,DEV_0006223,2023-01-10,False,False,NONE
+919834411512,Jio 5G,GJ,CUST_0006224,DEV_0006224,2023-01-10,False,False,NONE
+919839842806,BSNL Mobile,GJ,CUST_0006225,DEV_0006225,2023-01-10,False,False,NONE
+919885779956,Jio 5G,GJ,CUST_0006226,DEV_0006226,2023-01-10,False,False,NONE
+919827037783,Airtel India,TS,CUST_0006227,DEV_0006227,2023-01-10,False,True,NONE
+919819922921,Airtel India,RJ,CUST_0006228,DEV_0006228,2023-01-10,False,False,NONE
+919856820070,Airtel India,UP,CUST_0006229,DEV_0006229,2023-01-10,False,False,NONE
+919865760983,Airtel India,TS,CUST_0006230,DEV_0006230,2023-01-10,False,False,NONE
+919825864497,Jio 5G,TS,CUST_0006231,DEV_0006231,2023-01-10,False,False,NONE
+919825952356,Airtel India,TS,CUST_0006232,DEV_0006232,2023-01-10,False,False,NONE
+919842014004,BSNL Mobile,TS,CUST_0006233,DEV_0006233,2023-01-10,False,False,NONE
+919860117900,BSNL Mobile,HR,CUST_0006234,DEV_0006234,2023-01-10,False,False,NONE
+919846891861,BSNL Mobile,WB,CUST_0006235,DEV_0006235,2023-01-10,False,False,NONE
+919832430947,Vodafone Idea (Vi),JH,CUST_0006236,DEV_0006236,2023-01-10,False,False,NONE
+919816211025,Jio 5G,KA,CUST_0006237,DEV_0006237,2023-01-10,False,False,NONE
+919817430096,Jio 5G,WB,CUST_0006238,DEV_0006238,2023-01-10,False,False,NONE
+919811310786,Jio 5G,HR,CUST_0006239,DEV_0006239,2023-01-10,False,False,NONE
+919891816792,Airtel India,TS,CUST_0006240,DEV_0006240,2023-01-10,False,False,NONE
+919871201388,BSNL Mobile,MH,CUST_0006241,DEV_0006241,2023-01-10,False,False,NONE
+919825729062,Jio 5G,RJ,CUST_0006242,DEV_0006242,2023-01-10,False,False,NONE
+919810419140,Vodafone Idea (Vi),DL,CUST_0006243,DEV_0006243,2023-01-10,False,False,NONE
+919866032136,Jio 5G,MH,CUST_0006244,DEV_0006244,2023-01-10,False,False,NONE
+919888274866,Airtel India,GJ,CUST_0006245,DEV_0006245,2023-01-10,False,False,NONE
+919878742318,Airtel India,DL,CUST_0006246,DEV_0006246,2023-01-10,True,True,NONE
+919819034073,Vodafone Idea (Vi),UP,CUST_0006247,DEV_0006247,2023-01-10,False,True,NONE
+919840909402,Jio 5G,UP,CUST_0006248,DEV_0006248,2023-01-10,False,False,NONE
+919897559662,Airtel India,DL,CUST_0006249,DEV_0006249,2023-01-10,False,False,NONE
+919881565776,Jio 5G,MH,CUST_0006250,DEV_0006250,2023-01-10,False,False,NONE
+919840141148,Vodafone Idea (Vi),UP,CUST_0006251,DEV_0006251,2023-01-10,False,False,NONE
+919851434519,Airtel India,WB,CUST_0006252,DEV_0006252,2023-01-10,False,False,NONE
+919843189457,Airtel India,GJ,CUST_0006253,DEV_0006253,2023-01-10,False,False,NONE
+919829447124,Vodafone Idea (Vi),KA,CUST_0006254,DEV_0006254,2023-01-10,False,False,NONE
+919883105081,BSNL Mobile,WB,CUST_0006255,DEV_0006255,2023-01-10,False,False,NONE
+919813122478,Vodafone Idea (Vi),HR,CUST_0006256,DEV_0006256,2023-01-10,False,False,NONE
+919879231752,Airtel India,GJ,CUST_0006257,DEV_0006257,2023-01-10,False,False,NONE
+919864863635,Jio 5G,TS,CUST_0006258,DEV_0006258,2023-01-10,False,False,NONE
+919888070591,BSNL Mobile,GJ,CUST_0006259,DEV_0006259,2023-01-10,False,False,NONE
+919839613856,Airtel India,RJ,CUST_0006260,DEV_0006260,2023-01-10,False,False,NONE
+919867934885,Airtel India,RJ,CUST_0006261,DEV_0006261,2023-01-10,False,False,NONE
+919835866016,Vodafone Idea (Vi),UP,CUST_0006262,DEV_0006262,2023-01-10,False,False,NONE
+919879891635,Jio 5G,TS,CUST_0006263,DEV_0006263,2023-01-10,False,False,NONE
+919850698607,Airtel India,RJ,CUST_0006264,DEV_0006264,2023-01-10,False,False,NONE
+919810330182,Vodafone Idea (Vi),DL,CUST_0006265,DEV_0006265,2023-01-10,False,False,NONE
+919849035754,BSNL Mobile,WB,CUST_0006266,DEV_0006266,2023-01-10,False,True,NONE
+919870309651,Jio 5G,KA,CUST_0006267,DEV_0006267,2023-01-10,False,False,NONE
+919882715322,BSNL Mobile,HR,CUST_0006268,DEV_0006268,2023-01-10,False,False,NONE
+919873541882,Airtel India,RJ,CUST_0006269,DEV_0006269,2023-01-10,False,False,NONE
+919899981042,Airtel India,RJ,CUST_0006270,DEV_0006270,2023-01-10,False,False,NONE
+919859420496,Vodafone Idea (Vi),DL,CUST_0006271,DEV_0006271,2023-01-10,False,False,NONE
+919837988025,Airtel India,RJ,CUST_0006272,DEV_0006272,2023-01-10,False,False,NONE
+919872993796,Airtel India,MH,CUST_0006273,DEV_0006273,2023-01-10,False,False,NONE
+919888489006,Jio 5G,GJ,CUST_0006274,DEV_0006274,2023-01-10,False,True,NONE
+919856617556,Jio 5G,TS,CUST_0006275,DEV_0006275,2023-01-10,False,False,NONE
+919854194278,Vodafone Idea (Vi),RJ,CUST_0006276,DEV_0006276,2023-01-10,False,False,NONE
+919813886928,BSNL Mobile,HR,CUST_0006277,DEV_0006277,2023-01-10,False,False,NONE
+919882895455,BSNL Mobile,DL,CUST_0006278,DEV_0006278,2023-01-10,False,False,NONE
+919824617325,Jio 5G,KA,CUST_0006279,DEV_0006279,2023-01-10,False,False,NONE
+919815386797,Jio 5G,DL,CUST_0006280,DEV_0006280,2023-01-10,False,False,NONE
+919867000996,Jio 5G,JH,CUST_0006281,DEV_0006281,2023-01-10,False,False,NONE
+919847841082,Vodafone Idea (Vi),JH,CUST_0006282,DEV_0006282,2023-01-10,False,False,NONE
+919866840302,Airtel India,HR,CUST_0006283,DEV_0006283,2023-01-10,False,False,NONE
+919874122437,Airtel India,WB,CUST_0006284,DEV_0006284,2023-01-10,False,False,NONE
+919836641691,BSNL Mobile,MH,CUST_0006285,DEV_0006285,2023-01-10,False,False,NONE
+919857183626,Jio 5G,DL,CUST_0006286,DEV_0006286,2023-01-10,True,True,NONE
+919867506326,Airtel India,UP,CUST_0006287,DEV_0006287,2023-01-10,False,False,NONE
+919857835079,BSNL Mobile,JH,CUST_0006288,DEV_0006288,2023-01-10,False,False,NONE
+919813295469,Vodafone Idea (Vi),DL,CUST_0006289,DEV_0006289,2023-01-10,False,True,NONE
+919887833432,Vodafone Idea (Vi),JH,CUST_0006290,DEV_0006290,2023-01-10,False,False,NONE
+919849222630,Airtel India,GJ,CUST_0006291,DEV_0006291,2023-01-10,False,False,NONE
+919835493433,Vodafone Idea (Vi),JH,CUST_0006292,DEV_0006292,2023-01-10,False,False,NONE
+919870307500,Jio 5G,JH,CUST_0006293,DEV_0006293,2023-01-10,False,False,NONE
+919844292204,Airtel India,WB,CUST_0006294,DEV_0006294,2023-01-10,False,False,NONE
+919868971665,BSNL Mobile,RJ,CUST_0006295,DEV_0006295,2023-01-10,False,False,NONE
+919888238546,Vodafone Idea (Vi),DL,CUST_0006296,DEV_0006296,2023-01-10,False,False,NONE
+919855083617,Jio 5G,TS,CUST_0006297,DEV_0006297,2023-01-10,False,False,NONE
+919835000264,Jio 5G,RJ,CUST_0006298,DEV_0006298,2023-01-10,False,False,NONE
+919890608283,Vodafone Idea (Vi),TS,CUST_0006299,DEV_0006299,2023-01-10,False,False,NONE
+919872216126,Airtel India,DL,CUST_0006300,DEV_0006300,2023-01-10,False,False,NONE
+919894711576,Vodafone Idea (Vi),DL,CUST_0006301,DEV_0006301,2023-01-10,False,False,NONE
+919883310964,Jio 5G,JH,CUST_0006302,DEV_0006302,2023-01-10,False,False,NONE
+919878316324,BSNL Mobile,UP,CUST_0006303,DEV_0006303,2023-01-10,False,False,NONE
+919856158621,Jio 5G,UP,CUST_0006304,DEV_0006304,2023-01-10,False,False,NONE
+919823297713,Jio 5G,DL,CUST_0006305,DEV_0006305,2023-01-10,False,False,NONE
+919845591466,Airtel India,DL,CUST_0006306,DEV_0006306,2023-01-10,False,True,NONE
+919897903300,Jio 5G,JH,CUST_0006307,DEV_0006307,2023-01-10,False,False,NONE
+919885025898,Vodafone Idea (Vi),GJ,CUST_0006308,DEV_0006308,2023-01-10,False,False,NONE
+919897762740,BSNL Mobile,JH,CUST_0006309,DEV_0006309,2023-01-10,False,False,NONE
+919877494449,Jio 5G,JH,CUST_0006310,DEV_0006310,2023-01-10,False,False,NONE
+919824046096,BSNL Mobile,KA,CUST_0006311,DEV_0006311,2023-01-10,False,False,NONE
+919814033690,Airtel India,TS,CUST_0006312,DEV_0006312,2023-01-10,False,False,NONE
+919824492469,Airtel India,UP,CUST_0006313,DEV_0006313,2023-01-10,False,False,NONE
+919811473192,Airtel India,UP,CUST_0006314,DEV_0006314,2023-01-10,False,False,NONE
+919891079016,Vodafone Idea (Vi),MH,CUST_0006315,DEV_0006315,2023-01-10,True,True,NONE
+919895854345,Jio 5G,TS,CUST_0006316,DEV_0006316,2023-01-10,False,False,NONE
+919894532147,Jio 5G,JH,CUST_0006317,DEV_0006317,2023-01-10,False,False,NONE
+919896970462,Airtel India,RJ,CUST_0006318,DEV_0006318,2023-01-10,False,False,NONE
+919850070442,Airtel India,DL,CUST_0006319,DEV_0006319,2023-01-10,False,False,NONE
+919829369072,Jio 5G,TS,CUST_0006320,DEV_0006320,2023-01-10,False,False,NONE
+919831640234,BSNL Mobile,JH,CUST_0006321,DEV_0006321,2023-01-10,False,False,NONE
+919884170804,Jio 5G,TS,CUST_0006322,DEV_0006322,2023-01-10,False,True,NONE
+919877718949,Jio 5G,WB,CUST_0006323,DEV_0006323,2023-01-10,False,False,NONE
+919897328451,Vodafone Idea (Vi),HR,CUST_0006324,DEV_0006324,2023-01-10,False,False,NONE
+919852890139,BSNL Mobile,KA,CUST_0006325,DEV_0006325,2023-01-10,False,False,NONE
+919841193553,Vodafone Idea (Vi),DL,CUST_0006326,DEV_0006326,2023-01-10,False,False,NONE
+919889453533,Airtel India,RJ,CUST_0006327,DEV_0006327,2023-01-10,False,False,NONE
+919818979541,Airtel India,DL,CUST_0006328,DEV_0006328,2023-01-10,False,False,NONE
+919830899134,Jio 5G,MH,CUST_0006329,DEV_0006329,2023-01-10,False,False,NONE
+919897907307,Jio 5G,HR,CUST_0006330,DEV_0006330,2023-01-10,False,True,NONE
+919835920384,Vodafone Idea (Vi),TS,CUST_0006331,DEV_0006331,2023-01-10,False,False,NONE
+919871768465,BSNL Mobile,UP,CUST_0006332,DEV_0006332,2023-01-10,False,False,NONE
+919873792559,Vodafone Idea (Vi),WB,CUST_0006333,DEV_0006333,2023-01-10,False,False,NONE
+919818879400,Vodafone Idea (Vi),GJ,CUST_0006334,DEV_0006334,2023-01-10,True,True,NONE
+919832451327,Vodafone Idea (Vi),DL,CUST_0006335,DEV_0006335,2023-01-10,False,False,NONE
+919880517084,Jio 5G,MH,CUST_0006336,DEV_0006336,2023-01-10,False,False,NONE
+919835025080,Airtel India,UP,CUST_0006337,DEV_0006337,2023-01-10,False,False,NONE
+919830399554,Airtel India,RJ,CUST_0006338,DEV_0006338,2023-01-10,False,False,NONE
+919813386877,Airtel India,TS,CUST_0006339,DEV_0006339,2023-01-10,False,False,NONE
+919826910409,BSNL Mobile,WB,CUST_0006340,DEV_0006340,2023-01-10,False,False,NONE
+919826925316,Vodafone Idea (Vi),RJ,CUST_0006341,DEV_0006341,2023-01-10,False,False,NONE
+919854856377,Jio 5G,KA,CUST_0006342,DEV_0006342,2023-01-10,False,True,NONE
+919836930682,BSNL Mobile,GJ,CUST_0006343,DEV_0006343,2023-01-10,False,False,NONE
+919857451406,Airtel India,WB,CUST_0006344,DEV_0006344,2023-01-10,False,False,NONE
+919844528006,Jio 5G,GJ,CUST_0006345,DEV_0006345,2023-01-10,False,False,NONE
+919886993089,Vodafone Idea (Vi),TS,CUST_0006346,DEV_0006346,2023-01-10,False,True,NONE
+919886990487,Vodafone Idea (Vi),TS,CUST_0006347,DEV_0006347,2023-01-10,False,False,NONE
+919867339710,Airtel India,UP,CUST_0006348,DEV_0006348,2023-01-10,False,False,NONE
+919870621684,Vodafone Idea (Vi),JH,CUST_0006349,DEV_0006349,2023-01-10,False,False,NONE
+919894166960,Vodafone Idea (Vi),HR,CUST_0006350,DEV_0006350,2023-01-10,False,True,NONE
+919899252745,Jio 5G,JH,CUST_0006351,DEV_0006351,2023-01-10,False,False,NONE
+919850899321,Vodafone Idea (Vi),WB,CUST_0006352,DEV_0006352,2023-01-10,False,False,NONE
+919856961999,BSNL Mobile,GJ,CUST_0006353,DEV_0006353,2023-01-10,False,False,NONE
+919860191338,Jio 5G,DL,CUST_0006354,DEV_0006354,2023-01-10,False,False,NONE
+919883019846,Jio 5G,HR,CUST_0006355,DEV_0006355,2023-01-10,False,False,NONE
+919848039659,BSNL Mobile,TS,CUST_0006356,DEV_0006356,2023-01-10,False,False,NONE
+919885357297,BSNL Mobile,MH,CUST_0006357,DEV_0006357,2023-01-10,False,False,NONE
+919887171475,Vodafone Idea (Vi),HR,CUST_0006358,DEV_0006358,2023-01-10,False,False,NONE
+919838759082,Vodafone Idea (Vi),HR,CUST_0006359,DEV_0006359,2023-01-10,False,False,NONE
+919846012047,Jio 5G,KA,CUST_0006360,DEV_0006360,2023-01-10,False,True,NONE
+919883605939,Vodafone Idea (Vi),MH,CUST_0006361,DEV_0006361,2023-01-10,False,False,NONE
+919889645723,Jio 5G,JH,CUST_0006362,DEV_0006362,2023-01-10,False,False,NONE
+919894021218,Vodafone Idea (Vi),UP,CUST_0006363,DEV_0006363,2023-01-10,False,False,NONE
+919847267019,Vodafone Idea (Vi),WB,CUST_0006364,DEV_0006364,2023-01-10,False,False,NONE
+919830054962,Airtel India,KA,CUST_0006365,DEV_0006365,2023-01-10,False,False,NONE
+919892070134,BSNL Mobile,UP,CUST_0006366,DEV_0006366,2023-01-10,False,False,NONE
+919885196538,Airtel India,MH,CUST_0006367,DEV_0006367,2023-01-10,False,False,NONE
+919820417738,Airtel India,JH,CUST_0006368,DEV_0006368,2023-01-10,False,False,NONE
+919836147335,Vodafone Idea (Vi),MH,CUST_0006369,DEV_0006369,2023-01-10,False,False,NONE
+919839951676,Airtel India,WB,CUST_0006370,DEV_0006370,2023-01-10,False,False,NONE
+919856180223,Airtel India,RJ,CUST_0006371,DEV_0006371,2023-01-10,False,False,NONE
+919818235580,Airtel India,MH,CUST_0006372,DEV_0006372,2023-01-10,False,False,NONE
+919832806958,Jio 5G,UP,CUST_0006373,DEV_0006373,2023-01-10,False,False,NONE
+919814642063,BSNL Mobile,RJ,CUST_0006374,DEV_0006374,2023-01-10,False,False,NONE
+919880867148,Vodafone Idea (Vi),RJ,CUST_0006375,DEV_0006375,2023-01-10,False,False,NONE
+919867989410,Vodafone Idea (Vi),RJ,CUST_0006376,DEV_0006376,2023-01-10,False,False,NONE
+919857094328,Jio 5G,MH,CUST_0006377,DEV_0006377,2023-01-10,False,False,NONE
+919842066760,Jio 5G,WB,CUST_0006378,DEV_0006378,2023-01-10,False,False,NONE
+919899537322,Airtel India,WB,CUST_0006379,DEV_0006379,2023-01-10,False,False,NONE
+919810695185,Airtel India,UP,CUST_0006380,DEV_0006380,2023-01-10,False,True,NONE
+919877108154,Vodafone Idea (Vi),HR,CUST_0006381,DEV_0006381,2023-01-10,False,False,NONE
+919857924300,Vodafone Idea (Vi),GJ,CUST_0006382,DEV_0006382,2023-01-10,False,False,NONE
+919871484782,BSNL Mobile,WB,CUST_0006383,DEV_0006383,2023-01-10,False,False,NONE
+919865279825,BSNL Mobile,TS,CUST_0006384,DEV_0006384,2023-01-10,False,False,NONE
+919834001908,Airtel India,UP,CUST_0006385,DEV_0006385,2023-01-10,False,False,NONE
+919847992175,BSNL Mobile,HR,CUST_0006386,DEV_0006386,2023-01-10,False,False,NONE
+919877936703,Vodafone Idea (Vi),UP,CUST_0006387,DEV_0006387,2023-01-10,False,False,NONE
+919868232135,BSNL Mobile,WB,CUST_0006388,DEV_0006388,2023-01-10,False,False,NONE
+919839980171,Jio 5G,HR,CUST_0006389,DEV_0006389,2023-01-10,False,False,NONE
+919835134042,Jio 5G,TS,CUST_0006390,DEV_0006390,2023-01-10,False,False,NONE
+919899199788,Jio 5G,TS,CUST_0006391,DEV_0006391,2023-01-10,False,False,NONE
+919816146753,BSNL Mobile,UP,CUST_0006392,DEV_0006392,2023-01-10,False,False,NONE
+919842977594,Vodafone Idea (Vi),KA,CUST_0006393,DEV_0006393,2023-01-10,False,False,NONE
+919876076468,Airtel India,KA,CUST_0006394,DEV_0006394,2023-01-10,False,False,NONE
+919839545394,Vodafone Idea (Vi),RJ,CUST_0006395,DEV_0006395,2023-01-10,False,False,NONE
+919866169150,Vodafone Idea (Vi),GJ,CUST_0006396,DEV_0006396,2023-01-10,False,False,NONE
+919813502126,Vodafone Idea (Vi),DL,CUST_0006397,DEV_0006397,2023-01-10,False,False,NONE
+919817325501,Vodafone Idea (Vi),RJ,CUST_0006398,DEV_0006398,2023-01-10,False,False,NONE
+919842312450,BSNL Mobile,GJ,CUST_0006399,DEV_0006399,2023-01-10,False,True,NONE
+919857408473,Airtel India,JH,CUST_0006400,DEV_0006400,2023-01-10,False,False,NONE
+919833454452,BSNL Mobile,RJ,CUST_0006401,DEV_0006401,2023-01-10,False,False,NONE
+919839794653,BSNL Mobile,RJ,CUST_0006402,DEV_0006402,2023-01-10,False,True,NONE
+919819311161,Vodafone Idea (Vi),UP,CUST_0006403,DEV_0006403,2023-01-10,False,True,NONE
+919836389534,Jio 5G,TS,CUST_0006404,DEV_0006404,2023-01-10,False,False,NONE
+919871996604,Airtel India,TS,CUST_0006405,DEV_0006405,2023-01-10,False,False,NONE
+919828483966,Jio 5G,MH,CUST_0006406,DEV_0006406,2023-01-10,False,False,NONE
+919840387119,Airtel India,KA,CUST_0006407,DEV_0006407,2023-01-10,False,False,NONE
+919874567677,Vodafone Idea (Vi),KA,CUST_0006408,DEV_0006408,2023-01-10,False,False,NONE
+919823099956,Jio 5G,MH,CUST_0006409,DEV_0006409,2023-01-10,False,False,NONE
+919890935032,Jio 5G,HR,CUST_0006410,DEV_0006410,2023-01-10,False,False,NONE
+919813791302,Vodafone Idea (Vi),TS,CUST_0006411,DEV_0006411,2023-01-10,False,False,NONE
+919852354943,Jio 5G,GJ,CUST_0006412,DEV_0006412,2023-01-10,False,False,NONE
+919890761543,Vodafone Idea (Vi),KA,CUST_0006413,DEV_0006413,2023-01-10,False,True,NONE
+919827600291,BSNL Mobile,WB,CUST_0006414,DEV_0006414,2023-01-10,False,False,NONE
+919884333562,Jio 5G,MH,CUST_0006415,DEV_0006415,2023-01-10,False,False,NONE
+919878322270,Vodafone Idea (Vi),JH,CUST_0006416,DEV_0006416,2023-01-10,False,False,NONE
+919815647614,Airtel India,KA,CUST_0006417,DEV_0006417,2023-01-10,True,True,NONE
+919878121945,Airtel India,MH,CUST_0006418,DEV_0006418,2023-01-10,False,False,NONE
+919864614643,Vodafone Idea (Vi),RJ,CUST_0006419,DEV_0006419,2023-01-10,False,False,NONE
+919842965080,Jio 5G,WB,CUST_0006420,DEV_0006420,2023-01-10,False,False,NONE
+919819621958,Vodafone Idea (Vi),JH,CUST_0006421,DEV_0006421,2023-01-10,False,False,NONE
+919873490761,BSNL Mobile,GJ,CUST_0006422,DEV_0006422,2023-01-10,False,False,NONE
+919888584253,Jio 5G,TS,CUST_0006423,DEV_0006423,2023-01-10,False,False,NONE
+919811017162,Vodafone Idea (Vi),DL,CUST_0006424,DEV_0006424,2023-01-10,False,False,NONE
+919818904349,Airtel India,KA,CUST_0006425,DEV_0006425,2023-01-10,False,False,NONE
+919866694756,Airtel India,GJ,CUST_0006426,DEV_0006426,2023-01-10,False,False,NONE
+919832322384,Airtel India,JH,CUST_0006427,DEV_0006427,2023-01-10,False,False,NONE
+919865268885,BSNL Mobile,WB,CUST_0006428,DEV_0006428,2023-01-10,False,False,NONE
+919835708060,Vodafone Idea (Vi),HR,CUST_0006429,DEV_0006429,2023-01-10,False,False,NONE
+919875698515,BSNL Mobile,KA,CUST_0006430,DEV_0006430,2023-01-10,False,False,NONE
+919825325426,Airtel India,WB,CUST_0006431,DEV_0006431,2023-01-10,False,False,NONE
+919882454885,BSNL Mobile,KA,CUST_0006432,DEV_0006432,2023-01-10,False,False,NONE
+919873218845,Vodafone Idea (Vi),MH,CUST_0006433,DEV_0006433,2023-01-10,False,True,NONE
+919834322440,BSNL Mobile,DL,CUST_0006434,DEV_0006434,2023-01-10,False,False,NONE
+919823107222,Jio 5G,TS,CUST_0006435,DEV_0006435,2023-01-10,False,False,NONE
+919833371054,BSNL Mobile,HR,CUST_0006436,DEV_0006436,2023-01-10,False,False,NONE
+919851997407,Vodafone Idea (Vi),KA,CUST_0006437,DEV_0006437,2023-01-10,False,False,NONE
+919889324901,Jio 5G,KA,CUST_0006438,DEV_0006438,2023-01-10,False,False,NONE
+919842676728,BSNL Mobile,JH,CUST_0006439,DEV_0006439,2023-01-10,False,False,NONE
+919833611717,BSNL Mobile,HR,CUST_0006440,DEV_0006440,2023-01-10,False,True,NONE
+919860176434,BSNL Mobile,HR,CUST_0006441,DEV_0006441,2023-01-10,False,False,NONE
+919828679987,BSNL Mobile,TS,CUST_0006442,DEV_0006442,2023-01-10,False,False,NONE
+919846388271,Vodafone Idea (Vi),HR,CUST_0006443,DEV_0006443,2023-01-10,False,False,NONE
+919863021681,Airtel India,JH,CUST_0006444,DEV_0006444,2023-01-10,False,False,NONE
+919877172396,Vodafone Idea (Vi),TS,CUST_0006445,DEV_0006445,2023-01-10,True,True,NONE
+919818472665,Jio 5G,DL,CUST_0006446,DEV_0006446,2023-01-10,False,False,NONE
+919876794017,BSNL Mobile,HR,CUST_0006447,DEV_0006447,2023-01-10,False,False,NONE
+919878096072,Vodafone Idea (Vi),UP,CUST_0006448,DEV_0006448,2023-01-10,False,False,NONE
+919824480123,Jio 5G,RJ,CUST_0006449,DEV_0006449,2023-01-10,False,True,NONE
+919847418187,Vodafone Idea (Vi),DL,CUST_0006450,DEV_0006450,2023-01-10,False,False,NONE
+919863906744,Jio 5G,MH,CUST_0006451,DEV_0006451,2023-01-10,False,False,NONE
+919817673619,Airtel India,DL,CUST_0006452,DEV_0006452,2023-01-10,False,False,NONE
+919876376956,Vodafone Idea (Vi),KA,CUST_0006453,DEV_0006453,2023-01-10,False,False,NONE
+919870665678,Airtel India,MH,CUST_0006454,DEV_0006454,2023-01-10,False,True,NONE
+919812299478,Vodafone Idea (Vi),WB,CUST_0006455,DEV_0006455,2023-01-10,False,False,NONE
+919851100417,Vodafone Idea (Vi),UP,CUST_0006456,DEV_0006456,2023-01-10,False,False,NONE
+919880819463,Jio 5G,JH,CUST_0006457,DEV_0006457,2023-01-10,False,False,NONE
+919878800613,Jio 5G,KA,CUST_0006458,DEV_0006458,2023-01-10,False,False,NONE
+919889577699,Airtel India,KA,CUST_0006459,DEV_0006459,2023-01-10,False,False,NONE
+919812229560,Vodafone Idea (Vi),DL,CUST_0006460,DEV_0006460,2023-01-10,False,False,NONE
+919875626028,BSNL Mobile,KA,CUST_0006461,DEV_0006461,2023-01-10,False,False,NONE
+919888996331,Airtel India,WB,CUST_0006462,DEV_0006462,2023-01-10,False,False,NONE
+919881594999,Airtel India,MH,CUST_0006463,DEV_0006463,2023-01-10,False,False,NONE
+919896574300,Vodafone Idea (Vi),UP,CUST_0006464,DEV_0006464,2023-01-10,False,False,NONE
+919877128812,Jio 5G,TS,CUST_0006465,DEV_0006465,2023-01-10,False,False,NONE
+919861506008,Vodafone Idea (Vi),UP,CUST_0006466,DEV_0006466,2023-01-10,False,False,NONE
+919851952221,Jio 5G,KA,CUST_0006467,DEV_0006467,2023-01-10,False,False,NONE
+919843217442,BSNL Mobile,MH,CUST_0006468,DEV_0006468,2023-01-10,False,False,NONE
+919895170027,Vodafone Idea (Vi),KA,CUST_0006469,DEV_0006469,2023-01-10,False,True,NONE
+919870551673,BSNL Mobile,GJ,CUST_0006470,DEV_0006470,2023-01-10,False,False,NONE
+919872165790,BSNL Mobile,MH,CUST_0006471,DEV_0006471,2023-01-10,False,False,NONE
+919834451779,BSNL Mobile,TS,CUST_0006472,DEV_0006472,2023-01-10,False,False,NONE
+919822538514,Jio 5G,GJ,CUST_0006473,DEV_0006473,2023-01-10,False,False,NONE
+919847901937,Vodafone Idea (Vi),UP,CUST_0006474,DEV_0006474,2023-01-10,False,False,NONE
+919874799453,Airtel India,UP,CUST_0006475,DEV_0006475,2023-01-10,False,False,NONE
+919845684256,Airtel India,MH,CUST_0006476,DEV_0006476,2023-01-10,False,False,NONE
+919835660598,Vodafone Idea (Vi),MH,CUST_0006477,DEV_0006477,2023-01-10,False,False,NONE
+919831300685,Jio 5G,JH,CUST_0006478,DEV_0006478,2023-01-10,False,False,NONE
+919836664628,Jio 5G,DL,CUST_0006479,DEV_0006479,2023-01-10,False,False,NONE
+919872585499,Vodafone Idea (Vi),KA,CUST_0006480,DEV_0006480,2023-01-10,False,True,NONE
+919839063860,BSNL Mobile,MH,CUST_0006481,DEV_0006481,2023-01-10,False,True,NONE
+919811511669,Jio 5G,JH,CUST_0006482,DEV_0006482,2023-01-10,False,False,NONE
+919839220329,Jio 5G,KA,CUST_0006483,DEV_0006483,2023-01-10,False,False,NONE
+919868354600,Vodafone Idea (Vi),HR,CUST_0006484,DEV_0006484,2023-01-10,False,False,NONE
+919873142564,Jio 5G,TS,CUST_0006485,DEV_0006485,2023-01-10,False,True,NONE
+919851599298,Jio 5G,GJ,CUST_0006486,DEV_0006486,2023-01-10,False,False,NONE
+919830648033,Jio 5G,GJ,CUST_0006487,DEV_0006487,2023-01-10,False,False,NONE
+919820774326,Airtel India,JH,CUST_0006488,DEV_0006488,2023-01-10,False,True,NONE
+919820955181,Vodafone Idea (Vi),DL,CUST_0006489,DEV_0006489,2023-01-10,False,False,NONE
+919888377479,Airtel India,KA,CUST_0006490,DEV_0006490,2023-01-10,False,False,NONE
+919816734166,BSNL Mobile,JH,CUST_0006491,DEV_0006491,2023-01-10,False,False,NONE
+919878609252,BSNL Mobile,JH,CUST_0006492,DEV_0006492,2023-01-10,True,True,NONE
+919829013079,Airtel India,UP,CUST_0006493,DEV_0006493,2023-01-10,False,False,NONE
+919884986885,Jio 5G,WB,CUST_0006494,DEV_0006494,2023-01-10,False,False,NONE
+919823451334,Jio 5G,JH,CUST_0006495,DEV_0006495,2023-01-10,False,False,NONE
+919826666498,BSNL Mobile,HR,CUST_0006496,DEV_0006496,2023-01-10,False,False,NONE
+919855444740,Jio 5G,JH,CUST_0006497,DEV_0006497,2023-01-10,False,False,NONE
+919839349406,Airtel India,TS,CUST_0006498,DEV_0006498,2023-01-10,False,False,NONE
+919814929523,Airtel India,WB,CUST_0006499,DEV_0006499,2023-01-10,False,False,NONE
+919844860328,BSNL Mobile,KA,CUST_0006500,DEV_0006500,2023-01-10,False,False,NONE
+919847125767,BSNL Mobile,HR,CUST_0006501,DEV_0006501,2023-01-10,False,False,NONE
+919894755064,Airtel India,HR,CUST_0006502,DEV_0006502,2023-01-10,False,False,NONE
+919883362994,BSNL Mobile,HR,CUST_0006503,DEV_0006503,2023-01-10,False,False,NONE
+919876223562,Airtel India,HR,CUST_0006504,DEV_0006504,2023-01-10,False,False,NONE
+919880427373,Airtel India,KA,CUST_0006505,DEV_0006505,2023-01-10,False,True,NONE
+919869606269,BSNL Mobile,WB,CUST_0006506,DEV_0006506,2023-01-10,False,False,NONE
+919876406863,BSNL Mobile,HR,CUST_0006507,DEV_0006507,2023-01-10,False,True,NONE
+919843041547,Jio 5G,KA,CUST_0006508,DEV_0006508,2023-01-10,False,False,NONE
+919885592893,Vodafone Idea (Vi),JH,CUST_0006509,DEV_0006509,2023-01-10,False,False,NONE
+919829406050,Airtel India,MH,CUST_0006510,DEV_0006510,2023-01-10,False,False,NONE
+919840712676,BSNL Mobile,UP,CUST_0006511,DEV_0006511,2023-01-10,False,True,NONE
+919855787934,BSNL Mobile,GJ,CUST_0006512,DEV_0006512,2023-01-10,False,False,NONE
+919814081005,Vodafone Idea (Vi),GJ,CUST_0006513,DEV_0006513,2023-01-10,False,False,NONE
+919814050465,BSNL Mobile,WB,CUST_0006514,DEV_0006514,2023-01-10,False,False,NONE
+919817437814,Jio 5G,JH,CUST_0006515,DEV_0006515,2023-01-10,False,False,NONE
+919823914220,Jio 5G,JH,CUST_0006516,DEV_0006516,2023-01-10,False,False,NONE
+919839250367,Jio 5G,KA,CUST_0006517,DEV_0006517,2023-01-10,False,False,NONE
+919823129095,Jio 5G,WB,CUST_0006518,DEV_0006518,2023-01-10,False,False,NONE
+919881980320,Vodafone Idea (Vi),HR,CUST_0006519,DEV_0006519,2023-01-10,False,False,NONE
+919854341375,Jio 5G,WB,CUST_0006520,DEV_0006520,2023-01-10,False,False,NONE
+919883552522,BSNL Mobile,TS,CUST_0006521,DEV_0006521,2023-01-10,False,False,NONE
+919827621473,BSNL Mobile,UP,CUST_0006522,DEV_0006522,2023-01-10,False,True,NONE
+919839151645,Airtel India,MH,CUST_0006523,DEV_0006523,2023-01-10,True,True,NONE
+919898740569,BSNL Mobile,KA,CUST_0006524,DEV_0006524,2023-01-10,False,False,NONE
+919886480982,Jio 5G,UP,CUST_0006525,DEV_0006525,2023-01-10,False,False,NONE
+919839976388,BSNL Mobile,RJ,CUST_0006526,DEV_0006526,2023-01-10,False,False,NONE
+919814087521,Airtel India,RJ,CUST_0006527,DEV_0006527,2023-01-10,False,False,NONE
+919837757605,Jio 5G,DL,CUST_0006528,DEV_0006528,2023-01-10,False,False,NONE
+919818459620,Airtel India,DL,CUST_0006529,DEV_0006529,2023-01-10,False,False,NONE
+919878058554,Airtel India,TS,CUST_0006530,DEV_0006530,2023-01-10,False,False,NONE
+919890467680,Jio 5G,JH,CUST_0006531,DEV_0006531,2023-01-10,False,True,NONE
+919837518288,Airtel India,UP,CUST_0006532,DEV_0006532,2023-01-10,False,False,NONE
+919815986284,Vodafone Idea (Vi),MH,CUST_0006533,DEV_0006533,2023-01-10,False,False,NONE
+919873437951,BSNL Mobile,TS,CUST_0006534,DEV_0006534,2023-01-10,False,False,NONE
+919852424614,Vodafone Idea (Vi),UP,CUST_0006535,DEV_0006535,2023-01-10,False,False,NONE
+919882723397,Airtel India,JH,CUST_0006536,DEV_0006536,2023-01-10,False,True,NONE
+919894101767,Airtel India,WB,CUST_0006537,DEV_0006537,2023-01-10,False,False,NONE
+919820477893,Airtel India,MH,CUST_0006538,DEV_0006538,2023-01-10,False,False,NONE
+919843247332,BSNL Mobile,MH,CUST_0006539,DEV_0006539,2023-01-10,False,False,NONE
+919816704868,Airtel India,UP,CUST_0006540,DEV_0006540,2023-01-10,False,False,NONE
+919828027859,Airtel India,TS,CUST_0006541,DEV_0006541,2023-01-10,False,False,NONE
+919887965278,Airtel India,GJ,CUST_0006542,DEV_0006542,2023-01-10,False,False,NONE
+919842795153,BSNL Mobile,RJ,CUST_0006543,DEV_0006543,2023-01-10,False,False,NONE
+919850657170,Airtel India,GJ,CUST_0006544,DEV_0006544,2023-01-10,False,False,NONE
+919843661294,Jio 5G,WB,CUST_0006545,DEV_0006545,2023-01-10,False,False,NONE
+919869654876,Airtel India,TS,CUST_0006546,DEV_0006546,2023-01-10,False,True,NONE
+919851151617,Airtel India,MH,CUST_0006547,DEV_0006547,2023-01-10,False,False,NONE
+919819356820,Jio 5G,DL,CUST_0006548,DEV_0006548,2023-01-10,False,True,NONE
+919865177758,Jio 5G,UP,CUST_0006549,DEV_0006549,2023-01-10,False,False,NONE
+919869612892,Jio 5G,UP,CUST_0006550,DEV_0006550,2023-01-10,False,False,NONE
+919845421468,BSNL Mobile,KA,CUST_0006551,DEV_0006551,2023-01-10,False,False,NONE
+919871735076,Jio 5G,TS,CUST_0006552,DEV_0006552,2023-01-10,False,False,NONE
+919834497964,Vodafone Idea (Vi),TS,CUST_0006553,DEV_0006553,2023-01-10,False,False,NONE
+919851817560,Jio 5G,RJ,CUST_0006554,DEV_0006554,2023-01-10,False,False,NONE
+919826555065,Airtel India,DL,CUST_0006555,DEV_0006555,2023-01-10,False,False,NONE
+919898556422,Jio 5G,KA,CUST_0006556,DEV_0006556,2023-01-10,False,False,NONE
+919872803804,Airtel India,RJ,CUST_0006557,DEV_0006557,2023-01-10,False,False,NONE
+919895906003,BSNL Mobile,JH,CUST_0006558,DEV_0006558,2023-01-10,False,False,NONE
+919898446555,Jio 5G,GJ,CUST_0006559,DEV_0006559,2023-01-10,False,False,NONE
+919866047437,BSNL Mobile,WB,CUST_0006560,DEV_0006560,2023-01-10,True,True,NONE
+919875950855,Vodafone Idea (Vi),RJ,CUST_0006561,DEV_0006561,2023-01-10,False,False,NONE
+919843376124,Jio 5G,RJ,CUST_0006562,DEV_0006562,2023-01-10,False,False,NONE
+919851755639,Airtel India,RJ,CUST_0006563,DEV_0006563,2023-01-10,False,False,NONE
+919864671105,Jio 5G,JH,CUST_0006564,DEV_0006564,2023-01-10,False,False,NONE
+919834836574,Vodafone Idea (Vi),TS,CUST_0006565,DEV_0006565,2023-01-10,False,True,NONE
+919815204386,BSNL Mobile,GJ,CUST_0006566,DEV_0006566,2023-01-10,False,False,NONE
+919840468337,Airtel India,WB,CUST_0006567,DEV_0006567,2023-01-10,False,False,NONE
+919840680020,Jio 5G,UP,CUST_0006568,DEV_0006568,2023-01-10,False,False,NONE
+919894747984,Jio 5G,HR,CUST_0006569,DEV_0006569,2023-01-10,False,False,NONE
+919813951997,Vodafone Idea (Vi),MH,CUST_0006570,DEV_0006570,2023-01-10,False,False,NONE
+919880042037,Vodafone Idea (Vi),UP,CUST_0006571,DEV_0006571,2023-01-10,False,True,NONE
+919894246678,Airtel India,MH,CUST_0006572,DEV_0006572,2023-01-10,False,False,NONE
+919839422991,Jio 5G,JH,CUST_0006573,DEV_0006573,2023-01-10,False,False,NONE
+919813122900,BSNL Mobile,GJ,CUST_0006574,DEV_0006574,2023-01-10,False,False,NONE
+919877197043,Airtel India,UP,CUST_0006575,DEV_0006575,2023-01-10,False,False,NONE
+919831761243,BSNL Mobile,TS,CUST_0006576,DEV_0006576,2023-01-10,False,False,NONE
+919861113722,Airtel India,TS,CUST_0006577,DEV_0006577,2023-01-10,False,False,NONE
+919831334297,Vodafone Idea (Vi),JH,CUST_0006578,DEV_0006578,2023-01-10,True,True,NONE
+919836078521,Jio 5G,HR,CUST_0006579,DEV_0006579,2023-01-10,False,False,NONE
+919884892183,BSNL Mobile,DL,CUST_0006580,DEV_0006580,2023-01-10,False,False,NONE
+919825405241,Jio 5G,TS,CUST_0006581,DEV_0006581,2023-01-10,False,False,NONE
+919891813320,Jio 5G,DL,CUST_0006582,DEV_0006582,2023-01-10,False,True,NONE
+919851156289,Vodafone Idea (Vi),RJ,CUST_0006583,DEV_0006583,2023-01-10,False,False,NONE
+919886431872,Vodafone Idea (Vi),UP,CUST_0006584,DEV_0006584,2023-01-10,False,False,NONE
+919851549754,Jio 5G,KA,CUST_0006585,DEV_0006585,2023-01-10,False,False,NONE
+919872746715,Jio 5G,RJ,CUST_0006586,DEV_0006586,2023-01-10,False,False,NONE
+919849881425,Jio 5G,JH,CUST_0006587,DEV_0006587,2023-01-10,False,False,NONE
+919896410490,Jio 5G,RJ,CUST_0006588,DEV_0006588,2023-01-10,False,False,NONE
+919897426233,BSNL Mobile,DL,CUST_0006589,DEV_0006589,2023-01-10,False,False,NONE
+919855490316,Jio 5G,JH,CUST_0006590,DEV_0006590,2023-01-10,False,False,NONE
+919831921936,Airtel India,DL,CUST_0006591,DEV_0006591,2023-01-10,False,False,NONE
+919845175574,Vodafone Idea (Vi),TS,CUST_0006592,DEV_0006592,2023-01-10,False,False,NONE
+919899087493,BSNL Mobile,WB,CUST_0006593,DEV_0006593,2023-01-10,False,False,NONE
+919829072182,BSNL Mobile,TS,CUST_0006594,DEV_0006594,2023-01-10,False,False,NONE
+919894457957,Jio 5G,WB,CUST_0006595,DEV_0006595,2023-01-10,False,False,NONE
+919842010319,Airtel India,WB,CUST_0006596,DEV_0006596,2023-01-10,False,False,NONE
+919849726029,Vodafone Idea (Vi),JH,CUST_0006597,DEV_0006597,2023-01-10,False,False,NONE
+919868967949,Jio 5G,JH,CUST_0006598,DEV_0006598,2023-01-10,False,False,NONE
+919846291056,Vodafone Idea (Vi),GJ,CUST_0006599,DEV_0006599,2023-01-10,False,False,NONE
+919831264524,BSNL Mobile,GJ,CUST_0006600,DEV_0006600,2023-01-10,False,False,NONE
+919839441442,BSNL Mobile,KA,CUST_0006601,DEV_0006601,2023-01-10,False,False,NONE
+919866632773,BSNL Mobile,TS,CUST_0006602,DEV_0006602,2023-01-10,False,False,NONE
+919819463015,Vodafone Idea (Vi),HR,CUST_0006603,DEV_0006603,2023-01-10,False,False,NONE
+919864026399,Vodafone Idea (Vi),UP,CUST_0006604,DEV_0006604,2023-01-10,False,False,NONE
+919852949883,Vodafone Idea (Vi),MH,CUST_0006605,DEV_0006605,2023-01-10,False,False,NONE
+919870781553,Vodafone Idea (Vi),DL,CUST_0006606,DEV_0006606,2023-01-10,False,False,NONE
+919852683329,Jio 5G,RJ,CUST_0006607,DEV_0006607,2023-01-10,False,False,NONE
+919897056343,Airtel India,GJ,CUST_0006608,DEV_0006608,2023-01-10,False,False,NONE
+919812285664,Jio 5G,MH,CUST_0006609,DEV_0006609,2023-01-10,False,False,NONE
+919850377452,Jio 5G,HR,CUST_0006610,DEV_0006610,2023-01-10,False,False,NONE
+919848476802,Jio 5G,GJ,CUST_0006611,DEV_0006611,2023-01-10,False,False,NONE
+919863835419,Vodafone Idea (Vi),UP,CUST_0006612,DEV_0006612,2023-01-10,False,False,NONE
+919850378747,Vodafone Idea (Vi),MH,CUST_0006613,DEV_0006613,2023-01-10,False,False,NONE
+919852659299,Jio 5G,HR,CUST_0006614,DEV_0006614,2023-01-10,False,True,NONE
+919863243692,Vodafone Idea (Vi),JH,CUST_0006615,DEV_0006615,2023-01-10,False,False,NONE
+919819558352,Airtel India,KA,CUST_0006616,DEV_0006616,2023-01-10,False,False,NONE
+919876026078,Vodafone Idea (Vi),RJ,CUST_0006617,DEV_0006617,2023-01-10,False,False,NONE
+919828224832,Airtel India,MH,CUST_0006618,DEV_0006618,2023-01-10,False,False,NONE
+919838300380,Jio 5G,GJ,CUST_0006619,DEV_0006619,2023-01-10,False,True,NONE
+919831281334,BSNL Mobile,UP,CUST_0006620,DEV_0006620,2023-01-10,False,False,NONE
+919890616967,Jio 5G,GJ,CUST_0006621,DEV_0006621,2023-01-10,False,False,NONE
+919815776402,Vodafone Idea (Vi),JH,CUST_0006622,DEV_0006622,2023-01-10,False,False,NONE
+919865499402,Vodafone Idea (Vi),MH,CUST_0006623,DEV_0006623,2023-01-10,False,False,NONE
+919862345366,BSNL Mobile,JH,CUST_0006624,DEV_0006624,2023-01-10,False,False,NONE
+919861070336,Jio 5G,JH,CUST_0006625,DEV_0006625,2023-01-10,False,False,NONE
+919877671202,Jio 5G,MH,CUST_0006626,DEV_0006626,2023-01-10,False,False,NONE
+919822018289,BSNL Mobile,HR,CUST_0006627,DEV_0006627,2023-01-10,True,True,NONE
+919839167919,Vodafone Idea (Vi),WB,CUST_0006628,DEV_0006628,2023-01-10,False,False,NONE
+919828752622,Jio 5G,UP,CUST_0006629,DEV_0006629,2023-01-10,False,False,NONE
+919834365423,Airtel India,GJ,CUST_0006630,DEV_0006630,2023-01-10,False,False,NONE
+919856452802,Airtel India,DL,CUST_0006631,DEV_0006631,2023-01-10,False,False,NONE
+919866770286,Vodafone Idea (Vi),HR,CUST_0006632,DEV_0006632,2023-01-10,False,False,NONE
+919825289837,Vodafone Idea (Vi),TS,CUST_0006633,DEV_0006633,2023-01-10,False,False,NONE
+919828132677,Airtel India,KA,CUST_0006634,DEV_0006634,2023-01-10,False,False,NONE
+919893713068,Jio 5G,RJ,CUST_0006635,DEV_0006635,2023-01-10,False,False,NONE
+919841099760,Airtel India,RJ,CUST_0006636,DEV_0006636,2023-01-10,False,False,NONE
+919843558020,Airtel India,JH,CUST_0006637,DEV_0006637,2023-01-10,False,True,NONE
+919881917421,Jio 5G,JH,CUST_0006638,DEV_0006638,2023-01-10,False,False,NONE
+919847411467,Vodafone Idea (Vi),KA,CUST_0006639,DEV_0006639,2023-01-10,False,False,NONE
+919887585127,Airtel India,KA,CUST_0006640,DEV_0006640,2023-01-10,False,False,NONE
+919863047796,Jio 5G,UP,CUST_0006641,DEV_0006641,2023-01-10,False,False,NONE
+919898705070,Airtel India,TS,CUST_0006642,DEV_0006642,2023-01-10,False,False,NONE
+919864685856,Airtel India,DL,CUST_0006643,DEV_0006643,2023-01-10,False,False,NONE
+919812132364,Jio 5G,HR,CUST_0006644,DEV_0006644,2023-01-10,False,False,NONE
+919896480943,Jio 5G,JH,CUST_0006645,DEV_0006645,2023-01-10,False,False,NONE
+919870633977,Jio 5G,DL,CUST_0006646,DEV_0006646,2023-01-10,False,False,NONE
+919862356064,Jio 5G,UP,CUST_0006647,DEV_0006647,2023-01-10,False,False,NONE
+919819722940,Jio 5G,UP,CUST_0006648,DEV_0006648,2023-01-10,False,False,NONE
+919831693714,Vodafone Idea (Vi),DL,CUST_0006649,DEV_0006649,2023-01-10,False,True,NONE
+919815460117,Jio 5G,JH,CUST_0006650,DEV_0006650,2023-01-10,False,False,NONE
+919831687925,Jio 5G,DL,CUST_0006651,DEV_0006651,2023-01-10,False,False,NONE
+919825888862,Airtel India,DL,CUST_0006652,DEV_0006652,2023-01-10,False,False,NONE
+919864957267,BSNL Mobile,DL,CUST_0006653,DEV_0006653,2023-01-10,False,False,NONE
+919865118822,Jio 5G,WB,CUST_0006654,DEV_0006654,2023-01-10,False,False,NONE
+919817527966,Jio 5G,TS,CUST_0006655,DEV_0006655,2023-01-10,False,False,NONE
+919886233504,BSNL Mobile,HR,CUST_0006656,DEV_0006656,2023-01-10,False,False,NONE
+919855440507,Vodafone Idea (Vi),DL,CUST_0006657,DEV_0006657,2023-01-10,False,False,NONE
+919822107699,BSNL Mobile,JH,CUST_0006658,DEV_0006658,2023-01-10,False,True,NONE
+919830029234,Airtel India,HR,CUST_0006659,DEV_0006659,2023-01-10,False,False,NONE
+919865751145,Jio 5G,DL,CUST_0006660,DEV_0006660,2023-01-10,False,False,NONE
+919824712066,Airtel India,UP,CUST_0006661,DEV_0006661,2023-01-10,False,True,NONE
+919854431225,Jio 5G,HR,CUST_0006662,DEV_0006662,2023-01-10,False,True,NONE
+919883255496,Jio 5G,MH,CUST_0006663,DEV_0006663,2023-01-10,False,False,NONE
+919834748525,Airtel India,KA,CUST_0006664,DEV_0006664,2023-01-10,False,False,NONE
+919817205617,Jio 5G,GJ,CUST_0006665,DEV_0006665,2023-01-10,False,False,NONE
+919885491503,BSNL Mobile,UP,CUST_0006666,DEV_0006666,2023-01-10,False,False,NONE
+919886970910,Vodafone Idea (Vi),DL,CUST_0006667,DEV_0006667,2023-01-10,False,False,NONE
+919888371026,Airtel India,GJ,CUST_0006668,DEV_0006668,2023-01-10,False,False,NONE
+919830165389,Vodafone Idea (Vi),TS,CUST_0006669,DEV_0006669,2023-01-10,False,True,NONE
+919865343235,Airtel India,MH,CUST_0006670,DEV_0006670,2023-01-10,False,False,NONE
+919845733749,BSNL Mobile,HR,CUST_0006671,DEV_0006671,2023-01-10,False,False,NONE
+919860068705,Vodafone Idea (Vi),JH,CUST_0006672,DEV_0006672,2023-01-10,False,False,NONE
+919851090983,Jio 5G,UP,CUST_0006673,DEV_0006673,2023-01-10,False,False,NONE
+919896556229,BSNL Mobile,UP,CUST_0006674,DEV_0006674,2023-01-10,False,False,NONE
+919876717557,Vodafone Idea (Vi),DL,CUST_0006675,DEV_0006675,2023-01-10,False,True,NONE
+919865400090,Jio 5G,HR,CUST_0006676,DEV_0006676,2023-01-10,False,True,NONE
+919888591412,Jio 5G,TS,CUST_0006677,DEV_0006677,2023-01-10,False,False,NONE
+919850693472,Vodafone Idea (Vi),WB,CUST_0006678,DEV_0006678,2023-01-10,False,False,NONE
+919819248042,Jio 5G,HR,CUST_0006679,DEV_0006679,2023-01-10,False,False,NONE
+919894885522,Vodafone Idea (Vi),GJ,CUST_0006680,DEV_0006680,2023-01-10,False,False,NONE
+919856272984,Jio 5G,TS,CUST_0006681,DEV_0006681,2023-01-10,True,True,NONE
+919879846833,BSNL Mobile,DL,CUST_0006682,DEV_0006682,2023-01-10,False,False,NONE
+919878595551,Airtel India,TS,CUST_0006683,DEV_0006683,2023-01-10,False,False,NONE
+919866226003,BSNL Mobile,GJ,CUST_0006684,DEV_0006684,2023-01-10,False,False,NONE
+919895443112,Vodafone Idea (Vi),GJ,CUST_0006685,DEV_0006685,2023-01-10,False,False,NONE
+919833604522,Airtel India,HR,CUST_0006686,DEV_0006686,2023-01-10,False,False,NONE
+919866900365,BSNL Mobile,RJ,CUST_0006687,DEV_0006687,2023-01-10,False,False,NONE
+919859360437,BSNL Mobile,RJ,CUST_0006688,DEV_0006688,2023-01-10,False,False,NONE
+919873099348,BSNL Mobile,KA,CUST_0006689,DEV_0006689,2023-01-10,False,False,NONE
+919869366956,Jio 5G,JH,CUST_0006690,DEV_0006690,2023-01-10,False,False,NONE
+919810317724,Airtel India,JH,CUST_0006691,DEV_0006691,2023-01-10,False,False,NONE
+919891077985,Jio 5G,UP,CUST_0006692,DEV_0006692,2023-01-10,False,False,NONE
+919814518164,Vodafone Idea (Vi),WB,CUST_0006693,DEV_0006693,2023-01-10,False,False,NONE
+919817881750,Airtel India,KA,CUST_0006694,DEV_0006694,2023-01-10,False,False,NONE
+919860204382,Vodafone Idea (Vi),KA,CUST_0006695,DEV_0006695,2023-01-10,False,False,NONE
+919856691632,Jio 5G,HR,CUST_0006696,DEV_0006696,2023-01-10,False,False,NONE
+919820361164,Airtel India,MH,CUST_0006697,DEV_0006697,2023-01-10,False,False,NONE
+919846806872,Jio 5G,MH,CUST_0006698,DEV_0006698,2023-01-10,False,False,NONE
+919896699315,BSNL Mobile,WB,CUST_0006699,DEV_0006699,2023-01-10,False,False,NONE
+919863752392,Airtel India,GJ,CUST_0006700,DEV_0006700,2023-01-10,False,False,NONE
+919856782096,BSNL Mobile,TS,CUST_0006701,DEV_0006701,2023-01-10,False,False,NONE
+919826688737,BSNL Mobile,HR,CUST_0006702,DEV_0006702,2023-01-10,False,False,NONE
+919840395568,BSNL Mobile,TS,CUST_0006703,DEV_0006703,2023-01-10,False,False,NONE
+919818689097,Vodafone Idea (Vi),DL,CUST_0006704,DEV_0006704,2023-01-10,False,True,NONE
+919856409443,Vodafone Idea (Vi),UP,CUST_0006705,DEV_0006705,2023-01-10,False,False,NONE
+919893057789,Airtel India,HR,CUST_0006706,DEV_0006706,2023-01-10,False,False,NONE
+919873328223,Vodafone Idea (Vi),JH,CUST_0006707,DEV_0006707,2023-01-10,False,False,NONE
+919836290151,Airtel India,WB,CUST_0006708,DEV_0006708,2023-01-10,False,False,NONE
+919830014640,Jio 5G,MH,CUST_0006709,DEV_0006709,2023-01-10,False,False,NONE
+919860032044,Airtel India,JH,CUST_0006710,DEV_0006710,2023-01-10,False,False,NONE
+919867760484,Airtel India,JH,CUST_0006711,DEV_0006711,2023-01-10,False,False,NONE
+919842485533,Jio 5G,GJ,CUST_0006712,DEV_0006712,2023-01-10,False,False,NONE
+919834786512,Airtel India,RJ,CUST_0006713,DEV_0006713,2023-01-10,False,False,NONE
+919899539040,Airtel India,JH,CUST_0006714,DEV_0006714,2023-01-10,False,False,NONE
+919859156712,BSNL Mobile,KA,CUST_0006715,DEV_0006715,2023-01-10,False,False,NONE
+919895718111,Vodafone Idea (Vi),MH,CUST_0006716,DEV_0006716,2023-01-10,False,False,NONE
+919815357702,BSNL Mobile,GJ,CUST_0006717,DEV_0006717,2023-01-10,False,False,NONE
+919828699145,Vodafone Idea (Vi),RJ,CUST_0006718,DEV_0006718,2023-01-10,False,False,NONE
+919836198629,Airtel India,HR,CUST_0006719,DEV_0006719,2023-01-10,False,False,NONE
+919865263441,Vodafone Idea (Vi),UP,CUST_0006720,DEV_0006720,2023-01-10,False,False,NONE
+919854952484,Airtel India,RJ,CUST_0006721,DEV_0006721,2023-01-10,False,False,NONE
+919879073500,Airtel India,KA,CUST_0006722,DEV_0006722,2023-01-10,False,False,NONE
+919838210989,BSNL Mobile,TS,CUST_0006723,DEV_0006723,2023-01-10,False,False,NONE
+919828520539,BSNL Mobile,HR,CUST_0006724,DEV_0006724,2023-01-10,False,False,NONE
+919843828238,Vodafone Idea (Vi),DL,CUST_0006725,DEV_0006725,2023-01-10,False,False,NONE
+919819950870,Jio 5G,TS,CUST_0006726,DEV_0006726,2023-01-10,False,False,NONE
+919852010888,Vodafone Idea (Vi),DL,CUST_0006727,DEV_0006727,2023-01-10,True,True,NONE
+919875034519,Vodafone Idea (Vi),MH,CUST_0006728,DEV_0006728,2023-01-10,False,False,NONE
+919898733678,BSNL Mobile,WB,CUST_0006729,DEV_0006729,2023-01-10,False,False,NONE
+919833724161,BSNL Mobile,MH,CUST_0006730,DEV_0006730,2023-01-10,False,False,NONE
+919871776201,Airtel India,WB,CUST_0006731,DEV_0006731,2023-01-10,False,False,NONE
+919852188919,BSNL Mobile,DL,CUST_0006732,DEV_0006732,2023-01-10,False,False,NONE
+919858921686,Jio 5G,DL,CUST_0006733,DEV_0006733,2023-01-10,False,False,NONE
+919835524178,Airtel India,RJ,CUST_0006734,DEV_0006734,2023-01-10,False,False,NONE
+919829946973,BSNL Mobile,JH,CUST_0006735,DEV_0006735,2023-01-10,False,False,NONE
+919850224743,BSNL Mobile,HR,CUST_0006736,DEV_0006736,2023-01-10,False,False,NONE
+919823193805,BSNL Mobile,KA,CUST_0006737,DEV_0006737,2023-01-10,True,True,NONE
+919834731114,Jio 5G,RJ,CUST_0006738,DEV_0006738,2023-01-10,False,False,NONE
+919826650537,Jio 5G,UP,CUST_0006739,DEV_0006739,2023-01-10,False,True,NONE
+919849803524,Airtel India,GJ,CUST_0006740,DEV_0006740,2023-01-10,False,False,NONE
+919880679929,Vodafone Idea (Vi),WB,CUST_0006741,DEV_0006741,2023-01-10,False,False,NONE
+919868247491,Vodafone Idea (Vi),RJ,CUST_0006742,DEV_0006742,2023-01-10,False,False,NONE
+919854267875,Airtel India,KA,CUST_0006743,DEV_0006743,2023-01-10,False,False,NONE
+919810425863,BSNL Mobile,HR,CUST_0006744,DEV_0006744,2023-01-10,False,False,NONE
+919898571699,Jio 5G,TS,CUST_0006745,DEV_0006745,2023-01-10,False,False,NONE
+919896056603,Jio 5G,TS,CUST_0006746,DEV_0006746,2023-01-10,False,False,NONE
+919896732443,Airtel India,DL,CUST_0006747,DEV_0006747,2023-01-10,False,False,NONE
+919851574051,BSNL Mobile,HR,CUST_0006748,DEV_0006748,2023-01-10,False,False,NONE
+919840525001,Jio 5G,KA,CUST_0006749,DEV_0006749,2023-01-10,False,False,NONE
+919895432785,Airtel India,MH,CUST_0006750,DEV_0006750,2023-01-10,False,False,NONE
+919851907479,BSNL Mobile,MH,CUST_0006751,DEV_0006751,2023-01-10,False,True,NONE
+919820487796,BSNL Mobile,RJ,CUST_0006752,DEV_0006752,2023-01-10,False,False,NONE
+919899997491,Jio 5G,DL,CUST_0006753,DEV_0006753,2023-01-10,False,False,NONE
+919834414133,Vodafone Idea (Vi),UP,CUST_0006754,DEV_0006754,2023-01-10,False,False,NONE
+919852436606,BSNL Mobile,RJ,CUST_0006755,DEV_0006755,2023-01-10,False,False,NONE
+919883074909,BSNL Mobile,HR,CUST_0006756,DEV_0006756,2023-01-10,False,False,NONE
+919813096534,Vodafone Idea (Vi),RJ,CUST_0006757,DEV_0006757,2023-01-10,False,False,NONE
+919840163352,Airtel India,GJ,CUST_0006758,DEV_0006758,2023-01-10,False,False,NONE
+919822564158,Airtel India,KA,CUST_0006759,DEV_0006759,2023-01-10,False,False,NONE
+919890952004,Airtel India,DL,CUST_0006760,DEV_0006760,2023-01-10,False,False,NONE
+919870062537,Airtel India,TS,CUST_0006761,DEV_0006761,2023-01-10,False,False,NONE
+919854767661,Vodafone Idea (Vi),DL,CUST_0006762,DEV_0006762,2023-01-10,False,False,NONE
+919846784891,Airtel India,DL,CUST_0006763,DEV_0006763,2023-01-10,False,False,NONE
+919832109339,Jio 5G,TS,CUST_0006764,DEV_0006764,2023-01-10,False,False,NONE
+919897980934,BSNL Mobile,KA,CUST_0006765,DEV_0006765,2023-01-10,False,False,NONE
+919891682861,BSNL Mobile,JH,CUST_0006766,DEV_0006766,2023-01-10,False,False,NONE
+919823984347,Vodafone Idea (Vi),WB,CUST_0006767,DEV_0006767,2023-01-10,False,False,NONE
+919885203157,Vodafone Idea (Vi),MH,CUST_0006768,DEV_0006768,2023-01-10,True,True,NONE
+919878921996,Jio 5G,KA,CUST_0006769,DEV_0006769,2023-01-10,False,False,NONE
+919843658641,Vodafone Idea (Vi),JH,CUST_0006770,DEV_0006770,2023-01-10,False,False,NONE
+919865654730,Airtel India,WB,CUST_0006771,DEV_0006771,2023-01-10,False,False,NONE
+919888300536,BSNL Mobile,HR,CUST_0006772,DEV_0006772,2023-01-10,False,False,NONE
+919824952907,Vodafone Idea (Vi),KA,CUST_0006773,DEV_0006773,2023-01-10,False,False,NONE
+919876303658,BSNL Mobile,GJ,CUST_0006774,DEV_0006774,2023-01-10,False,False,NONE
+919862441571,Airtel India,MH,CUST_0006775,DEV_0006775,2023-01-10,False,False,NONE
+919847040921,Vodafone Idea (Vi),UP,CUST_0006776,DEV_0006776,2023-01-10,False,False,NONE
+919867183256,Jio 5G,RJ,CUST_0006777,DEV_0006777,2023-01-10,False,False,NONE
+919895190824,Vodafone Idea (Vi),MH,CUST_0006778,DEV_0006778,2023-01-10,False,False,NONE
+919862592012,BSNL Mobile,JH,CUST_0006779,DEV_0006779,2023-01-10,False,False,NONE
+919891220522,Jio 5G,MH,CUST_0006780,DEV_0006780,2023-01-10,False,False,NONE
+919866032968,BSNL Mobile,TS,CUST_0006781,DEV_0006781,2023-01-10,False,False,NONE
+919833354432,Jio 5G,JH,CUST_0006782,DEV_0006782,2023-01-10,False,False,NONE
+919827157979,BSNL Mobile,MH,CUST_0006783,DEV_0006783,2023-01-10,False,False,NONE
+919840069779,BSNL Mobile,MH,CUST_0006784,DEV_0006784,2023-01-10,False,False,NONE
+919839390243,BSNL Mobile,TS,CUST_0006785,DEV_0006785,2023-01-10,False,False,NONE
+919852815405,Vodafone Idea (Vi),JH,CUST_0006786,DEV_0006786,2023-01-10,False,False,NONE
+919870741360,Jio 5G,KA,CUST_0006787,DEV_0006787,2023-01-10,False,False,NONE
+919846581130,BSNL Mobile,UP,CUST_0006788,DEV_0006788,2023-01-10,False,False,NONE
+919877311373,Airtel India,UP,CUST_0006789,DEV_0006789,2023-01-10,False,False,NONE
+919867639209,Airtel India,GJ,CUST_0006790,DEV_0006790,2023-01-10,False,True,NONE
+919887389342,BSNL Mobile,KA,CUST_0006791,DEV_0006791,2023-01-10,False,False,NONE
+919813184085,BSNL Mobile,TS,CUST_0006792,DEV_0006792,2023-01-10,False,False,NONE
+919891137621,Jio 5G,KA,CUST_0006793,DEV_0006793,2023-01-10,False,False,NONE
+919853542225,Jio 5G,GJ,CUST_0006794,DEV_0006794,2023-01-10,False,False,NONE
+919823586128,BSNL Mobile,DL,CUST_0006795,DEV_0006795,2023-01-10,False,False,NONE
+919866188859,BSNL Mobile,UP,CUST_0006796,DEV_0006796,2023-01-10,False,False,NONE
+919870794306,Airtel India,WB,CUST_0006797,DEV_0006797,2023-01-10,False,False,NONE
+919886858740,Vodafone Idea (Vi),KA,CUST_0006798,DEV_0006798,2023-01-10,False,False,NONE
+919812186610,BSNL Mobile,WB,CUST_0006799,DEV_0006799,2023-01-10,False,False,NONE
+919836143991,BSNL Mobile,GJ,CUST_0006800,DEV_0006800,2023-01-10,False,False,NONE
+919885091449,Vodafone Idea (Vi),JH,CUST_0006801,DEV_0006801,2023-01-10,False,False,NONE
+919827769009,Vodafone Idea (Vi),RJ,CUST_0006802,DEV_0006802,2023-01-10,False,False,NONE
+919841399789,Vodafone Idea (Vi),DL,CUST_0006803,DEV_0006803,2023-01-10,False,False,NONE
+919841284234,Airtel India,MH,CUST_0006804,DEV_0006804,2023-01-10,False,False,NONE
+919887718662,Vodafone Idea (Vi),UP,CUST_0006805,DEV_0006805,2023-01-10,False,False,NONE
+919832949821,BSNL Mobile,HR,CUST_0006806,DEV_0006806,2023-01-10,False,False,NONE
+919873103131,Vodafone Idea (Vi),WB,CUST_0006807,DEV_0006807,2023-01-10,False,False,NONE
+919827355377,BSNL Mobile,JH,CUST_0006808,DEV_0006808,2023-01-10,False,False,NONE
+919897856015,Jio 5G,GJ,CUST_0006809,DEV_0006809,2023-01-10,False,False,NONE
+919884592973,Vodafone Idea (Vi),JH,CUST_0006810,DEV_0006810,2023-01-10,False,False,NONE
+919876674760,Jio 5G,UP,CUST_0006811,DEV_0006811,2023-01-10,False,False,NONE
+919885210036,Vodafone Idea (Vi),UP,CUST_0006812,DEV_0006812,2023-01-10,False,False,NONE
+919822583883,Airtel India,WB,CUST_0006813,DEV_0006813,2023-01-10,False,True,NONE
+919857123554,Airtel India,MH,CUST_0006814,DEV_0006814,2023-01-10,False,True,NONE
+919857132156,Vodafone Idea (Vi),DL,CUST_0006815,DEV_0006815,2023-01-10,False,False,NONE
+919826477343,Airtel India,KA,CUST_0006816,DEV_0006816,2023-01-10,False,False,NONE
+919866130973,Vodafone Idea (Vi),HR,CUST_0006817,DEV_0006817,2023-01-10,False,True,NONE
+919822413421,Airtel India,KA,CUST_0006818,DEV_0006818,2023-01-10,False,False,NONE
+919861107822,Airtel India,UP,CUST_0006819,DEV_0006819,2023-01-10,False,False,NONE
+919841251326,Airtel India,TS,CUST_0006820,DEV_0006820,2023-01-10,False,False,NONE
+919838436704,Vodafone Idea (Vi),KA,CUST_0006821,DEV_0006821,2023-01-10,False,False,NONE
+919882735632,Airtel India,RJ,CUST_0006822,DEV_0006822,2023-01-10,False,False,NONE
+919861334865,Vodafone Idea (Vi),HR,CUST_0006823,DEV_0006823,2023-01-10,False,False,NONE
+919823334128,BSNL Mobile,TS,CUST_0006824,DEV_0006824,2023-01-10,False,False,NONE
+919831456147,Vodafone Idea (Vi),TS,CUST_0006825,DEV_0006825,2023-01-10,False,False,NONE
+919865213699,BSNL Mobile,DL,CUST_0006826,DEV_0006826,2023-01-10,False,False,NONE
+919889706643,Vodafone Idea (Vi),JH,CUST_0006827,DEV_0006827,2023-01-10,False,False,NONE
+919834882234,Airtel India,UP,CUST_0006828,DEV_0006828,2023-01-10,False,False,NONE
+919888598429,Vodafone Idea (Vi),HR,CUST_0006829,DEV_0006829,2023-01-10,False,False,NONE
+919894285699,Airtel India,GJ,CUST_0006830,DEV_0006830,2023-01-10,False,False,NONE
+919810899378,Jio 5G,UP,CUST_0006831,DEV_0006831,2023-01-10,False,False,NONE
+919828736897,Vodafone Idea (Vi),GJ,CUST_0006832,DEV_0006832,2023-01-10,False,False,NONE
+919851288266,Vodafone Idea (Vi),UP,CUST_0006833,DEV_0006833,2023-01-10,False,False,NONE
+919888217091,Jio 5G,WB,CUST_0006834,DEV_0006834,2023-01-10,False,False,NONE
+919870382314,BSNL Mobile,RJ,CUST_0006835,DEV_0006835,2023-01-10,True,True,NONE
+919830249126,Airtel India,UP,CUST_0006836,DEV_0006836,2023-01-10,False,False,NONE
+919841101434,Airtel India,MH,CUST_0006837,DEV_0006837,2023-01-10,False,False,NONE
+919814843493,Airtel India,GJ,CUST_0006838,DEV_0006838,2023-01-10,False,False,NONE
+919839583176,BSNL Mobile,JH,CUST_0006839,DEV_0006839,2023-01-10,False,False,NONE
+919855501436,BSNL Mobile,RJ,CUST_0006840,DEV_0006840,2023-01-10,False,False,NONE
+919827449378,BSNL Mobile,WB,CUST_0006841,DEV_0006841,2023-01-10,False,False,NONE
+919882777476,Vodafone Idea (Vi),WB,CUST_0006842,DEV_0006842,2023-01-10,False,False,NONE
+919815536582,Vodafone Idea (Vi),DL,CUST_0006843,DEV_0006843,2023-01-10,True,True,NONE
+919819597117,Vodafone Idea (Vi),RJ,CUST_0006844,DEV_0006844,2023-01-10,False,False,NONE
+919863578891,Airtel India,DL,CUST_0006845,DEV_0006845,2023-01-10,False,False,NONE
+919842805441,Airtel India,JH,CUST_0006846,DEV_0006846,2023-01-10,False,False,NONE
+919844042047,Airtel India,WB,CUST_0006847,DEV_0006847,2023-01-10,False,False,NONE
+919876208530,Vodafone Idea (Vi),MH,CUST_0006848,DEV_0006848,2023-01-10,False,False,NONE
+919891479313,Vodafone Idea (Vi),KA,CUST_0006849,DEV_0006849,2023-01-10,False,False,NONE
+919888171655,Vodafone Idea (Vi),KA,CUST_0006850,DEV_0006850,2023-01-10,False,False,NONE
+919887552775,Vodafone Idea (Vi),KA,CUST_0006851,DEV_0006851,2023-01-10,False,False,NONE
+919857387117,Airtel India,DL,CUST_0006852,DEV_0006852,2023-01-10,False,False,NONE
+919891784770,BSNL Mobile,MH,CUST_0006853,DEV_0006853,2023-01-10,False,False,NONE
+919851986712,Airtel India,MH,CUST_0006854,DEV_0006854,2023-01-10,False,True,NONE
+919818088591,Jio 5G,RJ,CUST_0006855,DEV_0006855,2023-01-10,False,False,NONE
+919898979015,Airtel India,RJ,CUST_0006856,DEV_0006856,2023-01-10,False,False,NONE
+919895659033,Vodafone Idea (Vi),UP,CUST_0006857,DEV_0006857,2023-01-10,False,False,NONE
+919876299545,Airtel India,KA,CUST_0006858,DEV_0006858,2023-01-10,False,False,NONE
+919859795724,Jio 5G,WB,CUST_0006859,DEV_0006859,2023-01-10,False,False,NONE
+919823613562,Airtel India,HR,CUST_0006860,DEV_0006860,2023-01-10,False,False,NONE
+919867382971,Vodafone Idea (Vi),WB,CUST_0006861,DEV_0006861,2023-01-10,False,False,NONE
+919828434193,BSNL Mobile,UP,CUST_0006862,DEV_0006862,2023-01-10,False,False,NONE
+919885176362,Vodafone Idea (Vi),WB,CUST_0006863,DEV_0006863,2023-01-10,False,False,NONE
+919865227739,BSNL Mobile,RJ,CUST_0006864,DEV_0006864,2023-01-10,False,False,NONE
+919849055108,Airtel India,HR,CUST_0006865,DEV_0006865,2023-01-10,False,False,NONE
+919853699704,BSNL Mobile,MH,CUST_0006866,DEV_0006866,2023-01-10,False,False,NONE
+919827518769,BSNL Mobile,KA,CUST_0006867,DEV_0006867,2023-01-10,False,False,NONE
+919879168300,BSNL Mobile,WB,CUST_0006868,DEV_0006868,2023-01-10,False,False,NONE
+919866601090,Jio 5G,DL,CUST_0006869,DEV_0006869,2023-01-10,False,False,NONE
+919851864525,Jio 5G,GJ,CUST_0006870,DEV_0006870,2023-01-10,False,False,NONE
+919891089009,BSNL Mobile,HR,CUST_0006871,DEV_0006871,2023-01-10,False,False,NONE
+919863827400,Airtel India,WB,CUST_0006872,DEV_0006872,2023-01-10,False,False,NONE
+919856593304,Jio 5G,GJ,CUST_0006873,DEV_0006873,2023-01-10,False,False,NONE
+919831895788,Jio 5G,RJ,CUST_0006874,DEV_0006874,2023-01-10,False,False,NONE
+919814883548,Airtel India,MH,CUST_0006875,DEV_0006875,2023-01-10,False,False,NONE
+919858981274,Vodafone Idea (Vi),DL,CUST_0006876,DEV_0006876,2023-01-10,False,False,NONE
+919822089669,Vodafone Idea (Vi),TS,CUST_0006877,DEV_0006877,2023-01-10,False,False,NONE
+919870154827,Jio 5G,JH,CUST_0006878,DEV_0006878,2023-01-10,False,False,NONE
+919893847778,Airtel India,JH,CUST_0006879,DEV_0006879,2023-01-10,False,True,NONE
+919880881209,Airtel India,UP,CUST_0006880,DEV_0006880,2023-01-10,False,False,NONE
+919832129259,Vodafone Idea (Vi),UP,CUST_0006881,DEV_0006881,2023-01-10,False,False,NONE
+919848590483,BSNL Mobile,UP,CUST_0006882,DEV_0006882,2023-01-10,False,False,NONE
+919853264320,Jio 5G,HR,CUST_0006883,DEV_0006883,2023-01-10,False,False,NONE
+919830010319,Vodafone Idea (Vi),JH,CUST_0006884,DEV_0006884,2023-01-10,False,False,NONE
+919857890239,BSNL Mobile,MH,CUST_0006885,DEV_0006885,2023-01-10,False,False,NONE
+919876580068,Airtel India,TS,CUST_0006886,DEV_0006886,2023-01-10,False,False,NONE
+919819689186,Airtel India,UP,CUST_0006887,DEV_0006887,2023-01-10,False,False,NONE
+919874103501,BSNL Mobile,JH,CUST_0006888,DEV_0006888,2023-01-10,False,False,NONE
+919836728596,BSNL Mobile,WB,CUST_0006889,DEV_0006889,2023-01-10,False,False,NONE
+919894510833,BSNL Mobile,GJ,CUST_0006890,DEV_0006890,2023-01-10,False,False,NONE
+919812594098,Airtel India,GJ,CUST_0006891,DEV_0006891,2023-01-10,False,False,NONE
+919816771372,Airtel India,JH,CUST_0006892,DEV_0006892,2023-01-10,False,False,NONE
+919850679846,Airtel India,RJ,CUST_0006893,DEV_0006893,2023-01-10,False,False,NONE
+919817157558,Jio 5G,UP,CUST_0006894,DEV_0006894,2023-01-10,False,False,NONE
+919871856134,Jio 5G,TS,CUST_0006895,DEV_0006895,2023-01-10,False,False,NONE
+919891441839,Airtel India,TS,CUST_0006896,DEV_0006896,2023-01-10,False,False,NONE
+919842916114,Airtel India,MH,CUST_0006897,DEV_0006897,2023-01-10,False,False,NONE
+919891451037,Airtel India,WB,CUST_0006898,DEV_0006898,2023-01-10,False,False,NONE
+919810250821,Vodafone Idea (Vi),WB,CUST_0006899,DEV_0006899,2023-01-10,False,False,NONE
+919824459395,BSNL Mobile,TS,CUST_0006900,DEV_0006900,2023-01-10,False,False,NONE
+919852935095,BSNL Mobile,JH,CUST_0006901,DEV_0006901,2023-01-10,False,False,NONE
+919868563416,BSNL Mobile,GJ,CUST_0006902,DEV_0006902,2023-01-10,False,False,NONE
+919890464773,Vodafone Idea (Vi),KA,CUST_0006903,DEV_0006903,2023-01-10,False,False,NONE
+919876108134,Jio 5G,UP,CUST_0006904,DEV_0006904,2023-01-10,False,False,NONE
+919812109726,Vodafone Idea (Vi),KA,CUST_0006905,DEV_0006905,2023-01-10,False,False,NONE
+919838459289,Airtel India,KA,CUST_0006906,DEV_0006906,2023-01-10,False,False,NONE
+919866727665,Vodafone Idea (Vi),TS,CUST_0006907,DEV_0006907,2023-01-10,False,False,NONE
+919862167672,Vodafone Idea (Vi),UP,CUST_0006908,DEV_0006908,2023-01-10,False,False,NONE
+919873199610,Vodafone Idea (Vi),RJ,CUST_0006909,DEV_0006909,2023-01-10,False,False,NONE
+919896938413,Vodafone Idea (Vi),GJ,CUST_0006910,DEV_0006910,2023-01-10,False,False,NONE
+919842305931,Vodafone Idea (Vi),DL,CUST_0006911,DEV_0006911,2023-01-10,False,True,NONE
+919864818495,Vodafone Idea (Vi),KA,CUST_0006912,DEV_0006912,2023-01-10,False,False,NONE
+919828451965,Jio 5G,TS,CUST_0006913,DEV_0006913,2023-01-10,False,False,NONE
+919825301810,Airtel India,HR,CUST_0006914,DEV_0006914,2023-01-10,False,False,NONE
+919811668265,Jio 5G,MH,CUST_0006915,DEV_0006915,2023-01-10,False,False,NONE
+919880168092,Vodafone Idea (Vi),TS,CUST_0006916,DEV_0006916,2023-01-10,True,True,NONE
+919896300775,Jio 5G,UP,CUST_0006917,DEV_0006917,2023-01-10,False,False,NONE
+919865356615,Airtel India,WB,CUST_0006918,DEV_0006918,2023-01-10,False,False,NONE
+919898313607,BSNL Mobile,GJ,CUST_0006919,DEV_0006919,2023-01-10,False,False,NONE
+919832740747,Jio 5G,WB,CUST_0006920,DEV_0006920,2023-01-10,False,False,NONE
+919889256523,BSNL Mobile,UP,CUST_0006921,DEV_0006921,2023-01-10,False,False,NONE
+919836230255,BSNL Mobile,JH,CUST_0006922,DEV_0006922,2023-01-10,False,False,NONE
+919864765250,Airtel India,UP,CUST_0006923,DEV_0006923,2023-01-10,False,False,NONE
+919830185503,Vodafone Idea (Vi),HR,CUST_0006924,DEV_0006924,2023-01-10,False,False,NONE
+919831504528,Airtel India,MH,CUST_0006925,DEV_0006925,2023-01-10,False,False,NONE
+919822563842,BSNL Mobile,RJ,CUST_0006926,DEV_0006926,2023-01-10,False,False,NONE
+919886609677,Vodafone Idea (Vi),WB,CUST_0006927,DEV_0006927,2023-01-10,False,False,NONE
+919859544537,Jio 5G,MH,CUST_0006928,DEV_0006928,2023-01-10,False,False,NONE
+919894064848,Vodafone Idea (Vi),GJ,CUST_0006929,DEV_0006929,2023-01-10,False,False,NONE
+919834215502,Vodafone Idea (Vi),HR,CUST_0006930,DEV_0006930,2023-01-10,False,False,NONE
+919841416285,Jio 5G,MH,CUST_0006931,DEV_0006931,2023-01-10,False,False,NONE
+919820326430,BSNL Mobile,MH,CUST_0006932,DEV_0006932,2023-01-10,False,False,NONE
+919819991325,Vodafone Idea (Vi),KA,CUST_0006933,DEV_0006933,2023-01-10,False,False,NONE
+919835414083,Vodafone Idea (Vi),TS,CUST_0006934,DEV_0006934,2023-01-10,True,True,NONE
+919880711941,Airtel India,WB,CUST_0006935,DEV_0006935,2023-01-10,False,False,NONE
+919817765057,Airtel India,UP,CUST_0006936,DEV_0006936,2023-01-10,False,False,NONE
+919846038184,BSNL Mobile,TS,CUST_0006937,DEV_0006937,2023-01-10,False,True,NONE
+919874639542,BSNL Mobile,KA,CUST_0006938,DEV_0006938,2023-01-10,False,True,NONE
+919829505642,Jio 5G,GJ,CUST_0006939,DEV_0006939,2023-01-10,False,False,NONE
+919829556863,Jio 5G,MH,CUST_0006940,DEV_0006940,2023-01-10,False,False,NONE
+919842948194,BSNL Mobile,HR,CUST_0006941,DEV_0006941,2023-01-10,False,True,NONE
+919829738276,Vodafone Idea (Vi),HR,CUST_0006942,DEV_0006942,2023-01-10,False,False,NONE
+919842569836,BSNL Mobile,MH,CUST_0006943,DEV_0006943,2023-01-10,False,False,NONE
+919847113232,Airtel India,HR,CUST_0006944,DEV_0006944,2023-01-10,False,False,NONE
+919894683859,Vodafone Idea (Vi),JH,CUST_0006945,DEV_0006945,2023-01-10,False,True,NONE
+919850936883,Jio 5G,GJ,CUST_0006946,DEV_0006946,2023-01-10,False,False,NONE
+919841928716,Airtel India,HR,CUST_0006947,DEV_0006947,2023-01-10,False,False,NONE
+919846902491,Jio 5G,GJ,CUST_0006948,DEV_0006948,2023-01-10,False,False,NONE
+919829206624,Vodafone Idea (Vi),DL,CUST_0006949,DEV_0006949,2023-01-10,False,False,NONE
+919893791139,Vodafone Idea (Vi),HR,CUST_0006950,DEV_0006950,2023-01-10,False,False,NONE
+919847907345,BSNL Mobile,GJ,CUST_0006951,DEV_0006951,2023-01-10,False,False,NONE
+919864965004,BSNL Mobile,GJ,CUST_0006952,DEV_0006952,2023-01-10,False,False,NONE
+919853284840,Vodafone Idea (Vi),UP,CUST_0006953,DEV_0006953,2023-01-10,False,False,NONE
+919849487819,Jio 5G,TS,CUST_0006954,DEV_0006954,2023-01-10,False,False,NONE
+919815753048,Jio 5G,HR,CUST_0006955,DEV_0006955,2023-01-10,False,True,NONE
+919863272802,Jio 5G,UP,CUST_0006956,DEV_0006956,2023-01-10,False,False,NONE
+919896449506,Vodafone Idea (Vi),UP,CUST_0006957,DEV_0006957,2023-01-10,False,False,NONE
+919848352139,BSNL Mobile,WB,CUST_0006958,DEV_0006958,2023-01-10,False,True,NONE
+919840449998,BSNL Mobile,UP,CUST_0006959,DEV_0006959,2023-01-10,False,False,NONE
+919821951535,Jio 5G,TS,CUST_0006960,DEV_0006960,2023-01-10,False,False,NONE
+919855434593,BSNL Mobile,JH,CUST_0006961,DEV_0006961,2023-01-10,False,False,NONE
+919868414299,BSNL Mobile,TS,CUST_0006962,DEV_0006962,2023-01-10,False,False,NONE
+919866062963,Airtel India,WB,CUST_0006963,DEV_0006963,2023-01-10,False,False,NONE
+919835508110,Airtel India,RJ,CUST_0006964,DEV_0006964,2023-01-10,False,True,NONE
+919893425843,Vodafone Idea (Vi),UP,CUST_0006965,DEV_0006965,2023-01-10,False,False,NONE
+919897854344,Vodafone Idea (Vi),GJ,CUST_0006966,DEV_0006966,2023-01-10,False,False,NONE
+919816307278,Airtel India,KA,CUST_0006967,DEV_0006967,2023-01-10,True,True,NONE
+919851347733,Vodafone Idea (Vi),TS,CUST_0006968,DEV_0006968,2023-01-10,True,True,NONE
+919840475836,Airtel India,MH,CUST_0006969,DEV_0006969,2023-01-10,False,False,NONE
+919853219096,Airtel India,GJ,CUST_0006970,DEV_0006970,2023-01-10,False,False,NONE
+919888002266,Airtel India,KA,CUST_0006971,DEV_0006971,2023-01-10,False,False,NONE
+919811363269,Jio 5G,KA,CUST_0006972,DEV_0006972,2023-01-10,False,True,NONE
+919884657011,Airtel India,KA,CUST_0006973,DEV_0006973,2023-01-10,False,False,NONE
+919820343762,Vodafone Idea (Vi),KA,CUST_0006974,DEV_0006974,2023-01-10,False,False,NONE
+919871987131,Jio 5G,DL,CUST_0006975,DEV_0006975,2023-01-10,False,False,NONE
+919812403475,Jio 5G,RJ,CUST_0006976,DEV_0006976,2023-01-10,False,False,NONE
+919858928692,BSNL Mobile,GJ,CUST_0006977,DEV_0006977,2023-01-10,False,False,NONE
+919819884117,Vodafone Idea (Vi),MH,CUST_0006978,DEV_0006978,2023-01-10,False,False,NONE
+919821219238,Vodafone Idea (Vi),WB,CUST_0006979,DEV_0006979,2023-01-10,False,True,NONE
+919850000731,Airtel India,GJ,CUST_0006980,DEV_0006980,2023-01-10,False,False,NONE
+919825761448,Jio 5G,TS,CUST_0006981,DEV_0006981,2023-01-10,False,False,NONE
+919845725000,Jio 5G,JH,CUST_0006982,DEV_0006982,2023-01-10,True,True,NONE
+919854611870,Jio 5G,RJ,CUST_0006983,DEV_0006983,2023-01-10,False,False,NONE
+919822986899,Jio 5G,TS,CUST_0006984,DEV_0006984,2023-01-10,False,False,NONE
+919882577375,Jio 5G,TS,CUST_0006985,DEV_0006985,2023-01-10,False,False,NONE
+919838346412,BSNL Mobile,HR,CUST_0006986,DEV_0006986,2023-01-10,False,False,NONE
+919853512699,Jio 5G,TS,CUST_0006987,DEV_0006987,2023-01-10,False,False,NONE
+919822636227,Vodafone Idea (Vi),KA,CUST_0006988,DEV_0006988,2023-01-10,False,False,NONE
+919888456575,Vodafone Idea (Vi),GJ,CUST_0006989,DEV_0006989,2023-01-10,False,False,NONE
+919831066342,Jio 5G,DL,CUST_0006990,DEV_0006990,2023-01-10,False,False,NONE
+919866999645,Vodafone Idea (Vi),KA,CUST_0006991,DEV_0006991,2023-01-10,False,False,NONE
+919861349274,Jio 5G,GJ,CUST_0006992,DEV_0006992,2023-01-10,False,False,NONE
+919828123772,Vodafone Idea (Vi),DL,CUST_0006993,DEV_0006993,2023-01-10,False,False,NONE
+919875250854,BSNL Mobile,GJ,CUST_0006994,DEV_0006994,2023-01-10,False,False,NONE
+919892128643,BSNL Mobile,MH,CUST_0006995,DEV_0006995,2023-01-10,False,False,NONE
+919884520447,Airtel India,GJ,CUST_0006996,DEV_0006996,2023-01-10,False,False,NONE
+919886053722,BSNL Mobile,MH,CUST_0006997,DEV_0006997,2023-01-10,False,True,NONE
+919866055747,Vodafone Idea (Vi),UP,CUST_0006998,DEV_0006998,2023-01-10,False,False,NONE
+919863924989,Jio 5G,HR,CUST_0006999,DEV_0006999,2023-01-10,False,False,NONE
+919895375640,BSNL Mobile,UP,CUST_0007000,DEV_0007000,2023-01-10,False,False,NONE
+919873002995,BSNL Mobile,KA,CUST_0007001,DEV_0007001,2023-01-10,False,False,NONE
+919869456498,BSNL Mobile,UP,CUST_0007002,DEV_0007002,2023-01-10,False,False,NONE
+919830158481,Vodafone Idea (Vi),UP,CUST_0007003,DEV_0007003,2023-01-10,False,False,NONE
+919814061037,BSNL Mobile,DL,CUST_0007004,DEV_0007004,2023-01-10,False,False,NONE
+919839981680,Vodafone Idea (Vi),TS,CUST_0007005,DEV_0007005,2023-01-10,False,False,NONE
+919811462043,Jio 5G,KA,CUST_0007006,DEV_0007006,2023-01-10,False,False,NONE
+919874093185,Airtel India,DL,CUST_0007007,DEV_0007007,2023-01-10,False,False,NONE
+919826310226,BSNL Mobile,HR,CUST_0007008,DEV_0007008,2023-01-10,False,False,NONE
+919868761834,Jio 5G,MH,CUST_0007009,DEV_0007009,2023-01-10,False,True,NONE
+919826637462,Jio 5G,GJ,CUST_0007010,DEV_0007010,2023-01-10,False,False,NONE
+919817487044,Airtel India,HR,CUST_0007011,DEV_0007011,2023-01-10,False,True,NONE
+919854892754,Jio 5G,UP,CUST_0007012,DEV_0007012,2023-01-10,False,False,NONE
+919814788652,Airtel India,GJ,CUST_0007013,DEV_0007013,2023-01-10,False,False,NONE
+919851041447,Jio 5G,WB,CUST_0007014,DEV_0007014,2023-01-10,False,False,NONE
+919879177992,Vodafone Idea (Vi),RJ,CUST_0007015,DEV_0007015,2023-01-10,False,True,NONE
+919892756309,Vodafone Idea (Vi),TS,CUST_0007016,DEV_0007016,2023-01-10,False,False,NONE
+919868804186,BSNL Mobile,MH,CUST_0007017,DEV_0007017,2023-01-10,False,False,NONE
+919850410499,Airtel India,DL,CUST_0007018,DEV_0007018,2023-01-10,False,False,NONE
+919853699902,Airtel India,DL,CUST_0007019,DEV_0007019,2023-01-10,False,False,NONE
+919811137394,Jio 5G,DL,CUST_0007020,DEV_0007020,2023-01-10,False,False,NONE
+919834737821,Jio 5G,WB,CUST_0007021,DEV_0007021,2023-01-10,False,False,NONE
+919889058181,Jio 5G,TS,CUST_0007022,DEV_0007022,2023-01-10,False,False,NONE
+919886215325,Vodafone Idea (Vi),RJ,CUST_0007023,DEV_0007023,2023-01-10,False,False,NONE
+919814758929,Jio 5G,WB,CUST_0007024,DEV_0007024,2023-01-10,False,False,NONE
+919862370762,Airtel India,DL,CUST_0007025,DEV_0007025,2023-01-10,False,False,NONE
+919877553276,Airtel India,HR,CUST_0007026,DEV_0007026,2023-01-10,False,False,NONE
+919834633146,Vodafone Idea (Vi),GJ,CUST_0007027,DEV_0007027,2023-01-10,False,False,NONE
+919824820963,BSNL Mobile,TS,CUST_0007028,DEV_0007028,2023-01-10,False,False,NONE
+919846101727,Jio 5G,JH,CUST_0007029,DEV_0007029,2023-01-10,False,False,NONE
+919845393050,Jio 5G,JH,CUST_0007030,DEV_0007030,2023-01-10,False,False,NONE
+919855730318,Vodafone Idea (Vi),DL,CUST_0007031,DEV_0007031,2023-01-10,False,False,NONE
+919870478597,Jio 5G,KA,CUST_0007032,DEV_0007032,2023-01-10,False,False,NONE
+919888582240,BSNL Mobile,TS,CUST_0007033,DEV_0007033,2023-01-10,False,False,NONE
+919862587899,Airtel India,GJ,CUST_0007034,DEV_0007034,2023-01-10,False,False,NONE
+919874576722,Vodafone Idea (Vi),HR,CUST_0007035,DEV_0007035,2023-01-10,False,False,NONE
+919889853564,Airtel India,WB,CUST_0007036,DEV_0007036,2023-01-10,False,False,NONE
+919877836087,Jio 5G,DL,CUST_0007037,DEV_0007037,2023-01-10,False,False,NONE
+919827812756,Airtel India,DL,CUST_0007038,DEV_0007038,2023-01-10,False,False,NONE
+919884951126,Vodafone Idea (Vi),MH,CUST_0007039,DEV_0007039,2023-01-10,False,False,NONE
+919838213310,Vodafone Idea (Vi),MH,CUST_0007040,DEV_0007040,2023-01-10,False,True,NONE
+919857599236,Airtel India,HR,CUST_0007041,DEV_0007041,2023-01-10,False,False,NONE
+919896518120,Vodafone Idea (Vi),TS,CUST_0007042,DEV_0007042,2023-01-10,False,False,NONE
+919857207368,Airtel India,MH,CUST_0007043,DEV_0007043,2023-01-10,False,False,NONE
+919891039703,BSNL Mobile,RJ,CUST_0007044,DEV_0007044,2023-01-10,False,False,NONE
+919819392151,BSNL Mobile,UP,CUST_0007045,DEV_0007045,2023-01-10,False,False,NONE
+919826757144,Jio 5G,KA,CUST_0007046,DEV_0007046,2023-01-10,False,False,NONE
+919821739878,Jio 5G,TS,CUST_0007047,DEV_0007047,2023-01-10,False,False,NONE
+919831006706,Vodafone Idea (Vi),TS,CUST_0007048,DEV_0007048,2023-01-10,False,False,NONE
+919867156087,Vodafone Idea (Vi),GJ,CUST_0007049,DEV_0007049,2023-01-10,False,False,NONE
+919827222853,Vodafone Idea (Vi),DL,CUST_0007050,DEV_0007050,2023-01-10,False,False,NONE
+919833045928,Jio 5G,KA,CUST_0007051,DEV_0007051,2023-01-10,False,False,NONE
+919848639697,BSNL Mobile,HR,CUST_0007052,DEV_0007052,2023-01-10,False,False,NONE
+919874113806,BSNL Mobile,RJ,CUST_0007053,DEV_0007053,2023-01-10,False,False,NONE
+919899835601,BSNL Mobile,UP,CUST_0007054,DEV_0007054,2023-01-10,False,False,NONE
+919820899059,BSNL Mobile,HR,CUST_0007055,DEV_0007055,2023-01-10,True,True,NONE
+919852862867,Jio 5G,HR,CUST_0007056,DEV_0007056,2023-01-10,False,False,NONE
+919878895442,Vodafone Idea (Vi),WB,CUST_0007057,DEV_0007057,2023-01-10,False,False,NONE
+919856242117,BSNL Mobile,GJ,CUST_0007058,DEV_0007058,2023-01-10,False,False,NONE
+919865953826,Airtel India,MH,CUST_0007059,DEV_0007059,2023-01-10,False,False,NONE
+919882178994,BSNL Mobile,RJ,CUST_0007060,DEV_0007060,2023-01-10,False,False,NONE
+919891919630,BSNL Mobile,UP,CUST_0007061,DEV_0007061,2023-01-10,False,False,NONE
+919876434982,BSNL Mobile,DL,CUST_0007062,DEV_0007062,2023-01-10,False,False,NONE
+919831791669,Jio 5G,HR,CUST_0007063,DEV_0007063,2023-01-10,False,False,NONE
+919876021593,BSNL Mobile,HR,CUST_0007064,DEV_0007064,2023-01-10,False,False,NONE
+919843526436,Airtel India,MH,CUST_0007065,DEV_0007065,2023-01-10,False,False,NONE
+919886602887,BSNL Mobile,TS,CUST_0007066,DEV_0007066,2023-01-10,False,False,NONE
+919862103492,Jio 5G,WB,CUST_0007067,DEV_0007067,2023-01-10,False,True,NONE
+919850856677,Airtel India,HR,CUST_0007068,DEV_0007068,2023-01-10,False,False,NONE
+919871137861,BSNL Mobile,HR,CUST_0007069,DEV_0007069,2023-01-10,False,False,NONE
+919824465549,Jio 5G,HR,CUST_0007070,DEV_0007070,2023-01-10,False,False,NONE
+919834579727,Vodafone Idea (Vi),HR,CUST_0007071,DEV_0007071,2023-01-10,True,True,NONE
+919823976961,BSNL Mobile,UP,CUST_0007072,DEV_0007072,2023-01-10,False,False,NONE
+919856519886,Jio 5G,JH,CUST_0007073,DEV_0007073,2023-01-10,False,False,NONE
+919898545890,Jio 5G,TS,CUST_0007074,DEV_0007074,2023-01-10,False,False,NONE
+919832411816,BSNL Mobile,UP,CUST_0007075,DEV_0007075,2023-01-10,False,False,NONE
+919813823987,Vodafone Idea (Vi),JH,CUST_0007076,DEV_0007076,2023-01-10,False,False,NONE
+919868602587,BSNL Mobile,KA,CUST_0007077,DEV_0007077,2023-01-10,False,False,NONE
+919862899105,Airtel India,DL,CUST_0007078,DEV_0007078,2023-01-10,True,True,NONE
+919883057369,Jio 5G,RJ,CUST_0007079,DEV_0007079,2023-01-10,False,False,NONE
+919889914437,Jio 5G,DL,CUST_0007080,DEV_0007080,2023-01-10,False,False,NONE
+919898049385,BSNL Mobile,RJ,CUST_0007081,DEV_0007081,2023-01-10,False,False,NONE
+919881535807,Vodafone Idea (Vi),RJ,CUST_0007082,DEV_0007082,2023-01-10,False,False,NONE
+919861537848,Airtel India,TS,CUST_0007083,DEV_0007083,2023-01-10,False,False,NONE
+919824010484,Airtel India,DL,CUST_0007084,DEV_0007084,2023-01-10,False,False,NONE
+919881942109,Jio 5G,UP,CUST_0007085,DEV_0007085,2023-01-10,False,True,NONE
+919855509806,BSNL Mobile,HR,CUST_0007086,DEV_0007086,2023-01-10,False,False,NONE
+919850910065,Airtel India,TS,CUST_0007087,DEV_0007087,2023-01-10,False,True,NONE
+919829139033,Airtel India,KA,CUST_0007088,DEV_0007088,2023-01-10,False,True,NONE
+919872705675,Vodafone Idea (Vi),DL,CUST_0007089,DEV_0007089,2023-01-10,False,False,NONE
+919843452056,Jio 5G,GJ,CUST_0007090,DEV_0007090,2023-01-10,False,False,NONE
+919873979891,Jio 5G,DL,CUST_0007091,DEV_0007091,2023-01-10,False,False,NONE
+919840267294,Airtel India,DL,CUST_0007092,DEV_0007092,2023-01-10,False,False,NONE
+919898426942,Vodafone Idea (Vi),HR,CUST_0007093,DEV_0007093,2023-01-10,False,False,NONE
+919823968968,Vodafone Idea (Vi),GJ,CUST_0007094,DEV_0007094,2023-01-10,False,False,NONE
+919838157630,Vodafone Idea (Vi),GJ,CUST_0007095,DEV_0007095,2023-01-10,False,False,NONE
+919840439153,Airtel India,MH,CUST_0007096,DEV_0007096,2023-01-10,False,False,NONE
+919834870423,Vodafone Idea (Vi),TS,CUST_0007097,DEV_0007097,2023-01-10,False,False,NONE
+919830625838,Jio 5G,GJ,CUST_0007098,DEV_0007098,2023-01-10,False,False,NONE
+919873490941,Jio 5G,HR,CUST_0007099,DEV_0007099,2023-01-10,False,False,NONE
+919863961600,BSNL Mobile,TS,CUST_0007100,DEV_0007100,2023-01-10,False,False,NONE
+919830617496,Vodafone Idea (Vi),UP,CUST_0007101,DEV_0007101,2023-01-10,False,False,NONE
+919865352819,Airtel India,HR,CUST_0007102,DEV_0007102,2023-01-10,False,True,NONE
+919872080175,Jio 5G,TS,CUST_0007103,DEV_0007103,2023-01-10,False,True,NONE
+919827879174,BSNL Mobile,MH,CUST_0007104,DEV_0007104,2023-01-10,False,False,NONE
+919893796744,Vodafone Idea (Vi),HR,CUST_0007105,DEV_0007105,2023-01-10,False,False,NONE
+919820295476,Jio 5G,KA,CUST_0007106,DEV_0007106,2023-01-10,False,False,NONE
+919859510912,Jio 5G,JH,CUST_0007107,DEV_0007107,2023-01-10,False,False,NONE
+919899430061,Vodafone Idea (Vi),JH,CUST_0007108,DEV_0007108,2023-01-10,False,False,NONE
+919820579097,Vodafone Idea (Vi),DL,CUST_0007109,DEV_0007109,2023-01-10,False,True,NONE
+919884274446,BSNL Mobile,HR,CUST_0007110,DEV_0007110,2023-01-10,False,False,NONE
+919897017870,Airtel India,DL,CUST_0007111,DEV_0007111,2023-01-10,False,False,NONE
+919831287398,BSNL Mobile,JH,CUST_0007112,DEV_0007112,2023-01-10,False,True,NONE
+919870491005,Jio 5G,UP,CUST_0007113,DEV_0007113,2023-01-10,False,False,NONE
+919861817693,Airtel India,WB,CUST_0007114,DEV_0007114,2023-01-10,False,False,NONE
+919898803694,Vodafone Idea (Vi),TS,CUST_0007115,DEV_0007115,2023-01-10,False,True,NONE
+919885484145,Airtel India,MH,CUST_0007116,DEV_0007116,2023-01-10,False,False,NONE
+919891059375,BSNL Mobile,UP,CUST_0007117,DEV_0007117,2023-01-10,False,False,NONE
+919810478618,Airtel India,KA,CUST_0007118,DEV_0007118,2023-01-10,False,False,NONE
+919823816410,BSNL Mobile,TS,CUST_0007119,DEV_0007119,2023-01-10,False,True,NONE
+919870590670,Airtel India,DL,CUST_0007120,DEV_0007120,2023-01-10,False,True,NONE
+919870980337,Jio 5G,WB,CUST_0007121,DEV_0007121,2023-01-10,False,False,NONE
+919881432223,Jio 5G,GJ,CUST_0007122,DEV_0007122,2023-01-10,False,False,NONE
+919872559093,BSNL Mobile,WB,CUST_0007123,DEV_0007123,2023-01-10,False,False,NONE
+919817568450,Jio 5G,UP,CUST_0007124,DEV_0007124,2023-01-10,False,True,NONE
+919817363562,Airtel India,JH,CUST_0007125,DEV_0007125,2023-01-10,False,False,NONE
+919876062964,Jio 5G,GJ,CUST_0007126,DEV_0007126,2023-01-10,False,False,NONE
+919892313676,Airtel India,MH,CUST_0007127,DEV_0007127,2023-01-10,False,True,NONE
+919853072069,Jio 5G,TS,CUST_0007128,DEV_0007128,2023-01-10,False,False,NONE
+919850767614,Airtel India,MH,CUST_0007129,DEV_0007129,2023-01-10,False,False,NONE
+919876416105,Airtel India,WB,CUST_0007130,DEV_0007130,2023-01-10,False,False,NONE
+919892791854,Jio 5G,TS,CUST_0007131,DEV_0007131,2023-01-10,False,False,NONE
+919841398601,Airtel India,UP,CUST_0007132,DEV_0007132,2023-01-10,False,False,NONE
+919863417553,Airtel India,TS,CUST_0007133,DEV_0007133,2023-01-10,False,False,NONE
+919817794462,BSNL Mobile,DL,CUST_0007134,DEV_0007134,2023-01-10,True,True,NONE
+919842872248,Airtel India,UP,CUST_0007135,DEV_0007135,2023-01-10,False,False,NONE
+919832444517,BSNL Mobile,MH,CUST_0007136,DEV_0007136,2023-01-10,False,False,NONE
+919891382339,Jio 5G,WB,CUST_0007137,DEV_0007137,2023-01-10,False,False,NONE
+919873526730,Vodafone Idea (Vi),HR,CUST_0007138,DEV_0007138,2023-01-10,False,False,NONE
+919859229601,Vodafone Idea (Vi),DL,CUST_0007139,DEV_0007139,2023-01-10,False,False,NONE
+919892440349,Airtel India,TS,CUST_0007140,DEV_0007140,2023-01-10,True,True,NONE
+919820795266,Jio 5G,RJ,CUST_0007141,DEV_0007141,2023-01-10,False,False,NONE
+919824607297,Jio 5G,TS,CUST_0007142,DEV_0007142,2023-01-10,False,False,NONE
+919882952250,BSNL Mobile,HR,CUST_0007143,DEV_0007143,2023-01-10,False,False,NONE
+919865318875,Jio 5G,UP,CUST_0007144,DEV_0007144,2023-01-10,False,False,NONE
+919821972042,Jio 5G,DL,CUST_0007145,DEV_0007145,2023-01-10,False,False,NONE
+919853706848,Jio 5G,GJ,CUST_0007146,DEV_0007146,2023-01-10,False,False,NONE
+919838163898,Jio 5G,JH,CUST_0007147,DEV_0007147,2023-01-10,False,False,NONE
+919844245924,Airtel India,GJ,CUST_0007148,DEV_0007148,2023-01-10,False,False,NONE
+919860971633,Vodafone Idea (Vi),RJ,CUST_0007149,DEV_0007149,2023-01-10,False,False,NONE
+919871882397,BSNL Mobile,UP,CUST_0007150,DEV_0007150,2023-01-10,False,True,NONE
+919851643040,Vodafone Idea (Vi),MH,CUST_0007151,DEV_0007151,2023-01-10,True,True,NONE
+919871498884,BSNL Mobile,KA,CUST_0007152,DEV_0007152,2023-01-10,False,False,NONE
+919858156486,BSNL Mobile,DL,CUST_0007153,DEV_0007153,2023-01-10,False,False,NONE
+919810732281,BSNL Mobile,UP,CUST_0007154,DEV_0007154,2023-01-10,False,False,NONE
+919898764971,BSNL Mobile,HR,CUST_0007155,DEV_0007155,2023-01-10,False,False,NONE
+919892038091,Vodafone Idea (Vi),RJ,CUST_0007156,DEV_0007156,2023-01-10,False,False,NONE
+919872132871,Jio 5G,GJ,CUST_0007157,DEV_0007157,2023-01-10,False,False,NONE
+919841723020,BSNL Mobile,MH,CUST_0007158,DEV_0007158,2023-01-10,False,False,NONE
+919842017791,Airtel India,WB,CUST_0007159,DEV_0007159,2023-01-10,False,True,NONE
+919857008436,BSNL Mobile,UP,CUST_0007160,DEV_0007160,2023-01-10,False,False,NONE
+919827122303,Airtel India,JH,CUST_0007161,DEV_0007161,2023-01-10,False,False,NONE
+919880142046,BSNL Mobile,GJ,CUST_0007162,DEV_0007162,2023-01-10,False,False,NONE
+919846234127,Vodafone Idea (Vi),HR,CUST_0007163,DEV_0007163,2023-01-10,False,False,NONE
+919859185749,Airtel India,KA,CUST_0007164,DEV_0007164,2023-01-10,False,True,NONE
+919860478418,Jio 5G,MH,CUST_0007165,DEV_0007165,2023-01-10,False,False,NONE
+919876582650,Vodafone Idea (Vi),KA,CUST_0007166,DEV_0007166,2023-01-10,False,False,NONE
+919851661397,Jio 5G,JH,CUST_0007167,DEV_0007167,2023-01-10,False,False,NONE
+919838701460,Airtel India,WB,CUST_0007168,DEV_0007168,2023-01-10,False,False,NONE
+919872059353,BSNL Mobile,JH,CUST_0007169,DEV_0007169,2023-01-10,False,False,NONE
+919872394423,Jio 5G,WB,CUST_0007170,DEV_0007170,2023-01-10,False,False,NONE
+919883879405,Airtel India,RJ,CUST_0007171,DEV_0007171,2023-01-10,False,False,NONE
+919850503118,Vodafone Idea (Vi),HR,CUST_0007172,DEV_0007172,2023-01-10,False,False,NONE
+919851064305,Airtel India,KA,CUST_0007173,DEV_0007173,2023-01-10,False,False,NONE
+919856489673,Airtel India,KA,CUST_0007174,DEV_0007174,2023-01-10,False,False,NONE
+919858702279,Jio 5G,TS,CUST_0007175,DEV_0007175,2023-01-10,False,False,NONE
+919841250073,Vodafone Idea (Vi),HR,CUST_0007176,DEV_0007176,2023-01-10,False,False,NONE
+919865519617,Jio 5G,DL,CUST_0007177,DEV_0007177,2023-01-10,False,True,NONE
+919886419379,BSNL Mobile,TS,CUST_0007178,DEV_0007178,2023-01-10,False,False,NONE
+919872396085,Vodafone Idea (Vi),MH,CUST_0007179,DEV_0007179,2023-01-10,False,False,NONE
+919884771003,BSNL Mobile,DL,CUST_0007180,DEV_0007180,2023-01-10,False,False,NONE
+919880328505,BSNL Mobile,DL,CUST_0007181,DEV_0007181,2023-01-10,True,True,NONE
+919862334907,Vodafone Idea (Vi),TS,CUST_0007182,DEV_0007182,2023-01-10,False,False,NONE
+919821569729,Vodafone Idea (Vi),KA,CUST_0007183,DEV_0007183,2023-01-10,False,False,NONE
+919892807801,Jio 5G,JH,CUST_0007184,DEV_0007184,2023-01-10,False,True,NONE
+919820064146,Vodafone Idea (Vi),KA,CUST_0007185,DEV_0007185,2023-01-10,False,False,NONE
+919875925745,Jio 5G,RJ,CUST_0007186,DEV_0007186,2023-01-10,False,False,NONE
+919829354815,Vodafone Idea (Vi),WB,CUST_0007187,DEV_0007187,2023-01-10,False,False,NONE
+919899337376,Vodafone Idea (Vi),TS,CUST_0007188,DEV_0007188,2023-01-10,False,False,NONE
+919870026661,Jio 5G,GJ,CUST_0007189,DEV_0007189,2023-01-10,False,False,NONE
+919852465530,Vodafone Idea (Vi),KA,CUST_0007190,DEV_0007190,2023-01-10,False,False,NONE
+919848353108,Vodafone Idea (Vi),KA,CUST_0007191,DEV_0007191,2023-01-10,False,False,NONE
+919859066788,Jio 5G,JH,CUST_0007192,DEV_0007192,2023-01-10,False,False,NONE
+919820534598,Jio 5G,MH,CUST_0007193,DEV_0007193,2023-01-10,False,False,NONE
+919888710714,Vodafone Idea (Vi),JH,CUST_0007194,DEV_0007194,2023-01-10,False,False,NONE
+919862085106,BSNL Mobile,TS,CUST_0007195,DEV_0007195,2023-01-10,False,False,NONE
+919820674926,Jio 5G,TS,CUST_0007196,DEV_0007196,2023-01-10,False,False,NONE
+919862303924,Vodafone Idea (Vi),JH,CUST_0007197,DEV_0007197,2023-01-10,False,False,NONE
+919859770852,Airtel India,GJ,CUST_0007198,DEV_0007198,2023-01-10,False,False,NONE
+919862044827,Jio 5G,MH,CUST_0007199,DEV_0007199,2023-01-10,False,True,NONE
+919818542175,Vodafone Idea (Vi),HR,CUST_0007200,DEV_0007200,2023-01-10,False,False,NONE
+919834213184,BSNL Mobile,HR,CUST_0007201,DEV_0007201,2023-01-10,False,False,NONE
+919868025043,Vodafone Idea (Vi),RJ,CUST_0007202,DEV_0007202,2023-01-10,False,False,NONE
+919850518274,Jio 5G,GJ,CUST_0007203,DEV_0007203,2023-01-10,False,False,NONE
+919814431240,BSNL Mobile,TS,CUST_0007204,DEV_0007204,2023-01-10,False,False,NONE
+919865420355,Jio 5G,JH,CUST_0007205,DEV_0007205,2023-01-10,False,False,NONE
+919855630648,BSNL Mobile,WB,CUST_0007206,DEV_0007206,2023-01-10,False,False,NONE
+919878806840,Jio 5G,TS,CUST_0007207,DEV_0007207,2023-01-10,False,False,NONE
+919867998449,Airtel India,JH,CUST_0007208,DEV_0007208,2023-01-10,False,False,NONE
+919888795732,Jio 5G,UP,CUST_0007209,DEV_0007209,2023-01-10,False,False,NONE
+919874261876,Airtel India,HR,CUST_0007210,DEV_0007210,2023-01-10,False,False,NONE
+919817516893,Jio 5G,RJ,CUST_0007211,DEV_0007211,2023-01-10,False,False,NONE
+919858748180,Vodafone Idea (Vi),UP,CUST_0007212,DEV_0007212,2023-01-10,False,False,NONE
+919827931881,Airtel India,HR,CUST_0007213,DEV_0007213,2023-01-10,False,False,NONE
+919826021589,Jio 5G,HR,CUST_0007214,DEV_0007214,2023-01-10,False,False,NONE
+919817995638,Vodafone Idea (Vi),JH,CUST_0007215,DEV_0007215,2023-01-10,False,False,NONE
+919819402373,Vodafone Idea (Vi),TS,CUST_0007216,DEV_0007216,2023-01-10,False,False,NONE
+919882094095,Jio 5G,HR,CUST_0007217,DEV_0007217,2023-01-10,True,True,NONE
+919815606779,Jio 5G,GJ,CUST_0007218,DEV_0007218,2023-01-10,False,False,NONE
+919828546314,Airtel India,JH,CUST_0007219,DEV_0007219,2023-01-10,False,False,NONE
+919823424020,Airtel India,HR,CUST_0007220,DEV_0007220,2023-01-10,False,False,NONE
+919889047446,Jio 5G,KA,CUST_0007221,DEV_0007221,2023-01-10,False,False,NONE
+919817985417,Jio 5G,TS,CUST_0007222,DEV_0007222,2023-01-10,False,False,NONE
+919810005892,Airtel India,JH,CUST_0007223,DEV_0007223,2023-01-10,False,False,NONE
+919882753778,BSNL Mobile,RJ,CUST_0007224,DEV_0007224,2023-01-10,False,False,NONE
+919835645377,Airtel India,HR,CUST_0007225,DEV_0007225,2023-01-10,False,False,NONE
+919865133781,Vodafone Idea (Vi),TS,CUST_0007226,DEV_0007226,2023-01-10,False,False,NONE
+919890607886,Airtel India,DL,CUST_0007227,DEV_0007227,2023-01-10,False,False,NONE
+919830916807,Vodafone Idea (Vi),DL,CUST_0007228,DEV_0007228,2023-01-10,False,False,NONE
+919822786240,Vodafone Idea (Vi),HR,CUST_0007229,DEV_0007229,2023-01-10,False,True,NONE
+919880824379,Airtel India,TS,CUST_0007230,DEV_0007230,2023-01-10,False,False,NONE
+919825170687,Airtel India,HR,CUST_0007231,DEV_0007231,2023-01-10,False,True,NONE
+919838054402,Vodafone Idea (Vi),JH,CUST_0007232,DEV_0007232,2023-01-10,False,False,NONE
+919812569561,Airtel India,TS,CUST_0007233,DEV_0007233,2023-01-10,False,False,NONE
+919825148821,Vodafone Idea (Vi),JH,CUST_0007234,DEV_0007234,2023-01-10,False,False,NONE
+919880815225,Vodafone Idea (Vi),RJ,CUST_0007235,DEV_0007235,2023-01-10,False,False,NONE
+919869325860,Jio 5G,RJ,CUST_0007236,DEV_0007236,2023-01-10,False,False,NONE
+919821608289,BSNL Mobile,DL,CUST_0007237,DEV_0007237,2023-01-10,False,False,NONE
+919840298605,BSNL Mobile,MH,CUST_0007238,DEV_0007238,2023-01-10,False,False,NONE
+919884787458,BSNL Mobile,JH,CUST_0007239,DEV_0007239,2023-01-10,False,False,NONE
+919891472466,Airtel India,MH,CUST_0007240,DEV_0007240,2023-01-10,False,False,NONE
+919834799571,BSNL Mobile,RJ,CUST_0007241,DEV_0007241,2023-01-10,True,True,NONE
+919896172235,Vodafone Idea (Vi),TS,CUST_0007242,DEV_0007242,2023-01-10,False,False,NONE
+919838139199,BSNL Mobile,MH,CUST_0007243,DEV_0007243,2023-01-10,False,True,NONE
+919838306490,Airtel India,GJ,CUST_0007244,DEV_0007244,2023-01-10,False,False,NONE
+919828619278,BSNL Mobile,GJ,CUST_0007245,DEV_0007245,2023-01-10,False,True,NONE
+919891288449,BSNL Mobile,RJ,CUST_0007246,DEV_0007246,2023-01-10,False,True,NONE
+919882671041,Jio 5G,HR,CUST_0007247,DEV_0007247,2023-01-10,False,False,NONE
+919852847222,Vodafone Idea (Vi),WB,CUST_0007248,DEV_0007248,2023-01-10,False,False,NONE
+919828420662,BSNL Mobile,GJ,CUST_0007249,DEV_0007249,2023-01-10,False,False,NONE
+919828149351,Vodafone Idea (Vi),RJ,CUST_0007250,DEV_0007250,2023-01-10,False,False,NONE
+919896245159,BSNL Mobile,WB,CUST_0007251,DEV_0007251,2023-01-10,False,False,NONE
+919877818042,Jio 5G,KA,CUST_0007252,DEV_0007252,2023-01-10,True,True,NONE
+919820360874,Jio 5G,GJ,CUST_0007253,DEV_0007253,2023-01-10,False,False,NONE
+919893795809,Jio 5G,GJ,CUST_0007254,DEV_0007254,2023-01-10,False,False,NONE
+919865006188,Vodafone Idea (Vi),DL,CUST_0007255,DEV_0007255,2023-01-10,True,True,NONE
+919853941025,Vodafone Idea (Vi),TS,CUST_0007256,DEV_0007256,2023-01-10,False,True,NONE
+919897972720,Airtel India,WB,CUST_0007257,DEV_0007257,2023-01-10,False,False,NONE
+919842190683,Airtel India,KA,CUST_0007258,DEV_0007258,2023-01-10,False,False,NONE
+919893947401,Airtel India,MH,CUST_0007259,DEV_0007259,2023-01-10,False,False,NONE
+919828590724,Jio 5G,MH,CUST_0007260,DEV_0007260,2023-01-10,False,False,NONE
+919842926266,BSNL Mobile,HR,CUST_0007261,DEV_0007261,2023-01-10,False,False,NONE
+919874437163,Vodafone Idea (Vi),DL,CUST_0007262,DEV_0007262,2023-01-10,False,False,NONE
+919894324269,Airtel India,HR,CUST_0007263,DEV_0007263,2023-01-10,False,False,NONE
+919851910485,Airtel India,HR,CUST_0007264,DEV_0007264,2023-01-10,False,False,NONE
+919816516564,BSNL Mobile,TS,CUST_0007265,DEV_0007265,2023-01-10,False,False,NONE
+919897656143,BSNL Mobile,UP,CUST_0007266,DEV_0007266,2023-01-10,False,False,NONE
+919856590340,Jio 5G,DL,CUST_0007267,DEV_0007267,2023-01-10,False,False,NONE
+919848996077,Airtel India,JH,CUST_0007268,DEV_0007268,2023-01-10,False,False,NONE
+919879339547,BSNL Mobile,WB,CUST_0007269,DEV_0007269,2023-01-10,False,False,NONE
+919867659783,BSNL Mobile,RJ,CUST_0007270,DEV_0007270,2023-01-10,False,False,NONE
+919823556131,Vodafone Idea (Vi),UP,CUST_0007271,DEV_0007271,2023-01-10,False,False,NONE
+919882835498,Vodafone Idea (Vi),RJ,CUST_0007272,DEV_0007272,2023-01-10,False,False,NONE
+919828084095,Airtel India,MH,CUST_0007273,DEV_0007273,2023-01-10,False,True,NONE
+919828937332,Jio 5G,UP,CUST_0007274,DEV_0007274,2023-01-10,False,False,NONE
+919869706013,BSNL Mobile,KA,CUST_0007275,DEV_0007275,2023-01-10,False,False,NONE
+919860556089,BSNL Mobile,DL,CUST_0007276,DEV_0007276,2023-01-10,False,True,NONE
+919865748341,Vodafone Idea (Vi),MH,CUST_0007277,DEV_0007277,2023-01-10,False,False,NONE
+919878023087,Vodafone Idea (Vi),HR,CUST_0007278,DEV_0007278,2023-01-10,False,False,NONE
+919810883281,Vodafone Idea (Vi),WB,CUST_0007279,DEV_0007279,2023-01-10,False,False,NONE
+919869418873,Jio 5G,RJ,CUST_0007280,DEV_0007280,2023-01-10,False,False,NONE
+919874443019,Vodafone Idea (Vi),WB,CUST_0007281,DEV_0007281,2023-01-10,False,False,NONE
+919885293371,Vodafone Idea (Vi),UP,CUST_0007282,DEV_0007282,2023-01-10,False,False,NONE
+919825856995,Jio 5G,HR,CUST_0007283,DEV_0007283,2023-01-10,False,True,NONE
+919850009505,Jio 5G,GJ,CUST_0007284,DEV_0007284,2023-01-10,False,False,NONE
+919812596344,Jio 5G,JH,CUST_0007285,DEV_0007285,2023-01-10,False,False,NONE
+919896811421,Airtel India,GJ,CUST_0007286,DEV_0007286,2023-01-10,False,False,NONE
+919840685347,Vodafone Idea (Vi),KA,CUST_0007287,DEV_0007287,2023-01-10,False,False,NONE
+919895989951,Airtel India,TS,CUST_0007288,DEV_0007288,2023-01-10,False,False,NONE
+919860306088,Airtel India,RJ,CUST_0007289,DEV_0007289,2023-01-10,False,True,NONE
+919894945126,Jio 5G,TS,CUST_0007290,DEV_0007290,2023-01-10,False,False,NONE
+919884564396,BSNL Mobile,KA,CUST_0007291,DEV_0007291,2023-01-10,False,False,NONE
+919865864987,BSNL Mobile,GJ,CUST_0007292,DEV_0007292,2023-01-10,False,False,NONE
+919848991233,Vodafone Idea (Vi),WB,CUST_0007293,DEV_0007293,2023-01-10,False,False,NONE
+919843187457,Vodafone Idea (Vi),HR,CUST_0007294,DEV_0007294,2023-01-10,False,False,NONE
+919847524805,Vodafone Idea (Vi),TS,CUST_0007295,DEV_0007295,2023-01-10,False,False,NONE
+919810451575,Jio 5G,JH,CUST_0007296,DEV_0007296,2023-01-10,False,False,NONE
+919819636761,Airtel India,GJ,CUST_0007297,DEV_0007297,2023-01-10,True,True,NONE
+919822994044,BSNL Mobile,WB,CUST_0007298,DEV_0007298,2023-01-10,False,False,NONE
+919888084465,Vodafone Idea (Vi),WB,CUST_0007299,DEV_0007299,2023-01-10,False,False,NONE
+919876564809,Jio 5G,WB,CUST_0007300,DEV_0007300,2023-01-10,False,False,NONE
+919863427102,Airtel India,GJ,CUST_0007301,DEV_0007301,2023-01-10,False,False,NONE
+919861394324,BSNL Mobile,HR,CUST_0007302,DEV_0007302,2023-01-10,False,True,NONE
+919856850335,Jio 5G,JH,CUST_0007303,DEV_0007303,2023-01-10,False,False,NONE
+919832061611,Airtel India,KA,CUST_0007304,DEV_0007304,2023-01-10,False,False,NONE
+919818816468,Vodafone Idea (Vi),WB,CUST_0007305,DEV_0007305,2023-01-10,False,True,NONE
+919827029802,BSNL Mobile,KA,CUST_0007306,DEV_0007306,2023-01-10,False,False,NONE
+919879662430,Airtel India,RJ,CUST_0007307,DEV_0007307,2023-01-10,False,False,NONE
+919883025614,Airtel India,HR,CUST_0007308,DEV_0007308,2023-01-10,False,False,NONE
+919894365746,Jio 5G,DL,CUST_0007309,DEV_0007309,2023-01-10,False,False,NONE
+919878785757,BSNL Mobile,KA,CUST_0007310,DEV_0007310,2023-01-10,False,True,NONE
+919836319002,Vodafone Idea (Vi),HR,CUST_0007311,DEV_0007311,2023-01-10,False,False,NONE
+919855131893,Jio 5G,WB,CUST_0007312,DEV_0007312,2023-01-10,False,False,NONE
+919819683288,Jio 5G,HR,CUST_0007313,DEV_0007313,2023-01-10,False,False,NONE
+919871874633,Vodafone Idea (Vi),TS,CUST_0007314,DEV_0007314,2023-01-10,False,True,NONE
+919843572400,Vodafone Idea (Vi),KA,CUST_0007315,DEV_0007315,2023-01-10,False,False,NONE
+919817430714,BSNL Mobile,RJ,CUST_0007316,DEV_0007316,2023-01-10,False,False,NONE
+919822061073,BSNL Mobile,WB,CUST_0007317,DEV_0007317,2023-01-10,False,False,NONE
+919886153103,Vodafone Idea (Vi),WB,CUST_0007318,DEV_0007318,2023-01-10,False,False,NONE
+919893991638,Jio 5G,HR,CUST_0007319,DEV_0007319,2023-01-10,False,False,NONE
+919817054717,Jio 5G,MH,CUST_0007320,DEV_0007320,2023-01-10,False,False,NONE
+919852535615,BSNL Mobile,KA,CUST_0007321,DEV_0007321,2023-01-10,False,False,NONE
+919859663644,Jio 5G,MH,CUST_0007322,DEV_0007322,2023-01-10,False,False,NONE
+919867325876,Vodafone Idea (Vi),WB,CUST_0007323,DEV_0007323,2023-01-10,False,False,NONE
+919824257621,Vodafone Idea (Vi),MH,CUST_0007324,DEV_0007324,2023-01-10,False,False,NONE
+919856918137,Vodafone Idea (Vi),UP,CUST_0007325,DEV_0007325,2023-01-10,False,False,NONE
+919820529496,Jio 5G,WB,CUST_0007326,DEV_0007326,2023-01-10,False,False,NONE
+919887355367,Jio 5G,TS,CUST_0007327,DEV_0007327,2023-01-10,False,False,NONE
+919857851949,Vodafone Idea (Vi),KA,CUST_0007328,DEV_0007328,2023-01-10,False,False,NONE
+919820366543,BSNL Mobile,WB,CUST_0007329,DEV_0007329,2023-01-10,False,False,NONE
+919826634720,BSNL Mobile,RJ,CUST_0007330,DEV_0007330,2023-01-10,False,False,NONE
+919859459618,BSNL Mobile,GJ,CUST_0007331,DEV_0007331,2023-01-10,True,True,NONE
+919881013285,BSNL Mobile,KA,CUST_0007332,DEV_0007332,2023-01-10,False,False,NONE
+919862046625,Vodafone Idea (Vi),KA,CUST_0007333,DEV_0007333,2023-01-10,False,False,NONE
+919818677847,Jio 5G,UP,CUST_0007334,DEV_0007334,2023-01-10,True,True,NONE
+919853721402,Vodafone Idea (Vi),DL,CUST_0007335,DEV_0007335,2023-01-10,False,False,NONE
+919897338170,Airtel India,TS,CUST_0007336,DEV_0007336,2023-01-10,False,False,NONE
+919812707805,Vodafone Idea (Vi),WB,CUST_0007337,DEV_0007337,2023-01-10,False,False,NONE
+919842424245,Vodafone Idea (Vi),GJ,CUST_0007338,DEV_0007338,2023-01-10,False,False,NONE
+919811148742,Airtel India,GJ,CUST_0007339,DEV_0007339,2023-01-10,False,True,NONE
+919853329866,Vodafone Idea (Vi),RJ,CUST_0007340,DEV_0007340,2023-01-10,False,False,NONE
+919843460541,Vodafone Idea (Vi),KA,CUST_0007341,DEV_0007341,2023-01-10,False,False,NONE
+919877756546,Jio 5G,MH,CUST_0007342,DEV_0007342,2023-01-10,False,False,NONE
+919834007512,BSNL Mobile,DL,CUST_0007343,DEV_0007343,2023-01-10,False,False,NONE
+919850620483,BSNL Mobile,GJ,CUST_0007344,DEV_0007344,2023-01-10,False,False,NONE
+919898239728,Vodafone Idea (Vi),WB,CUST_0007345,DEV_0007345,2023-01-10,False,False,NONE
+919853544340,Jio 5G,DL,CUST_0007346,DEV_0007346,2023-01-10,True,True,NONE
+919839645516,BSNL Mobile,DL,CUST_0007347,DEV_0007347,2023-01-10,False,True,NONE
+919831128213,Vodafone Idea (Vi),UP,CUST_0007348,DEV_0007348,2023-01-10,False,False,NONE
+919833808378,BSNL Mobile,TS,CUST_0007349,DEV_0007349,2023-01-10,False,False,NONE
+919880067548,Jio 5G,DL,CUST_0007350,DEV_0007350,2023-01-10,False,True,NONE
+919864259028,Vodafone Idea (Vi),GJ,CUST_0007351,DEV_0007351,2023-01-10,False,False,NONE
+919871092663,Jio 5G,DL,CUST_0007352,DEV_0007352,2023-01-10,False,False,NONE
+919820711757,BSNL Mobile,HR,CUST_0007353,DEV_0007353,2023-01-10,False,False,NONE
+919873562165,Jio 5G,TS,CUST_0007354,DEV_0007354,2023-01-10,False,False,NONE
+919860941785,Jio 5G,GJ,CUST_0007355,DEV_0007355,2023-01-10,False,False,NONE
+919828034427,Jio 5G,JH,CUST_0007356,DEV_0007356,2023-01-10,False,False,NONE
+919822787978,BSNL Mobile,GJ,CUST_0007357,DEV_0007357,2023-01-10,False,False,NONE
+919871552550,BSNL Mobile,HR,CUST_0007358,DEV_0007358,2023-01-10,False,False,NONE
+919816485193,Jio 5G,RJ,CUST_0007359,DEV_0007359,2023-01-10,False,False,NONE
+919839912801,Jio 5G,TS,CUST_0007360,DEV_0007360,2023-01-10,False,True,NONE
+919892707316,Vodafone Idea (Vi),UP,CUST_0007361,DEV_0007361,2023-01-10,False,False,NONE
+919826224801,BSNL Mobile,KA,CUST_0007362,DEV_0007362,2023-01-10,False,False,NONE
+919831057263,Jio 5G,GJ,CUST_0007363,DEV_0007363,2023-01-10,False,False,NONE
+919859241675,BSNL Mobile,MH,CUST_0007364,DEV_0007364,2023-01-10,False,False,NONE
+919855496576,Vodafone Idea (Vi),TS,CUST_0007365,DEV_0007365,2023-01-10,False,False,NONE
+919874573004,BSNL Mobile,MH,CUST_0007366,DEV_0007366,2023-01-10,False,False,NONE
+919899087752,Vodafone Idea (Vi),RJ,CUST_0007367,DEV_0007367,2023-01-10,False,False,NONE
+919857479287,Jio 5G,JH,CUST_0007368,DEV_0007368,2023-01-10,False,False,NONE
+919861409525,Vodafone Idea (Vi),KA,CUST_0007369,DEV_0007369,2023-01-10,False,False,NONE
+919836863136,Airtel India,GJ,CUST_0007370,DEV_0007370,2023-01-10,False,False,NONE
+919884200892,Vodafone Idea (Vi),TS,CUST_0007371,DEV_0007371,2023-01-10,False,True,NONE
+919879673931,BSNL Mobile,RJ,CUST_0007372,DEV_0007372,2023-01-10,False,False,NONE
+919880347679,Vodafone Idea (Vi),TS,CUST_0007373,DEV_0007373,2023-01-10,False,False,NONE
+919845297591,Jio 5G,RJ,CUST_0007374,DEV_0007374,2023-01-10,False,False,NONE
+919833285887,Vodafone Idea (Vi),HR,CUST_0007375,DEV_0007375,2023-01-10,False,False,NONE
+919820110015,BSNL Mobile,MH,CUST_0007376,DEV_0007376,2023-01-10,False,False,NONE
+919849964655,Jio 5G,HR,CUST_0007377,DEV_0007377,2023-01-10,False,False,NONE
+919880538386,Vodafone Idea (Vi),HR,CUST_0007378,DEV_0007378,2023-01-10,True,True,NONE
+919827631774,Jio 5G,GJ,CUST_0007379,DEV_0007379,2023-01-10,False,False,NONE
+919823537969,BSNL Mobile,GJ,CUST_0007380,DEV_0007380,2023-01-10,True,True,NONE
+919852863159,Airtel India,TS,CUST_0007381,DEV_0007381,2023-01-10,False,False,NONE
+919860050770,Jio 5G,HR,CUST_0007382,DEV_0007382,2023-01-10,False,False,NONE
+919897353834,Airtel India,KA,CUST_0007383,DEV_0007383,2023-01-10,False,True,NONE
+919824389275,Airtel India,UP,CUST_0007384,DEV_0007384,2023-01-10,False,False,NONE
+919860172391,Airtel India,JH,CUST_0007385,DEV_0007385,2023-01-10,False,True,NONE
+919846066087,Vodafone Idea (Vi),UP,CUST_0007386,DEV_0007386,2023-01-10,False,False,NONE
+919829806905,Jio 5G,RJ,CUST_0007387,DEV_0007387,2023-01-10,False,False,NONE
+919863978473,BSNL Mobile,MH,CUST_0007388,DEV_0007388,2023-01-10,False,False,NONE
+919865625835,Airtel India,UP,CUST_0007389,DEV_0007389,2023-01-10,False,False,NONE
+919866515146,Vodafone Idea (Vi),DL,CUST_0007390,DEV_0007390,2023-01-10,False,False,NONE
+919846453430,BSNL Mobile,WB,CUST_0007391,DEV_0007391,2023-01-10,False,False,NONE
+919837606740,Vodafone Idea (Vi),GJ,CUST_0007392,DEV_0007392,2023-01-10,False,False,NONE
+919883267919,BSNL Mobile,WB,CUST_0007393,DEV_0007393,2023-01-10,False,False,NONE
+919890503441,Jio 5G,UP,CUST_0007394,DEV_0007394,2023-01-10,False,True,NONE
+919840436239,Vodafone Idea (Vi),GJ,CUST_0007395,DEV_0007395,2023-01-10,False,False,NONE
+919832727712,Airtel India,MH,CUST_0007396,DEV_0007396,2023-01-10,False,False,NONE
+919811011735,Vodafone Idea (Vi),KA,CUST_0007397,DEV_0007397,2023-01-10,False,False,NONE
+919840715671,Vodafone Idea (Vi),DL,CUST_0007398,DEV_0007398,2023-01-10,False,False,NONE
+919899583028,Airtel India,MH,CUST_0007399,DEV_0007399,2023-01-10,False,False,NONE
+919864391392,Airtel India,WB,CUST_0007400,DEV_0007400,2023-01-10,False,False,NONE
+919851266040,Vodafone Idea (Vi),WB,CUST_0007401,DEV_0007401,2023-01-10,False,False,NONE
+919880822459,Airtel India,MH,CUST_0007402,DEV_0007402,2023-01-10,False,False,NONE
+919832662831,BSNL Mobile,JH,CUST_0007403,DEV_0007403,2023-01-10,False,False,NONE
+919822484565,Jio 5G,TS,CUST_0007404,DEV_0007404,2023-01-10,False,False,NONE
+919845210659,Airtel India,GJ,CUST_0007405,DEV_0007405,2023-01-10,False,False,NONE
+919840504348,Jio 5G,TS,CUST_0007406,DEV_0007406,2023-01-10,False,False,NONE
+919865832194,Airtel India,MH,CUST_0007407,DEV_0007407,2023-01-10,False,False,NONE
+919877246372,Airtel India,HR,CUST_0007408,DEV_0007408,2023-01-10,False,False,NONE
+919866024084,Jio 5G,RJ,CUST_0007409,DEV_0007409,2023-01-10,False,False,NONE
+919844795301,BSNL Mobile,KA,CUST_0007410,DEV_0007410,2023-01-10,False,False,NONE
+919831350355,Airtel India,WB,CUST_0007411,DEV_0007411,2023-01-10,False,False,NONE
+919872151374,BSNL Mobile,KA,CUST_0007412,DEV_0007412,2023-01-10,False,False,NONE
+919860497105,Airtel India,UP,CUST_0007413,DEV_0007413,2023-01-10,False,False,NONE
+919882825189,Airtel India,WB,CUST_0007414,DEV_0007414,2023-01-10,False,True,NONE
+919860583589,Vodafone Idea (Vi),MH,CUST_0007415,DEV_0007415,2023-01-10,False,False,NONE
+919846494759,BSNL Mobile,JH,CUST_0007416,DEV_0007416,2023-01-10,False,False,NONE
+919859424185,Vodafone Idea (Vi),WB,CUST_0007417,DEV_0007417,2023-01-10,False,False,NONE
+919823751538,Vodafone Idea (Vi),GJ,CUST_0007418,DEV_0007418,2023-01-10,False,False,NONE
+919838791592,Vodafone Idea (Vi),HR,CUST_0007419,DEV_0007419,2023-01-10,False,False,NONE
+919839339215,Jio 5G,JH,CUST_0007420,DEV_0007420,2023-01-10,False,False,NONE
+919870297070,Vodafone Idea (Vi),WB,CUST_0007421,DEV_0007421,2023-01-10,False,False,NONE
+919879840114,Jio 5G,GJ,CUST_0007422,DEV_0007422,2023-01-10,False,False,NONE
+919837512604,Jio 5G,WB,CUST_0007423,DEV_0007423,2023-01-10,False,False,NONE
+919883873857,BSNL Mobile,HR,CUST_0007424,DEV_0007424,2023-01-10,False,False,NONE
+919839531199,Vodafone Idea (Vi),GJ,CUST_0007425,DEV_0007425,2023-01-10,False,False,NONE
+919836764538,Airtel India,UP,CUST_0007426,DEV_0007426,2023-01-10,False,False,NONE
+919828716521,Jio 5G,TS,CUST_0007427,DEV_0007427,2023-01-10,False,False,NONE
+919879224604,BSNL Mobile,UP,CUST_0007428,DEV_0007428,2023-01-10,False,False,NONE
+919822800987,Jio 5G,GJ,CUST_0007429,DEV_0007429,2023-01-10,False,False,NONE
+919858300376,BSNL Mobile,MH,CUST_0007430,DEV_0007430,2023-01-10,False,False,NONE
+919878522880,Jio 5G,RJ,CUST_0007431,DEV_0007431,2023-01-10,False,False,NONE
+919826315927,Jio 5G,UP,CUST_0007432,DEV_0007432,2023-01-10,False,False,NONE
+919888369376,Jio 5G,TS,CUST_0007433,DEV_0007433,2023-01-10,False,False,NONE
+919825912353,Airtel India,GJ,CUST_0007434,DEV_0007434,2023-01-10,False,False,NONE
+919872199800,BSNL Mobile,DL,CUST_0007435,DEV_0007435,2023-01-10,False,False,NONE
+919832067144,BSNL Mobile,RJ,CUST_0007436,DEV_0007436,2023-01-10,False,False,NONE
+919846355004,Airtel India,GJ,CUST_0007437,DEV_0007437,2023-01-10,False,False,NONE
+919827744150,Jio 5G,TS,CUST_0007438,DEV_0007438,2023-01-10,False,False,NONE
+919863767507,Airtel India,RJ,CUST_0007439,DEV_0007439,2023-01-10,False,False,NONE
+919867278397,Vodafone Idea (Vi),UP,CUST_0007440,DEV_0007440,2023-01-10,False,False,NONE
+919829905326,Airtel India,UP,CUST_0007441,DEV_0007441,2023-01-10,False,False,NONE
+919885647374,Jio 5G,RJ,CUST_0007442,DEV_0007442,2023-01-10,False,False,NONE
+919811914220,BSNL Mobile,MH,CUST_0007443,DEV_0007443,2023-01-10,False,False,NONE
+919816484312,Airtel India,GJ,CUST_0007444,DEV_0007444,2023-01-10,False,True,NONE
+919823395658,Airtel India,DL,CUST_0007445,DEV_0007445,2023-01-10,False,False,NONE
+919832150388,Airtel India,MH,CUST_0007446,DEV_0007446,2023-01-10,False,False,NONE
+919883336564,Jio 5G,DL,CUST_0007447,DEV_0007447,2023-01-10,False,False,NONE
+919891504423,BSNL Mobile,JH,CUST_0007448,DEV_0007448,2023-01-10,False,True,NONE
+919877350870,Jio 5G,TS,CUST_0007449,DEV_0007449,2023-01-10,False,True,NONE
+919893972963,BSNL Mobile,GJ,CUST_0007450,DEV_0007450,2023-01-10,False,False,NONE
+919852374087,Airtel India,KA,CUST_0007451,DEV_0007451,2023-01-10,False,False,NONE
+919884161661,Airtel India,WB,CUST_0007452,DEV_0007452,2023-01-10,False,False,NONE
+919886716337,BSNL Mobile,JH,CUST_0007453,DEV_0007453,2023-01-10,False,False,NONE
+919896446609,Airtel India,WB,CUST_0007454,DEV_0007454,2023-01-10,False,False,NONE
+919813462649,Airtel India,JH,CUST_0007455,DEV_0007455,2023-01-10,False,True,NONE
+919820789237,BSNL Mobile,HR,CUST_0007456,DEV_0007456,2023-01-10,False,False,NONE
+919874432768,Airtel India,JH,CUST_0007457,DEV_0007457,2023-01-10,False,False,NONE
+919899119424,BSNL Mobile,MH,CUST_0007458,DEV_0007458,2023-01-10,False,False,NONE
+919838594197,Airtel India,KA,CUST_0007459,DEV_0007459,2023-01-10,False,False,NONE
+919883437863,BSNL Mobile,UP,CUST_0007460,DEV_0007460,2023-01-10,False,False,NONE
+919864540989,Airtel India,DL,CUST_0007461,DEV_0007461,2023-01-10,False,False,NONE
+919873004940,Airtel India,WB,CUST_0007462,DEV_0007462,2023-01-10,False,False,NONE
+919819184345,Vodafone Idea (Vi),MH,CUST_0007463,DEV_0007463,2023-01-10,False,True,NONE
+919862062203,Jio 5G,DL,CUST_0007464,DEV_0007464,2023-01-10,False,False,NONE
+919898468386,Airtel India,HR,CUST_0007465,DEV_0007465,2023-01-10,False,False,NONE
+919812131764,BSNL Mobile,GJ,CUST_0007466,DEV_0007466,2023-01-10,False,False,NONE
+919874564279,Jio 5G,DL,CUST_0007467,DEV_0007467,2023-01-10,False,False,NONE
+919866721886,BSNL Mobile,DL,CUST_0007468,DEV_0007468,2023-01-10,False,False,NONE
+919813489626,Jio 5G,WB,CUST_0007469,DEV_0007469,2023-01-10,False,False,NONE
+919816365328,Vodafone Idea (Vi),UP,CUST_0007470,DEV_0007470,2023-01-10,False,False,NONE
+919836784610,Airtel India,HR,CUST_0007471,DEV_0007471,2023-01-10,False,False,NONE
+919858512936,Vodafone Idea (Vi),DL,CUST_0007472,DEV_0007472,2023-01-10,False,False,NONE
+919834884728,Airtel India,WB,CUST_0007473,DEV_0007473,2023-01-10,False,False,NONE
+919814738067,Vodafone Idea (Vi),WB,CUST_0007474,DEV_0007474,2023-01-10,False,False,NONE
+919882206766,BSNL Mobile,TS,CUST_0007475,DEV_0007475,2023-01-10,False,False,NONE
+919844314480,BSNL Mobile,RJ,CUST_0007476,DEV_0007476,2023-01-10,False,False,NONE
+919857230094,Vodafone Idea (Vi),UP,CUST_0007477,DEV_0007477,2023-01-10,False,True,NONE
+919847584211,Jio 5G,RJ,CUST_0007478,DEV_0007478,2023-01-10,False,False,NONE
+919825475998,Vodafone Idea (Vi),WB,CUST_0007479,DEV_0007479,2023-01-10,False,False,NONE
+919887187192,Vodafone Idea (Vi),TS,CUST_0007480,DEV_0007480,2023-01-10,False,False,NONE
+919877739182,Airtel India,HR,CUST_0007481,DEV_0007481,2023-01-10,False,False,NONE
+919865457616,Vodafone Idea (Vi),GJ,CUST_0007482,DEV_0007482,2023-01-10,False,False,NONE
+919853152565,Airtel India,UP,CUST_0007483,DEV_0007483,2023-01-10,False,False,NONE
+919882104198,BSNL Mobile,MH,CUST_0007484,DEV_0007484,2023-01-10,False,False,NONE
+919835560135,Vodafone Idea (Vi),UP,CUST_0007485,DEV_0007485,2023-01-10,False,False,NONE
+919898320870,Airtel India,TS,CUST_0007486,DEV_0007486,2023-01-10,False,False,NONE
+919883816093,Airtel India,KA,CUST_0007487,DEV_0007487,2023-01-10,False,False,NONE
+919822267729,BSNL Mobile,KA,CUST_0007488,DEV_0007488,2023-01-10,False,False,NONE
+919819357144,Airtel India,JH,CUST_0007489,DEV_0007489,2023-01-10,False,False,NONE
+919860851197,Jio 5G,JH,CUST_0007490,DEV_0007490,2023-01-10,False,True,NONE
+919878158050,Airtel India,GJ,CUST_0007491,DEV_0007491,2023-01-10,False,False,NONE
+919884064767,Airtel India,TS,CUST_0007492,DEV_0007492,2023-01-10,False,False,NONE
+919851358868,Vodafone Idea (Vi),MH,CUST_0007493,DEV_0007493,2023-01-10,False,False,NONE
+919817941538,Jio 5G,UP,CUST_0007494,DEV_0007494,2023-01-10,False,True,NONE
+919838484867,Vodafone Idea (Vi),MH,CUST_0007495,DEV_0007495,2023-01-10,False,False,NONE
+919854446152,Vodafone Idea (Vi),JH,CUST_0007496,DEV_0007496,2023-01-10,False,False,NONE
+919842095403,BSNL Mobile,UP,CUST_0007497,DEV_0007497,2023-01-10,False,False,NONE
+919853525321,BSNL Mobile,MH,CUST_0007498,DEV_0007498,2023-01-10,False,False,NONE
+919827260826,Jio 5G,MH,CUST_0007499,DEV_0007499,2023-01-10,False,False,NONE
+919885986929,Vodafone Idea (Vi),HR,CUST_0007500,DEV_0007500,2023-01-10,False,False,NONE
